;101;102;103;104;105;106;107;108;109;110;111;112;113;114;115;116;117;118;119;120;121;122;123;124;125;126;127;128;129;130;131;132;133;134;135;136;137;138;139;140;141;142;143;144;145;146;147;148;149;150;151;152;153;154;155;156;157;158;159;160;161;162;163;164;165;166;167;168;169;170;171;172;173;174;175;176;177;178;179;180;181;182;183;184;185;186;187;188;189;190;191;192;193;194;195;196;197;198;199;200;201;202;203;204;205;206;207;208;209;210;211;212;213;214;215;216;217;218;219;220;221;222;223;224;225;226;227;228;229;230;231;232;233;234;235;236;237;238;239;240;241;242;243;244;245;246;247;248;249;250;251;252;253;254;255;256;257;258;259;260;261;262;263;264;265;266;267;268;269;270;271;272;273;274;275;276;277;278;279;280;281;282;283;284;285;286;287;288;289;290;291;292;293;294;295;296;297;298;299;300;301;302;303;304;305;306;307;308;309;310;311;312;313;314;315;316;317;318;319;320;321;322;323;324;325;326;327;328;329;330;331;332;333;334;335;336;337;338;339;340;341;342;343;344;345;346;347;348;349;350;351;352;353;354;355;356;357;358;359;360;361;362;363;364;365;366;367;368;369;370;371;372;373;374;375;376;377;378;379;380;381;382;383;384;385;386;387;388;389;390;391;392;393;394;395;396;397;398;399;400;WH
101;0.0;280.0;3215.0;640.0;1080.0;1063.0;969.0;105.0;814.0;644.0;49.0;1186.0;8291.0;2721.0;1268.0;8536.0;49.0;1792.0;1337.0;4682.0;537.0;943.0;4864.0;2641.0;888.0;1214.0;1467.0;676.0;1108.0;662.0;1649.0;341.0;1843.0;879.0;46.0;597.0;1482.0;814.0;1492.0;1662.0;1086.0;969.0;332.0;736.0;1960.0;2669.0;1337.0;49.0;951.0;750.0;795.0;280.0;822.0;4671.0;235.0;1059.0;1649.0;1186.0;334.0;1309.0;938.0;1134.0;2347.0;4890.0;501.0;822.0;395.0;105.0;609.0;8757.0;2129.0;951.0;4671.0;4529.0;1603.0;49.0;646.0;969.0;235.0;8291.0;1059.0;215.0;49.0;1603.0;1156.0;554.0;597.0;644.0;736.0;73.0;4844.0;1603.0;2786.0;8291.0;1736.0;943.0;676.0;87.0;341.0;4659.0;814.0;150.0;49.0;735.0;110.0;385.0;447.0;645.0;943.0;93.0;310.0;1328.0;2645.0;1603.0;1449.0;803.0;49.0;370.0;1662.0;750.0;899.0;92.0;447.0;8291.0;1354.0;1059.0;1649.0;278.0;597.0;536.0;701.0;1492.0;4864.0;5458.0;943.0;550.0;1662.0;60.0;275.0;1662.0;8574.0;220.0;1309.0;537.0;1340.0;858.0;1662.0;1940.0;1722.0;301.0;38.0;8221.0;953.0;1662.0;1492.0;1278.0;1176.0;994.0;105.0;1482.0;389.0;1185.0;1662.0;1649.0;814.0;1421.0;1080.0;1088.0;1679.0;1830.0;493.0;620.0;1402.0;513.0;1603.0;63.0;1662.0;3290.0;1293.0;60.0;1134.0;1134.0;1102.0;799.0;2303.0;8291.0;1006.0;8291.0;1134.0;49.0;814.0;482.0;167.0;63.0;313.0;662.0;1603.0;519.0;1662.0;900.0;844.0;211.0;1161.0;278.0;477.0;127.0;1378.0;1649.0;943.0;799.0;202.0;380.0;814.0;8291.0;49.0;1736.0;469.0;641.0;1492.0;1662.0;1810.0;513.0;390.0;110.0;435.0;1059.0;124.0;146.0;597.0;795.0;899.0;810.0;1092.0;263.0;350.0;621.0;49.0;211.0;917.0;280.0;2421.0;49.0;446.0;2538.0;644.0;2453.0;8291.0;1039.0;418.0;8291.0;758.0;569.0;1059.0;1492.0;4712.0;49.0;1775.0;1059.0;368.0;1649.0;550.0;418.0;953.0;1181.0;3290.0;5421.0;8291.0;2641.0;867.0;60.0;341.0;644.0;205.0;641.0;124.0;1662.0;684.0;119.0;969.0;446.0;4785.0;318.0;814.0;1321.0;205.0;1473.0;2862.0;167.0;1117.0;309.0;1341.0;1460.0;75.0;87.0;750.0;4134.0;3513.0;858.0;268.0;1059.0;9800.0
102;280.0;0.0;2976.0;360.0;800.0;784.0;701.0;382.0;691.0;364.0;235.0;909.0;8370.0;2609.0;1428.0;8609.0;235.0;1650.0;1084.0;4483.0;257.0;802.0;4619.0;2532.0;1112.0;936.0;1260.0;543.0;828.0;382.0;1527.0;70.0;1669.0;599.0;252.0;839.0;1271.0;691.0;1512.0;1557.0;806.0;701.0;601.0;456.0;1693.0;2657.0;1084.0;235.0;760.0;471.0;529.0;438.0;692.0;4476.0;499.0;783.0;1527.0;913.0;126.0;1460.0;662.0;855.0;2221.0;4647.0;334.0;692.0;655.0;382.0;466.0;9035.0;1990.0;760.0;4476.0;4319.0;1333.0;235.0;408.0;701.0;511.0;8370.0;783.0;65.0;235.0;1333.0;885.0;408.0;839.0;364.0;456.0;263.0;4625.0;1333.0;2675.0;8370.0;1580.0;802.0;913.0;366.0;70.0;4440.0;691.0;405.0;235.0;466.0;376.0;135.0;234.0;377.0;802.0;196.0;118.0;1449.0;2528.0;1333.0;1289.0;524.0;235.0;650.0;1557.0;471.0;783.0;188.0;173.0;8370.0;1569.0;783.0;1527.0;549.0;323.0;384.0;442.0;1512.0;4619.0;5181.0;802.0;271.0;1557.0;340.0;35.0;1557.0;8649.0;494.0;1460.0;257.0;1551.0;1082.0;1557.0;1772.0;1574.0;573.0;313.0;8498.0;675.0;1557.0;1512.0;1202.0;1269.0;714.0;382.0;1271.0;656.0;907.0;1557.0;1527.0;691.0;1301.0;800.0;812.0;1660.0;1552.0;338.0;348.0;1257.0;236.0;1333.0;272.0;1557.0;3557.0;1489.0;326.0;855.0;855.0;822.0;1018.0;2175.0;8370.0;809.0;8370.0;855.0;235.0;691.0;202.0;444.0;272.0;363.0;382.0;1333.0;366.0;1557.0;651.0;568.0;79.0;987.0;549.0;233.0;366.0;1144.0;1527.0;802.0;1018.0;476.0;642.0;691.0;8370.0;235.0;1580.0;191.0;881.0;1512.0;1557.0;1532.0;236.0;605.0;376.0;301.0;783.0;163.0;201.0;839.0;523.0;626.0;539.0;1176.0;89.0;72.0;875.0;235.0;79.0;638.0;10.0;2300.0;235.0;168.0;2420.0;364.0;2332.0;8370.0;761.0;691.0;8370.0;478.0;296.0;783.0;1512.0;4487.0;235.0;1496.0;783.0;573.0;1527.0;271.0;691.0;673.0;1000.0;3557.0;5143.0;8370.0;2532.0;653.0;340.0;70.0;364.0;479.0;532.0;163.0;1557.0;405.0;199.0;701.0;168.0;4538.0;39.0;691.0;1229.0;479.0;1316.0;2610.0;444.0;839.0;374.0;1085.0;1329.0;320.0;366.0;471.0;3923.0;3287.0;1082.0;541.0;783.0;9600.0
103;3215.0;2976.0;0.0;2675.0;2329.0;2307.0;2610.0;3292.0;3243.0;2695.0;3185.0;2172.0;8113.0;1789.0;3453.0;8267.0;3185.0;1781.0;2627.0;4860.0;2760.0;3221.0;4165.0;1809.0;4088.0;2160.0;1778.0;3174.0;2330.0;2656.0;3603.0;2947.0;1571.0;2488.0;3206.0;3809.0;1754.0;3243.0;4142.0;3708.0;2351.0;2610.0;3544.0;2619.0;2341.0;2738.0;2627.0;3185.0;2288.0;2570.0;2458.0;3144.0;2481.0;4922.0;3450.0;2473.0;3603.0;2128.0;2885.0;4377.0;2367.0;2290.0;1679.0;4243.0;2722.0;2481.0;3610.0;3292.0;3135.0;11793.0;1634.0;2288.0;4922.0;1474.0;2342.0;3185.0;2889.0;2610.0;3388.0;8113.0;2473.0;3028.0;3185.0;2342.0;2489.0;3118.0;3809.0;2695.0;2619.0;3159.0;4687.0;2342.0;1804.0;8113.0;1735.0;3221.0;3886.0;3294.0;2947.0;4528.0;3243.0;3268.0;3185.0;2525.0;3325.0;2954.0;2769.0;2606.0;3221.0;3157.0;2908.0;4319.0;1728.0;2342.0;1924.0;2519.0;3185.0;3530.0;3708.0;2570.0;2448.0;3136.0;2808.0;8113.0;4543.0;2473.0;3603.0;3490.0;2773.0;2696.0;2789.0;4142.0;4165.0;3501.0;3221.0;2769.0;3708.0;3269.0;3000.0;3708.0;8327.0;3431.0;4377.0;2760.0;4523.0;4058.0;3708.0;1537.0;1789.0;3422.0;3232.0;11289.0;2502.0;3708.0;4142.0;2349.0;3089.0;2396.0;3292.0;1754.0;3601.0;2341.0;3708.0;3603.0;3243.0;2099.0;2329.0;2452.0;2529.0;2022.0;2734.0;2642.0;3364.0;2812.0;2342.0;3233.0;3708.0;6467.0;4453.0;3273.0;2290.0;2290.0;2314.0;3994.0;1673.0;8113.0;2228.0;8113.0;2290.0;3185.0;3243.0;2806.0;3376.0;3233.0;3002.0;2656.0;2342.0;2711.0;3708.0;2325.0;2606.0;3054.0;2124.0;3490.0;2928.0;3226.0;1837.0;3603.0;3221.0;3994.0;3356.0;3594.0;3243.0;8113.0;3185.0;1735.0;2838.0;3852.0;4142.0;3708.0;2033.0;2812.0;3296.0;3325.0;2793.0;2473.0;3129.0;3177.0;3809.0;2666.0;2384.0;2666.0;3033.0;2958.0;2909.0;3567.0;3185.0;3054.0;2449.0;2976.0;1702.0;3185.0;2852.0;1722.0;2695.0;1705.0;8113.0;2444.0;3623.0;8113.0;2582.0;2693.0;2473.0;4142.0;4457.0;3185.0;2054.0;2473.0;3262.0;3603.0;2769.0;3623.0;2449.0;2091.0;6467.0;3448.0;8113.0;1809.0;2351.0;3269.0;2947.0;2695.0;3415.0;2648.0;3129.0;3708.0;2660.0;3097.0;2610.0;2852.0;4076.0;2939.0;3243.0;2264.0;3415.0;1920.0;454.0;3376.0;2238.0;3020.0;2593.0;2027.0;3211.0;3294.0;2570.0;1113.0;415.0;4058.0;3477.0;2473.0;10400.0
104;640.0;360.0;2675.0;0.0;440.0;425.0;389.0;742.0;695.0;39.0;595.0;555.0;8477.0;2496.0;1675.0;8707.0;595.0;1518.0;792.0;4247.0;103.0;754.0;4314.0;2423.0;1432.0;580.0;1038.0;571.0;469.0;22.0;1445.0;304.0;1486.0;239.0;611.0;1178.0;1039.0;695.0;1618.0;1500.0;447.0;389.0;957.0;102.0;1362.0;2676.0;792.0;595.0;616.0;113.0;229.0;750.0;666.0;4247.0;855.0;439.0;1445.0;568.0;347.0;1709.0;316.0;495.0;2096.0;4346.0;398.0;666.0;1007.0;742.0;507.0;9393.0;1851.0;616.0;4247.0;4054.0;998.0;595.0;282.0;389.0;869.0;8477.0;439.0;424.0;595.0;998.0;554.0;472.0;1178.0;39.0;102.0;617.0;4361.0;998.0;2562.0;8477.0;1427.0;754.0;1247.0;726.0;304.0;4175.0;695.0;759.0;595.0;166.0;734.0;288.0;307.0;134.0;754.0;554.0;370.0;1668.0;2408.0;998.0;1143.0;168.0;595.0;1009.0;1500.0;113.0;760.0;548.0;203.0;8477.0;1876.0;439.0;1445.0;906.0;110.0;437.0;221.0;1618.0;4314.0;4826.0;754.0;97.0;1500.0;700.0;369.0;1500.0;8750.0;852.0;1709.0;103.0;1854.0;1403.0;1500.0;1595.0;1435.0;929.0;672.0;8854.0;325.0;1500.0;1618.0;1189.0;1454.0;354.0;742.0;1039.0;1012.0;552.0;1500.0;1445.0;695.0;1218.0;440.0;466.0;1695.0;1196.0;416.0;101.0;1155.0;141.0;998.0;629.0;1500.0;3906.0;1780.0;685.0;495.0;495.0;462.0;1338.0;2048.0;8477.0;643.0;8477.0;495.0;595.0;695.0;158.0;804.0;629.0;632.0;22.0;998.0;429.0;1500.0;386.0;235.0;434.0;844.0;906.0;254.0;717.0;875.0;1445.0;754.0;1338.0;834.0;995.0;695.0;8477.0;595.0;1427.0;177.0;1218.0;1618.0;1500.0;1176.0;141.0;931.0;734.0;434.0;439.0;522.0;545.0;1178.0;213.0;291.0;232.0;1356.0;398.0;290.0;1216.0;595.0;434.0;278.0;360.0;2178.0;595.0;197.0;2301.0;39.0;2211.0;8477.0;409.0;1049.0;8477.0;118.0;108.0;439.0;1618.0;4212.0;595.0;1141.0;439.0;896.0;1445.0;97.0;1049.0;314.0;841.0;3906.0;4788.0;8477.0;2423.0;481.0;700.0;304.0;39.0;838.0;583.0;522.0;1500.0;56.0;549.0;389.0;197.0;4231.0;322.0;695.0;1191.0;838.0;1175.0;2291.0;804.0;484.0;649.0;785.0;1226.0;675.0;726.0;113.0;3659.0;3004.0;1403.0;900.0;439.0;9500.0
105;1080.0;800.0;2329.0;440.0;0.0;57.0;295.0;1181.0;917.0;440.0;1035.0;160.0;8625.0;2423.0;2023.0;8845.0;1035.0;1463.0;556.0;3983.0;543.0;911.0;3954.0;2359.0;1844.0;168.0;897.0;846.0;43.0;418.0;1464.0;743.0;1360.0;201.0;1051.0;1604.0;882.0;917.0;1837.0;1546.0;40.0;295.0;1395.0;347.0;985.0;2762.0;556.0;1035.0;698.0;331.0;356.0;1170.0;868.0;3994.0;1293.0;177.0;1464.0;225.0;775.0;2058.0;194.0;55.0;2020.0;3992.0;752.0;868.0;1442.0;1181.0;811.0;9831.0;1766.0;698.0;3994.0;3751.0;627.0;1035.0;571.0;295.0;1308.0;8625.0;177.0;864.0;1035.0;627.0;276.0;803.0;1604.0;440.0;347.0;1055.0;4059.0;627.0;2488.0;8625.0;1350.0;911.0;1670.0;1166.0;743.0;3872.0;917.0;1196.0;1035.0;385.0;1174.0;717.0;704.0;467.0;911.0;994.0;799.0;1992.0;2330.0;627.0;1106.0;280.0;1035.0;1449.0;1546.0;331.0;941.0;988.0;638.0;8625.0;2272.0;177.0;1464.0;1345.0;501.0;772.0;472.0;1837.0;3954.0;4393.0;911.0;533.0;1546.0;1140.0;808.0;1546.0;8891.0;1292.0;2058.0;543.0;2248.0;1816.0;1546.0;1471.0;1377.0;1367.0;1112.0;9291.0;173.0;1546.0;1837.0;1314.0;1756.0;86.0;1181.0;882.0;1449.0;157.0;1546.0;1464.0;917.0;1256.0;10.0;173.0;1834.0;767.0;772.0;476.0;1178.0;573.0;627.0;1068.0;1546.0;4335.0;2164.0;1125.0;55.0;55.0;23.0;1750.0;1972.0;8625.0;685.0;8625.0;55.0;1035.0;917.0;598.0;1244.0;1068.0;1039.0;418.0;627.0;772.0;1546.0;406.0;283.0;873.0;861.0;1345.0;655.0;1153.0;673.0;1464.0;911.0;1750.0;1273.0;1432.0;917.0;8625.0;1035.0;1350.0;614.0;1643.0;1837.0;1546.0;748.0;573.0;1353.0;1174.0;812.0;177.0;961.0;982.0;1604.0;345.0;246.0;342.0;1658.0;833.0;730.0;1644.0;1035.0;873.0;162.0;800.0;2105.0;1035.0;636.0;2226.0;440.0;2137.0;8625.0;128.0;1488.0;8625.0;322.0;521.0;177.0;1837.0;3896.0;1035.0;714.0;177.0;1317.0;1464.0;533.0;1488.0;133.0;837.0;4335.0;4355.0;8625.0;2359.0;587.0;1140.0;743.0;440.0;1278.0;872.0;961.0;1546.0;399.0;987.0;295.0;636.0;3869.0;762.0;917.0;1288.0;1278.0;1141.0;1920.0;1244.0;106.0;1057.0;533.0;1238.0;1113.0;1166.0;331.0;3361.0;2684.0;1816.0;1339.0;177.0;9300.0
106;1063.0;784.0;2307.0;425.0;57.0;0.0;336.0;1163.0;946.0;430.0;1019.0;138.0;8568.0;2370.0;1978.0;8788.0;1019.0;1408.0;613.0;4039.0;528.0;947.0;4001.0;2305.0;1845.0;157.0;845.0;868.0;98.0;404.0;1514.0;730.0;1309.0;193.0;1036.0;1599.0;831.0;946.0;1871.0;1594.0;97.0;336.0;1382.0;340.0;1033.0;2705.0;613.0;1019.0;642.0;313.0;315.0;1140.0;815.0;4049.0;1280.0;228.0;1514.0;186.0;750.0;2074.0;148.0;93.0;1967.0;4040.0;715.0;815.0;1432.0;1163.0;828.0;9818.0;1713.0;642.0;4049.0;3722.0;677.0;1019.0;584.0;336.0;1288.0;8568.0;228.0;848.0;1019.0;677.0;333.0;816.0;1599.0;430.0;340.0;1034.0;4112.0;677.0;2435.0;8568.0;1296.0;947.0;1667.0;1149.0;730.0;3925.0;946.0;1174.0;1019.0;351.0;1159.0;709.0;673.0;437.0;947.0;979.0;775.0;2012.0;2277.0;677.0;1050.0;260.0;1019.0;1431.0;1594.0;313.0;887.0;971.0;617.0;8568.0;2277.0;228.0;1514.0;1331.0;497.0;731.0;484.0;1871.0;4001.0;4421.0;947.0;521.0;1594.0;1123.0;794.0;1594.0;8833.0;1277.0;2074.0;528.0;2254.0;1816.0;1594.0;1420.0;1322.0;1345.0;1093.0;9280.0;201.0;1594.0;1871.0;1257.0;1707.0;89.0;1163.0;831.0;1437.0;212.0;1594.0;1514.0;946.0;1199.0;57.0;228.0;1777.0;801.0;734.0;450.0;1227.0;563.0;677.0;1054.0;1594.0;4330.0;2172.0;1110.0;93.0;93.0;70.0;1750.0;1919.0;8568.0;628.0;8568.0;93.0;1019.0;946.0;583.0;1228.0;1054.0;1006.0;404.0;677.0;733.0;1594.0;352.0;299.0;859.0;804.0;1331.0;654.0;1131.0;624.0;1514.0;947.0;1750.0;1253.0;1421.0;946.0;8568.0;1019.0;1296.0;602.0;1639.0;1871.0;1594.0;782.0;563.0;1323.0;1159.0;777.0;228.0;947.0;971.0;1599.0;359.0;201.0;359.0;1609.0;811.0;713.0;1616.0;1019.0;859.0;152.0;784.0;2052.0;1019.0;623.0;2173.0;430.0;2084.0;8568.0;175.0;1474.0;8568.0;310.0;497.0;228.0;1871.0;3948.0;1019.0;749.0;228.0;1287.0;1514.0;521.0;1474.0;142.0;780.0;4330.0;4383.0;8568.0;2305.0;532.0;1123.0;730.0;430.0;1263.0;825.0;947.0;1594.0;389.0;966.0;336.0;623.0;3916.0;745.0;946.0;1230.0;1263.0;1085.0;1904.0;1228.0;69.0;1025.0;590.0;1181.0;1093.0;1149.0;313.0;3331.0;2657.0;1816.0;1325.0;228.0;9400.0
107;969.0;701.0;2610.0;389.0;295.0;336.0;0.0;1074.0;634.0;363.0;921.0;453.0;8814.0;2692.0;2063.0;9039.0;921.0;1722.0;403.0;3864.0;471.0;618.0;3929.0;2625.0;1637.0;456.0;1172.0;583.0;284.0;373.0;1189.0;633.0;1637.0;253.0;932.0;1424.0;1160.0;634.0;1545.0;1264.0;265.0;10.0;1252.0;296.0;992.0;2975.0;403.0;921.0;886.0;334.0;468.0;1125.0;1003.0;3867.0;1152.0;138.0;1189.0;519.0;724.0;1799.0;379.0;323.0;2289.0;3960.0;783.0;1003.0;1287.0;1074.0;563.0;9663.0;2036.0;886.0;3867.0;4041.0;634.0;921.0;353.0;10.0;1204.0;8814.0;138.0;764.0;921.0;634.0;190.0;569.0;1424.0;363.0;296.0;963.0;3973.0;634.0;2758.0;8814.0;1615.0;618.0;1482.0;1051.0;633.0;3787.0;634.0;1105.0;921.0;451.0;1046.0;584.0;696.0;492.0;618.0;877.0;744.0;1723.0;2600.0;634.0;1355.0;324.0;921.0;1335.0;1264.0;334.0;1090.0;880.0;578.0;8814.0;2044.0;138.0;1189.0;1207.0;379.0;818.0;272.0;1545.0;3929.0;4497.0;618.0;444.0;1264.0;1026.0;697.0;1264.0;9083.0;1161.0;1799.0;471.0;2017.0;1610.0;1264.0;1748.0;1636.0;1269.0;1005.0;9117.0;146.0;1264.0;1545.0;1500.0;1837.0;259.0;1074.0;1160.0;1302.0;279.0;1264.0;1189.0;634.0;1480.0;295.0;163.0;2018.0;885.0;802.0;476.0;899.0;469.0;634.0;941.0;1264.0;4144.0;1926.0;1003.0;323.0;323.0;304.0;1545.0;2240.0;8814.0;890.0;8814.0;323.0;921.0;634.0;517.0;1120.0;941.0;1016.0;373.0;634.0;812.0;1264.0;592.0;157.0;760.0;1084.0;1207.0;496.0;1067.0;957.0;1189.0;618.0;1545.0;1170.0;1280.0;634.0;8814.0;921.0;1615.0;514.0;1460.0;1545.0;1264.0;865.0;469.0;1301.0;1046.0;823.0;138.0;845.0;845.0;1424.0;182.0;411.0;164.0;1738.0;762.0;643.0;1576.0;921.0;760.0;262.0;701.0;2373.0;921.0;538.0;2495.0;363.0;2406.0;8814.0;169.0;1346.0;8814.0;306.0;496.0;138.0;1545.0;3823.0;921.0;829.0;138.0;1268.0;1189.0;444.0;1346.0;221.0;1067.0;4144.0;4461.0;8814.0;2625.0;755.0;1026.0;633.0;363.0;1149.0;953.0;845.0;1264.0;333.0;900.0;10.0;538.0;3847.0;670.0;634.0;1486.0;1149.0;1389.0;2193.0;1120.0;399.0;1032.0;396.0;1471.0;1019.0;1051.0;334.0;3651.0;2971.0;1610.0;1205.0;138.0;9100.0
108;105.0;382.0;3292.0;742.0;1181.0;1163.0;1074.0;0.0;895.0;747.0;153.0;1285.0;8241.0;2746.0;1199.0;8488.0;153.0;1831.0;1440.0;4773.0;639.0;1027.0;4966.0;2665.0;834.0;1313.0;1533.0;762.0;1210.0;763.0;1723.0;445.0;1895.0;981.0;144.0;536.0;1551.0;895.0;1522.0;1731.0;1188.0;1074.0;254.0;839.0;2064.0;2657.0;1440.0;153.0;1015.0;851.0;889.0;252.0;869.0;4760.0;173.0;1163.0;1723.0;1282.0;424.0;1288.0;1035.0;1236.0;2378.0;4991.0;570.0;869.0;325.0;10.0;699.0;8660.0;2167.0;1015.0;4760.0;4592.0;1708.0;153.0;749.0;1074.0;130.0;8241.0;1163.0;318.0;153.0;1708.0;1261.0;646.0;536.0;747.0;839.0;135.0;4939.0;1708.0;2810.0;8241.0;1782.0;1027.0;617.0;36.0;445.0;4755.0;895.0;74.0;153.0;831.0;86.0;490.0;531.0;740.0;1027.0;197.0;399.0;1320.0;2673.0;1708.0;1498.0;904.0;153.0;268.0;1731.0;851.0;940.0;195.0;546.0;8241.0;1299.0;1163.0;1723.0;201.0;701.0;600.0;805.0;1522.0;4966.0;5562.0;1027.0;653.0;1731.0;51.0;380.0;1731.0;8525.0;142.0;1288.0;639.0;1288.0;804.0;1731.0;1990.0;1764.0;197.0;70.0;8125.0;1056.0;1731.0;1522.0;1297.0;1132.0;1095.0;10.0;1551.0;311.0;1289.0;1731.0;1723.0;895.0;1455.0;1181.0;1192.0;1674.0;1934.0;560.0;717.0;1484.0;617.0;1708.0;144.0;1731.0;3200.0;1249.0;87.0;1236.0;1236.0;1204.0;748.0;2335.0;8241.0;1073.0;8241.0;1236.0;153.0;895.0;584.0;88.0;144.0;333.0;763.0;1708.0;584.0;1731.0;987.0;948.0;315.0;1217.0;201.0;581.0;87.0;1456.0;1723.0;1027.0;748.0;97.0;307.0;895.0;8241.0;153.0;1782.0;573.0;579.0;1522.0;1731.0;1914.0;617.0;314.0;86.0;501.0;1163.0;229.0;242.0;536.0;899.0;995.0;914.0;1054.0;356.0;451.0;522.0;153.0;315.0;1019.0;382.0;2451.0;153.0;550.0;2566.0;747.0;2482.0;8241.0;1143.0;331.0;8241.0;860.0;668.0;1163.0;1522.0;4809.0;153.0;1878.0;1163.0;299.0;1723.0;653.0;331.0;1055.0;1240.0;3200.0;5525.0;8241.0;2665.0;941.0;51.0;445.0;747.0;126.0;686.0;229.0;1731.0;787.0;202.0;1074.0;550.0;4886.0;420.0;895.0;1346.0;126.0;1520.0;2945.0;88.0;1216.0;322.0;1445.0;1498.0;81.0;36.0;851.0;4197.0;3583.0;804.0;186.0;1163.0;9800.0
109;814.0;691.0;3243.0;695.0;917.0;946.0;634.0;895.0;0.0;658.0;774.0;1076.0;9061.0;3190.0;2080.0;9300.0;774.0;2212.0;779.0;3888.0;674.0;136.0;4155.0;3117.0;1130.0;1084.0;1718.0;149.0;914.0;702.0;841.0;641.0;2174.0;786.0;768.0;999.0;1715.0;10.0;934.0;866.0;893.0;634.0;947.0;693.0;1415.0;3329.0;779.0;774.0;1308.0;755.0;913.0;1078.0;1324.0;3872.0;872.0;771.0;841.0;1131.0;802.0;1185.0;925.0;953.0;2791.0;4172.0;985.0;1324.0;945.0;895.0;226.0;9164.0;2545.0;1308.0;3872.0;4668.0;1121.0;774.0;413.0;634.0;1004.0;9061.0;771.0;717.0;774.0;1121.0;778.0;283.0;999.0;658.0;693.0;857.0;4072.0;1121.0;3256.0;9061.0;2121.0;136.0;1032.0;860.0;641.0;3890.0;10.0;960.0;774.0;856.0;824.0;574.0;868.0;823.0;136.0;739.0;804.0;1095.0;3103.0;1121.0;1838.0;792.0;774.0;1085.0;866.0;755.0;1419.0;763.0;723.0;9061.0;1478.0;771.0;841.0;923.0;588.0;1035.0;496.0;934.0;4155.0;4942.0;136.0;643.0;866.0;846.0;660.0;866.0;9340.0;904.0;1185.0;674.0;1447.0;1109.0;866.0;2284.0;2129.0;1071.0;850.0;8607.0;746.0;866.0;934.0;1851.0;1954.0;858.0;895.0;1715.0;976.0;909.0;866.0;841.0;10.0;1906.0;917.0;794.0;2334.0;1439.0;995.0;783.0;589.0;618.0;1121.0;756.0;866.0;3620.0;1344.0;809.0;953.0;953.0;930.0;1048.0;2743.0;9061.0;1337.0;9061.0;953.0;774.0;10.0;668.0;889.0;756.0;1043.0;702.0;1121.0;1020.0;866.0;1071.0;654.0;684.0;1538.0;923.0;506.0;941.0;1531.0;841.0;136.0;1048.0;981.0;948.0;10.0;9061.0;774.0;2121.0;632.0;1023.0;934.0;866.0;1420.0;618.0;1203.0;824.0;976.0;771.0;722.0;671.0;999.0;600.0;930.0;595.0;1863.0;780.0;691.0;1402.0;774.0;684.0;820.0;691.0;2873.0;774.0;639.0;2996.0;658.0;2906.0;9061.0;799.0;1030.0;9061.0;732.0;756.0;771.0;934.0;3954.0;774.0;1385.0;771.0;1182.0;841.0;643.0;1030.0;807.0;1535.0;3620.0;4910.0;9061.0;3117.0;1175.0;846.0;641.0;658.0;900.0;1193.0;722.0;866.0;674.0;827.0;634.0;639.0;4080.0;692.0;10.0;1864.0;900.0;1870.0;2827.0;889.0;1014.0;1050.0;801.0;1917.0;888.0;860.0;755.0;4277.0;3601.0;1109.0;932.0;771.0;9000.0
110;644.0;364.0;2695.0;39.0;440.0;430.0;363.0;747.0;658.0;0.0;598.0;563.0;8514.0;2533.0;1703.0;8745.0;598.0;1554.0;764.0;4215.0;112.0;716.0;4291.0;2460.0;1419.0;586.0;1071.0;536.0;466.0;45.0;1406.0;304.0;1520.0;239.0;613.0;1169.0;1071.0;658.0;1583.0;1461.0;443.0;363.0;955.0;93.0;1344.0;2714.0;764.0;598.0;654.0;125.0;261.0;768.0;705.0;4215.0;853.0;423.0;1406.0;581.0;364.0;1685.0;331.0;494.0;2133.0;4322.0;430.0;705.0;1003.0;747.0;474.0;9391.0;1887.0;654.0;4215.0;4079.0;980.0;598.0;245.0;363.0;875.0;8514.0;423.0;429.0;598.0;980.0;534.0;442.0;1169.0;10.0;93.0;625.0;4333.0;980.0;2599.0;8514.0;1463.0;716.0;1237.0;730.0;304.0;4146.0;658.0;767.0;598.0;200.0;735.0;279.0;335.0;173.0;716.0;556.0;386.0;1641.0;2445.0;980.0;1180.0;179.0;598.0;1014.0;1461.0;125.0;799.0;552.0;218.0;8514.0;1859.0;423.0;1406.0;905.0;80.0;471.0;182.0;1583.0;4291.0;4817.0;716.0;94.0;1461.0;703.0;370.0;1461.0;8787.0;853.0;1685.0;112.0;1837.0;1391.0;1461.0;1629.0;1471.0;936.0;677.0;8852.0;312.0;1461.0;1583.0;1228.0;1487.0;353.0;747.0;1071.0;1009.0;543.0;1461.0;1406.0;658.0;1257.0;440.0;451.0;1733.0;1188.0;448.0;139.0;1117.0;134.0;980.0;629.0;1461.0;3900.0;1761.0;687.0;494.0;494.0;462.0;1325.0;2085.0;8514.0;680.0;8514.0;494.0;598.0;658.0;164.0;805.0;629.0;654.0;45.0;980.0;462.0;1461.0;418.0;213.0;435.0;881.0;905.0;233.0;726.0;903.0;1406.0;716.0;1325.0;840.0;992.0;658.0;8514.0;598.0;1463.0;175.0;1209.0;1583.0;1461.0;1168.0;134.0;947.0;735.0;463.0;423.0;523.0;542.0;1169.0;183.0;311.0;202.0;1389.0;410.0;297.0;1229.0;598.0;435.0;279.0;364.0;2215.0;598.0;197.0;2338.0;10.0;2248.0;8514.0;398.0;1048.0;8514.0;121.0;140.0;423.0;1583.0;4185.0;598.0;1132.0;423.0;912.0;1406.0;94.0;1048.0;310.0;877.0;3900.0;4779.0;8514.0;2460.0;519.0;703.0;304.0;10.0;839.0;619.0;523.0;1461.0;41.0;558.0;363.0;197.0;4209.0;328.0;658.0;1230.0;839.0;1212.0;2308.0;805.0;491.0;670.0;759.0;1264.0;683.0;730.0;125.0;3685.0;3028.0;1391.0;900.0;423.0;9500.0
111;49.0;235.0;3185.0;595.0;1035.0;1019.0;921.0;153.0;774.0;598.0;0.0;1144.0;8320.0;2717.0;1306.0;8564.0;10.0;1781.0;1288.0;4637.0;492.0;902.0;4816.0;2637.0;911.0;1171.0;1443.0;634.0;1063.0;617.0;1611.0;294.0;1827.0;834.0;23.0;625.0;1457.0;774.0;1474.0;1626.0;1040.0;921.0;369.0;690.0;1912.0;2683.0;1288.0;10.0;929.0;706.0;756.0;310.0;810.0;4626.0;269.0;1011.0;1611.0;1145.0;300.0;1316.0;896.0;1090.0;2340.0;4842.0;478.0;810.0;428.0;153.0;566.0;8800.0;2120.0;929.0;4626.0;4506.0;1555.0;10.0;597.0;921.0;283.0;8320.0;1011.0;171.0;10.0;1555.0;1108.0;510.0;625.0;598.0;690.0;88.0;4797.0;1555.0;2782.0;8320.0;1723.0;902.0;703.0;132.0;294.0;4613.0;774.0;196.0;10.0;695.0;144.0;337.0;416.0;605.0;902.0;44.0;276.0;1328.0;2640.0;1555.0;1434.0;759.0;10.0;417.0;1626.0;706.0;891.0;49.0;405.0;8320.0;1375.0;1011.0;1611.0;316.0;550.0;517.0;652.0;1474.0;4816.0;5411.0;902.0;504.0;1626.0;106.0;229.0;1626.0;8602.0;260.0;1316.0;492.0;1361.0;881.0;1626.0;1925.0;1710.0;349.0;86.0;8263.0;906.0;1626.0;1474.0;1278.0;1204.0;949.0;153.0;1457.0;426.0;1139.0;1626.0;1611.0;774.0;1414.0;1035.0;1041.0;1690.0;1783.0;472.0;579.0;1362.0;466.0;1555.0;53.0;1626.0;3328.0;1310.0;92.0;1090.0;1090.0;1057.0;820.0;2295.0;8320.0;983.0;8320.0;1090.0;10.0;774.0;437.0;209.0;53.0;322.0;617.0;1555.0;499.0;1626.0;866.0;796.0;164.0;1143.0;316.0;428.0;169.0;1348.0;1611.0;902.0;820.0;250.0;414.0;774.0;8320.0;10.0;1723.0;423.0;668.0;1474.0;1626.0;1763.0;466.0;432.0;144.0;417.0;1011.0;76.0;103.0;625.0;747.0;858.0;762.0;1118.0;227.0;306.0;669.0;10.0;164.0;873.0;235.0;2415.0;10.0;400.0;2533.0;598.0;2447.0;8320.0;992.0;458.0;8320.0;713.0;528.0;1011.0;1474.0;4665.0;10.0;1728.0;1011.0;409.0;1611.0;504.0;458.0;907.0;1161.0;3328.0;5374.0;8320.0;2637.0;840.0;106.0;294.0;598.0;245.0;631.0;76.0;1626.0;638.0;102.0;921.0;400.0;4737.0;274.0;774.0;1319.0;245.0;1459.0;2828.0;209.0;1074.0;321.0;1292.0;1451.0;115.0;132.0;706.0;4111.0;3486.0;881.0;307.0;1011.0;9700.0
112;1186.0;909.0;2172.0;555.0;160.0;138.0;453.0;1285.0;1076.0;563.0;1144.0;0.0;8547.0;2294.0;2044.0;8764.0;1144.0;1345.0;663.0;4032.0;656.0;1071.0;3951.0;2232.0;1980.0;34.0;769.0;1003.0;172.0;533.0;1607.0;858.0;1226.0;329.0;1161.0;1732.0;750.0;1076.0;1997.0;1691.0;189.0;453.0;1509.0;474.0;992.0;2674.0;663.0;1144.0;657.0;442.0;410.0;1246.0;856.0;4046.0;1408.0;327.0;1607.0;83.0;866.0;2211.0;250.0;135.0;1892.0;3992.0;808.0;856.0;1561.0;1285.0;965.0;9944.0;1638.0;657.0;4046.0;3592.0;654.0;1144.0;721.0;453.0;1408.0;8547.0;327.0;972.0;1144.0;654.0;401.0;953.0;1732.0;563.0;474.0;1154.0;4088.0;654.0;2358.0;8547.0;1229.0;1071.0;1800.0;1273.0;858.0;3902.0;1076.0;1292.0;1144.0;458.0;1286.0;842.0;780.0;548.0;1071.0;1105.0;891.0;2148.0;2200.0;654.0;1002.0;387.0;1144.0;1552.0;1691.0;442.0;918.0;1095.0;740.0;8547.0;2414.0;327.0;1607.0;1458.0;633.0;817.0;622.0;1997.0;3951.0;4320.0;1071.0;652.0;1691.0;1246.0;922.0;1691.0;8810.0;1403.0;2211.0;656.0;2391.0;1952.0;1691.0;1337.0;1261.0;1463.0;1216.0;9407.0;331.0;1691.0;1997.0;1256.0;1757.0;226.0;1285.0;750.0;1565.0;246.0;1691.0;1607.0;1076.0;1171.0;160.0;315.0;1771.0;719.0;827.0;568.0;1324.0;694.0;654.0;1181.0;1691.0;4461.0;2310.0;1235.0;135.0;135.0;149.0;1886.0;1844.0;8547.0;631.0;8547.0;135.0;1144.0;1076.0;710.0;1353.0;1181.0;1108.0;533.0;654.0;822.0;1691.0;397.0;435.0;986.0;784.0;1458.0;789.0;1248.0;537.0;1607.0;1071.0;1886.0;1373.0;1549.0;1076.0;8547.0;1144.0;1229.0;732.0;1772.0;1997.0;1691.0;701.0;694.0;1429.0;1286.0;874.0;327.0;1073.0;1100.0;1732.0;496.0;295.0;495.0;1661.0;930.0;838.0;1724.0;1144.0;986.0;288.0;909.0;1977.0;1144.0;752.0;2098.0;563.0;2009.0;8547.0;284.0;1601.0;8547.0;442.0;617.0;327.0;1997.0;3918.0;1144.0;671.0;327.0;1392.0;1607.0;652.0;1601.0;279.0;754.0;4461.0;4280.0;8547.0;2232.0;568.0;1246.0;858.0;563.0;1388.0;893.0;1073.0;1691.0;523.0;1085.0;453.0;752.0;3865.0;870.0;1076.0;1220.0;1388.0;1036.0;1767.0;1353.0;72.0;1128.0;635.0;1145.0;1213.0;1273.0;442.0;3201.0;2525.0;1952.0;1451.0;327.0;9400.0
113;8291.0;8370.0;8113.0;8477.0;8625.0;8568.0;8814.0;8241.0;9061.0;8514.0;8320.0;8547.0;0.0;6521.0;7069.0;311.0;8320.0;7265.0;9178.0;12537.0;8445.0;9169.0;12160.0;6546.0;8725.0;8573.0;7835.0;8913.0;8665.0;8482.0;9894.0;8423.0;7464.0;8563.0;8332.0;8523.0;7867.0;9061.0;9744.0;9928.0;8663.0;8814.0;8335.0;8541.0;9476.0;5879.0;9178.0;8320.0;7935.0;8489.0;8346.0;8011.0;7816.0;12563.0;8348.0;8774.0;9894.0;8466.0;8264.0;9289.0;8457.0;8648.0;6846.0;12227.0;8103.0;7816.0;8389.0;8241.0;8836.0;11186.0;7067.0;7935.0;12563.0;7629.0;9189.0;8320.0;8721.0;8814.0;8177.0;10.0;8774.0;8346.0;8320.0;9189.0;8895.0;8778.0;8523.0;8514.0;8541.0;8232.0;12513.0;9189.0;6476.0;10.0;7390.0;9169.0;8573.0;8276.0;8423.0;12333.0;9061.0;8167.0;8320.0;8367.0;8326.0;8493.0;8216.0;8347.0;9169.0;8346.0;8260.0;9401.0;6612.0;9189.0;7559.0;8490.0;8320.0;8177.0;9928.0;8489.0;7725.0;8317.0;8366.0;10.0;9001.0;8774.0;9894.0;8322.0;8553.0;8056.0;8693.0;9744.0;12160.0;11573.0;9169.0;8480.0;9928.0;8280.0;8401.0;9928.0;311.0;8303.0;9289.0;8445.0;9022.0;8709.0;9928.0;7378.0;7342.0;8126.0;8262.0;11036.0;8681.0;9928.0;9744.0;7316.0;7116.0;8598.0;8241.0;7867.0;8347.0;8775.0;9928.0;9894.0;9061.0;7377.0;8625.0;8784.0;6797.0;9108.0;8089.0;8376.0;9616.0;8488.0;9189.0;8354.0;9928.0;9029.0;9080.0;8318.0;8648.0;8648.0;8636.0;8702.0;6885.0;10.0;7941.0;10.0;8648.0;8320.0;9061.0;8430.0;8287.0;8354.0;8022.0;8482.0;9189.0;8068.0;9928.0;8233.0;8667.0;8380.0;7766.0;8322.0;8574.0;8170.0;8066.0;9894.0;9169.0;8702.0;8184.0;8373.0;9061.0;10.0;8320.0;7390.0;8460.0;8542.0;9744.0;9928.0;9100.0;8488.0;7934.0;8326.0;8097.0;8774.0;8356.0;8417.0;8523.0;8675.0;8414.0;8693.0;7204.0;8281.0;8376.0;7860.0;8320.0;8380.0;8562.0;8370.0;6773.0;8320.0;8446.0;6680.0;8514.0;6748.0;10.0;8718.0;8306.0;10.0;8519.0;8379.0;8774.0;9744.0;12311.0;8320.0;9088.0;8774.0;7943.0;9894.0;8480.0;8306.0;8613.0;7794.0;9029.0;11520.0;10.0;6546.0;8061.0;8280.0;8423.0;8514.0;8298.0;7900.0;8356.0;9928.0;8524.0;8247.0;8814.0;8446.0;12069.0;8372.0;9061.0;7338.0;8298.0;7526.0;8337.0;8287.0;8543.0;8017.0;9156.0;7405.0;8217.0;8276.0;8489.0;7594.0;7862.0;8709.0;8304.0;8774.0;17900.0
114;2721.0;2609.0;1789.0;2496.0;2423.0;2370.0;2692.0;2746.0;3190.0;2533.0;2717.0;2294.0;6521.0;0.0;2271.0;6705.0;2717.0;979.0;2955.0;6068.0;2524.0;3243.0;5640.0;83.0;3562.0;2310.0;1526.0;3061.0;2453.0;2489.0;3881.0;2624.0;1069.0;2455.0;2738.0;3263.0;1544.0;3190.0;4102.0;3955.0;2462.0;2692.0;2976.0;2509.0;3069.0;971.0;2955.0;2717.0;1884.0;2446.0;2284.0;2509.0;1918.0;6105.0;2917.0;2598.0;3881.0;2212.0;2484.0;4030.0;2317.0;2423.0;404.0;5706.0;2275.0;1918.0;3052.0;2746.0;2992.0;10516.0;657.0;1884.0;6105.0;2315.0;2850.0;2717.0;2778.0;2692.0;2780.0;6521.0;2598.0;2628.0;2717.0;2850.0;2693.0;2947.0;3263.0;2533.0;2509.0;2648.0;6008.0;2850.0;66.0;6521.0;1078.0;3243.0;3343.0;2767.0;2624.0;5831.0;3190.0;2688.0;2717.0;2336.0;2817.0;2671.0;2379.0;2368.0;3243.0;2713.0;2497.0;4044.0;97.0;2850.0;1353.0;2419.0;2717.0;2884.0;3955.0;2446.0;1831.0;2682.0;2501.0;6521.0;4017.0;2598.0;3881.0;2931.0;2603.0;2226.0;2704.0;4102.0;5640.0;5256.0;3243.0;2552.0;3955.0;2752.0;2643.0;3955.0;6758.0;2879.0;4030.0;2524.0;4012.0;3533.0;3955.0;961.0;1063.0;2777.0;2716.0;10055.0;2546.0;3955.0;4102.0;1450.0;1961.0;2435.0;2746.0;1544.0;3024.0;2540.0;3955.0;3881.0;3190.0;1308.0;2423.0;2596.0;1227.0;2685.0;2273.0;2409.0;3591.0;2583.0;2850.0;2769.0;3955.0;5534.0;3987.0;2776.0;2423.0;2423.0;2425.0;3484.0;452.0;6521.0;1853.0;6521.0;2423.0;2717.0;3190.0;2541.0;2830.0;2769.0;2414.0;2489.0;2850.0;2244.0;3955.0;2130.0;2588.0;2665.0;1653.0;2931.0;2706.0;2659.0;1757.0;3881.0;3243.0;3484.0;2760.0;3032.0;3190.0;6521.0;2717.0;1078.0;2580.0;3304.0;4102.0;3955.0;2681.0;2583.0;2579.0;2817.0;2317.0;2598.0;2700.0;2768.0;3263.0;2625.0;2294.0;2638.0;1960.0;2542.0;2570.0;2752.0;2717.0;2665.0;2435.0;2609.0;319.0;2717.0;2580.0;197.0;2533.0;286.0;6521.0;2545.0;3019.0;6521.0;2473.0;2441.0;2598.0;4102.0;5800.0;2717.0;2677.0;2598.0;2558.0;3881.0;2552.0;3019.0;2472.0;1655.0;5534.0;5205.0;6521.0;83.0;2016.0;2752.0;2624.0;2533.0;2864.0;2090.0;2700.0;3955.0;2520.0;2614.0;2692.0;2580.0;5549.0;2586.0;3190.0;1400.0;2864.0;1321.0;1876.0;2830.0;2321.0;2424.0;2925.0;1282.0;2676.0;2767.0;2446.0;1983.0;1732.0;3533.0;2912.0;2598.0;11600.0
115;1268.0;1428.0;3453.0;1675.0;2023.0;1978.0;2063.0;1199.0;2080.0;1703.0;1306.0;2044.0;7069.0;2271.0;0.0;7322.0;1306.0;1683.0;2466.0;5907.0;1600.0;2205.0;5975.0;2191.0;1697.0;2078.0;1787.0;1937.0;2064.0;1690.0;2917.0;1494.0;1882.0;1864.0;1313.0;1463.0;1823.0;2080.0;2676.0;2929.0;2049.0;2063.0;1266.0;1770.0;3006.0;1792.0;2466.0;1306.0;1435.0;1742.0;1667.0;1003.0;1206.0;5903.0;1286.0;2095.0;2917.0;1995.0;1358.0;2261.0;1830.0;2070.0;2024.0;6010.0;1285.0;1206.0;1320.0;1199.0;1867.0;8359.0;1918.0;1435.0;5903.0;4483.0;2644.0;1306.0;1832.0;2063.0;1118.0;7069.0;2095.0;1384.0;1306.0;2644.0;2218.0;1809.0;1463.0;1703.0;1770.0;1223.0;6035.0;2644.0;2323.0;7069.0;1718.0;2205.0;1521.0;1235.0;1494.0;5849.0;2080.0;1128.0;1306.0;1648.0;1281.0;1563.0;1367.0;1582.0;2205.0;1341.0;1344.0;2353.0;2233.0;2644.0;1556.0;1773.0;1306.0;1109.0;2929.0;1742.0;1173.0;1317.0;1496.0;7069.0;2060.0;2095.0;2917.0;1256.0;1705.0;1257.0;1845.0;2676.0;5975.0;6307.0;2205.0;1631.0;2929.0;1244.0;1451.0;2929.0;7357.0;1242.0;2261.0;1600.0;2070.0;1677.0;2929.0;1922.0;1665.0;1062.0;1234.0;7870.0;1979.0;2929.0;2676.0;1108.0;364.0;1954.0;1199.0;1823.0;1278.0;2173.0;2929.0;2917.0;2080.0;1357.0;2023.0;2118.0;1049.0;2763.0;1266.0;1591.0;2666.0;1619.0;2644.0;1328.0;2929.0;3266.0;2097.0;1283.0;2070.0;2070.0;2043.0;1658.0;1997.0;7069.0;1485.0;7069.0;2070.0;1306.0;2080.0;1562.0;1232.0;1328.0;1068.0;1690.0;2644.0;1259.0;2929.0;1648.0;1908.0;1410.0;1460.0;1256.0;1659.0;1141.0;1875.0;2917.0;2205.0;1658.0;1129.0;1304.0;2080.0;7069.0;1306.0;1718.0;1578.0;1487.0;2676.0;2929.0;2746.0;1619.0;885.0;1281.0;1241.0;2095.0;1359.0;1409.0;1463.0;1886.0;1777.0;1905.0;430.0;1344.0;1461.0;796.0;1306.0;1410.0;1886.0;1428.0;2066.0;1306.0;1558.0;2147.0;1703.0;2088.0;7069.0;2052.0;1238.0;7069.0;1767.0;1567.0;2095.0;2676.0;5887.0;1306.0;2716.0;2095.0;902.0;2917.0;1631.0;1238.0;1939.0;1502.0;3266.0;6264.0;7069.0;2191.0;1484.0;1244.0;1494.0;1703.0;1238.0;1153.0;1359.0;2929.0;1730.0;1258.0;2063.0;1558.0;5891.0;1445.0;2080.0;1193.0;1238.0;1552.0;3234.0;1232.0;1997.0;1055.0;2459.0;1430.0;1193.0;1235.0;1742.0;4108.0;3628.0;1677.0;1238.0;2095.0;11000.0
116;8536.0;8609.0;8267.0;8707.0;8845.0;8788.0;9039.0;8488.0;9300.0;8745.0;8564.0;8764.0;311.0;6705.0;7322.0;0.0;8564.0;7471.0;9399.0;12739.0;8678.0;9406.0;12338.0;6733.0;8986.0;8789.0;8044.0;9152.0;8885.0;8712.0;10131.0;8661.0;7665.0;8788.0;8577.0;8779.0;8075.0;9300.0;9996.0;10166.0;8884.0;9039.0;8587.0;8770.0;9683.0;6091.0;9399.0;8564.0;8158.0;8716.0;8571.0;8256.0;8044.0;12768.0;8598.0;8996.0;10131.0;8682.0;8501.0;9551.0;8679.0;8867.0;7038.0;12406.0;8337.0;8044.0;8642.0;8488.0;9075.0;11491.0;7263.0;8158.0;12768.0;7734.0;9402.0;8564.0;8955.0;9039.0;8427.0;311.0;8996.0;8586.0;8564.0;9402.0;9116.0;9017.0;8779.0;8745.0;8770.0;8476.0;12707.0;9402.0;6658.0;311.0;7595.0;9406.0;8831.0;8523.0;8661.0;12528.0;9300.0;8414.0;8564.0;8595.0;8573.0;8730.0;8451.0;8577.0;9406.0;8589.0;8498.0;9660.0;6797.0;9402.0;7771.0;8717.0;8564.0;8430.0;10166.0;8716.0;7953.0;8560.0;8600.0;311.0;9269.0;8996.0;10131.0;8573.0;8785.0;8289.0;8924.0;9996.0;12338.0;11711.0;9406.0;8713.0;10166.0;8526.0;8640.0;10166.0;76.0;8553.0;9551.0;8678.0;9289.0;8970.0;10166.0;7576.0;7548.0;8377.0;8508.0;11344.0;8905.0;10166.0;9996.0;7540.0;7360.0;8820.0;8488.0;8075.0;8600.0;8993.0;10166.0;10131.0;9300.0;7593.0;8845.0;9006.0;7022.0;9313.0;8323.0;8606.0;9850.0;8722.0;9402.0;8598.0;10166.0;9326.0;9345.0;8564.0;8867.0;8867.0;8856.0;8962.0;7078.0;311.0;8162.0;311.0;8867.0;8564.0;9300.0;8664.0;8535.0;8598.0;8263.0;8712.0;9402.0;8302.0;10166.0;8456.0;8894.0;8621.0;7985.0;8573.0;8810.0;8416.0;8276.0;10131.0;9406.0;8962.0;8433.0;8626.0;9300.0;311.0;8564.0;7595.0;8695.0;8800.0;9996.0;10166.0;9305.0;8722.0;8182.0;8573.0;8333.0;8996.0;8598.0;8660.0;8779.0;8904.0;8637.0;8921.0;7446.0;8520.0;8613.0;8115.0;8564.0;8621.0;8786.0;8609.0;6963.0;8564.0;8681.0;6868.0;8745.0;6938.0;311.0;8941.0;8560.0;311.0;8746.0;8611.0;8996.0;9996.0;12502.0;8564.0;9294.0;8996.0;8191.0;10131.0;8713.0;8560.0;8837.0;8011.0;9326.0;11657.0;311.0;6733.0;8285.0;8526.0;8661.0;8745.0;8547.0;8133.0;8598.0;10166.0;8754.0;8489.0;9039.0;8681.0;12247.0;8610.0;9300.0;7559.0;8547.0;7738.0;8503.0;8535.0;8762.0;8258.0;9377.0;7620.0;8463.0;8523.0;8716.0;7714.0;8004.0;8970.0;8555.0;8996.0;18200.0
117;49.0;235.0;3185.0;595.0;1035.0;1019.0;921.0;153.0;774.0;598.0;10.0;1144.0;8320.0;2717.0;1306.0;8564.0;0.0;1781.0;1288.0;4637.0;492.0;902.0;4816.0;2637.0;911.0;1171.0;1443.0;634.0;1063.0;617.0;1611.0;294.0;1827.0;834.0;23.0;625.0;1457.0;774.0;1474.0;1626.0;1040.0;921.0;369.0;690.0;1912.0;2683.0;1288.0;10.0;929.0;706.0;756.0;310.0;810.0;4626.0;269.0;1011.0;1611.0;1145.0;300.0;1316.0;896.0;1090.0;2340.0;4842.0;478.0;810.0;428.0;153.0;566.0;8800.0;2120.0;929.0;4626.0;4506.0;1555.0;10.0;597.0;921.0;283.0;8320.0;1011.0;171.0;10.0;1555.0;1108.0;510.0;625.0;598.0;690.0;88.0;4797.0;1555.0;2782.0;8320.0;1723.0;902.0;703.0;132.0;294.0;4613.0;774.0;196.0;10.0;695.0;144.0;337.0;416.0;605.0;902.0;44.0;276.0;1328.0;2640.0;1555.0;1434.0;759.0;10.0;417.0;1626.0;706.0;891.0;49.0;405.0;8320.0;1375.0;1011.0;1611.0;316.0;550.0;517.0;652.0;1474.0;4816.0;5411.0;902.0;504.0;1626.0;106.0;229.0;1626.0;8602.0;260.0;1316.0;492.0;1361.0;881.0;1626.0;1925.0;1710.0;349.0;86.0;8263.0;906.0;1626.0;1474.0;1278.0;1204.0;949.0;153.0;1457.0;426.0;1139.0;1626.0;1611.0;774.0;1414.0;1035.0;1041.0;1690.0;1783.0;472.0;579.0;1362.0;466.0;1555.0;53.0;1626.0;3328.0;1310.0;92.0;1090.0;1090.0;1057.0;820.0;2295.0;8320.0;983.0;8320.0;1090.0;10.0;774.0;437.0;209.0;53.0;322.0;617.0;1555.0;499.0;1626.0;866.0;796.0;164.0;1143.0;316.0;428.0;169.0;1348.0;1611.0;902.0;820.0;250.0;414.0;774.0;8320.0;10.0;1723.0;423.0;668.0;1474.0;1626.0;1763.0;466.0;432.0;144.0;417.0;1011.0;76.0;103.0;625.0;747.0;858.0;762.0;1118.0;227.0;306.0;669.0;10.0;164.0;873.0;235.0;2415.0;10.0;400.0;2533.0;598.0;2447.0;8320.0;992.0;458.0;8320.0;713.0;528.0;1011.0;1474.0;4665.0;10.0;1728.0;1011.0;409.0;1611.0;504.0;458.0;907.0;1161.0;3328.0;5374.0;8320.0;2637.0;840.0;106.0;294.0;598.0;245.0;631.0;76.0;1626.0;638.0;102.0;921.0;400.0;4737.0;274.0;774.0;1319.0;245.0;1459.0;2828.0;209.0;1074.0;321.0;1292.0;1451.0;115.0;132.0;706.0;4111.0;3486.0;881.0;307.0;1011.0;9700.0
118;1792.0;1650.0;1781.0;1518.0;1463.0;1408.0;1722.0;1831.0;2212.0;1554.0;1781.0;1345.0;7265.0;979.0;1683.0;7471.0;1781.0;0.0;2008.0;5272.0;1549.0;2264.0;4993.0;908.0;2664.0;1365.0;583.0;2085.0;1496.0;1511.0;2909.0;1659.0;249.0;1480.0;1804.0;2364.0;610.0;2212.0;3128.0;2981.0;1502.0;1722.0;2076.0;1531.0;2213.0;1396.0;2008.0;1781.0;908.0;1468.0;1306.0;1614.0;971.0;5298.0;2004.0;1635.0;2909.0;1262.0;1528.0;3096.0;1344.0;1468.0;579.0;5050.0;1319.0;971.0;2151.0;1831.0;2016.0;10040.0;340.0;908.0;5298.0;2847.0;1947.0;1781.0;1799.0;1722.0;1886.0;7265.0;1635.0;1675.0;1781.0;1947.0;1737.0;1973.0;2364.0;1554.0;1531.0;1721.0;5265.0;1947.0;1045.0;7265.0;125.0;2264.0;2445.0;1848.0;1659.0;5082.0;2212.0;1782.0;1781.0;1358.0;1894.0;1703.0;1418.0;1391.0;2264.0;1772.0;1543.0;3097.0;891.0;1947.0;375.0;1442.0;1781.0;2006.0;2981.0;1468.0;893.0;1743.0;1531.0;7265.0;3127.0;1635.0;2909.0;2026.0;1625.0;1273.0;1725.0;3128.0;4993.0;4918.0;2264.0;1576.0;2981.0;1830.0;1684.0;2981.0;7520.0;1971.0;3096.0;1549.0;3118.0;2634.0;2981.0;245.0;86.0;1895.0;1793.0;9548.0;1575.0;2981.0;3128.0;610.0;1321.0;1467.0;1831.0;610.0;2128.0;1590.0;2981.0;2909.0;2212.0;385.0;1463.0;1635.0;773.0;1843.0;1320.0;1432.0;2618.0;1608.0;1947.0;1834.0;2981.0;4828.0;3080.0;1850.0;1468.0;1468.0;1466.0;2579.0;531.0;7265.0;875.0;7265.0;1468.0;1781.0;2212.0;1569.0;1919.0;1834.0;1500.0;1511.0;1947.0;1292.0;2981.0;1152.0;1612.0;1712.0;676.0;2026.0;1733.0;1748.0;820.0;2909.0;2264.0;2579.0;1861.0;2132.0;2212.0;7265.0;1781.0;125.0;1608.0;2406.0;3128.0;2981.0;1835.0;1608.0;1718.0;1894.0;1370.0;1635.0;1756.0;1821.0;2364.0;1648.0;1319.0;1660.0;1276.0;1590.0;1606.0;1940.0;1781.0;1712.0;1462.0;1650.0;661.0;1781.0;1609.0;783.0;1554.0;694.0;7265.0;1581.0;2131.0;7265.0;1494.0;1465.0;1635.0;3128.0;5072.0;1781.0;1823.0;1635.0;1690.0;2909.0;1576.0;2131.0;1501.0;677.0;4828.0;4870.0;7265.0;908.0;1039.0;1830.0;1659.0;1554.0;1955.0;1151.0;1756.0;2981.0;1541.0;1679.0;1722.0;1609.0;4903.0;1625.0;2212.0;532.0;1955.0;342.0;1620.0;1919.0;1363.0;1512.0;1980.0;334.0;1756.0;1848.0;1468.0;2461.0;1946.0;2634.0;2009.0;1635.0;10700.0
119;1337.0;1084.0;2627.0;792.0;556.0;613.0;403.0;1440.0;779.0;764.0;1288.0;663.0;9178.0;2955.0;2466.0;9399.0;1288.0;2008.0;0.0;3465.0;870.0;692.0;3535.0;2893.0;1894.0;645.0;1432.0;804.0;518.0;776.0;993.0;1014.0;1886.0;630.0;1296.0;1721.0;1411.0;779.0;1546.0;1091.0;517.0;403.0;1590.0;698.0;648.0;3318.0;10.0;1288.0;1244.0;733.0;849.0;1516.0;1388.0;3469.0;1495.0;406.0;993.0;746.0;1120.0;1950.0;722.0;542.0;2554.0;3564.0;1186.0;1388.0;1614.0;1440.0;821.0;9935.0;2300.0;1244.0;3469.0;4091.0;346.0;1288.0;692.0;403.0;1569.0;9178.0;406.0;1143.0;1288.0;346.0;283.0;851.0;1721.0;764.0;698.0;1341.0;3570.0;346.0;3018.0;9178.0;1892.0;692.0;1769.0;1414.0;1014.0;3384.0;779.0;1480.0;1288.0;844.0;1400.0;956.0;1099.0;893.0;692.0;1244.0;1139.0;1844.0;2860.0;346.0;1659.0;714.0;1288.0;1691.0;1091.0;733.0;1470.0;1252.0;976.0;9178.0;2257.0;406.0;993.0;1550.0;771.0;1220.0;642.0;1546.0;3535.0;4182.0;692.0;841.0;1091.0;1390.0;1074.0;1091.0;9444.0;1510.0;1950.0;870.0;2226.0;1870.0;1091.0;1995.0;1923.0;1637.0;1374.0;9381.0;509.0;1091.0;1546.0;1863.0;2238.0;581.0;1440.0;1411.0;1634.0;418.0;1091.0;993.0;779.0;1813.0;556.0;394.0;2383.0;681.0;1205.0;878.0;738.0;860.0;346.0;1301.0;1091.0;4395.0;2122.0;1363.0;542.0;542.0;548.0;1807.0;2506.0;9178.0;1237.0;9178.0;542.0;1288.0;779.0;913.0;1475.0;1301.0;1414.0;776.0;346.0;1215.0;1091.0;946.0;560.0;1133.0;1417.0;1550.0;861.0;1444.0;1198.0;993.0;692.0;1807.0;1537.0;1610.0;779.0;9178.0;1288.0;1892.0;904.0;1752.0;1546.0;1091.0;662.0;860.0;1689.0;1400.0;1225.0;406.0;1213.0;1202.0;1721.0;581.0;767.0;562.0;2140.0;1152.0;1031.0;1955.0;1288.0;1133.0;623.0;1084.0;2638.0;1288.0;927.0;2759.0;764.0;2670.0;9178.0;460.0;1683.0;9178.0;706.0;899.0;406.0;1546.0;3421.0;1288.0;630.0;406.0;1656.0;993.0;841.0;1683.0;570.0;1393.0;4395.0;4149.0;9178.0;2893.0;1122.0;1390.0;1014.0;764.0;1500.0;1352.0;1213.0;1091.0;736.0;1282.0;403.0;927.0;3455.0;1056.0;779.0;1840.0;1500.0;1694.0;2186.0;1475.0;648.0;1429.0;34.0;1794.0;1394.0;1414.0;733.0;3710.0;3014.0;1870.0;1551.0;406.0;8800.0
120;4682.0;4483.0;4860.0;4247.0;3983.0;4039.0;3864.0;4773.0;3888.0;4215.0;4637.0;4032.0;12537.0;6068.0;5907.0;12739.0;4637.0;5272.0;3465.0;0.0;4312.0;3753.0;1299.0;6030.0;4833.0;4002.0;4706.0;4013.0;3941.0;4234.0;3134.0;4415.0;5075.0;4093.0;4637.0;4823.0;4673.0;3888.0;3784.0;3175.0;3948.0;3864.0;4830.0;4159.0;3067.0;6662.0;3465.0;4637.0;4680.0;4197.0;4310.0;4918.0;4846.0;113.0;4759.0;3863.0;3134.0;4108.0;4549.0;4506.0;4170.0;3950.0;5711.0;1219.0;4644.0;4846.0;4820.0;4773.0;4074.0;12261.0;5479.0;4680.0;113.0;6126.0;3378.0;4637.0;4076.0;3864.0;4888.0;12537.0;3863.0;4532.0;4637.0;3378.0;3736.0;4128.0;4823.0;4215.0;4159.0;4711.0;497.0;3378.0;6121.0;12537.0;5147.0;3753.0;4829.0;4740.0;4415.0;488.0;3888.0;4832.0;4637.0;4308.0;4708.0;4348.0;4549.0;4356.0;3753.0;4597.0;4563.0;4335.0;5972.0;3378.0;4990.0;4179.0;4637.0;4972.0;3175.0;4197.0;4924.0;4615.0;4414.0;12537.0;4948.0;3863.0;3134.0;4809.0;4205.0;4681.0;4063.0;3784.0;1299.0;3211.0;3753.0;4280.0;3175.0;4722.0;4463.0;3175.0;12789.0;4791.0;4506.0;4312.0;4910.0;4825.0;3175.0;5164.0;5195.0;4957.0;4720.0;11664.0;3972.0;3175.0;3784.0;5287.0;5700.0;4030.0;4773.0;4673.0;4854.0;3827.0;3175.0;3134.0;3888.0;5187.0;3983.0;3846.0;5802.0;3429.0;4662.0;4339.0;3313.0;4290.0;3378.0;4630.0;3175.0;6905.0;4790.0;4687.0;3950.0;3950.0;3968.0;4783.0;5670.0;12537.0;4660.0;12537.0;3950.0;4637.0;3888.0;4347.0;4776.0;4630.0;4840.0;4234.0;3378.0;4675.0;3175.0;4390.0;4021.0;4510.0;4813.0;4809.0;4251.0;4806.0;4479.0;3134.0;3753.0;4783.0;4864.0;4825.0;3888.0;12537.0;4637.0;5147.0;4329.0;4834.0;3784.0;3175.0;3438.0;4290.0;5068.0;4708.0;4677.0;3863.0;4573.0;4536.0;4823.0;4034.0;4219.0;4015.0;5602.0;4564.0;4446.0;5289.0;4637.0;4510.0;4082.0;4483.0;5789.0;4637.0;4350.0;5892.0;4215.0;5816.0;12537.0;3914.0;4908.0;12537.0;4170.0;4354.0;3863.0;3784.0;661.0;4637.0;3451.0;3863.0;5042.0;3134.0;4280.0;4908.0;4028.0;4781.0;6905.0;3226.0;12537.0;6030.0;4570.0;4722.0;4415.0;4215.0;4787.0;4816.0;4573.0;3175.0;4192.0;4665.0;3864.0;4350.0;1323.0;4464.0;3888.0;5250.0;4787.0;5022.0;4477.0;4776.0;4049.0;4853.0;3478.0;5150.0;4752.0;4740.0;4197.0;5867.0;5250.0;4825.0;4819.0;3863.0;5500.0
121;537.0;257.0;2760.0;103.0;543.0;528.0;471.0;639.0;674.0;112.0;492.0;656.0;8445.0;2524.0;1600.0;8678.0;492.0;1549.0;870.0;4312.0;0.0;750.0;4400.0;2449.0;1338.0;682.0;1094.0;538.0;572.0;125.0;1460.0;202.0;1532.0;343.0;508.0;1079.0;1099.0;674.0;1579.0;1508.0;550.0;471.0;854.0;201.0;1455.0;2666.0;870.0;492.0;640.0;215.0;302.0;656.0;654.0;4311.0;752.0;535.0;1460.0;665.0;253.0;1633.0;413.0;598.0;2127.0;4431.0;344.0;654.0;905.0;639.0;468.0;9290.0;1885.0;640.0;4311.0;4128.0;1092.0;492.0;279.0;471.0;766.0;8445.0;535.0;321.0;492.0;1092.0;645.0;424.0;1079.0;112.0;201.0;514.0;4435.0;1092.0;2590.0;8445.0;1464.0;750.0;1150.0;623.0;202.0;4249.0;674.0;657.0;492.0;235.0;632.0;195.0;238.0;165.0;750.0;451.0;274.0;1600.0;2438.0;1092.0;1176.0;269.0;492.0;906.0;1508.0;215.0;750.0;445.0;107.0;8445.0;1786.0;535.0;1460.0;803.0;110.0;390.0;253.0;1579.0;4400.0;4927.0;750.0;35.0;1508.0;596.0;266.0;1508.0;8720.0;750.0;1633.0;10.0;1765.0;1309.0;1508.0;1640.0;1467.0;827.0;569.0;8752.0;423.0;1508.0;1579.0;1182.0;1395.0;457.0;639.0;1099.0;909.0;653.0;1508.0;1460.0;674.0;1232.0;543.0;563.0;1677.0;1298.0;360.0;124.0;1174.0;60.0;1092.0;526.0;1508.0;3806.0;1693.0;582.0;598.0;598.0;566.0;1244.0;2079.0;8445.0;675.0;8445.0;598.0;492.0;674.0;55.0;701.0;526.0;544.0;125.0;1092.0;379.0;1508.0;448.0;324.0;331.0;872.0;803.0;187.0;615.0;946.0;1460.0;750.0;1244.0;731.0;893.0;674.0;8445.0;492.0;1464.0;79.0;1120.0;1579.0;1508.0;1278.0;60.0;835.0;632.0;366.0;535.0;419.0;444.0;1079.0;290.0;382.0;308.0;1297.0;298.0;187.0;1117.0;492.0;331.0;381.0;257.0;2208.0;492.0;96.0;2330.0;112.0;2241.0;8445.0;509.0;946.0;8445.0;221.0;83.0;535.0;1579.0;4289.0;492.0;1243.0;535.0;800.0;1460.0;35.0;946.0;417.0;874.0;3806.0;4890.0;8445.0;2449.0;511.0;596.0;202.0;112.0;735.0;545.0;419.0;1508.0;150.0;447.0;471.0;96.0;4318.0;219.0;674.0;1192.0;735.0;1207.0;2381.0;701.0;585.0;561.0;866.0;1246.0;573.0;623.0;215.0;3734.0;3084.0;1309.0;797.0;535.0;9500.0
122;943.0;802.0;3221.0;754.0;911.0;947.0;618.0;1027.0;136.0;716.0;902.0;1071.0;9169.0;3243.0;2205.0;9406.0;902.0;2264.0;692.0;3753.0;750.0;0.0;4022.0;3172.0;1248.0;1074.0;1751.0;268.0;902.0;758.0;726.0;746.0;2212.0;806.0;897.0;1130.0;1745.0;136.0;926.0;762.0;883.0;618.0;1083.0;734.0;1313.0;3415.0;692.0;902.0;1369.0;797.0;959.0;1202.0;1404.0;3737.0;1008.0;752.0;726.0;1133.0;905.0;1258.0;948.0;941.0;2841.0;4039.0;1077.0;1404.0;1081.0;1027.0;340.0;9271.0;2593.0;1369.0;3737.0;4658.0;1037.0;902.0;474.0;618.0;1137.0;9169.0;752.0;833.0;902.0;1037.0;736.0;398.0;1130.0;716.0;734.0;983.0;3937.0;1037.0;3309.0;9169.0;2168.0;10.0;1160.0;992.0;746.0;3754.0;136.0;1090.0;902.0;908.0;957.0;677.0;961.0;887.0;10.0;865.0;909.0;1155.0;3154.0;1037.0;1890.0;827.0;902.0;1220.0;762.0;797.0;1500.0;888.0;813.0;9169.0;1576.0;752.0;726.0;1059.0;653.0;1126.0;539.0;926.0;4022.0;4831.0;10.0;717.0;762.0;977.0;772.0;762.0;9447.0;1039.0;1258.0;750.0;1544.0;1228.0;762.0;2323.0;2181.0;1205.0;979.0;8712.0;746.0;762.0;926.0;1932.0;2070.0;862.0;1027.0;1745.0;1112.0;880.0;762.0;726.0;136.0;1972.0;911.0;771.0;2424.0;1366.0;1089.0;849.0;461.0;698.0;1037.0;886.0;762.0;3724.0;1437.0;940.0;941.0;941.0;922.0;1168.0;2793.0;9169.0;1393.0;9169.0;941.0;902.0;136.0;752.0;1024.0;886.0;1159.0;758.0;1037.0;1112.0;762.0;1115.0;671.0;802.0;1595.0;1059.0;598.0;1070.0;1553.0;726.0;10.0;1168.0;1114.0;1083.0;136.0;9169.0;902.0;2168.0;718.0;1152.0;926.0;762.0;1347.0;698.0;1332.0;957.0;1075.0;752.0;846.0;799.0;1130.0;624.0;960.0;615.0;1977.0;891.0;793.0;1537.0;902.0;802.0;835.0;802.0;2925.0;902.0;729.0;3047.0;716.0;2958.0;9169.0;787.0;1165.0;9169.0;771.0;828.0;752.0;926.0;3819.0;902.0;1313.0;752.0;1310.0;726.0;717.0;1165.0;814.0;1589.0;3724.0;4800.0;9169.0;3172.0;1234.0;977.0;746.0;716.0;1035.0;1285.0;846.0;762.0;725.0;949.0;618.0;729.0;3947.0;798.0;136.0;1940.0;1035.0;1923.0;2797.0;1024.0;1013.0;1168.0;718.0;1979.0;1016.0;992.0;797.0;4269.0;3587.0;1228.0;1067.0;752.0;8800.0
123;4864.0;4619.0;4165.0;4314.0;3954.0;4001.0;3929.0;4966.0;4155.0;4291.0;4816.0;3951.0;12160.0;5640.0;5975.0;12338.0;4816.0;4993.0;3535.0;1299.0;4400.0;4022.0;0.0;5618.0;5234.0;3918.0;4485.0;4249.0;3912.0;4296.0;3570.0;4549.0;4765.0;4111.0;4822.0;5151.0;4447.0;4155.0;4336.0;3646.0;3926.0;3929.0;5085.0;4215.0;2969.0;6377.0;3535.0;4816.0;4602.0;4236.0;4309.0;5052.0;4806.0;1411.0;4997.0;3883.0;3570.0;4013.0;4653.0;5031.0;4148.0;3909.0;5333.0;94.0;4692.0;4806.0;5094.0;4966.0;4293.0;13030.0;5130.0;4602.0;1411.0;5251.0;3330.0;4816.0;4220.0;3929.0;5093.0;12160.0;3883.0;4678.0;4816.0;3330.0;3762.0;4338.0;5151.0;4291.0;4215.0;4874.0;833.0;3330.0;5684.0;12160.0;4872.0;4022.0;5177.0;4937.0;4549.0;816.0;4155.0;5010.0;4816.0;4327.0;4917.0;4490.0;4619.0;4395.0;4022.0;4772.0;4672.0;4868.0;5550.0;3330.0;4783.0;4203.0;4816.0;5204.0;3646.0;4236.0;4867.0;4783.0;4507.0;12160.0;5453.0;3883.0;3570.0;5052.0;4305.0;4718.0;4177.0;4336.0;10.0;1920.0;4022.0;4373.0;3646.0;4915.0;4608.0;3646.0;12394.0;5020.0;5031.0;4400.0;5416.0;5220.0;3646.0;4835.0;4929.0;5161.0;4903.0;12444.0;3999.0;3646.0;4336.0;5159.0;5706.0;4021.0;4966.0;4447.0;5121.0;3802.0;3646.0;3570.0;4155.0;5005.0;3954.0;3858.0;5641.0;3249.0;4712.0;4390.0;3655.0;4395.0;3330.0;4823.0;3646.0;7544.0;5295.0;4885.0;3909.0;3909.0;3934.0;5166.0;5297.0;12160.0;4568.0;12160.0;3909.0;4816.0;4155.0;4446.0;4991.0;4823.0;4944.0;4296.0;3330.0;4717.0;3646.0;4344.0;4079.0;4666.0;4678.0;5052.0;4393.0;4976.0;4286.0;3570.0;4022.0;5166.0;5062.0;5094.0;4155.0;12160.0;4816.0;4872.0;4439.0;5172.0;4336.0;3646.0;3264.0;4395.0;5224.0;4917.0;4742.0;3883.0;4743.0;4724.0;5151.0;4110.0;4200.0;4092.0;5609.0;4687.0;4566.0;5485.0;4816.0;4666.0;4088.0;4619.0;5401.0;4816.0;4462.0;5487.0;4291.0;5423.0;12160.0;3924.0;5173.0;12160.0;4213.0;4419.0;3883.0;4336.0;639.0;4816.0;3289.0;3883.0;5192.0;3570.0;4373.0;5173.0;4036.0;4640.0;7544.0;1937.0;12160.0;5618.0;4519.0;4915.0;4549.0;4291.0;5012.0;4826.0;4743.0;3646.0;4258.0;4816.0;3929.0;4462.0;91.0;4591.0;4155.0;5104.0;5012.0;4811.0;3858.0;4991.0;3989.0;4961.0;3536.0;4953.0;4925.0;4937.0;4236.0;5049.0;4512.0;5220.0;5056.0;3883.0;6300.0
124;2641.0;2532.0;1809.0;2423.0;2359.0;2305.0;2625.0;2665.0;3117.0;2460.0;2637.0;2232.0;6546.0;83.0;2191.0;6733.0;2637.0;908.0;2893.0;6030.0;2449.0;3172.0;5618.0;0.0;3480.0;2248.0;1463.0;2987.0;2389.0;2417.0;3814.0;2547.0;1010.0;2387.0;2659.0;3182.0;1482.0;3117.0;4026.0;3887.0;2397.0;2625.0;2895.0;2438.0;3021.0;935.0;2893.0;2637.0;1810.0;2375.0;2213.0;2428.0;1840.0;6066.0;2836.0;2533.0;3814.0;2149.0;2407.0;3950.0;2249.0;2359.0;339.0;5683.0;2197.0;1840.0;2971.0;2665.0;2917.0;10444.0;593.0;1810.0;6066.0;2381.0;2795.0;2637.0;2705.0;2625.0;2698.0;6546.0;2533.0;2549.0;2637.0;2795.0;2629.0;2872.0;3182.0;2460.0;2438.0;2568.0;5976.0;2795.0;145.0;6546.0;1011.0;3172.0;3262.0;2687.0;2547.0;5799.0;3117.0;2607.0;2637.0;2264.0;2736.0;2595.0;2302.0;2295.0;3172.0;2634.0;2419.0;3965.0;81.0;2795.0;1282.0;2349.0;2637.0;2802.0;3887.0;2375.0;1752.0;2603.0;2425.0;6546.0;3935.0;2533.0;3814.0;2850.0;2530.0;2149.0;2632.0;4026.0;5618.0;5263.0;3172.0;2478.0;3887.0;2672.0;2566.0;3887.0;6786.0;2798.0;3950.0;2449.0;3930.0;3451.0;3887.0;903.0;992.0;2695.0;2636.0;9981.0;2479.0;3887.0;4026.0;1369.0;1880.0;2368.0;2665.0;1482.0;2943.0;2477.0;3887.0;3814.0;3117.0;1230.0;2359.0;2531.0;1146.0;2637.0;2195.0;2335.0;3523.0;2508.0;2795.0;2689.0;3887.0;5453.0;3906.0;2696.0;2359.0;2359.0;2361.0;3402.0;387.0;6546.0;1780.0;6546.0;2359.0;2637.0;3117.0;2466.0;2750.0;2689.0;2334.0;2417.0;2795.0;2166.0;3887.0;2059.0;2519.0;2587.0;1579.0;2850.0;2631.0;2578.0;1696.0;3814.0;3172.0;3402.0;2679.0;2951.0;3117.0;6546.0;2637.0;1011.0;2505.0;3222.0;4026.0;3887.0;2633.0;2508.0;2497.0;2736.0;2239.0;2533.0;2621.0;2689.0;3182.0;2556.0;2225.0;2568.0;1877.0;2464.0;2493.0;2669.0;2637.0;2587.0;2367.0;2532.0;255.0;2637.0;2504.0;139.0;2460.0;223.0;6546.0;2480.0;2937.0;6546.0;2402.0;2366.0;2533.0;4026.0;5770.0;2637.0;2628.0;2533.0;2476.0;3814.0;2478.0;2937.0;2404.0;1583.0;5453.0;5211.0;6546.0;10.0;1943.0;2672.0;2547.0;2460.0;2783.0;2011.0;2621.0;3887.0;2448.0;2535.0;2625.0;2504.0;5527.0;2509.0;3117.0;1320.0;2783.0;1249.0;1877.0;2750.0;2257.0;2343.0;2864.0;1206.0;2595.0;2687.0;2375.0;2044.0;1771.0;3451.0;2831.0;2533.0;11500.0
125;888.0;1112.0;4088.0;1432.0;1844.0;1845.0;1637.0;834.0;1130.0;1419.0;911.0;1980.0;8725.0;3562.0;1697.0;8986.0;911.0;2664.0;1894.0;4833.0;1338.0;1248.0;5234.0;3480.0;0.0;2002.0;2354.0;1090.0;1861.0;1453.0;1705.0;1144.0;2729.0;1651.0;889.0;300.0;2369.0;1130.0;1132.0;1658.0;1837.0;1637.0;588.0;1506.0;2539.0;3380.0;1894.0;911.0;1839.0;1544.0;1634.0;1054.0;1703.0;4801.0;662.0;1762.0;1705.0;2000.0;1207.0;566.0;1748.0;1895.0;3203.0;5245.0;1389.0;1703.0;513.0;834.0;1084.0;8042.0;2997.0;1839.0;4801.0;5417.0;2224.0;911.0;1288.0;1637.0;783.0;8725.0;1762.0;1061.0;911.0;2224.0;1820.0;1069.0;300.0;1419.0;1506.0;954.0;5075.0;2224.0;3626.0;8725.0;2616.0;1248.0;219.0;821.0;1144.0;4898.0;1130.0;882.0;911.0;1569.0;780.0;1144.0;1325.0;1485.0;1248.0;934.0;1184.0;680.0;3492.0;2224.0;2332.0;1598.0;911.0;683.0;1658.0;1544.0;1773.0;958.0;1281.0;8725.0;466.0;1762.0;1705.0;637.0;1348.0;1425.0;1382.0;1132.0;5234.0;6071.0;1248.0;1335.0;1658.0;842.0;1088.0;1658.0;9019.0;693.0;566.0;1338.0;454.0;30.0;1658.0;2823.0;2597.0;786.0;880.0;7490.0;1683.0;1658.0;1132.0;2113.0;1784.0;1761.0;834.0;2369.0;538.0;1905.0;1658.0;1705.0;1130.0;2284.0;1844.0;1791.0;2435.0;2516.0;1381.0;1451.0;1580.0;1291.0;2224.0;860.0;1658.0;2509.0;428.0;829.0;1895.0;1895.0;1864.0;94.0;3161.0;8725.0;1894.0;8725.0;1895.0;911.0;1130.0;1288.0;746.0;860.0;1164.0;1453.0;2224.0;1408.0;1658.0;1762.0;1567.0;1034.0;2048.0;637.0;1191.0;916.0;2254.0;1705.0;1248.0;94.0;804.0;532.0;1130.0;8725.0;911.0;2616.0;1259.0;258.0;1132.0;1658.0;2496.0;1291.0;992.0;780.0;1324.0;1762.0;961.0;911.0;300.0;1506.0;1721.0;1514.0;1731.0;1134.0;1179.0;915.0;911.0;1034.0;1693.0;1112.0;3274.0;911.0;1243.0;3387.0;1419.0;3305.0;8725.0;1764.0;544.0;8725.0;1540.0;1399.0;1762.0;1132.0;4981.0;911.0;2460.0;1762.0;1009.0;1705.0;1335.0;544.0;1712.0;2069.0;2509.0;6039.0;8725.0;3480.0;1751.0;842.0;1144.0;1419.0;709.0;1520.0;961.0;1658.0;1458.0;1007.0;1637.0;1243.0;5163.0;1149.0;1130.0;2168.0;709.0;2354.0;3718.0;746.0;1909.0;1151.0;1912.0;2330.0;912.0;821.0;1544.0;5022.0;4395.0;30.0;655.0;1762.0;9600.0
126;1214.0;936.0;2160.0;580.0;168.0;157.0;456.0;1313.0;1084.0;586.0;1171.0;34.0;8573.0;2310.0;2078.0;8789.0;1171.0;1365.0;645.0;4002.0;682.0;1074.0;3918.0;2248.0;2002.0;0.0;787.0;1015.0;173.0;558.0;1598.0;884.0;1241.0;351.0;1188.0;1756.0;766.0;1084.0;2001.0;1684.0;192.0;456.0;1536.0;497.0;960.0;2699.0;645.0;1171.0;689.0;467.0;442.0;1277.0;889.0;4017.0;1434.0;326.0;1598.0;107.0;896.0;2226.0;280.0;134.0;1909.0;3959.0;840.0;889.0;1587.0;1313.0;979.0;9971.0;1655.0;689.0;4017.0;3585.0;625.0;1171.0;737.0;456.0;1437.0;8573.0;326.0;1000.0;1171.0;625.0;390.0;969.0;1756.0;586.0;497.0;1183.0;4057.0;625.0;2374.0;8573.0;1248.0;1074.0;1823.0;1301.0;884.0;3871.0;1084.0;1321.0;1171.0;489.0;1312.0;866.0;811.0;578.0;1074.0;1132.0;921.0;2161.0;2215.0;625.0;1025.0;413.0;1171.0;1580.0;1684.0;467.0;950.0;1123.0;768.0;8573.0;2434.0;326.0;1598.0;1485.0;655.0;850.0;638.0;2001.0;3918.0;4288.0;1074.0;676.0;1684.0;1274.0;948.0;1684.0;8836.0;1430.0;2226.0;682.0;2410.0;1974.0;1684.0;1351.0;1281.0;1493.0;1244.0;9434.0;342.0;1684.0;2001.0;1286.0;1791.0;243.0;1313.0;766.0;1591.0;231.0;1684.0;1598.0;1084.0;1197.0;168.0;312.0;1800.0;685.0;859.0;596.0;1317.0;719.0;625.0;1207.0;1684.0;4486.0;2328.0;1262.0;134.0;134.0;154.0;1908.0;1861.0;8573.0;662.0;8573.0;134.0;1171.0;1084.0;736.0;1380.0;1207.0;1140.0;558.0;625.0;854.0;1684.0;430.0;450.0;1012.0;812.0;1485.0;811.0;1278.0;552.0;1598.0;1074.0;1908.0;1401.0;1575.0;1084.0;8573.0;1171.0;1248.0;757.0;1796.0;2001.0;1684.0;668.0;719.0;1461.0;1312.0;906.0;326.0;1100.0;1126.0;1756.0;511.0;326.0;509.0;1695.0;959.0;865.0;1755.0;1171.0;1012.0;309.0;936.0;1993.0;1171.0;777.0;2114.0;586.0;2025.0;8573.0;287.0;1628.0;8573.0;466.0;645.0;326.0;2001.0;3886.0;1171.0;638.0;326.0;1424.0;1598.0;676.0;1628.0;295.0;782.0;4486.0;4248.0;8573.0;2248.0;602.0;1274.0;884.0;586.0;1416.0;927.0;1100.0;1684.0;546.0;1114.0;456.0;777.0;3832.0;897.0;1084.0;1249.0;1416.0;1059.0;1752.0;1380.0;97.0;1159.0;616.0;1170.0;1241.0;1301.0;467.0;3195.0;2517.0;1974.0;1478.0;326.0;9400.0
127;1467.0;1260.0;1778.0;1038.0;897.0;845.0;1172.0;1533.0;1718.0;1071.0;1443.0;769.0;7835.0;1526.0;1787.0;8044.0;1443.0;583.0;1432.0;4706.0;1094.0;1751.0;4485.0;1463.0;2354.0;787.0;0.0;1605.0;927.0;1026.0;2359.0;1248.0;464.0;947.0;1465.0;2064.0;39.0;1718.0;2651.0;2437.0;936.0;1172.0;1787.0;1026.0;1641.0;1956.0;1432.0;1443.0;518.0;964.0;810.0;1369.0;703.0;4730.0;1699.0;1073.0;2359.0;686.0;1152.0;2717.0;806.0;897.0;1124.0;4536.0;966.0;703.0;1857.0;1533.0;1545.0;10042.0;870.0;518.0;4730.0;3063.0;1365.0;1443.0;1309.0;1172.0;1620.0;7835.0;1073.0;1302.0;1443.0;1365.0;1166.0;1510.0;2064.0;1071.0;1026.0;1405.0;4716.0;1365.0;1591.0;7835.0;463.0;1751.0;2143.0;1540.0;1248.0;4533.0;1718.0;1502.0;1443.0;872.0;1577.0;1276.0;1033.0;929.0;1751.0;1422.0;1173.0;2692.0;1433.0;1365.0;299.0;927.0;1443.0;1759.0;2437.0;964.0;676.0;1397.0;1109.0;7835.0;2818.0;1073.0;2359.0;1734.0;1148.0;933.0;1223.0;2651.0;4485.0;4563.0;1751.0;1115.0;2437.0;1517.0;1290.0;2437.0;8092.0;1675.0;2717.0;1094.0;2803.0;2324.0;2437.0;576.0;500.0;1650.0;1479.0;9529.0;1027.0;2437.0;2651.0;725.0;1434.0;913.0;1533.0;39.0;1844.0;1015.0;2437.0;2359.0;1718.0;526.0;897.0;1070.0;1161.0;1280.0;975.0;970.0;2070.0;1154.0;1365.0;1494.0;2437.0;4689.0;2747.0;1526.0;897.0;897.0;898.0;2263.0;1076.0;7835.0;461.0;7835.0;897.0;1443.0;1718.0;1128.0;1620.0;1494.0;1230.0;1026.0;1365.0;950.0;2437.0;652.0;1082.0;1334.0;350.0;1734.0;1280.0;1461.0;237.0;2359.0;1751.0;2263.0;1589.0;1840.0;1718.0;7835.0;1443.0;463.0;1166.0;2107.0;2651.0;2437.0;1270.0;1154.0;1518.0;1577.0;1033.0;1073.0;1398.0;1454.0;2064.0;1127.0;792.0;1137.0;1357.0;1223.0;1201.0;1790.0;1443.0;1334.0;922.0;1260.0;1209.0;1443.0;1173.0;1330.0;1071.0;1241.0;7835.0;1020.0;1860.0;7835.0;987.0;1014.0;1073.0;2651.0;4530.0;1443.0;1255.0;1073.0;1484.0;2359.0;1115.0;1860.0;953.0;314.0;4689.0;4518.0;7835.0;1463.0;607.0;1517.0;1248.0;1071.0;1659.0;871.0;1398.0;2437.0;1048.0;1348.0;1172.0;1173.0;4395.0;1227.0;1718.0;653.0;1659.0;326.0;1482.0;1620.0;794.0;1247.0;1403.0;470.0;1452.0;1540.0;964.0;2668.0;2051.0;2324.0;1719.0;1073.0;10100.0
128;676.0;543.0;3174.0;571.0;846.0;868.0;583.0;762.0;149.0;536.0;634.0;1003.0;8913.0;3061.0;1937.0;9152.0;634.0;2085.0;804.0;4013.0;538.0;268.0;4249.0;2987.0;1090.0;1015.0;1605.0;0.0;849.0;581.0;988.0;493.0;2056.0;694.0;630.0;925.0;1604.0;149.0;1047.0;1015.0;827.0;583.0;837.0;583.0;1451.0;3183.0;804.0;634.0;1178.0;643.0;796.0;935.0;1182.0;3999.0;755.0;719.0;988.0;1050.0;654.0;1217.0;828.0;888.0;2663.0;4269.0;839.0;1182.0;845.0;762.0;77.0;9132.0;2420.0;1178.0;3999.0;4586.0;1134.0;634.0;298.0;583.0;876.0;8913.0;719.0;569.0;634.0;1134.0;749.0;134.0;925.0;536.0;583.0;714.0;4188.0;1134.0;3127.0;8913.0;1996.0;268.0;967.0;728.0;493.0;4004.0;149.0;823.0;634.0;736.0;695.0;427.0;723.0;694.0;268.0;597.0;655.0;1146.0;2975.0;1134.0;1711.0;686.0;634.0;967.0;1015.0;643.0;1277.0;620.0;580.0;8913.0;1471.0;719.0;988.0;808.0;461.0;890.0;392.0;1047.0;4249.0;4986.0;268.0;509.0;1015.0;711.0;512.0;1015.0;9192.0;783.0;1217.0;538.0;1443.0;1066.0;1015.0;2165.0;2003.0;944.0;712.0;8579.0;673.0;1015.0;1047.0;1709.0;1806.0;778.0;762.0;1604.0;872.0;862.0;1015.0;988.0;149.0;1770.0;846.0;745.0;2188.0;1436.0;849.0;653.0;729.0;480.0;1134.0;620.0;1015.0;3596.0;1348.0;675.0;888.0;888.0;862.0;1002.0;2616.0;8913.0;1210.0;8913.0;888.0;634.0;149.0;527.0;764.0;620.0;895.0;581.0;1134.0;874.0;1015.0;954.0;569.0;537.0;1409.0;808.0;363.0;802.0;1428.0;988.0;268.0;1002.0;851.0;845.0;149.0;8913.0;634.0;1996.0;490.0;953.0;1047.0;1015.0;1416.0;480.0;1065.0;695.0;828.0;719.0;578.0;531.0;925.0;510.0;826.0;509.0;1715.0;632.0;544.0;1276.0;634.0;537.0;730.0;543.0;2745.0;634.0;496.0;2867.0;536.0;2778.0;8913.0;738.0;925.0;8913.0;623.0;621.0;719.0;1047.0;4064.0;634.0;1380.0;719.0;1042.0;988.0;509.0;925.0;726.0;1408.0;3596.0;4953.0;8913.0;2987.0;1046.0;711.0;493.0;536.0;777.0;1048.0;578.0;1015.0;558.0;682.0;583.0;496.0;4172.0;543.0;149.0;1724.0;777.0;1742.0;2766.0;764.0;936.0;903.0;822.0;1784.0;749.0;728.0;643.0;4193.0;3524.0;1066.0;815.0;719.0;9100.0
129;1108.0;828.0;2330.0;469.0;43.0;98.0;284.0;1210.0;914.0;466.0;1063.0;172.0;8665.0;2453.0;2064.0;8885.0;1063.0;1496.0;518.0;3941.0;572.0;902.0;3912.0;2389.0;1861.0;173.0;927.0;849.0;0.0;447.0;1438.0;770.0;1388.0;230.0;1078.0;1625.0;910.0;914.0;1828.0;1521.0;24.0;284.0;1420.0;373.0;943.0;2801.0;518.0;1063.0;740.0;362.0;397.0;1205.0;910.0;3952.0;1318.0;155.0;1438.0;246.0;808.0;2064.0;236.0;40.0;2051.0;3950.0;791.0;910.0;1466.0;1210.0;818.0;9855.0;1797.0;740.0;3952.0;3757.0;585.0;1063.0;581.0;284.0;1338.0;8665.0;155.0;893.0;1063.0;585.0;241.0;812.0;1625.0;466.0;373.0;1085.0;4016.0;585.0;2518.0;8665.0;1383.0;902.0;1690.0;1194.0;770.0;3830.0;914.0;1227.0;1063.0;423.0;1200.0;741.0;740.0;503.0;902.0;1022.0;832.0;1995.0;2360.0;585.0;1142.0;314.0;1063.0;1478.0;1521.0;362.0;984.0;1016.0;669.0;8665.0;2285.0;155.0;1438.0;1371.0;524.0;811.0;483.0;1828.0;3912.0;4360.0;902.0;559.0;1521.0;1168.0;835.0;1521.0;8930.0;1319.0;2064.0;572.0;2260.0;1833.0;1521.0;1499.0;1410.0;1397.0;1141.0;9315.0;180.0;1521.0;1828.0;1355.0;1798.0;117.0;1210.0;910.0;1474.0;115.0;1521.0;1438.0;914.0;1295.0;43.0;145.0;1875.0;732.0;811.0;511.0;1154.0;599.0;585.0;1095.0;1521.0;4356.0;2175.0;1152.0;40.0;40.0;30.0;1767.0;2003.0;8665.0;726.0;8665.0;40.0;1063.0;914.0;626.0;1271.0;1095.0;1075.0;447.0;585.0;812.0;1521.0;449.0;295.0;900.0;900.0;1371.0;675.0;1184.0;700.0;1438.0;902.0;1767.0;1303.0;1456.0;914.0;8665.0;1063.0;1383.0;641.0;1664.0;1828.0;1521.0;712.0;599.0;1388.0;1200.0;850.0;155.0;989.0;1007.0;1625.0;356.0;288.0;351.0;1700.0;864.0;759.0;1678.0;1063.0;900.0;194.0;828.0;2135.0;1063.0;663.0;2257.0;466.0;2168.0;8665.0;115.0;1514.0;8665.0;351.0;554.0;155.0;1828.0;3853.0;1063.0;678.0;155.0;1351.0;1438.0;559.0;1514.0;156.0;875.0;4356.0;4321.0;8665.0;2389.0;629.0;1168.0;770.0;466.0;1305.0;913.0;989.0;1521.0;425.0;1017.0;284.0;663.0;3828.0;791.0;914.0;1328.0;1305.0;1176.0;1918.0;1271.0;133.0;1094.0;494.0;1276.0;1144.0;1194.0;362.0;3368.0;2688.0;1833.0;1365.0;155.0;9300.0
130;662.0;382.0;2656.0;22.0;418.0;404.0;373.0;763.0;702.0;45.0;617.0;533.0;8482.0;2489.0;1690.0;8712.0;617.0;1511.0;776.0;4234.0;125.0;758.0;4296.0;2417.0;1453.0;558.0;1026.0;581.0;447.0;0.0;1444.0;326.0;1475.0;218.0;633.0;1199.0;1026.0;702.0;1627.0;1500.0;425.0;373.0;979.0;82.0;1343.0;2677.0;776.0;617.0;612.0;92.0;216.0;770.0;670.0;4235.0;876.0;419.0;1444.0;547.0;367.0;1726.0;295.0;473.0;2089.0;4329.0;410.0;670.0;1028.0;763.0;519.0;9415.0;1843.0;612.0;4235.0;4037.0;979.0;617.0;289.0;373.0;891.0;8482.0;419.0;446.0;617.0;979.0;535.0;485.0;1199.0;45.0;82.0;638.0;4346.0;979.0;2555.0;8482.0;1419.0;758.0;1268.0;748.0;326.0;4160.0;702.0;780.0;617.0;155.0;756.0;309.0;324.0;136.0;758.0;576.0;390.0;1683.0;2401.0;979.0;1136.0;147.0;617.0;1031.0;1500.0;92.0;763.0;570.0;224.0;8482.0;1895.0;419.0;1444.0;928.0;123.0;448.0;221.0;1627.0;4296.0;4804.0;758.0;118.0;1500.0;721.0;391.0;1500.0;8755.0;874.0;1726.0;125.0;1874.0;1424.0;1500.0;1585.0;1428.0;950.0;694.0;8876.0;305.0;1500.0;1627.0;1191.0;1467.0;332.0;763.0;1026.0;1033.0;531.0;1500.0;1444.0;702.0;1215.0;418.0;447.0;1698.0;1175.0;429.0;107.0;1154.0;162.0;979.0;651.0;1500.0;3928.0;1799.0;707.0;473.0;473.0;441.0;1358.0;2041.0;8482.0;637.0;8482.0;473.0;617.0;702.0;180.0;825.0;651.0;651.0;10.0;979.0;441.0;1500.0;374.0;218.0;455.0;838.0;928.0;272.0;738.0;860.0;1444.0;758.0;1358.0;855.0;1017.0;702.0;8482.0;617.0;1419.0;198.0;1239.0;1627.0;1500.0;1155.0;162.0;951.0;756.0;449.0;419.0;544.0;567.0;1199.0;201.0;272.0;219.0;1369.0;419.0;312.0;1237.0;617.0;455.0;256.0;382.0;2172.0;617.0;219.0;2294.0;45.0;2205.0;8482.0;389.0;1071.0;8482.0;96.0;123.0;419.0;1627.0;4197.0;617.0;1120.0;419.0;916.0;1444.0;118.0;1071.0;293.0;834.0;3928.0;4767.0;8482.0;2417.0;476.0;721.0;326.0;45.0;860.0;592.0;544.0;1500.0;42.0;570.0;373.0;219.0;4214.0;344.0;702.0;1191.0;860.0;1169.0;2271.0;825.0;462.0;668.0;769.0;1222.0;697.0;748.0;92.0;3643.0;2987.0;1424.0;921.0;419.0;9500.0
131;1649.0;1527.0;3603.0;1445.0;1464.0;1514.0;1189.0;1723.0;841.0;1406.0;1611.0;1607.0;9894.0;3881.0;2917.0;10131.0;1611.0;2909.0;993.0;3134.0;1460.0;726.0;3570.0;3814.0;1705.0;1598.0;2359.0;988.0;1438.0;1444.0;0.0;1471.0;2823.0;1430.0;1604.0;1693.0;2345.0;841.0;801.0;113.0;1427.0;1189.0;1729.0;1401.0;1361.0;4121.0;993.0;1611.0;2045.0;1462.0;1622.0;1918.0;2110.0;3107.0;1672.0;1287.0;10.0;1684.0;1630.0;1463.0;1566.0;1473.0;3477.0;3573.0;1796.0;2110.0;1708.0;1723.0;1063.0;9518.0;3224.0;2045.0;3107.0;5073.0;1262.0;1611.0;1180.0;1189.0;1821.0;9894.0;1287.0;1556.0;1611.0;1262.0;1208.0;1121.0;1693.0;1406.0;1401.0;1696.0;3371.0;1262.0;3946.0;9894.0;2803.0;726.0;1696.0;1687.0;1471.0;3195.0;841.0;1791.0;1611.0;1582.0;1646.0;1402.0;1681.0;1579.0;726.0;1578.0;1635.0;1303.0;3789.0;1262.0;2540.0;1478.0;1611.0;1880.0;113.0;1462.0;2204.0;1603.0;1532.0;9894.0;1884.0;1287.0;10.0;1716.0;1355.0;1844.0;1224.0;801.0;3570.0;4634.0;726.0;1425.0;113.0;1676.0;1497.0;113.0;10172.0;1709.0;1463.0;1460.0;1846.0;1695.0;113.0;2934.0;2824.0;1886.0;1683.0;8943.0;1335.0;113.0;801.0;2634.0;2794.0;1447.0;1723.0;2345.0;1745.0;1368.0;113.0;10.0;841.0;2650.0;1464.0;1294.0;3136.0;1595.0;1809.0;1545.0;292.0;1412.0;1262.0;1589.0;113.0;3991.0;1725.0;1637.0;1473.0;1473.0;1466.0;1651.0;3429.0;9894.0;2060.0;9894.0;1473.0;1611.0;841.0;1469.0;1705.0;1589.0;1883.0;1444.0;1262.0;1831.0;113.0;1766.0;1301.0;1524.0;2259.0;1716.0;1321.0;1776.0;2137.0;10.0;726.0;1651.0;1802.0;1715.0;841.0;9894.0;1611.0;2803.0;1437.0;1702.0;801.0;113.0;1581.0;1412.0;2035.0;1646.0;1798.0;1287.0;1562.0;1509.0;1693.0;1273.0;1592.0;1258.0;2702.0;1616.0;1518.0;2210.0;1611.0;1524.0;1447.0;1527.0;3562.0;1611.0;1450.0;3684.0;1406.0;3594.0;9894.0;1339.0;1798.0;9894.0;1433.0;1532.0;1287.0;801.0;3281.0;1611.0;1556.0;1287.0;2016.0;10.0;1425.0;1798.0;1409.0;2247.0;3991.0;4610.0;9894.0;3814.0;1910.0;1676.0;1471.0;1406.0;1708.0;2002.0;1562.0;113.0;1406.0;1668.0;1189.0;1450.0;3504.0;1523.0;841.0;2635.0;1708.0;2575.0;3156.0;1705.0;1569.0;1891.0;1027.0;2648.0;1724.0;1687.0;1462.0;4696.0;3997.0;1695.0;1729.0;1287.0;8100.0
132;341.0;70.0;2947.0;304.0;743.0;730.0;633.0;445.0;641.0;304.0;294.0;858.0;8423.0;2624.0;1494.0;8661.0;294.0;1659.0;1014.0;4415.0;202.0;746.0;4549.0;2547.0;1144.0;884.0;1248.0;493.0;770.0;326.0;1471.0;0.0;1667.0;542.0;309.0;879.0;1257.0;641.0;1486.0;1505.0;747.0;633.0;653.0;397.0;1625.0;2695.0;1014.0;294.0;759.0;417.0;491.0;507.0;712.0;4409.0;550.0;718.0;1471.0;866.0;161.0;1468.0;614.0;797.0;2233.0;4577.0;357.0;712.0;703.0;445.0;416.0;9089.0;1999.0;759.0;4409.0;4300.0;1266.0;294.0;339.0;633.0;575.0;8423.0;718.0;131.0;294.0;1266.0;818.0;360.0;879.0;304.0;397.0;330.0;4556.0;1266.0;2690.0;8423.0;1584.0;746.0;951.0;426.0;10.0;4371.0;641.0;472.0;294.0;426.0;431.0;70.0;245.0;341.0;746.0;252.0;163.0;1449.0;2541.0;1266.0;1293.0;471.0;294.0;711.0;1505.0;417.0;805.0;250.0;141.0;8423.0;1596.0;718.0;1471.0;602.0;257.0;408.0;372.0;1486.0;4549.0;5117.0;746.0;210.0;1505.0;400.0;66.0;1505.0;8702.0;549.0;1468.0;202.0;1577.0;1114.0;1505.0;1772.0;1581.0;638.0;376.0;8550.0;612.0;1505.0;1486.0;1231.0;1329.0;657.0;445.0;1257.0;707.0;845.0;1505.0;1471.0;641.0;1318.0;743.0;747.0;1699.0;1489.0;364.0;307.0;1199.0;172.0;1266.0;325.0;1505.0;3604.0;1510.0;383.0;797.0;797.0;765.0;1049.0;2187.0;8423.0;805.0;8423.0;797.0;294.0;641.0;148.0;501.0;325.0;427.0;326.0;1266.0;391.0;1505.0;623.0;503.0;131.0;990.0;602.0;165.0;434.0;1120.0;1471.0;746.0;1049.0;540.0;691.0;641.0;8423.0;294.0;1584.0;129.0;920.0;1486.0;1505.0;1469.0;172.0;675.0;431.0;337.0;718.0;219.0;242.0;879.0;456.0;581.0;472.0;1235.0;151.0;54.0;944.0;294.0;131.0;581.0;70.0;2312.0;294.0;107.0;2433.0;304.0;2345.0;8423.0;698.0;745.0;8423.0;421.0;255.0;718.0;1486.0;4417.0;294.0;1434.0;718.0;643.0;1471.0;210.0;745.0;614.0;999.0;3604.0;5080.0;8423.0;2547.0;645.0;400.0;10.0;304.0;535.0;562.0;219.0;1505.0;345.0;268.0;633.0;107.0;4468.0;52.0;641.0;1254.0;535.0;1322.0;2575.0;501.0;787.0;439.0;1015.0;1342.0;386.0;426.0;417.0;3905.0;3264.0;1114.0;596.0;718.0;9600.0
133;1843.0;1669.0;1571.0;1486.0;1360.0;1309.0;1637.0;1895.0;2174.0;1520.0;1827.0;1226.0;7464.0;1069.0;1882.0;7665.0;1827.0;249.0;1886.0;5075.0;1532.0;2212.0;4765.0;1010.0;2729.0;1241.0;464.0;2056.0;1388.0;1475.0;2823.0;1667.0;0.0;1410.0;1849.0;2431.0;478.0;2174.0;3103.0;2901.0;1398.0;1637.0;2146.0;1482.0;2031.0;1613.0;1886.0;1827.0;909.0;1419.0;1261.0;1697.0;1027.0;5105.0;2067.0;1536.0;2823.0;1145.0;1552.0;3129.0;1269.0;1357.0;671.0;4823.0;1351.0;1027.0;2220.0;1895.0;1992.0;10228.0;419.0;909.0;5105.0;2717.0;1789.0;1827.0;1762.0;1637.0;1964.0;7464.0;1536.0;1703.0;1827.0;1789.0;1626.0;1954.0;2431.0;1520.0;1482.0;1775.0;5054.0;1789.0;1133.0;7464.0;166.0;2212.0;2512.0;1908.0;1667.0;4873.0;2174.0;1853.0;1827.0;1320.0;1950.0;1703.0;1436.0;1368.0;2212.0;1812.0;1570.0;3116.0;974.0;1789.0;399.0;1386.0;1827.0;2094.0;2901.0;1419.0;965.0;1784.0;1532.0;7464.0;3194.0;1536.0;2823.0;2095.0;1596.0;1310.0;1679.0;3103.0;4765.0;4669.0;2212.0;1556.0;2901.0;1887.0;1701.0;2901.0;7715.0;2037.0;3129.0;1532.0;3182.0;2698.0;2901.0;112.0;224.0;1982.0;1849.0;9730.0;1492.0;2901.0;3103.0;780.0;1518.0;1378.0;1895.0;478.0;2201.0;1472.0;2901.0;2823.0;2174.0;531.0;1360.0;1532.0;1017.0;1653.0;1355.0;1410.0;2535.0;1592.0;1789.0;1879.0;2901.0;4967.0;3136.0;1903.0;1357.0;1357.0;1360.0;2641.0;624.0;7464.0;863.0;7464.0;1357.0;1827.0;2174.0;1560.0;1983.0;1879.0;1571.0;1475.0;1789.0;1327.0;2901.0;1103.0;1545.0;1737.0;684.0;2095.0;1719.0;1816.0;690.0;2823.0;2212.0;2641.0;1937.0;2201.0;2174.0;7464.0;1827.0;166.0;1599.0;2474.0;3103.0;2901.0;1647.0;1592.0;1820.0;1950.0;1410.0;1536.0;1791.0;1854.0;2431.0;1588.0;1253.0;1598.0;1463.0;1620.0;1617.0;2064.0;1827.0;1737.0;1386.0;1669.0;755.0;1827.0;1603.0;874.0;1520.0;786.0;7464.0;1484.0;2209.0;7464.0;1444.0;1450.0;1536.0;3103.0;4858.0;1827.0;1638.0;1536.0;1790.0;2823.0;1556.0;2209.0;1418.0;670.0;4967.0;4621.0;7464.0;1010.0;1025.0;1887.0;1667.0;1520.0;2021.0;1209.0;1791.0;2901.0;1500.0;1726.0;1637.0;1603.0;4674.0;1640.0;2174.0;695.0;2021.0;382.0;1383.0;1983.0;1256.0;1585.0;1856.0;461.0;1817.0;1908.0;1419.0;2325.0;1769.0;2698.0;2078.0;1536.0;10500.0
134;879.0;599.0;2488.0;239.0;201.0;193.0;253.0;981.0;786.0;239.0;834.0;329.0;8563.0;2455.0;1864.0;8788.0;834.0;1480.0;630.0;4093.0;343.0;806.0;4111.0;2387.0;1651.0;351.0;947.0;694.0;230.0;218.0;1430.0;542.0;1410.0;0.0;850.0;1407.0;939.0;786.0;1719.0;1500.0;208.0;253.0;1194.0;147.0;1147.0;2723.0;630.0;834.0;633.0;133.0;220.0;979.0;759.0;4098.0;1092.0;232.0;1430.0;361.0;579.0;1889.0;142.0;255.0;2052.0;4146.0;581.0;759.0;1242.0;981.0;648.0;9630.0;1801.0;633.0;4098.0;3892.0;783.0;834.0;401.0;253.0;1108.0;8563.0;232.0;664.0;834.0;783.0;359.0;630.0;1407.0;239.0;147.0;855.0;4187.0;783.0;2521.0;8563.0;1377.0;806.0;1474.0;966.0;542.0;4001.0;786.0;997.0;834.0;218.0;973.0;518.0;518.0;285.0;806.0;793.0;603.0;1832.0;2364.0;783.0;1110.0;91.0;834.0;1249.0;1500.0;133.0;843.0;787.0;439.0;8563.0;2085.0;232.0;1430.0;1144.0;304.0;608.0;302.0;1719.0;4111.0;4588.0;806.0;332.0;1500.0;939.0;607.0;1500.0;8832.0;1091.0;1889.0;343.0;2062.0;1623.0;1500.0;1521.0;1395.0;1168.0;911.0;9091.0;121.0;1500.0;1719.0;1248.0;1617.0;115.0;981.0;939.0;1248.0;320.0;1500.0;1430.0;786.0;1228.0;201.0;254.0;1767.0;960.0;601.0;286.0;1138.0;373.0;783.0;867.0;1500.0;4137.0;1981.0;924.0;255.0;255.0;223.0;1557.0;2004.0;8563.0;638.0;8563.0;255.0;834.0;786.0;397.0;1043.0;867.0;852.0;218.0;783.0;605.0;1500.0;340.0;136.0;672.0;833.0;1144.0;461.0;955.0;748.0;1430.0;806.0;1557.0;1073.0;1231.0;786.0;8563.0;834.0;1377.0;413.0;1446.0;1719.0;1500.0;940.0;373.0;1161.0;973.0;634.0;232.0;760.0;781.0;1407.0;186.0;162.0;192.0;1518.0;635.0;530.0;1450.0;834.0;672.0;41.0;599.0;2136.0;834.0;435.0;2259.0;239.0;2169.0;8563.0;188.0;1287.0;8563.0;121.0;326.0;232.0;1719.0;4031.0;834.0;905.0;232.0;1125.0;1430.0;332.0;1287.0;78.0;818.0;4137.0;4551.0;8563.0;2387.0;503.0;939.0;542.0;239.0;1077.0;728.0;760.0;1500.0;198.0;788.0;253.0;435.0;4028.0;562.0;786.0;1234.0;1077.0;1145.0;2091.0;1043.0;258.0;871.0;615.0;1222.0;914.0;966.0;133.0;3500.0;2832.0;1623.0;1138.0;232.0;9400.0
135;46.0;252.0;3206.0;611.0;1051.0;1036.0;932.0;144.0;768.0;613.0;23.0;1161.0;8332.0;2738.0;1313.0;8577.0;23.0;1804.0;1296.0;4637.0;508.0;897.0;4822.0;2659.0;889.0;1188.0;1465.0;630.0;1078.0;633.0;1604.0;309.0;1849.0;850.0;0.0;603.0;1480.0;768.0;1457.0;1618.0;1056.0;932.0;350.0;705.0;1921.0;2701.0;1296.0;23.0;951.0;723.0;776.0;321.0;833.0;4625.0;249.0;1024.0;1604.0;1163.0;322.0;1294.0;914.0;1105.0;2362.0;4847.0;501.0;833.0;408.0;144.0;564.0;8783.0;2142.0;951.0;4625.0;4529.0;1566.0;23.0;604.0;932.0;274.0;8332.0;1024.0;189.0;23.0;1566.0;1119.0;509.0;603.0;613.0;705.0;103.0;4799.0;1566.0;2804.0;8332.0;1745.0;897.0;681.0;119.0;309.0;4614.0;768.0;195.0;23.0;714.0;124.0;348.0;438.0;625.0;897.0;57.0;298.0;1307.0;2662.0;1566.0;1457.0;776.0;23.0;404.0;1618.0;723.0;913.0;70.0;423.0;8332.0;1353.0;1024.0;1604.0;297.0;563.0;540.0;662.0;1457.0;4822.0;5424.0;897.0;519.0;1618.0;95.0;243.0;1618.0;8615.0;242.0;1294.0;508.0;1338.0;859.0;1618.0;1948.0;1732.0;341.0;83.0;8246.0;920.0;1618.0;1457.0;1299.0;1216.0;965.0;144.0;1480.0;406.0;1153.0;1618.0;1604.0;768.0;1436.0;1051.0;1054.0;1709.0;1797.0;495.0;598.0;1357.0;481.0;1566.0;31.0;1618.0;3308.0;1287.0;74.0;1105.0;1105.0;1073.0;798.0;2318.0;8332.0;1006.0;8332.0;1105.0;23.0;768.0;453.0;193.0;31.0;341.0;633.0;1566.0;522.0;1618.0;887.0;809.0;178.0;1165.0;297.0;437.0;173.0;1370.0;1604.0;897.0;798.0;242.0;394.0;768.0;8332.0;23.0;1745.0;438.0;646.0;1457.0;1618.0;1777.0;481.0;435.0;124.0;440.0;1024.0;90.0;100.0;603.0;759.0;877.0;774.0;1131.0;249.0;323.0;665.0;23.0;178.0;889.0;252.0;2437.0;23.0;416.0;2555.0;613.0;2469.0;8332.0;1006.0;440.0;8332.0;729.0;546.0;1024.0;1457.0;4668.0;23.0;1741.0;1024.0;413.0;1604.0;519.0;440.0;923.0;1184.0;3308.0;5387.0;8332.0;2659.0;862.0;95.0;309.0;613.0;227.0;653.0;90.0;1618.0;654.0;125.0;932.0;416.0;4742.0;291.0;768.0;1340.0;227.0;1482.0;2849.0;193.0;1091.0;338.0;1301.0;1473.0;120.0;119.0;723.0;4133.0;3508.0;859.0;289.0;1024.0;9700.0
136;597.0;839.0;3809.0;1178.0;1604.0;1599.0;1424.0;536.0;999.0;1169.0;625.0;1732.0;8523.0;3263.0;1463.0;8779.0;625.0;2364.0;1721.0;4823.0;1079.0;1130.0;5151.0;3182.0;300.0;1756.0;2064.0;925.0;1625.0;1199.0;1693.0;879.0;2431.0;1407.0;603.0;0.0;2080.0;999.0;1248.0;1665.0;1602.0;1424.0;288.0;1260.0;2369.0;3101.0;1721.0;625.0;1547.0;1291.0;1367.0;755.0;1405.0;4798.0;366.0;1541.0;1693.0;1744.0;924.0;815.0;1492.0;1657.0;2904.0;5167.0;1098.0;1405.0;213.0;536.0;900.0;8240.0;2697.0;1547.0;4798.0;5126.0;2036.0;625.0;1071.0;1424.0;484.0;8523.0;1541.0;783.0;625.0;2036.0;1612.0;872.0;10.0;1169.0;1260.0;660.0;5039.0;2036.0;3327.0;8523.0;2317.0;1130.0;81.0;525.0;879.0;4859.0;999.0;582.0;625.0;1303.0;488.0;890.0;1041.0;1216.0;1130.0;652.0;901.0;891.0;3193.0;2036.0;2034.0;1345.0;625.0;394.0;1665.0;1291.0;1474.0;673.0;1011.0;8523.0;764.0;1541.0;1693.0;338.0;1103.0;1132.0;1158.0;1248.0;5151.0;5902.0;1130.0;1080.0;1665.0;547.0;819.0;1665.0;8813.0;395.0;815.0;1079.0;754.0;270.0;1665.0;2526.0;2298.0;491.0;585.0;7694.0;1452.0;1665.0;1248.0;1814.0;1514.0;1520.0;536.0;2080.0;239.0;1681.0;1665.0;1693.0;999.0;1985.0;1604.0;1570.0;2145.0;2310.0;1089.0;1185.0;1522.0;1037.0;2036.0;576.0;1665.0;2731.0;724.0;538.0;1657.0;1657.0;1626.0;222.0;2861.0;8523.0;1603.0;8523.0;1657.0;625.0;999.0;1027.0;448.0;576.0;864.0;1199.0;2036.0;1115.0;1665.0;1487.0;1336.0;760.0;1753.0;338.0;950.0;617.0;1973.0;1693.0;1130.0;222.0;505.0;232.0;999.0;8523.0;625.0;2317.0;1001.0;43.0;1248.0;1665.0;2289.0;1037.0;701.0;488.0;1031.0;1541.0;681.0;639.0;10.0;1277.0;1460.0;1287.0;1456.0;851.0;909.0;668.0;625.0;760.0;1447.0;839.0;2974.0;625.0;983.0;3088.0;1169.0;3005.0;8523.0;1536.0;251.0;8523.0;1290.0;1132.0;1541.0;1248.0;4932.0;625.0;2253.0;1541.0;715.0;1693.0;1080.0;251.0;1472.0;1775.0;2731.0;5868.0;8523.0;3182.0;1464.0;547.0;879.0;1169.0;411.0;1222.0;681.0;1665.0;1210.0;716.0;1424.0;983.0;5077.0;878.0;999.0;1868.0;411.0;2056.0;3448.0;448.0;1660.0;852.0;1736.0;2030.0;615.0;525.0;1291.0;4731.0;4110.0;270.0;355.0;1541.0;9700.0
137;1482.0;1271.0;1754.0;1039.0;882.0;831.0;1160.0;1551.0;1715.0;1071.0;1457.0;750.0;7867.0;1544.0;1823.0;8075.0;1457.0;610.0;1411.0;4673.0;1099.0;1745.0;4447.0;1482.0;2369.0;766.0;39.0;1604.0;910.0;1026.0;2345.0;1257.0;478.0;939.0;1480.0;2080.0;0.0;1715.0;2648.0;2424.0;920.0;1160.0;1805.0;1023.0;1609.0;1989.0;1411.0;1457.0;537.0;962.0;810.0;1390.0;729.0;4697.0;1715.0;1058.0;2345.0;668.0;1164.0;2725.0;798.0;879.0;1143.0;4499.0;982.0;729.0;1874.0;1551.0;1545.0;10072.0;889.0;537.0;4697.0;3050.0;1337.0;1457.0;1307.0;1160.0;1640.0;7867.0;1058.0;1314.0;1457.0;1337.0;1149.0;1511.0;2080.0;1071.0;1023.0;1421.0;4681.0;1337.0;1609.0;7867.0;488.0;1745.0;2159.0;1557.0;1257.0;4498.0;1715.0;1521.0;1457.0;873.0;1592.0;1282.0;1046.0;934.0;1745.0;1435.0;1186.0;2697.0;1450.0;1337.0;337.0;923.0;1457.0;1780.0;2424.0;962.0;705.0;1411.0;1117.0;7867.0;2832.0;1058.0;2345.0;1751.0;1149.0;951.0;1219.0;2648.0;4447.0;4525.0;1745.0;1118.0;2424.0;1533.0;1300.0;2424.0;8123.0;1692.0;2725.0;1099.0;2816.0;2338.0;2424.0;589.0;528.0;1670.0;1496.0;9558.0;1016.0;2424.0;2648.0;764.0;1471.0;901.0;1551.0;10.0;1861.0;996.0;2424.0;2345.0;1715.0;565.0;882.0;1054.0;1199.0;1246.0;991.0;974.0;2057.0;1158.0;1337.0;1508.0;2424.0;4713.0;2759.0;1542.0;879.0;879.0;882.0;2277.0;1095.0;7867.0;478.0;7867.0;879.0;1457.0;1715.0;1134.0;1637.0;1508.0;1250.0;1026.0;1337.0;967.0;2424.0;653.0;1075.0;1345.0;380.0;1751.0;1284.0;1480.0;214.0;2345.0;1745.0;2277.0;1608.0;1857.0;1715.0;7867.0;1457.0;488.0;1171.0;2123.0;2648.0;2424.0;1237.0;1158.0;1542.0;1592.0;1050.0;1058.0;1410.0;1466.0;2080.0;1121.0;786.0;1130.0;1393.0;1236.0;1210.0;1817.0;1457.0;1345.0;913.0;1271.0;1227.0;1457.0;1179.0;1348.0;1071.0;1260.0;7867.0;1006.0;1879.0;7867.0;984.0;1019.0;1058.0;2648.0;4494.0;1457.0;1222.0;1058.0;1507.0;2345.0;1118.0;1879.0;943.0;343.0;4713.0;4480.0;7867.0;1482.0;619.0;1533.0;1257.0;1071.0;1676.0;893.0;1410.0;2424.0;1047.0;1363.0;1160.0;1179.0;4358.0;1237.0;1715.0;692.0;1676.0;364.0;1452.0;1637.0;778.0;1268.0;1382.0;508.0;1470.0;1557.0;962.0;2654.0;2032.0;2338.0;1737.0;1058.0;10100.0
138;814.0;691.0;3243.0;695.0;917.0;946.0;634.0;895.0;10.0;658.0;774.0;1076.0;9061.0;3190.0;2080.0;9300.0;774.0;2212.0;779.0;3888.0;674.0;136.0;4155.0;3117.0;1130.0;1084.0;1718.0;149.0;914.0;702.0;841.0;641.0;2174.0;786.0;768.0;999.0;1715.0;0.0;934.0;866.0;893.0;634.0;947.0;693.0;1415.0;3329.0;779.0;774.0;1308.0;755.0;913.0;1078.0;1324.0;3872.0;872.0;771.0;841.0;1131.0;802.0;1185.0;925.0;953.0;2791.0;4172.0;985.0;1324.0;945.0;895.0;226.0;9164.0;2545.0;1308.0;3872.0;4668.0;1121.0;774.0;413.0;634.0;1004.0;9061.0;771.0;717.0;774.0;1121.0;778.0;283.0;999.0;658.0;693.0;857.0;4072.0;1121.0;3256.0;9061.0;2121.0;136.0;1032.0;860.0;641.0;3890.0;10.0;960.0;774.0;856.0;824.0;574.0;868.0;823.0;136.0;739.0;804.0;1095.0;3103.0;1121.0;1838.0;792.0;774.0;1085.0;866.0;755.0;1419.0;763.0;723.0;9061.0;1478.0;771.0;841.0;923.0;588.0;1035.0;496.0;934.0;4155.0;4942.0;136.0;643.0;866.0;846.0;660.0;866.0;9340.0;904.0;1185.0;674.0;1447.0;1109.0;866.0;2284.0;2129.0;1071.0;850.0;8607.0;746.0;866.0;934.0;1851.0;1954.0;858.0;895.0;1715.0;976.0;909.0;866.0;841.0;10.0;1906.0;917.0;794.0;2334.0;1439.0;995.0;783.0;589.0;618.0;1121.0;756.0;866.0;3620.0;1344.0;809.0;953.0;953.0;930.0;1048.0;2743.0;9061.0;1337.0;9061.0;953.0;774.0;10.0;668.0;889.0;756.0;1043.0;702.0;1121.0;1020.0;866.0;1071.0;654.0;684.0;1538.0;923.0;506.0;941.0;1531.0;841.0;136.0;1048.0;981.0;948.0;10.0;9061.0;774.0;2121.0;632.0;1023.0;934.0;866.0;1420.0;618.0;1203.0;824.0;976.0;771.0;722.0;671.0;999.0;600.0;930.0;595.0;1863.0;780.0;691.0;1402.0;774.0;684.0;820.0;691.0;2873.0;774.0;639.0;2996.0;658.0;2906.0;9061.0;799.0;1030.0;9061.0;732.0;756.0;771.0;934.0;3954.0;774.0;1385.0;771.0;1182.0;841.0;643.0;1030.0;807.0;1535.0;3620.0;4910.0;9061.0;3117.0;1175.0;846.0;641.0;658.0;900.0;1193.0;722.0;866.0;674.0;827.0;634.0;639.0;4080.0;692.0;10.0;1864.0;900.0;1870.0;2827.0;889.0;1014.0;1050.0;801.0;1917.0;888.0;860.0;755.0;4277.0;3601.0;1109.0;932.0;771.0;9000.0
139;1492.0;1512.0;4142.0;1618.0;1837.0;1871.0;1545.0;1522.0;934.0;1583.0;1474.0;1997.0;9744.0;4102.0;2676.0;9996.0;1474.0;3128.0;1546.0;3784.0;1579.0;926.0;4336.0;4026.0;1132.0;2001.0;2651.0;1047.0;1828.0;1627.0;801.0;1486.0;3103.0;1719.0;1457.0;1248.0;2648.0;934.0;0.0;705.0;1809.0;1545.0;1410.0;1625.0;2070.0;4155.0;1546.0;1474.0;2220.0;1687.0;1842.0;1768.0;2198.0;3742.0;1399.0;1678.0;801.0;2057.0;1637.0;722.0;1859.0;1867.0;3706.0;4333.0;1842.0;2198.0;1358.0;1522.0;1113.0;8724.0;3464.0;2220.0;3742.0;5584.0;1878.0;1474.0;1342.0;1545.0;1571.0;9744.0;1678.0;1508.0;1474.0;1878.0;1653.0;1155.0;1248.0;1583.0;1625.0;1560.0;4071.0;1878.0;4168.0;9744.0;3042.0;926.0;1215.0;1488.0;1486.0;3903.0;934.0;1596.0;1474.0;1783.0;1436.0;1433.0;1731.0;1739.0;926.0;1460.0;1629.0;551.0;4017.0;1878.0;2755.0;1725.0;1474.0;1567.0;705.0;1687.0;2291.0;1491.0;1602.0;9744.0;1165.0;1678.0;801.0;1423.0;1508.0;1893.0;1429.0;10.0;4336.0;5433.0;926.0;1552.0;705.0;1490.0;1477.0;705.0;10032.0;1444.0;722.0;1579.0;1127.0;1135.0;705.0;3212.0;3047.0;1619.0;1514.0;8146.0;1670.0;705.0;10.0;2714.0;2654.0;1785.0;1522.0;2648.0;1400.0;1803.0;705.0;801.0;934.0;2801.0;1837.0;1696.0;3159.0;2221.0;1848.0;1698.0;872.0;1520.0;1878.0;1431.0;705.0;3209.0;1007.0;1454.0;1867.0;1867.0;1848.0;1115.0;3659.0;9744.0;2254.0;9744.0;1867.0;1474.0;934.0;1560.0;1466.0;1431.0;1795.0;1627.0;1878.0;1876.0;705.0;2000.0;1586.0;1469.0;2452.0;1423.0;1395.0;1601.0;2465.0;801.0;926.0;1115.0;1568.0;1373.0;934.0;9744.0;1474.0;3042.0;1521.0;1238.0;10.0;705.0;2204.0;1520.0;1818.0;1436.0;1812.0;1678.0;1461.0;1393.0;1248.0;1534.0;1864.0;1527.0;2576.0;1590.0;1540.0;1891.0;1474.0;1469.0;1752.0;1512.0;3787.0;1474.0;1522.0;3909.0;1583.0;3820.0;9744.0;1714.0;1443.0;9744.0;1664.0;1663.0;1678.0;10.0;4004.0;1474.0;2173.0;1678.0;1813.0;801.0;1552.0;1443.0;1735.0;2453.0;3209.0;5408.0;9744.0;4026.0;2090.0;1490.0;1486.0;1583.0;1451.0;2043.0;1461.0;705.0;1603.0;1565.0;1545.0;1522.0;4274.0;1528.0;934.0;2740.0;1451.0;2786.0;3712.0;1466.0;1938.0;1795.0;1578.0;2821.0;1560.0;1488.0;1687.0;5195.0;4512.0;1135.0;1441.0;1678.0;8500.0
140;1662.0;1557.0;3708.0;1500.0;1546.0;1594.0;1264.0;1731.0;866.0;1461.0;1626.0;1691.0;9928.0;3955.0;2929.0;10166.0;1626.0;2981.0;1091.0;3175.0;1508.0;762.0;3646.0;3887.0;1658.0;1684.0;2437.0;1015.0;1521.0;1500.0;113.0;1505.0;2901.0;1500.0;1618.0;1665.0;2424.0;866.0;705.0;0.0;1509.0;1264.0;1720.0;1463.0;1474.0;4173.0;1091.0;1626.0;2107.0;1524.0;1685.0;1935.0;2161.0;3144.0;1669.0;1369.0;113.0;1768.0;1665.0;1386.0;1638.0;1557.0;3551.0;3646.0;1838.0;2161.0;1694.0;1731.0;1091.0;9428.0;3299.0;2107.0;3144.0;5177.0;1369.0;1626.0;1229.0;1264.0;1823.0;9928.0;1369.0;1583.0;1626.0;1369.0;1296.0;1149.0;1665.0;1461.0;1463.0;1712.0;3425.0;1369.0;4020.0;9928.0;2877.0;762.0;1663.0;1695.0;1505.0;3251.0;866.0;1800.0;1626.0;1642.0;1651.0;1437.0;1723.0;1634.0;762.0;1595.0;1668.0;1223.0;3863.0;1369.0;2610.0;1543.0;1626.0;1874.0;10.0;1524.0;2256.0;1622.0;1574.0;9928.0;1813.0;1369.0;113.0;1711.0;1406.0;1888.0;1279.0;705.0;3646.0;4736.0;762.0;1474.0;10.0;1685.0;1527.0;10.0;10206.0;1708.0;1386.0;1508.0;1776.0;1650.0;10.0;3012.0;2896.0;1886.0;1695.0;8851.0;1410.0;10.0;705.0;2688.0;2819.0;1523.0;1731.0;2424.0;1733.0;1456.0;10.0;113.0;866.0;2712.0;1546.0;1377.0;3184.0;1703.0;1851.0;1598.0;367.0;1458.0;1369.0;1601.0;10.0;3906.0;1654.0;1646.0;1557.0;1557.0;1548.0;1609.0;3503.0;9928.0;2124.0;9928.0;1557.0;1626.0;866.0;1513.0;1707.0;1601.0;1908.0;1500.0;1369.0;1874.0;10.0;1833.0;1369.0;1549.0;2325.0;1711.0;1360.0;1788.0;2218.0;113.0;762.0;1609.0;1806.0;1703.0;866.0;9928.0;1626.0;2877.0;1480.0;1672.0;705.0;10.0;1689.0;1458.0;2044.0;1651.0;1836.0;1369.0;1581.0;1525.0;1665.0;1337.0;1662.0;1323.0;2729.0;1646.0;1554.0;2206.0;1626.0;1549.0;1520.0;1557.0;3636.0;1626.0;1491.0;3758.0;1461.0;3668.0;9928.0;1419.0;1785.0;9928.0;1495.0;1583.0;1369.0;705.0;3342.0;1626.0;1664.0;1369.0;2027.0;113.0;1474.0;1785.0;1484.0;2314.0;3906.0;4712.0;9928.0;3887.0;1971.0;1685.0;1505.0;1461.0;1708.0;2046.0;1581.0;10.0;1463.0;1689.0;1264.0;1491.0;3581.0;1556.0;866.0;2691.0;1708.0;2644.0;3262.0;1707.0;1651.0;1915.0;1126.0;2713.0;1737.0;1695.0;1524.0;4799.0;4100.0;1650.0;1724.0;1369.0;8100.0
141;1086.0;806.0;2351.0;447.0;40.0;97.0;265.0;1188.0;893.0;443.0;1040.0;189.0;8663.0;2462.0;2049.0;8884.0;1040.0;1502.0;517.0;3948.0;550.0;883.0;3926.0;2397.0;1837.0;192.0;936.0;827.0;24.0;425.0;1427.0;747.0;1398.0;208.0;1056.0;1602.0;920.0;893.0;1809.0;1509.0;0.0;265.0;1397.0;350.0;957.0;2801.0;517.0;1040.0;735.0;341.0;382.0;1185.0;901.0;3958.0;1295.0;140.0;1427.0;259.0;787.0;2041.0;224.0;61.0;2059.0;3963.0;774.0;901.0;1443.0;1188.0;795.0;9832.0;1805.0;735.0;3958.0;3777.0;597.0;1040.0;557.0;265.0;1316.0;8663.0;140.0;871.0;1040.0;597.0;236.0;789.0;1602.0;443.0;350.0;1063.0;4026.0;597.0;2527.0;8663.0;1390.0;883.0;1666.0;1172.0;747.0;3839.0;893.0;1205.0;1040.0;406.0;1178.0;718.0;721.0;485.0;883.0;999.0;811.0;1973.0;2368.0;597.0;1146.0;294.0;1040.0;1456.0;1509.0;341.0;976.0;994.0;648.0;8663.0;2261.0;140.0;1427.0;1348.0;500.0;795.0;459.0;1809.0;3926.0;4380.0;883.0;537.0;1509.0;1146.0;813.0;1509.0;8929.0;1296.0;2041.0;550.0;2237.0;1810.0;1509.0;1509.0;1417.0;1376.0;1119.0;9291.0;156.0;1509.0;1809.0;1352.0;1786.0;98.0;1188.0;920.0;1451.0;125.0;1509.0;1427.0;893.0;1296.0;40.0;134.0;1872.0;752.0;794.0;491.0;1141.0;576.0;597.0;1072.0;1509.0;4332.0;2151.0;1130.0;61.0;61.0;40.0;1743.0;2011.0;8663.0;723.0;8663.0;61.0;1040.0;893.0;604.0;1248.0;1072.0;1056.0;425.0;597.0;795.0;1509.0;442.0;271.0;878.0;900.0;1348.0;652.0;1163.0;711.0;1427.0;883.0;1743.0;1281.0;1433.0;893.0;8663.0;1040.0;1390.0;618.0;1640.0;1809.0;1509.0;732.0;576.0;1368.0;1178.0;832.0;140.0;966.0;984.0;1602.0;333.0;276.0;328.0;1688.0;843.0;737.0;1657.0;1040.0;878.0;174.0;806.0;2144.0;1040.0;640.0;2265.0;443.0;2176.0;8663.0;95.0;1491.0;8663.0;329.0;533.0;140.0;1809.0;3864.0;1040.0;698.0;140.0;1332.0;1427.0;537.0;1491.0;133.0;876.0;4332.0;4342.0;8663.0;2397.0;622.0;1146.0;747.0;443.0;1282.0;900.0;966.0;1509.0;402.0;996.0;265.0;640.0;3842.0;769.0;893.0;1326.0;1282.0;1181.0;1940.0;1248.0;142.0;1074.0;494.0;1278.0;1122.0;1172.0;341.0;3388.0;2709.0;1810.0;1343.0;140.0;9300.0
142;969.0;701.0;2610.0;389.0;295.0;336.0;10.0;1074.0;634.0;363.0;921.0;453.0;8814.0;2692.0;2063.0;9039.0;921.0;1722.0;403.0;3864.0;471.0;618.0;3929.0;2625.0;1637.0;456.0;1172.0;583.0;284.0;373.0;1189.0;633.0;1637.0;253.0;932.0;1424.0;1160.0;634.0;1545.0;1264.0;265.0;0.0;1252.0;296.0;992.0;2975.0;403.0;921.0;886.0;334.0;468.0;1125.0;1003.0;3867.0;1152.0;138.0;1189.0;519.0;724.0;1799.0;379.0;323.0;2289.0;3960.0;783.0;1003.0;1287.0;1074.0;563.0;9663.0;2036.0;886.0;3867.0;4041.0;634.0;921.0;353.0;10.0;1204.0;8814.0;138.0;764.0;921.0;634.0;190.0;569.0;1424.0;363.0;296.0;963.0;3973.0;634.0;2758.0;8814.0;1615.0;618.0;1482.0;1051.0;633.0;3787.0;634.0;1105.0;921.0;451.0;1046.0;584.0;696.0;492.0;618.0;877.0;744.0;1723.0;2600.0;634.0;1355.0;324.0;921.0;1335.0;1264.0;334.0;1090.0;880.0;578.0;8814.0;2044.0;138.0;1189.0;1207.0;379.0;818.0;272.0;1545.0;3929.0;4497.0;618.0;444.0;1264.0;1026.0;697.0;1264.0;9083.0;1161.0;1799.0;471.0;2017.0;1610.0;1264.0;1748.0;1636.0;1269.0;1005.0;9117.0;146.0;1264.0;1545.0;1500.0;1837.0;259.0;1074.0;1160.0;1302.0;279.0;1264.0;1189.0;634.0;1480.0;295.0;163.0;2018.0;885.0;802.0;476.0;899.0;469.0;634.0;941.0;1264.0;4144.0;1926.0;1003.0;323.0;323.0;304.0;1545.0;2240.0;8814.0;890.0;8814.0;323.0;921.0;634.0;517.0;1120.0;941.0;1016.0;373.0;634.0;812.0;1264.0;592.0;157.0;760.0;1084.0;1207.0;496.0;1067.0;957.0;1189.0;618.0;1545.0;1170.0;1280.0;634.0;8814.0;921.0;1615.0;514.0;1460.0;1545.0;1264.0;865.0;469.0;1301.0;1046.0;823.0;138.0;845.0;845.0;1424.0;182.0;411.0;164.0;1738.0;762.0;643.0;1576.0;921.0;760.0;262.0;701.0;2373.0;921.0;538.0;2495.0;363.0;2406.0;8814.0;169.0;1346.0;8814.0;306.0;496.0;138.0;1545.0;3823.0;921.0;829.0;138.0;1268.0;1189.0;444.0;1346.0;221.0;1067.0;4144.0;4461.0;8814.0;2625.0;755.0;1026.0;633.0;363.0;1149.0;953.0;845.0;1264.0;333.0;900.0;10.0;538.0;3847.0;670.0;634.0;1486.0;1149.0;1389.0;2193.0;1120.0;399.0;1032.0;396.0;1471.0;1019.0;1051.0;334.0;3651.0;2971.0;1610.0;1205.0;138.0;9100.0
143;332.0;601.0;3544.0;957.0;1395.0;1382.0;1252.0;254.0;947.0;955.0;369.0;1509.0;8335.0;2976.0;1266.0;8587.0;369.0;2076.0;1590.0;4830.0;854.0;1083.0;5085.0;2895.0;588.0;1536.0;1787.0;837.0;1420.0;979.0;1729.0;653.0;2146.0;1194.0;350.0;288.0;1805.0;947.0;1410.0;1720.0;1397.0;1252.0;0.0;1048.0;2230.0;2838.0;1590.0;369.0;1269.0;1069.0;1125.0;467.0;1119.0;4811.0;102.0;1355.0;1729.0;1513.0;666.0;1078.0;1263.0;1449.0;2615.0;5106.0;824.0;1119.0;76.0;254.0;791.0;8436.0;2409.0;1269.0;4811.0;4846.0;1882.0;369.0;907.0;1252.0;198.0;8335.0;1355.0;539.0;369.0;1882.0;1442.0;749.0;288.0;955.0;1048.0;385.0;5019.0;1882.0;3040.0;8335.0;2030.0;1083.0;369.0;250.0;653.0;4837.0;947.0;294.0;369.0;1064.0;225.0;680.0;778.0;974.0;1083.0;405.0;642.0;1132.0;2906.0;1882.0;1748.0;1123.0;369.0;159.0;1720.0;1069.0;1187.0;418.0;772.0;8335.0;1051.0;1355.0;1729.0;54.0;899.0;854.0;980.0;1410.0;5085.0;5749.0;1083.0;862.0;1720.0;275.0;588.0;1720.0;8622.0;113.0;1078.0;854.0;1042.0;559.0;1720.0;2239.0;2010.0;221.0;312.0;7898.0;1256.0;1720.0;1410.0;1527.0;1269.0;1309.0;254.0;1805.0;57.0;1489.0;1720.0;1729.0;947.0;1696.0;1395.0;1385.0;1871.0;2130.0;813.0;947.0;1518.0;822.0;1882.0;329.0;1720.0;2959.0;1011.0;277.0;1449.0;1449.0;1417.0;507.0;2573.0;8335.0;1327.0;8335.0;1449.0;369.0;947.0;800.0;168.0;329.0;577.0;979.0;1882.0;838.0;1720.0;1232.0;1142.0;524.0;1470.0;54.0;758.0;331.0;1708.0;1729.0;1083.0;507.0;217.0;56.0;947.0;8335.0;369.0;2030.0;781.0;330.0;1410.0;1720.0;2110.0;822.0;434.0;225.0;754.0;1355.0;437.0;414.0;288.0;1088.0;1226.0;1101.0;1202.0;594.0;672.0;492.0;369.0;524.0;1234.0;601.0;2687.0;369.0;760.0;2800.0;955.0;2717.0;8335.0;1342.0;94.0;8335.0;1074.0;896.0;1355.0;1410.0;4899.0;369.0;2074.0;1355.0;441.0;1729.0;862.0;94.0;1265.0;1493.0;2959.0;5713.0;8335.0;2895.0;1193.0;275.0;653.0;955.0;129.0;937.0;437.0;1720.0;996.0;448.0;1252.0;760.0;5007.0;640.0;947.0;1580.0;129.0;1770.0;3193.0;168.0;1439.0;564.0;1599.0;1742.0;335.0;250.0;1069.0;4451.0;3837.0;559.0;68.0;1355.0;9800.0
144;736.0;456.0;2619.0;102.0;347.0;340.0;296.0;839.0;693.0;93.0;690.0;474.0;8541.0;2509.0;1770.0;8770.0;690.0;1531.0;698.0;4159.0;201.0;734.0;4215.0;2438.0;1506.0;497.0;1026.0;583.0;373.0;82.0;1401.0;397.0;1482.0;147.0;705.0;1260.0;1023.0;693.0;1625.0;1463.0;350.0;296.0;1048.0;0.0;1261.0;2724.0;698.0;690.0;644.0;63.0;225.0;852.0;726.0;4161.0;946.0;337.0;1401.0;497.0;449.0;1758.0;253.0;401.0;2107.0;4247.0;487.0;726.0;1095.0;839.0;529.0;9484.0;1859.0;644.0;4161.0;4012.0;897.0;690.0;285.0;296.0;967.0;8541.0;337.0;521.0;690.0;897.0;454.0;504.0;1260.0;93.0;10.0;715.0;4268.0;897.0;2575.0;8541.0;1434.0;734.0;1327.0;822.0;397.0;4082.0;693.0;858.0;690.0;180.0;827.0;371.0;405.0;199.0;734.0;649.0;471.0;1708.0;2420.0;897.0;1156.0;103.0;690.0;1106.0;1463.0;63.0;817.0;644.0;304.0;8541.0;1943.0;337.0;1401.0;998.0;159.0;522.0;197.0;1625.0;4215.0;4726.0;734.0;186.0;1463.0;795.0;462.0;1463.0;8813.0;946.0;1758.0;201.0;1920.0;1478.0;1463.0;1592.0;1446.0;1028.0;769.0;8944.0;223.0;1463.0;1625.0;1239.0;1542.0;261.0;839.0;1023.0;1102.0;452.0;1463.0;1401.0;693.0;1249.0;347.0;365.0;1751.0;1097.0;506.0;180.0;1110.0;226.0;897.0;722.0;1463.0;3990.0;1842.0;779.0;401.0;401.0;369.0;1412.0;2059.0;8541.0;663.0;8541.0;401.0;690.0;693.0;255.0;898.0;722.0;733.0;82.0;897.0;516.0;1463.0;381.0;139.0;527.0;864.0;998.0;316.0;816.0;845.0;1401.0;734.0;1412.0;932.0;1084.0;693.0;8541.0;690.0;1434.0;268.0;1299.0;1625.0;1463.0;1076.0;226.0;1032.0;827.0;529.0;337.0;616.0;635.0;1260.0;134.0;243.0;152.0;1443.0;498.0;388.0;1317.0;690.0;527.0;188.0;456.0;2191.0;690.0;290.0;2313.0;93.0;2224.0;8541.0;308.0;1141.0;8541.0;40.0;204.0;337.0;1625.0;4117.0;690.0;1041.0;337.0;997.0;1401.0;186.0;1141.0;217.0;856.0;3990.0;4688.0;8541.0;2438.0;508.0;795.0;397.0;93.0;932.0;661.0;616.0;1463.0;52.0;648.0;296.0;290.0;4132.0;419.0;693.0;1235.0;932.0;1190.0;2228.0;898.0;402.0;750.0;690.0;1251.0;774.0;822.0;63.0;3619.0;2957.0;1478.0;992.0;337.0;9400.0
145;1960.0;1693.0;2341.0;1362.0;985.0;1033.0;992.0;2064.0;1415.0;1344.0;1912.0;992.0;9476.0;3069.0;3006.0;9683.0;1912.0;2213.0;648.0;3067.0;1455.0;1313.0;2969.0;3021.0;2539.0;960.0;1641.0;1451.0;943.0;1343.0;1361.0;1625.0;2031.0;1147.0;1921.0;2369.0;1609.0;1415.0;2070.0;1474.0;957.0;992.0;2230.0;1261.0;0.0;3598.0;648.0;1912.0;1649.0;1275.0;1340.0;2111.0;1843.0;3089.0;2132.0;924.0;1361.0;1061.0;1708.0;2559.0;1178.0;940.0;2689.0;3007.0;1727.0;1843.0;2257.0;2064.0;1469.0;10578.0;2446.0;1649.0;3089.0;3812.0;364.0;1912.0;1324.0;992.0;2195.0;9476.0;924.0;1756.0;1912.0;364.0;810.0;1498.0;2369.0;1344.0;1261.0;1956.0;3101.0;364.0;3128.0;9476.0;2089.0;1313.0;2416.0;2041.0;1625.0;2915.0;1415.0;2097.0;1912.0;1360.0;2032.0;1575.0;1662.0;1432.0;1313.0;1867.0;1729.0;2439.0;2972.0;364.0;1923.0;1238.0;1912.0;2322.0;1474.0;1275.0;1909.0;1872.0;1562.0;9476.0;2889.0;924.0;1361.0;2188.0;1371.0;1751.0;1260.0;2070.0;2969.0;3535.0;1313.0;1432.0;1474.0;2016.0;1689.0;1474.0;9732.0;2145.0;2559.0;1455.0;2857.0;2516.0;1474.0;2128.0;2135.0;2260.0;1997.0;10022.0;1040.0;1474.0;2070.0;2237.0;2739.0;1053.0;2064.0;1609.0;2276.0;833.0;1474.0;1361.0;1415.0;2122.0;985.0;898.0;2745.0;386.0;1747.0;1430.0;1199.0;1460.0;364.0;1929.0;1474.0;5035.0;2750.0;1991.0;940.0;940.0;965.0;2453.0;2645.0;9476.0;1621.0;9476.0;940.0;1912.0;1415.0;1505.0;2106.0;1929.0;1993.0;1343.0;364.0;1750.0;1474.0;1379.0;1131.0;1751.0;1757.0;2188.0;1484.0;2059.0;1412.0;1361.0;1313.0;2453.0;2161.0;2252.0;1415.0;9476.0;1912.0;2089.0;1505.0;2400.0;2070.0;1474.0;388.0;1460.0;2290.0;2032.0;1781.0;924.0;1836.0;1832.0;2369.0;1171.0;1231.0;1155.0;2642.0;1751.0;1633.0;2568.0;1912.0;1751.0;1122.0;1693.0;2771.0;1912.0;1528.0;2882.0;1344.0;2800.0;9476.0;960.0;2323.0;9476.0;1255.0;1464.0;924.0;2070.0;2927.0;1912.0;393.0;924.0;2256.0;1361.0;1432.0;2323.0;1071.0;1722.0;5035.0;3502.0;9476.0;3021.0;1556.0;2016.0;1625.0;1344.0;2134.0;1857.0;1836.0;1474.0;1308.0;1892.0;992.0;1528.0;2885.0;1661.0;1415.0;2194.0;2134.0;1955.0;1887.0;2106.0;1024.0;2011.0;633.0;2084.0;2011.0;2041.0;1275.0;3453.0;2751.0;2516.0;2188.0;924.0;8500.0
146;2669.0;2657.0;2738.0;2676.0;2762.0;2705.0;2975.0;2657.0;3329.0;2714.0;2683.0;2674.0;5879.0;971.0;1792.0;6091.0;2683.0;1396.0;3318.0;6662.0;2666.0;3415.0;6377.0;935.0;3380.0;2699.0;1956.0;3183.0;2801.0;2677.0;4121.0;2695.0;1613.0;2723.0;2701.0;3101.0;1989.0;3329.0;4155.0;4173.0;2801.0;2975.0;2838.0;2724.0;3598.0;0.0;3318.0;2683.0;2090.0;2667.0;2513.0;2405.0;2012.0;6686.0;2809.0;2920.0;4121.0;2592.0;2536.0;3914.0;2605.0;2781.0;1097.0;6435.0;2344.0;2012.0;2909.0;2657.0;3107.0;9715.0;1257.0;2090.0;6686.0;3223.0;3310.0;2683.0;2944.0;2975.0;2645.0;5879.0;2920.0;2652.0;2683.0;3310.0;3036.0;3053.0;3101.0;2714.0;2724.0;2599.0;6660.0;3310.0;976.0;5879.0;1520.0;3415.0;3174.0;2687.0;2695.0;6478.0;3329.0;2587.0;2683.0;2545.0;2741.0;2758.0;2460.0;2542.0;3415.0;2695.0;2540.0;3968.0;1016.0;3310.0;1680.0;2659.0;2683.0;2708.0;4173.0;2667.0;1917.0;2663.0;2606.0;5879.0;3795.0;2920.0;4121.0;2805.0;2767.0;2293.0;2897.0;4155.0;6377.0;6156.0;3415.0;2700.0;4173.0;2681.0;2691.0;4173.0;6139.0;2765.0;3914.0;2666.0;3799.0;3354.0;4173.0;1542.0;1469.0;2618.0;2652.0;9277.0;2836.0;4173.0;4155.0;1486.0;1601.0;2743.0;2657.0;1989.0;2873.0;2907.0;4173.0;4121.0;3329.0;1506.0;2762.0;2927.0;997.0;3233.0;2334.0;2576.0;3831.0;2717.0;3310.0;2729.0;4173.0;4985.0;3804.0;2714.0;2781.0;2781.0;2772.0;3319.0;1120.0;5879.0;2087.0;5879.0;2781.0;2683.0;3329.0;2663.0;2729.0;2729.0;2361.0;2677.0;3310.0;2309.0;4173.0;2385.0;2838.0;2690.0;1902.0;2805.0;2823.0;2572.0;2187.0;4121.0;3415.0;3319.0;2636.0;2890.0;3329.0;5879.0;2683.0;1520.0;2698.0;3136.0;4155.0;4173.0;3225.0;2717.0;2405.0;2741.0;2359.0;2920.0;2694.0;2762.0;3101.0;2856.0;2566.0;2873.0;1649.0;2573.0;2642.0;2478.0;2683.0;2690.0;2717.0;2657.0;1053.0;2683.0;2690.0;1017.0;2714.0;1043.0;5879.0;2864.0;2851.0;5879.0;2696.0;2590.0;2920.0;4155.0;6467.0;2683.0;3211.0;2920.0;2397.0;4121.0;2700.0;2851.0;2765.0;1926.0;4985.0;6106.0;5879.0;935.0;2223.0;2681.0;2695.0;2714.0;2754.0;2136.0;2694.0;4173.0;2716.0;2590.0;2975.0;2690.0;6286.0;2648.0;3329.0;1490.0;2754.0;1647.0;2766.0;2729.0;2675.0;2362.0;3295.0;1529.0;2606.0;2687.0;2667.0;2918.0;2703.0;3354.0;2785.0;2920.0;12100.0
147;1337.0;1084.0;2627.0;792.0;556.0;613.0;403.0;1440.0;779.0;764.0;1288.0;663.0;9178.0;2955.0;2466.0;9399.0;1288.0;2008.0;10.0;3465.0;870.0;692.0;3535.0;2893.0;1894.0;645.0;1432.0;804.0;518.0;776.0;993.0;1014.0;1886.0;630.0;1296.0;1721.0;1411.0;779.0;1546.0;1091.0;517.0;403.0;1590.0;698.0;648.0;3318.0;0.0;1288.0;1244.0;733.0;849.0;1516.0;1388.0;3469.0;1495.0;406.0;993.0;746.0;1120.0;1950.0;722.0;542.0;2554.0;3564.0;1186.0;1388.0;1614.0;1440.0;821.0;9935.0;2300.0;1244.0;3469.0;4091.0;346.0;1288.0;692.0;403.0;1569.0;9178.0;406.0;1143.0;1288.0;346.0;283.0;851.0;1721.0;764.0;698.0;1341.0;3570.0;346.0;3018.0;9178.0;1892.0;692.0;1769.0;1414.0;1014.0;3384.0;779.0;1480.0;1288.0;844.0;1400.0;956.0;1099.0;893.0;692.0;1244.0;1139.0;1844.0;2860.0;346.0;1659.0;714.0;1288.0;1691.0;1091.0;733.0;1470.0;1252.0;976.0;9178.0;2257.0;406.0;993.0;1550.0;771.0;1220.0;642.0;1546.0;3535.0;4182.0;692.0;841.0;1091.0;1390.0;1074.0;1091.0;9444.0;1510.0;1950.0;870.0;2226.0;1870.0;1091.0;1995.0;1923.0;1637.0;1374.0;9381.0;509.0;1091.0;1546.0;1863.0;2238.0;581.0;1440.0;1411.0;1634.0;418.0;1091.0;993.0;779.0;1813.0;556.0;394.0;2383.0;681.0;1205.0;878.0;738.0;860.0;346.0;1301.0;1091.0;4395.0;2122.0;1363.0;542.0;542.0;548.0;1807.0;2506.0;9178.0;1237.0;9178.0;542.0;1288.0;779.0;913.0;1475.0;1301.0;1414.0;776.0;346.0;1215.0;1091.0;946.0;560.0;1133.0;1417.0;1550.0;861.0;1444.0;1198.0;993.0;692.0;1807.0;1537.0;1610.0;779.0;9178.0;1288.0;1892.0;904.0;1752.0;1546.0;1091.0;662.0;860.0;1689.0;1400.0;1225.0;406.0;1213.0;1202.0;1721.0;581.0;767.0;562.0;2140.0;1152.0;1031.0;1955.0;1288.0;1133.0;623.0;1084.0;2638.0;1288.0;927.0;2759.0;764.0;2670.0;9178.0;460.0;1683.0;9178.0;706.0;899.0;406.0;1546.0;3421.0;1288.0;630.0;406.0;1656.0;993.0;841.0;1683.0;570.0;1393.0;4395.0;4149.0;9178.0;2893.0;1122.0;1390.0;1014.0;764.0;1500.0;1352.0;1213.0;1091.0;736.0;1282.0;403.0;927.0;3455.0;1056.0;779.0;1840.0;1500.0;1694.0;2186.0;1475.0;648.0;1429.0;34.0;1794.0;1394.0;1414.0;733.0;3710.0;3014.0;1870.0;1551.0;406.0;8800.0
148;49.0;235.0;3185.0;595.0;1035.0;1019.0;921.0;153.0;774.0;598.0;10.0;1144.0;8320.0;2717.0;1306.0;8564.0;10.0;1781.0;1288.0;4637.0;492.0;902.0;4816.0;2637.0;911.0;1171.0;1443.0;634.0;1063.0;617.0;1611.0;294.0;1827.0;834.0;23.0;625.0;1457.0;774.0;1474.0;1626.0;1040.0;921.0;369.0;690.0;1912.0;2683.0;1288.0;0.0;929.0;706.0;756.0;310.0;810.0;4626.0;269.0;1011.0;1611.0;1145.0;300.0;1316.0;896.0;1090.0;2340.0;4842.0;478.0;810.0;428.0;153.0;566.0;8800.0;2120.0;929.0;4626.0;4506.0;1555.0;10.0;597.0;921.0;283.0;8320.0;1011.0;171.0;10.0;1555.0;1108.0;510.0;625.0;598.0;690.0;88.0;4797.0;1555.0;2782.0;8320.0;1723.0;902.0;703.0;132.0;294.0;4613.0;774.0;196.0;10.0;695.0;144.0;337.0;416.0;605.0;902.0;44.0;276.0;1328.0;2640.0;1555.0;1434.0;759.0;10.0;417.0;1626.0;706.0;891.0;49.0;405.0;8320.0;1375.0;1011.0;1611.0;316.0;550.0;517.0;652.0;1474.0;4816.0;5411.0;902.0;504.0;1626.0;106.0;229.0;1626.0;8602.0;260.0;1316.0;492.0;1361.0;881.0;1626.0;1925.0;1710.0;349.0;86.0;8263.0;906.0;1626.0;1474.0;1278.0;1204.0;949.0;153.0;1457.0;426.0;1139.0;1626.0;1611.0;774.0;1414.0;1035.0;1041.0;1690.0;1783.0;472.0;579.0;1362.0;466.0;1555.0;53.0;1626.0;3328.0;1310.0;92.0;1090.0;1090.0;1057.0;820.0;2295.0;8320.0;983.0;8320.0;1090.0;10.0;774.0;437.0;209.0;53.0;322.0;617.0;1555.0;499.0;1626.0;866.0;796.0;164.0;1143.0;316.0;428.0;169.0;1348.0;1611.0;902.0;820.0;250.0;414.0;774.0;8320.0;10.0;1723.0;423.0;668.0;1474.0;1626.0;1763.0;466.0;432.0;144.0;417.0;1011.0;76.0;103.0;625.0;747.0;858.0;762.0;1118.0;227.0;306.0;669.0;10.0;164.0;873.0;235.0;2415.0;10.0;400.0;2533.0;598.0;2447.0;8320.0;992.0;458.0;8320.0;713.0;528.0;1011.0;1474.0;4665.0;10.0;1728.0;1011.0;409.0;1611.0;504.0;458.0;907.0;1161.0;3328.0;5374.0;8320.0;2637.0;840.0;106.0;294.0;598.0;245.0;631.0;76.0;1626.0;638.0;102.0;921.0;400.0;4737.0;274.0;774.0;1319.0;245.0;1459.0;2828.0;209.0;1074.0;321.0;1292.0;1451.0;115.0;132.0;706.0;4111.0;3486.0;881.0;307.0;1011.0;9700.0
149;951.0;760.0;2288.0;616.0;698.0;642.0;886.0;1015.0;1308.0;654.0;929.0;657.0;7935.0;1884.0;1435.0;8158.0;929.0;908.0;1244.0;4680.0;640.0;1369.0;4602.0;1810.0;1839.0;689.0;518.0;1178.0;740.0;612.0;2045.0;759.0;909.0;633.0;951.0;1547.0;537.0;1308.0;2220.0;2107.0;735.0;886.0;1269.0;644.0;1649.0;2090.0;1244.0;929.0;0.0;584.0;425.0;856.0;233.0;4691.0;1182.0;839.0;2045.0;590.0;645.0;2220.0;522.0;729.0;1486.0;4645.0;450.0;233.0;1340.0;1015.0;1108.0;9567.0;1246.0;10.0;4691.0;3579.0;1308.0;929.0;898.0;886.0;1103.0;7935.0;839.0;796.0;929.0;1308.0;961.0;1064.0;1547.0;654.0;644.0;887.0;4744.0;1308.0;1950.0;7935.0;827.0;1369.0;1627.0;1023.0;759.0;4558.0;1308.0;985.0;929.0;465.0;1060.0;798.0;528.0;485.0;1369.0;910.0;664.0;2207.0;1798.0;1308.0;537.0;571.0;929.0;1243.0;2107.0;584.0;268.0;884.0;627.0;7935.0;2304.0;839.0;2045.0;1216.0;721.0;416.0;831.0;2220.0;4602.0;4875.0;1369.0;668.0;2107.0;1000.0;792.0;2107.0;8203.0;1157.0;2220.0;640.0;2289.0;1809.0;2107.0;1013.0;828.0;1134.0;962.0;9048.0;748.0;2107.0;2220.0;619.0;1121.0;663.0;1015.0;537.0;1326.0;853.0;2107.0;2045.0;1308.0;605.0;698.0;850.0;1139.0;1356.0;458.0;525.0;1754.0;700.0;1308.0;981.0;2107.0;4181.0;2236.0;1010.0;729.0;729.0;712.0;1749.0;1439.0;7935.0;61.0;7935.0;729.0;929.0;1308.0;661.0;1102.0;981.0;715.0;612.0;1308.0;432.0;2107.0;298.0;750.0;830.0;233.0;1216.0;824.0;943.0;480.0;2045.0;1369.0;1749.0;1072.0;1322.0;1308.0;7935.0;929.0;827.0;700.0;1590.0;2220.0;2107.0;1340.0;700.0;1014.0;1060.0;516.0;839.0;887.0;947.0;1547.0;773.0;479.0;788.0;1028.0;714.0;708.0;1297.0;929.0;830.0;629.0;760.0;1568.0;929.0;702.0;1690.0;654.0;1601.0;7935.0;784.0;1342.0;7935.0;613.0;557.0;839.0;2220.0;4575.0;929.0;1314.0;839.0;979.0;2045.0;668.0;1342.0;679.0;240.0;4181.0;4833.0;7935.0;1810.0;136.0;1000.0;759.0;654.0;1141.0;365.0;887.0;2107.0;646.0;832.0;886.0;702.0;4515.0;731.0;1308.0;601.0;1141.0;567.0;1966.0;1102.0;632.0;732.0;1224.0;610.0;935.0;1023.0;584.0;3184.0;2569.0;1809.0;1201.0;839.0;10000.0
150;750.0;471.0;2570.0;113.0;331.0;313.0;334.0;851.0;755.0;125.0;706.0;442.0;8489.0;2446.0;1742.0;8716.0;706.0;1468.0;733.0;4197.0;215.0;797.0;4236.0;2375.0;1544.0;467.0;964.0;643.0;362.0;92.0;1462.0;417.0;1419.0;133.0;723.0;1291.0;962.0;755.0;1687.0;1524.0;341.0;334.0;1069.0;63.0;1275.0;2667.0;733.0;706.0;584.0;0.0;162.0;846.0;673.0;4201.0;967.0;353.0;1462.0;456.0;446.0;1808.0;205.0;385.0;2044.0;4270.0;457.0;673.0;1120.0;851.0;587.0;9505.0;1796.0;584.0;4201.0;3958.0;911.0;706.0;345.0;334.0;978.0;8489.0;353.0;535.0;706.0;911.0;476.0;559.0;1291.0;125.0;63.0;724.0;4301.0;911.0;2512.0;8489.0;1371.0;797.0;1360.0;837.0;417.0;4114.0;755.0;865.0;706.0;122.0;846.0;401.0;387.0;161.0;797.0;666.0;470.0;1762.0;2357.0;911.0;1093.0;55.0;706.0;1119.0;1524.0;10.0;763.0;659.0;307.0;8489.0;1985.0;353.0;1462.0;1018.0;203.0;488.0;260.0;1687.0;4236.0;4721.0;797.0;210.0;1524.0;810.0;481.0;1524.0;8760.0;964.0;1808.0;215.0;1963.0;1515.0;1524.0;1530.0;1383.0;1036.0;782.0;8967.0;237.0;1524.0;1687.0;1183.0;1505.0;245.0;851.0;962.0;1124.0;453.0;1524.0;1462.0;755.0;1188.0;331.0;378.0;1696.0;1093.0;477.0;155.0;1170.0;253.0;911.0;741.0;1524.0;4019.0;1886.0;797.0;385.0;385.0;353.0;1449.0;1996.0;8489.0;601.0;8489.0;385.0;706.0;755.0;270.0;915.0;741.0;720.0;92.0;911.0;484.0;1524.0;318.0;180.0;546.0;802.0;1018.0;358.0;823.0;786.0;1462.0;797.0;1449.0;942.0;1108.0;755.0;8489.0;706.0;1371.0;290.0;1331.0;1687.0;1524.0;1073.0;253.0;1028.0;846.0;506.0;353.0;634.0;658.0;1291.0;190.0;188.0;206.0;1407.0;503.0;401.0;1317.0;706.0;546.0;168.0;471.0;2128.0;706.0;310.0;2250.0;125.0;2161.0;8489.0;316.0;1161.0;8489.0;30.0;193.0;353.0;1687.0;4147.0;706.0;1038.0;353.0;992.0;1462.0;210.0;1161.0;211.0;793.0;4019.0;4683.0;8489.0;2375.0;448.0;810.0;417.0;125.0;950.0;619.0;634.0;1524.0;90.0;656.0;334.0;310.0;4153.0;433.0;755.0;1177.0;950.0;1127.0;2183.0;915.0;370.0;738.0;723.0;1190.0;783.0;837.0;10.0;3564.0;2905.0;1515.0;1012.0;353.0;9500.0
151;795.0;529.0;2458.0;229.0;356.0;315.0;468.0;889.0;913.0;261.0;756.0;410.0;8346.0;2284.0;1667.0;8571.0;756.0;1306.0;849.0;4310.0;302.0;959.0;4309.0;2213.0;1634.0;442.0;810.0;796.0;397.0;216.0;1622.0;491.0;1261.0;220.0;776.0;1367.0;810.0;913.0;1842.0;1685.0;382.0;468.0;1125.0;225.0;1340.0;2513.0;849.0;756.0;425.0;162.0;0.0;836.0;539.0;4317.0;1025.0;447.0;1622.0;394.0;465.0;1934.0;167.0;406.0;1883.0;4346.0;401.0;539.0;1183.0;889.0;735.0;9547.0;1635.0;425.0;4317.0;3828.0;979.0;756.0;501.0;468.0;1008.0;8346.0;447.0;587.0;756.0;979.0;574.0;701.0;1367.0;261.0;225.0;755.0;4400.0;979.0;2350.0;8346.0;1210.0;959.0;1440.0;881.0;491.0;4213.0;913.0;890.0;756.0;67.0;900.0;496.0;371.0;151.0;959.0;721.0;490.0;1896.0;2195.0;979.0;931.0;146.0;756.0;1153.0;1685.0;162.0;623.0;707.0;356.0;8346.0;2085.0;447.0;1622.0;1072.0;339.0;416.0;420.0;1842.0;4309.0;4729.0;959.0;315.0;1685.0;854.0;548.0;1685.0;8615.0;1015.0;1934.0;302.0;2065.0;1605.0;1685.0;1371.0;1222.0;1060.0;822.0;9014.0;340.0;1685.0;1842.0;1033.0;1406.0;289.0;889.0;810.0;1182.0;507.0;1685.0;1622.0;913.0;1028.0;356.0;465.0;1550.0;1115.0;420.0;184.0;1330.0;357.0;979.0;799.0;1685.0;4084.0;1995.0;848.0;406.0;406.0;377.0;1540.0;1835.0;8346.0;439.0;8346.0;406.0;756.0;913.0;348.0;962.0;799.0;698.0;216.0;979.0;418.0;1685.0;158.0;326.0;607.0;640.0;1072.0;480.0;846.0;646.0;1622.0;959.0;1540.0;973.0;1169.0;913.0;8346.0;756.0;1210.0;380.0;1409.0;1842.0;1685.0;1096.0;357.0;1019.0;900.0;465.0;447.0;690.0;729.0;1367.0;349.0;116.0;363.0;1308.0;534.0;458.0;1314.0;756.0;607.0;229.0;529.0;1966.0;756.0;394.0;2088.0;261.0;1999.0;8346.0;397.0;1213.0;8346.0;190.0;236.0;447.0;1842.0;4241.0;756.0;1064.0;447.0;982.0;1622.0;315.0;1213.0;283.0;631.0;4084.0;4690.0;8346.0;2213.0;290.0;854.0;491.0;261.0;1000.0;518.0;690.0;1685.0;239.0;687.0;468.0;394.0;4224.0;490.0;913.0;1022.0;1000.0;964.0;2084.0;962.0;348.0;717.0;834.0;1028.0;814.0;881.0;162.0;3433.0;2782.0;1605.0;1063.0;447.0;9600.0
152;280.0;438.0;3144.0;750.0;1170.0;1140.0;1125.0;252.0;1078.0;768.0;310.0;1246.0;8011.0;2509.0;1003.0;8256.0;310.0;1614.0;1516.0;4918.0;656.0;1202.0;5052.0;2428.0;1054.0;1277.0;1369.0;935.0;1205.0;770.0;1918.0;507.0;1697.0;979.0;321.0;755.0;1390.0;1078.0;1768.0;1935.0;1185.0;1125.0;467.0;852.0;2111.0;2405.0;1516.0;310.0;856.0;846.0;836.0;0.0;675.0;4910.0;412.0;1189.0;1918.0;1227.0;403.0;1534.0;998.0;1223.0;2149.0;5081.0;452.0;675.0;543.0;252.0;863.0;8736.0;1945.0;856.0;4910.0;4408.0;1748.0;310.0;846.0;1125.0;272.0;8011.0;1189.0;386.0;310.0;1748.0;1301.0;806.0;755.0;768.0;852.0;223.0;5063.0;1748.0;2573.0;8011.0;1574.0;1202.0;835.0;283.0;507.0;4878.0;1078.0;184.0;310.0;790.0;336.0;572.0;467.0;703.0;1202.0;340.0;382.0;1570.0;2439.0;1748.0;1298.0;891.0;310.0;397.0;1935.0;846.0;732.0;315.0;549.0;8011.0;1515.0;1189.0;1918.0;422.0;747.0;463.0;876.0;1768.0;5052.0;5561.0;1202.0;681.0;1935.0;278.0;455.0;1935.0;8294.0;372.0;1534.0;656.0;1507.0;1025.0;1935.0;1786.0;1551.0;285.0;254.0;8210.0;1075.0;1935.0;1768.0;1059.0;895.0;1087.0;252.0;1390.0;516.0;1298.0;1935.0;1918.0;1078.0;1232.0;1170.0;1216.0;1422.0;1936.0;435.0;694.0;1663.0;657.0;1748.0;343.0;1935.0;3325.0;1478.0;314.0;1223.0;1223.0;1192.0;975.0;2106.0;8011.0;917.0;8011.0;1223.0;310.0;1078.0;607.0;328.0;343.0;145.0;770.0;1748.0;451.0;1935.0;898.0;980.0;408.0;1034.0;422.0;670.0;167.0;1324.0;1918.0;1202.0;975.0;251.0;523.0;1078.0;8011.0;310.0;1574.0;612.0;796.0;1768.0;1935.0;1917.0;657.0;184.0;336.0;380.0;1189.0;356.0;410.0;755.0;943.0;951.0;961.0;812.0;364.0;485.0;478.0;310.0;408.0;1011.0;438.0;2220.0;310.0;589.0;2333.0;768.0;2250.0;8011.0;1158.0;517.0;8011.0;862.0;653.0;1189.0;1768.0;4924.0;310.0;1883.0;1189.0;147.0;1918.0;681.0;517.0;1056.0;1062.0;3325.0;5522.0;8011.0;2428.0;809.0;278.0;507.0;768.0;358.0;499.0;356.0;1935.0;803.0;255.0;1125.0;589.0;4970.0;462.0;1078.0;1113.0;358.0;1317.0;2818.0;328.0;1182.0;126.0;1516.0;1280.0;208.0;283.0;846.0;4015.0;3417.0;1025.0;403.0;1189.0;10000.0
153;822.0;692.0;2481.0;666.0;868.0;815.0;1003.0;869.0;1324.0;705.0;810.0;856.0;7816.0;1918.0;1206.0;8044.0;810.0;971.0;1388.0;4846.0;654.0;1404.0;4806.0;1840.0;1703.0;889.0;703.0;1182.0;910.0;670.0;2110.0;712.0;1027.0;759.0;833.0;1405.0;729.0;1324.0;2198.0;2161.0;901.0;1003.0;1119.0;726.0;1843.0;2012.0;1388.0;810.0;233.0;673.0;539.0;675.0;0.0;4854.0;1041.0;984.0;2110.0;797.0;567.0;2125.0;677.0;907.0;1534.0;4847.0;358.0;10.0;1193.0;869.0;1107.0;9350.0;1310.0;233.0;4854.0;3734.0;1492.0;810.0;932.0;1003.0;938.0;7816.0;984.0;710.0;810.0;1492.0;1111.0;1056.0;1405.0;705.0;726.0;752.0;4926.0;1492.0;1984.0;7816.0;914.0;1404.0;1486.0;883.0;712.0;4740.0;1324.0;826.0;810.0;553.0;927.0;767.0;467.0;534.0;1404.0;801.0;579.0;2129.0;1838.0;1492.0;629.0;679.0;810.0;1071.0;2161.0;673.0;95.0;772.0;603.0;7816.0;2168.0;984.0;2110.0;1068.0;755.0;308.0;887.0;2198.0;4806.0;5106.0;1404.0;688.0;2161.0;863.0;727.0;2161.0;8087.0;1010.0;2125.0;654.0;2157.0;1673.0;2161.0;1121.0;900.0;960.0;825.0;8833.0;879.0;2161.0;2198.0;528.0;903.0;816.0;869.0;729.0;1174.0;1025.0;2161.0;2110.0;1324.0;610.0;868.0;1000.0;1028.0;1568.0;355.0;566.0;1821.0;707.0;1492.0;864.0;2161.0;3987.0;2114.0;881.0;907.0;907.0;885.0;1616.0;1489.0;7816.0;289.0;7816.0;907.0;810.0;1324.0;656.0;957.0;864.0;544.0;670.0;1492.0;326.0;2161.0;464.0;853.0;747.0;360.0;1068.0;819.0;789.0;706.0;2110.0;1404.0;1616.0;910.0;1174.0;1324.0;7816.0;810.0;914.0;692.0;1448.0;2198.0;2161.0;1552.0;707.0;816.0;927.0;400.0;984.0;786.0;852.0;1405.0;860.0;627.0;877.0;808.0;624.0;658.0;1088.0;810.0;747.0;766.0;692.0;1611.0;810.0;686.0;1730.0;705.0;1644.0;7816.0;932.0;1183.0;7816.0;703.0;578.0;984.0;2198.0;4763.0;810.0;1524.0;984.0;782.0;2110.0;688.0;1183.0;819.0;391.0;3987.0;5064.0;7816.0;1840.0;287.0;863.0;712.0;705.0;994.0;183.0;786.0;2161.0;710.0;708.0;1003.0;686.0;4721.0;672.0;1324.0;543.0;994.0;652.0;2176.0;957.0;819.0;559.0;1372.0;642.0;791.0;883.0;673.0;3340.0;2745.0;1673.0;1051.0;984.0;10100.0
154;4671.0;4476.0;4922.0;4247.0;3994.0;4049.0;3867.0;4760.0;3872.0;4215.0;4626.0;4046.0;12563.0;6105.0;5903.0;12768.0;4626.0;5298.0;3469.0;113.0;4311.0;3737.0;1411.0;6066.0;4801.0;4017.0;4730.0;3999.0;3952.0;4235.0;3107.0;4409.0;5105.0;4098.0;4625.0;4798.0;4697.0;3872.0;3742.0;3144.0;3958.0;3867.0;4811.0;4161.0;3089.0;6686.0;3469.0;4626.0;4691.0;4201.0;4317.0;4910.0;4854.0;0.0;4743.0;3870.0;3107.0;4124.0;4545.0;4463.0;4179.0;3962.0;5745.0;1332.0;4645.0;4854.0;4799.0;4760.0;4062.0;12189.0;5511.0;4691.0;10.0;6200.0;3393.0;4626.0;4071.0;3867.0;4874.0;12563.0;3870.0;4524.0;4626.0;3393.0;3743.0;4116.0;4798.0;4215.0;4161.0;4701.0;608.0;3393.0;6159.0;12563.0;5174.0;3737.0;4802.0;4727.0;4409.0;598.0;3872.0;4820.0;4626.0;4313.0;4694.0;4341.0;4548.0;4358.0;3737.0;4586.0;4559.0;4293.0;6009.0;3393.0;5011.0;4183.0;4626.0;4955.0;3144.0;4201.0;4933.0;4605.0;4411.0;12563.0;4906.0;3870.0;3107.0;4792.0;4203.0;4683.0;4061.0;3742.0;1411.0;3322.0;3737.0;4278.0;3144.0;4710.0;4456.0;3144.0;12818.0;4775.0;4463.0;4311.0;4869.0;4794.0;3144.0;5196.0;5221.0;4942.0;4708.0;11591.0;3977.0;3144.0;3742.0;5301.0;5702.0;4038.0;4760.0;4697.0;4834.0;3838.0;3144.0;3107.0;3872.0;5206.0;3994.0;3853.0;5818.0;3456.0;4663.0;4340.0;3293.0;4287.0;3393.0;4617.0;3144.0;6847.0;4748.0;4674.0;3962.0;3962.0;3979.0;4753.0;5703.0;12563.0;4673.0;12563.0;3962.0;4626.0;3872.0;4344.0;4761.0;4617.0;4835.0;4235.0;3393.0;4676.0;3144.0;4400.0;4023.0;4502.0;4829.0;4792.0;4244.0;4795.0;4501.0;3107.0;3737.0;4753.0;4850.0;4805.0;3872.0;12563.0;4626.0;5174.0;4326.0;4808.0;3742.0;3144.0;3463.0;4287.0;5058.0;4694.0;4676.0;3870.0;4563.0;4525.0;4798.0;4034.0;4227.0;4015.0;5603.0;4559.0;4441.0;5274.0;4626.0;4502.0;4088.0;4476.0;5824.0;4626.0;4346.0;5928.0;4215.0;5851.0;12563.0;3922.0;4888.0;12563.0;4173.0;4355.0;3870.0;3742.0;773.0;4626.0;3476.0;3870.0;5032.0;3107.0;4278.0;4888.0;4035.0;4797.0;6847.0;3336.0;12563.0;6066.0;4579.0;4710.0;4409.0;4215.0;4771.0;4820.0;4563.0;3144.0;4193.0;4656.0;3867.0;4346.0;1434.0;4458.0;3872.0;5266.0;4771.0;5044.0;4534.0;4761.0;4061.0;4847.0;3483.0;5170.0;4741.0;4727.0;4201.0;5937.0;5315.0;4794.0;4802.0;3870.0;5500.0
155;235.0;499.0;3450.0;855.0;1293.0;1280.0;1152.0;173.0;872.0;853.0;269.0;1408.0;8348.0;2917.0;1286.0;8598.0;269.0;2004.0;1495.0;4759.0;752.0;1008.0;4997.0;2836.0;662.0;1434.0;1699.0;755.0;1318.0;876.0;1672.0;550.0;2067.0;1092.0;249.0;366.0;1715.0;872.0;1399.0;1669.0;1295.0;1152.0;102.0;946.0;2132.0;2809.0;1495.0;269.0;1182.0;967.0;1025.0;412.0;1041.0;4743.0;0.0;1254.0;1672.0;1412.0;568.0;1121.0;1161.0;1347.0;2550.0;5019.0;733.0;1041.0;160.0;173.0;705.0;8538.0;2339.0;1182.0;4743.0;4760.0;1783.0;269.0;808.0;1152.0;172.0;8348.0;1254.0;438.0;269.0;1783.0;1342.0;660.0;366.0;853.0;946.0;295.0;4942.0;1783.0;2981.0;8348.0;1954.0;1008.0;446.0;159.0;550.0;4759.0;872.0;230.0;269.0;963.0;126.0;579.0;682.0;874.0;1008.0;304.0;544.0;1161.0;2844.0;1783.0;1670.0;1021.0;269.0;213.0;1669.0;967.0;1112.0;318.0;671.0;8348.0;1127.0;1254.0;1672.0;55.0;797.0;766.0;880.0;1399.0;4997.0;5649.0;1008.0;760.0;1669.0;182.0;486.0;1669.0;8634.0;45.0;1121.0;752.0;1116.0;632.0;1669.0;2162.0;1937.0;223.0;220.0;8000.0;1154.0;1669.0;1399.0;1467.0;1259.0;1206.0;173.0;1715.0;157.0;1387.0;1669.0;1672.0;872.0;1628.0;1293.0;1284.0;1832.0;2029.0;724.0;846.0;1451.0;720.0;1783.0;227.0;1669.0;3059.0;1076.0;178.0;1347.0;1347.0;1315.0;576.0;2507.0;8348.0;1238.0;8348.0;1347.0;269.0;872.0;698.0;86.0;227.0;505.0;876.0;1783.0;750.0;1669.0;1135.0;1041.0;422.0;1387.0;55.0;657.0;258.0;1613.0;1672.0;1008.0;576.0;173.0;145.0;872.0;8348.0;269.0;1954.0;679.0;409.0;1399.0;1669.0;2009.0;720.0;419.0;126.0;666.0;1254.0;336.0;312.0;366.0;987.0;1125.0;1000.0;1187.0;496.0;570.0;538.0;269.0;422.0;1131.0;499.0;2623.0;269.0;658.0;2738.0;853.0;2654.0;8348.0;1241.0;196.0;8348.0;972.0;794.0;1254.0;1399.0;4820.0;269.0;1973.0;1254.0;418.0;1672.0;760.0;196.0;1163.0;1409.0;3059.0;5613.0;8348.0;2836.0;1101.0;182.0;550.0;853.0;55.0;858.0;336.0;1669.0;894.0;353.0;1152.0;658.0;4920.0;538.0;872.0;1517.0;55.0;1693.0;3096.0;86.0;1337.0;494.0;1503.0;1671.0;250.0;159.0;967.0;4365.0;3747.0;632.0;60.0;1254.0;9800.0
156;1059.0;783.0;2473.0;439.0;177.0;228.0;138.0;1163.0;771.0;423.0;1011.0;327.0;8774.0;2598.0;2095.0;8996.0;1011.0;1635.0;406.0;3863.0;535.0;752.0;3883.0;2533.0;1762.0;326.0;1073.0;719.0;155.0;419.0;1287.0;718.0;1536.0;232.0;1024.0;1541.0;1058.0;771.0;1678.0;1369.0;140.0;138.0;1355.0;337.0;924.0;2920.0;406.0;1011.0;839.0;353.0;447.0;1189.0;984.0;3870.0;1254.0;0.0;1287.0;399.0;786.0;1936.0;317.0;193.0;2195.0;3917.0;810.0;984.0;1395.0;1163.0;696.0;9780.0;1942.0;839.0;3870.0;3906.0;559.0;1011.0;474.0;138.0;1293.0;8774.0;10.0;847.0;1011.0;559.0;127.0;698.0;1541.0;423.0;337.0;1045.0;3955.0;559.0;2663.0;8774.0;1524.0;752.0;1602.0;1143.0;718.0;3769.0;771.0;1188.0;1011.0;450.0;1142.0;677.0;739.0;513.0;752.0;968.0;808.0;1861.0;2505.0;559.0;1275.0;322.0;1011.0;1428.0;1369.0;353.0;1065.0;968.0;641.0;8774.0;2175.0;10.0;1287.0;1308.0;461.0;838.0;383.0;1678.0;3883.0;4399.0;752.0;514.0;1369.0;1117.0;783.0;1369.0;9041.0;1260.0;1936.0;535.0;2149.0;1735.0;1369.0;1647.0;1549.0;1356.0;1094.0;9235.0;116.0;1369.0;1678.0;1458.0;1849.0;177.0;1163.0;1058.0;1407.0;144.0;1369.0;1287.0;771.0;1416.0;177.0;30.0;1978.0;775.0;830.0;507.0;1002.0;547.0;559.0;1037.0;1369.0;4266.0;2059.0;1097.0;193.0;193.0;180.0;1669.0;2147.0;8774.0;834.0;8774.0;193.0;1011.0;771.0;587.0;1215.0;1037.0;1070.0;419.0;559.0;836.0;1369.0;541.0;215.0;848.0;1019.0;1308.0;598.0;1148.0;850.0;1287.0;752.0;1669.0;1258.0;1387.0;771.0;8774.0;1011.0;1524.0;592.0;1578.0;1678.0;1369.0;754.0;547.0;1369.0;1142.0;859.0;10.0;936.0;943.0;1541.0;267.0;362.0;255.0;1750.0;833.0;718.0;1652.0;1011.0;848.0;219.0;783.0;2280.0;1011.0;615.0;2401.0;423.0;2312.0;8774.0;56.0;1450.0;8774.0;331.0;540.0;10.0;1678.0;3799.0;1011.0;719.0;10.0;1334.0;1287.0;514.0;1450.0;165.0;998.0;4266.0;4363.0;8774.0;2533.0;716.0;1117.0;718.0;423.0;1247.0;960.0;936.0;1369.0;386.0;980.0;138.0;615.0;3800.0;748.0;771.0;1437.0;1247.0;1310.0;2055.0;1215.0;282.0;1087.0;388.0;1402.0;1103.0;1143.0;353.0;3518.0;2836.0;1735.0;1305.0;10.0;9200.0
157;1649.0;1527.0;3603.0;1445.0;1464.0;1514.0;1189.0;1723.0;841.0;1406.0;1611.0;1607.0;9894.0;3881.0;2917.0;10131.0;1611.0;2909.0;993.0;3134.0;1460.0;726.0;3570.0;3814.0;1705.0;1598.0;2359.0;988.0;1438.0;1444.0;10.0;1471.0;2823.0;1430.0;1604.0;1693.0;2345.0;841.0;801.0;113.0;1427.0;1189.0;1729.0;1401.0;1361.0;4121.0;993.0;1611.0;2045.0;1462.0;1622.0;1918.0;2110.0;3107.0;1672.0;1287.0;0.0;1684.0;1630.0;1463.0;1566.0;1473.0;3477.0;3573.0;1796.0;2110.0;1708.0;1723.0;1063.0;9518.0;3224.0;2045.0;3107.0;5073.0;1262.0;1611.0;1180.0;1189.0;1821.0;9894.0;1287.0;1556.0;1611.0;1262.0;1208.0;1121.0;1693.0;1406.0;1401.0;1696.0;3371.0;1262.0;3946.0;9894.0;2803.0;726.0;1696.0;1687.0;1471.0;3195.0;841.0;1791.0;1611.0;1582.0;1646.0;1402.0;1681.0;1579.0;726.0;1578.0;1635.0;1303.0;3789.0;1262.0;2540.0;1478.0;1611.0;1880.0;113.0;1462.0;2204.0;1603.0;1532.0;9894.0;1884.0;1287.0;10.0;1716.0;1355.0;1844.0;1224.0;801.0;3570.0;4634.0;726.0;1425.0;113.0;1676.0;1497.0;113.0;10172.0;1709.0;1463.0;1460.0;1846.0;1695.0;113.0;2934.0;2824.0;1886.0;1683.0;8943.0;1335.0;113.0;801.0;2634.0;2794.0;1447.0;1723.0;2345.0;1745.0;1368.0;113.0;10.0;841.0;2650.0;1464.0;1294.0;3136.0;1595.0;1809.0;1545.0;292.0;1412.0;1262.0;1589.0;113.0;3991.0;1725.0;1637.0;1473.0;1473.0;1466.0;1651.0;3429.0;9894.0;2060.0;9894.0;1473.0;1611.0;841.0;1469.0;1705.0;1589.0;1883.0;1444.0;1262.0;1831.0;113.0;1766.0;1301.0;1524.0;2259.0;1716.0;1321.0;1776.0;2137.0;10.0;726.0;1651.0;1802.0;1715.0;841.0;9894.0;1611.0;2803.0;1437.0;1702.0;801.0;113.0;1581.0;1412.0;2035.0;1646.0;1798.0;1287.0;1562.0;1509.0;1693.0;1273.0;1592.0;1258.0;2702.0;1616.0;1518.0;2210.0;1611.0;1524.0;1447.0;1527.0;3562.0;1611.0;1450.0;3684.0;1406.0;3594.0;9894.0;1339.0;1798.0;9894.0;1433.0;1532.0;1287.0;801.0;3281.0;1611.0;1556.0;1287.0;2016.0;10.0;1425.0;1798.0;1409.0;2247.0;3991.0;4610.0;9894.0;3814.0;1910.0;1676.0;1471.0;1406.0;1708.0;2002.0;1562.0;113.0;1406.0;1668.0;1189.0;1450.0;3504.0;1523.0;841.0;2635.0;1708.0;2575.0;3156.0;1705.0;1569.0;1891.0;1027.0;2648.0;1724.0;1687.0;1462.0;4696.0;3997.0;1695.0;1729.0;1287.0;8100.0
158;1186.0;913.0;2128.0;568.0;225.0;186.0;519.0;1282.0;1131.0;581.0;1145.0;83.0;8466.0;2212.0;1995.0;8682.0;1145.0;1262.0;746.0;4108.0;665.0;1133.0;4013.0;2149.0;2000.0;107.0;686.0;1050.0;246.0;547.0;1684.0;866.0;1145.0;361.0;1163.0;1744.0;668.0;1131.0;2057.0;1768.0;259.0;519.0;1513.0;497.0;1061.0;2592.0;746.0;1145.0;590.0;456.0;394.0;1227.0;797.0;4124.0;1412.0;399.0;1684.0;0.0;859.0;2250.0;252.0;212.0;1810.0;4055.0;781.0;797.0;1567.0;1282.0;1007.0;9941.0;1556.0;590.0;4124.0;3538.0;731.0;1145.0;761.0;519.0;1402.0;8466.0;399.0;974.0;1145.0;731.0;481.0;991.0;1744.0;581.0;497.0;1149.0;4160.0;731.0;2276.0;8466.0;1146.0;1133.0;1815.0;1272.0;866.0;3974.0;1131.0;1284.0;1145.0;451.0;1288.0;856.0;764.0;541.0;1133.0;1108.0;884.0;2192.0;2118.0;731.0;919.0;402.0;1145.0;1547.0;1768.0;456.0;854.0;1096.0;740.0;8466.0;2440.0;399.0;1684.0;1461.0;655.0;785.0;662.0;2057.0;4013.0;4350.0;1133.0;665.0;1768.0;1245.0;928.0;1768.0;8729.0;1404.0;2250.0;665.0;2418.0;1971.0;1768.0;1255.0;1177.0;1455.0;1213.0;9407.0;387.0;1768.0;2057.0;1180.0;1700.0;273.0;1282.0;668.0;1569.0;329.0;1768.0;1684.0;1131.0;1090.0;225.0;391.0;1694.0;771.0;799.0;566.0;1400.0;709.0;731.0;1185.0;1768.0;4470.0;2339.0;1237.0;212.0;212.0;220.0;1905.0;1762.0;8466.0;560.0;8466.0;212.0;1145.0;1131.0;718.0;1353.0;1185.0;1086.0;547.0;731.0;791.0;1768.0;350.0;480.0;990.0;705.0;1461.0;812.0;1240.0;455.0;1684.0;1133.0;1905.0;1367.0;1555.0;1131.0;8466.0;1145.0;1146.0;743.0;1785.0;2057.0;1768.0;754.0;709.0;1409.0;1288.0;850.0;399.0;1076.0;1108.0;1744.0;539.0;287.0;541.0;1605.0;926.0;841.0;1704.0;1145.0;990.0;321.0;913.0;1895.0;1145.0;762.0;2015.0;581.0;1927.0;8466.0;352.0;1603.0;8466.0;462.0;617.0;399.0;2057.0;3988.0;1145.0;726.0;399.0;1371.0;1684.0;665.0;1603.0;325.0;675.0;4470.0;4310.0;8466.0;2149.0;512.0;1245.0;866.0;581.0;1389.0;848.0;1076.0;1768.0;543.0;1080.0;519.0;762.0;3926.0;874.0;1131.0;1142.0;1389.0;953.0;1731.0;1353.0;120.0;1105.0;718.0;1063.0;1207.0;1272.0;456.0;3146.0;2474.0;1971.0;1452.0;399.0;9500.0
159;334.0;126.0;2885.0;347.0;775.0;750.0;724.0;424.0;802.0;364.0;300.0;866.0;8264.0;2484.0;1358.0;8501.0;300.0;1528.0;1120.0;4549.0;253.0;905.0;4653.0;2407.0;1207.0;896.0;1152.0;654.0;808.0;367.0;1630.0;161.0;1552.0;579.0;322.0;924.0;1164.0;802.0;1637.0;1665.0;787.0;724.0;666.0;449.0;1708.0;2536.0;1120.0;300.0;645.0;446.0;465.0;403.0;567.0;4545.0;568.0;786.0;1630.0;859.0;0.0;1577.0;616.0;829.0;2097.0;4683.0;209.0;567.0;728.0;424.0;577.0;9082.0;1868.0;645.0;4545.0;4214.0;1344.0;300.0;478.0;724.0;543.0;8264.0;786.0;151.0;300.0;1344.0;898.0;521.0;924.0;364.0;449.0;290.0;4680.0;1344.0;2550.0;8264.0;1459.0;905.0;1001.0;418.0;161.0;4495.0;802.0;426.0;300.0;409.0;442.0;229.0;118.0;318.0;905.0;273.0;25.0;1570.0;2404.0;1344.0;1168.0;494.0;300.0;688.0;1665.0;446.0;657.0;252.0;146.0;8264.0;1668.0;786.0;1630.0;613.0;350.0;258.0;487.0;1637.0;4653.0;5167.0;905.0;280.0;1665.0;392.0;160.0;1665.0;8542.0;554.0;1577.0;253.0;1652.0;1177.0;1665.0;1654.0;1452.0;597.0;358.0;8549.0;672.0;1665.0;1637.0;1077.0;1176.0;690.0;424.0;1164.0;723.0;897.0;1665.0;1630.0;802.0;1176.0;775.0;813.0;1539.0;1539.0;212.0;300.0;1355.0;262.0;1344.0;348.0;1665.0;3623.0;1595.0;390.0;829.0;829.0;797.0;1114.0;2052.0;8264.0;696.0;8264.0;829.0;300.0;802.0;207.0;500.0;348.0;294.0;367.0;1344.0;241.0;1665.0;566.0;577.0;186.0;869.0;613.0;313.0;382.0;1049.0;1630.0;905.0;1114.0;508.0;713.0;802.0;8264.0;300.0;1459.0;220.0;967.0;1637.0;1665.0;1519.0;262.0;584.0;442.0;177.0;786.0;246.0;303.0;924.0;542.0;573.0;560.0;1081.0;73.0;112.0;871.0;300.0;186.0;614.0;126.0;2176.0;300.0;199.0;2296.0;364.0;2208.0;8264.0;756.0;752.0;8264.0;461.0;254.0;786.0;1637.0;4537.0;300.0;1485.0;786.0;549.0;1630.0;280.0;752.0;656.0;882.0;3623.0;5129.0;8264.0;2407.0;545.0;392.0;161.0;364.0;539.0;407.0;246.0;1665.0;400.0;223.0;724.0;199.0;4571.0;112.0;802.0;1104.0;539.0;1195.0;2528.0;500.0;799.0;309.0;1118.0;1204.0;349.0;418.0;446.0;3819.0;3189.0;1177.0;602.0;786.0;9700.0
160;1309.0;1460.0;4377.0;1709.0;2058.0;2074.0;1799.0;1288.0;1185.0;1685.0;1316.0;2211.0;9289.0;4030.0;2261.0;9551.0;1316.0;3096.0;1950.0;4506.0;1633.0;1258.0;5031.0;3950.0;566.0;2226.0;2717.0;1217.0;2064.0;1726.0;1463.0;1468.0;3129.0;1889.0;1294.0;815.0;2725.0;1185.0;722.0;1386.0;2041.0;1799.0;1078.0;1758.0;2559.0;3914.0;1950.0;1316.0;2220.0;1808.0;1934.0;1534.0;2125.0;4463.0;1121.0;1936.0;1463.0;2250.0;1577.0;0.0;2010.0;2102.0;3656.0;5032.0;1780.0;2125.0;1005.0;1288.0;1247.0;8075.0;3435.0;2220.0;4463.0;5761.0;2296.0;1316.0;1490.0;1799.0;1275.0;9289.0;1936.0;1426.0;1316.0;2296.0;1958.0;1259.0;815.0;1685.0;1758.0;1382.0;4790.0;2296.0;4095.0;9289.0;3034.0;1258.0;747.0;1264.0;1468.0;4620.0;1185.0;1351.0;1316.0;1867.0;1214.0;1444.0;1693.0;1796.0;1258.0;1324.0;1559.0;171.0;3955.0;2296.0;2743.0;1859.0;1316.0;1207.0;1386.0;1808.0;2206.0;1353.0;1608.0;9289.0;444.0;1936.0;1463.0;1116.0;1606.0;1824.0;1590.0;722.0;5031.0;6035.0;1258.0;1619.0;1386.0;1278.0;1429.0;1386.0;9583.0;1162.0;10.0;1633.0;406.0;585.0;1386.0;3231.0;3023.0;1297.0;1314.0;7506.0;1886.0;1386.0;722.0;2584.0;2329.0;1985.0;1288.0;2725.0;1041.0;2079.0;1386.0;1463.0;1185.0;2729.0;2058.0;1962.0;2949.0;2622.0;1778.0;1756.0;1435.0;1576.0;2296.0;1263.0;1386.0;2534.0;288.0;1254.0;2102.0;2102.0;2075.0;604.0;3611.0;9289.0;2269.0;9289.0;2102.0;1316.0;1185.0;1593.0;1206.0;1263.0;1616.0;1726.0;2296.0;1806.0;1386.0;2081.0;1776.0;1391.0;2445.0;1116.0;1455.0;1375.0;2579.0;1463.0;1258.0;604.0;1288.0;1025.0;1185.0;9289.0;1316.0;3034.0;1557.0;784.0;722.0;1386.0;2602.0;1576.0;1509.0;1214.0;1727.0;1936.0;1341.0;1277.0;815.0;1715.0;1996.0;1717.0;2270.0;1510.0;1516.0;1472.0;1316.0;1391.0;1929.0;1460.0;3731.0;1316.0;1547.0;3847.0;1685.0;3762.0;9289.0;1954.0;1064.0;9289.0;1796.0;1708.0;1936.0;722.0;4718.0;1316.0;2568.0;1936.0;1519.0;1463.0;1619.0;1064.0;1932.0;2459.0;2534.0;6007.0;9289.0;3950.0;2112.0;1278.0;1468.0;1685.0;1175.0;1947.0;1341.0;1386.0;1718.0;1418.0;1799.0;1547.0;4966.0;1491.0;1185.0;2630.0;1175.0;2769.0;3978.0;1206.0;2142.0;1608.0;1976.0;2766.0;1355.0;1264.0;1808.0;5367.0;4713.0;585.0;1136.0;1936.0;9100.0
161;938.0;662.0;2367.0;316.0;194.0;148.0;379.0;1035.0;925.0;331.0;896.0;250.0;8457.0;2317.0;1830.0;8679.0;896.0;1344.0;722.0;4170.0;413.0;948.0;4148.0;2249.0;1748.0;280.0;806.0;828.0;236.0;295.0;1566.0;614.0;1269.0;142.0;914.0;1492.0;798.0;925.0;1859.0;1638.0;224.0;379.0;1263.0;253.0;1178.0;2605.0;722.0;896.0;522.0;205.0;167.0;998.0;677.0;4179.0;1161.0;317.0;1566.0;252.0;616.0;2010.0;0.0;240.0;1913.0;4185.0;567.0;677.0;1316.0;1035.0;778.0;9695.0;1662.0;522.0;4179.0;3761.0;821.0;896.0;531.0;379.0;1158.0;8457.0;317.0;724.0;896.0;821.0;440.0;755.0;1492.0;331.0;253.0;904.0;4250.0;821.0;2382.0;8457.0;1239.0;948.0;1562.0;1024.0;614.0;4064.0;925.0;1042.0;896.0;209.0;1038.0;604.0;531.0;298.0;948.0;858.0;641.0;1960.0;2225.0;821.0;976.0;152.0;896.0;1302.0;1638.0;205.0;754.0;847.0;491.0;8457.0;2190.0;317.0;1566.0;1211.0;407.0;583.0;436.0;1859.0;4148.0;4564.0;948.0;413.0;1638.0;997.0;676.0;1638.0;8724.0;1155.0;2010.0;413.0;2168.0;1719.0;1638.0;1380.0;1258.0;1213.0;966.0;9159.0;234.0;1638.0;1859.0;1141.0;1562.0;142.0;1035.0;798.0;1319.0;349.0;1638.0;1566.0;925.0;1104.0;194.0;329.0;1661.0;948.0;587.0;318.0;1274.0;457.0;821.0;934.0;1638.0;4218.0;2092.0;987.0;240.0;240.0;213.0;1654.0;1865.0;8457.0;518.0;8457.0;240.0;896.0;925.0;466.0;1104.0;934.0;863.0;295.0;821.0;585.0;1638.0;224.0;277.0;739.0;707.0;1211.0;563.0;998.0;607.0;1566.0;948.0;1654.0;1123.0;1304.0;925.0;8457.0;896.0;1239.0;491.0;1533.0;1859.0;1638.0;929.0;457.0;1182.0;1038.0;631.0;317.0;826.0;856.0;1492.0;326.0;53.0;333.0;1464.0;680.0;591.0;1476.0;896.0;739.0;118.0;662.0;1998.0;896.0;509.0;2120.0;331.0;2030.0;8457.0;262.0;1353.0;8457.0;215.0;368.0;317.0;1859.0;4088.0;896.0;897.0;317.0;1145.0;1566.0;413.0;1353.0;161.0;689.0;4218.0;4525.0;8457.0;2249.0;401.0;997.0;614.0;331.0;1140.0;678.0;826.0;1638.0;294.0;835.0;379.0;509.0;4063.0;623.0;925.0;1120.0;1140.0;1010.0;1978.0;1104.0;184.0;882.0;703.0;1094.0;963.0;1024.0;205.0;3368.0;2704.0;1719.0;1203.0;317.0;9500.0
162;1134.0;855.0;2290.0;495.0;55.0;93.0;323.0;1236.0;953.0;494.0;1090.0;135.0;8648.0;2423.0;2070.0;8867.0;1090.0;1468.0;542.0;3950.0;598.0;941.0;3909.0;2359.0;1895.0;134.0;897.0;888.0;40.0;473.0;1473.0;797.0;1357.0;255.0;1105.0;1657.0;879.0;953.0;1867.0;1557.0;61.0;323.0;1449.0;401.0;940.0;2781.0;542.0;1090.0;729.0;385.0;406.0;1223.0;907.0;3962.0;1347.0;193.0;1473.0;212.0;829.0;2102.0;240.0;0.0;2020.0;3947.0;804.0;907.0;1496.0;1236.0;856.0;9885.0;1767.0;729.0;3962.0;3718.0;585.0;1090.0;618.0;323.0;1363.0;8648.0;193.0;919.0;1090.0;585.0;270.0;849.0;1657.0;494.0;401.0;1109.0;4020.0;585.0;2487.0;8648.0;1354.0;941.0;1723.0;1221.0;797.0;3834.0;953.0;1251.0;1090.0;437.0;1228.0;771.0;757.0;520.0;941.0;1049.0;854.0;2034.0;2329.0;585.0;1117.0;335.0;1090.0;1504.0;1557.0;385.0;978.0;1043.0;693.0;8648.0;2321.0;193.0;1473.0;1399.0;555.0;822.0;519.0;1867.0;3909.0;4339.0;941.0;587.0;1557.0;1194.0;863.0;1557.0;8912.0;1346.0;2102.0;598.0;2296.0;1867.0;1557.0;1467.0;1383.0;1422.0;1166.0;9345.0;217.0;1557.0;1867.0;1342.0;1799.0;141.0;1236.0;879.0;1503.0;127.0;1557.0;1473.0;953.0;1275.0;55.0;180.0;1861.0;714.0;824.0;530.0;1189.0;627.0;585.0;1122.0;1557.0;4388.0;2211.0;1180.0;10.0;10.0;32.0;1801.0;1972.0;8648.0;712.0;8648.0;10.0;1090.0;953.0;653.0;1298.0;1122.0;1092.0;473.0;585.0;823.0;1557.0;443.0;331.0;928.0;882.0;1399.0;708.0;1208.0;667.0;1473.0;941.0;1801.0;1328.0;1486.0;953.0;8648.0;1090.0;1354.0;668.0;1696.0;1867.0;1557.0;694.0;627.0;1407.0;1228.0;864.0;193.0;1016.0;1036.0;1657.0;392.0;293.0;388.0;1702.0;888.0;785.0;1698.0;1090.0;928.0;217.0;855.0;2105.0;1090.0;690.0;2226.0;494.0;2137.0;8648.0;154.0;1542.0;8648.0;377.0;575.0;193.0;1867.0;3856.0;1090.0;661.0;193.0;1370.0;1473.0;587.0;1542.0;185.0;856.0;4388.0;4300.0;8648.0;2359.0;623.0;1194.0;797.0;494.0;1332.0;918.0;1016.0;1557.0;453.0;1041.0;323.0;690.0;3824.0;817.0;953.0;1312.0;1332.0;1152.0;1879.0;1298.0;106.0;1111.0;516.0;1254.0;1168.0;1221.0;385.0;3328.0;2649.0;1867.0;1393.0;193.0;9300.0
163;2347.0;2221.0;1679.0;2096.0;2020.0;1967.0;2289.0;2378.0;2791.0;2133.0;2340.0;1892.0;6846.0;404.0;2024.0;7038.0;2340.0;579.0;2554.0;5711.0;2127.0;2841.0;5333.0;339.0;3203.0;1909.0;1124.0;2663.0;2051.0;2089.0;3477.0;2233.0;671.0;2052.0;2362.0;2904.0;1143.0;2791.0;3706.0;3551.0;2059.0;2289.0;2615.0;2107.0;2689.0;1097.0;2554.0;2340.0;1486.0;2044.0;1883.0;2149.0;1534.0;5745.0;2550.0;2195.0;3477.0;1810.0;2097.0;3656.0;1913.0;2020.0;0.0;5396.0;1888.0;1534.0;2691.0;2378.0;2594.0;10348.0;254.0;1486.0;5745.0;2467.0;2458.0;2340.0;2378.0;2289.0;2421.0;6846.0;2195.0;2243.0;2340.0;2458.0;2290.0;2551.0;2904.0;2133.0;2107.0;2275.0;5669.0;2458.0;469.0;6846.0;675.0;2841.0;2984.0;2398.0;2233.0;5490.0;2791.0;2324.0;2340.0;1935.0;2446.0;2279.0;1990.0;1969.0;2841.0;2334.0;2111.0;3663.0;313.0;2458.0;953.0;2017.0;2340.0;2532.0;3551.0;2044.0;1450.0;2304.0;2107.0;6846.0;3663.0;2195.0;3477.0;2568.0;2204.0;1841.0;2303.0;3706.0;5333.0;5059.0;2841.0;2154.0;3551.0;2381.0;2256.0;3551.0;7090.0;2514.0;3656.0;2127.0;3656.0;3174.0;3551.0;565.0;661.0;2423.0;2345.0;9872.0;2142.0;3551.0;3706.0;1095.0;1688.0;2031.0;2378.0;1143.0;2665.0;2138.0;3551.0;3477.0;2791.0;926.0;2020.0;2193.0;982.0;2307.0;1888.0;2010.0;3187.0;2186.0;2458.0;2393.0;3551.0;5261.0;3625.0;2404.0;2020.0;2020.0;2022.0;3122.0;48.0;6846.0;1454.0;6846.0;2020.0;2340.0;2791.0;2146.0;2464.0;2393.0;2046.0;2089.0;2458.0;1859.0;3551.0;1727.0;2185.0;2281.0;1254.0;2568.0;2310.0;2293.0;1356.0;3477.0;2841.0;3122.0;2399.0;2672.0;2791.0;6846.0;2340.0;675.0;2185.0;2945.0;3706.0;3551.0;2302.0;2186.0;2233.0;2446.0;1934.0;2195.0;2319.0;2386.0;2904.0;2223.0;1891.0;2235.0;1671.0;2158.0;2180.0;2425.0;2340.0;2281.0;2031.0;2221.0;85.0;2340.0;2185.0;207.0;2133.0;117.0;6846.0;2142.0;2663.0;6846.0;2071.0;2043.0;2195.0;3706.0;5465.0;2340.0;2296.0;2195.0;2209.0;3477.0;2154.0;2663.0;2068.0;1255.0;5261.0;5009.0;6846.0;339.0;1617.0;2381.0;2233.0;2133.0;2499.0;1710.0;2319.0;3551.0;2119.0;2238.0;2289.0;2185.0;5242.0;2197.0;2791.0;1036.0;2499.0;921.0;1671.0;2464.0;1918.0;2056.0;2524.0;893.0;2306.0;2398.0;2044.0;2102.0;1718.0;3174.0;2549.0;2195.0;11200.0
164;4890.0;4647.0;4243.0;4346.0;3992.0;4040.0;3960.0;4991.0;4172.0;4322.0;4842.0;3992.0;12227.0;5706.0;6010.0;12406.0;4842.0;5050.0;3564.0;1219.0;4431.0;4039.0;94.0;5683.0;5245.0;3959.0;4536.0;4269.0;3950.0;4329.0;3573.0;4577.0;4823.0;4146.0;4847.0;5167.0;4499.0;4172.0;4333.0;3646.0;3963.0;3960.0;5106.0;4247.0;3007.0;6435.0;3564.0;4842.0;4645.0;4270.0;4346.0;5081.0;4847.0;1332.0;5019.0;3917.0;3573.0;4055.0;4683.0;5032.0;4185.0;3947.0;5396.0;0.0;4727.0;4847.0;5113.0;4991.0;4315.0;13018.0;5191.0;4645.0;1332.0;5339.0;3366.0;4842.0;4246.0;3960.0;5117.0;12227.0;3917.0;4705.0;4842.0;3366.0;3795.0;4360.0;5167.0;4322.0;4247.0;4901.0;746.0;3366.0;5751.0;12227.0;4928.0;4039.0;5191.0;4962.0;4577.0;740.0;4172.0;5037.0;4842.0;4362.0;4941.0;4517.0;4652.0;4429.0;4039.0;4798.0;4702.0;4868.0;5616.0;3366.0;4835.0;4237.0;4842.0;5227.0;3646.0;4270.0;4909.0;4809.0;4538.0;12227.0;5457.0;3917.0;3573.0;5074.0;4335.0;4753.0;4206.0;4333.0;94.0;2007.0;4039.0;4403.0;3646.0;4940.0;4635.0;3646.0;12462.0;5043.0;5032.0;4431.0;5419.0;5231.0;3646.0;4894.0;4985.0;5186.0;4928.0;12431.0;4033.0;3646.0;4333.0;5206.0;5746.0;4058.0;4991.0;4499.0;5141.0;3839.0;3646.0;3573.0;4172.0;5055.0;3992.0;3893.0;5691.0;3294.0;4746.0;4423.0;3665.0;4425.0;3366.0;4848.0;3646.0;7540.0;5298.0;4909.0;3947.0;3947.0;3972.0;5178.0;5360.0;12227.0;4611.0;12227.0;3947.0;4842.0;4172.0;4476.0;5015.0;4848.0;4976.0;4329.0;3366.0;4751.0;3646.0;4384.0;4111.0;4693.0;4725.0;5074.0;4420.0;5003.0;4335.0;3573.0;4039.0;5178.0;5087.0;5114.0;4172.0;12227.0;4842.0;4928.0;4469.0;5187.0;4333.0;3646.0;3309.0;4425.0;5252.0;4941.0;4775.0;3917.0;4769.0;4749.0;5167.0;4141.0;4238.0;4123.0;5648.0;4716.0;4596.0;5511.0;4842.0;4693.0;4124.0;4647.0;5464.0;4842.0;4492.0;5552.0;4322.0;5487.0;12227.0;3958.0;5194.0;12227.0;4247.0;4452.0;3917.0;4333.0;562.0;4842.0;3333.0;3917.0;5220.0;3573.0;4403.0;5194.0;4071.0;4687.0;7540.0;2026.0;12227.0;5683.0;4560.0;4940.0;4577.0;4322.0;5035.0;4863.0;4769.0;3646.0;4290.0;4844.0;3960.0;4492.0;171.0;4620.0;4172.0;5152.0;5035.0;4863.0;3932.0;5015.0;4029.0;4992.0;3566.0;5004.0;4951.0;4962.0;4270.0;5134.0;4593.0;5231.0;5079.0;3917.0;6200.0
165;501.0;334.0;2722.0;398.0;752.0;715.0;783.0;570.0;985.0;430.0;478.0;808.0;8103.0;2275.0;1285.0;8337.0;478.0;1319.0;1186.0;4644.0;344.0;1077.0;4692.0;2197.0;1389.0;840.0;966.0;839.0;791.0;410.0;1796.0;357.0;1351.0;581.0;501.0;1098.0;982.0;985.0;1842.0;1838.0;774.0;783.0;824.0;487.0;1727.0;2344.0;1186.0;478.0;450.0;457.0;401.0;452.0;358.0;4645.0;733.0;810.0;1796.0;781.0;209.0;1780.0;567.0;804.0;1888.0;4727.0;0.0;358.0;892.0;570.0;763.0;9187.0;1659.0;450.0;4645.0;4029.0;1364.0;478.0;618.0;783.0;668.0;8103.0;810.0;356.0;478.0;1364.0;933.0;709.0;1098.0;430.0;487.0;439.0;4755.0;1364.0;2341.0;8103.0;1253.0;1077.0;1177.0;575.0;357.0;4569.0;985.0;548.0;478.0;369.0;610.0;416.0;116.0;297.0;1077.0;461.0;223.0;1777.0;2194.0;1364.0;963.0;490.0;478.0;813.0;1838.0;457.0;449.0;434.0;264.0;8103.0;1853.0;810.0;1796.0;770.0;454.0;51.0;597.0;1842.0;4692.0;5127.0;1077.0;379.0;1838.0;551.0;369.0;1838.0;8379.0;710.0;1780.0;344.0;1839.0;1358.0;1838.0;1451.0;1245.0;708.0;513.0;8660.0;694.0;1838.0;1842.0;874.0;1057.0;677.0;570.0;982.0;880.0;896.0;1838.0;1796.0;985.0;967.0;752.0;834.0;1349.0;1515.0;20.0;307.0;1513.0;385.0;1364.0;531.0;1838.0;3760.0;1787.0;560.0;804.0;804.0;774.0;1298.0;1842.0;8103.0;506.0;8103.0;804.0;478.0;985.0;327.0;655.0;531.0;308.0;410.0;1364.0;36.0;1838.0;446.0;626.0;393.0;666.0;770.0;480.0;504.0;888.0;1796.0;1077.0;1298.0;635.0;875.0;985.0;8103.0;478.0;1253.0;359.0;1141.0;1842.0;1838.0;1496.0;385.0;631.0;610.0;73.0;810.0;441.0;504.0;1098.0;610.0;517.0;629.0;959.0;271.0;303.0;926.0;478.0;393.0;606.0;334.0;1966.0;478.0;347.0;2086.0;430.0;1999.0;8103.0;769.0;901.0;8103.0;482.0;290.0;810.0;1842.0;4604.0;478.0;1464.0;810.0;594.0;1796.0;379.0;901.0;657.0;683.0;3760.0;5088.0;8103.0;2197.0;371.0;551.0;357.0;430.0;694.0;209.0;441.0;1838.0;452.0;382.0;783.0;347.0;4609.0;314.0;985.0;897.0;694.0;989.0;2381.0;655.0;748.0;327.0;1177.0;995.0;489.0;575.0;457.0;3634.0;3014.0;1358.0;756.0;810.0;9900.0
166;822.0;692.0;2481.0;666.0;868.0;815.0;1003.0;869.0;1324.0;705.0;810.0;856.0;7816.0;1918.0;1206.0;8044.0;810.0;971.0;1388.0;4846.0;654.0;1404.0;4806.0;1840.0;1703.0;889.0;703.0;1182.0;910.0;670.0;2110.0;712.0;1027.0;759.0;833.0;1405.0;729.0;1324.0;2198.0;2161.0;901.0;1003.0;1119.0;726.0;1843.0;2012.0;1388.0;810.0;233.0;673.0;539.0;675.0;10.0;4854.0;1041.0;984.0;2110.0;797.0;567.0;2125.0;677.0;907.0;1534.0;4847.0;358.0;0.0;1193.0;869.0;1107.0;9350.0;1310.0;233.0;4854.0;3734.0;1492.0;810.0;932.0;1003.0;938.0;7816.0;984.0;710.0;810.0;1492.0;1111.0;1056.0;1405.0;705.0;726.0;752.0;4926.0;1492.0;1984.0;7816.0;914.0;1404.0;1486.0;883.0;712.0;4740.0;1324.0;826.0;810.0;553.0;927.0;767.0;467.0;534.0;1404.0;801.0;579.0;2129.0;1838.0;1492.0;629.0;679.0;810.0;1071.0;2161.0;673.0;95.0;772.0;603.0;7816.0;2168.0;984.0;2110.0;1068.0;755.0;308.0;887.0;2198.0;4806.0;5106.0;1404.0;688.0;2161.0;863.0;727.0;2161.0;8087.0;1010.0;2125.0;654.0;2157.0;1673.0;2161.0;1121.0;900.0;960.0;825.0;8833.0;879.0;2161.0;2198.0;528.0;903.0;816.0;869.0;729.0;1174.0;1025.0;2161.0;2110.0;1324.0;610.0;868.0;1000.0;1028.0;1568.0;355.0;566.0;1821.0;707.0;1492.0;864.0;2161.0;3987.0;2114.0;881.0;907.0;907.0;885.0;1616.0;1489.0;7816.0;289.0;7816.0;907.0;810.0;1324.0;656.0;957.0;864.0;544.0;670.0;1492.0;326.0;2161.0;464.0;853.0;747.0;360.0;1068.0;819.0;789.0;706.0;2110.0;1404.0;1616.0;910.0;1174.0;1324.0;7816.0;810.0;914.0;692.0;1448.0;2198.0;2161.0;1552.0;707.0;816.0;927.0;400.0;984.0;786.0;852.0;1405.0;860.0;627.0;877.0;808.0;624.0;658.0;1088.0;810.0;747.0;766.0;692.0;1611.0;810.0;686.0;1730.0;705.0;1644.0;7816.0;932.0;1183.0;7816.0;703.0;578.0;984.0;2198.0;4763.0;810.0;1524.0;984.0;782.0;2110.0;688.0;1183.0;819.0;391.0;3987.0;5064.0;7816.0;1840.0;287.0;863.0;712.0;705.0;994.0;183.0;786.0;2161.0;710.0;708.0;1003.0;686.0;4721.0;672.0;1324.0;543.0;994.0;652.0;2176.0;957.0;819.0;559.0;1372.0;642.0;791.0;883.0;673.0;3340.0;2745.0;1673.0;1051.0;984.0;10100.0
167;395.0;655.0;3610.0;1007.0;1442.0;1432.0;1287.0;325.0;945.0;1003.0;428.0;1561.0;8389.0;3052.0;1320.0;8642.0;428.0;2151.0;1614.0;4820.0;905.0;1081.0;5094.0;2971.0;513.0;1587.0;1857.0;845.0;1466.0;1028.0;1708.0;703.0;2220.0;1242.0;408.0;213.0;1874.0;945.0;1358.0;1694.0;1443.0;1287.0;76.0;1095.0;2257.0;2909.0;1614.0;428.0;1340.0;1120.0;1183.0;543.0;1193.0;4799.0;160.0;1395.0;1708.0;1567.0;728.0;1005.0;1316.0;1496.0;2691.0;5113.0;892.0;1193.0;0.0;325.0;805.0;8389.0;2484.0;1340.0;4799.0;4917.0;1913.0;428.0;938.0;1287.0;274.0;8389.0;1395.0;595.0;428.0;1913.0;1477.0;766.0;213.0;1003.0;1095.0;453.0;5016.0;1913.0;3116.0;8389.0;2105.0;1081.0;294.0;317.0;703.0;4834.0;945.0;369.0;428.0;1120.0;286.0;725.0;842.0;1031.0;1081.0;461.0;704.0;1063.0;2982.0;1913.0;1822.0;1174.0;428.0;213.0;1694.0;1120.0;1261.0;478.0;828.0;8389.0;976.0;1395.0;1708.0;125.0;943.0;924.0;1016.0;1358.0;5094.0;5782.0;1081.0;911.0;1694.0;341.0;640.0;1694.0;8677.0;183.0;1005.0;905.0;967.0;483.0;1694.0;2313.0;2085.0;291.0;379.0;7849.0;1299.0;1694.0;1358.0;1602.0;1336.0;1356.0;325.0;1874.0;42.0;1531.0;1694.0;1708.0;945.0;1772.0;1442.0;1425.0;1945.0;2169.0;883.0;1003.0;1507.0;869.0;1913.0;384.0;1694.0;2902.0;935.0;338.0;1496.0;1496.0;1464.0;432.0;2649.0;8389.0;1397.0;8389.0;1496.0;428.0;945.0;851.0;238.0;384.0;652.0;1028.0;1913.0;908.0;1694.0;1294.0;1184.0;577.0;1542.0;125.0;797.0;405.0;1774.0;1708.0;1081.0;432.0;292.0;20.0;945.0;8389.0;428.0;2105.0;830.0;255.0;1358.0;1694.0;2149.0;869.0;504.0;286.0;824.0;1395.0;492.0;461.0;213.0;1128.0;1281.0;1140.0;1271.0;656.0;726.0;534.0;428.0;577.0;1282.0;655.0;2762.0;428.0;810.0;2876.0;1003.0;2793.0;8389.0;1385.0;91.0;8389.0;1122.0;951.0;1395.0;1358.0;4899.0;428.0;2113.0;1395.0;514.0;1708.0;911.0;91.0;1311.0;1565.0;2902.0;5747.0;8389.0;2971.0;1261.0;341.0;703.0;1003.0;199.0;1011.0;492.0;1694.0;1044.0;513.0;1287.0;810.0;5017.0;694.0;945.0;1656.0;199.0;1844.0;3256.0;238.0;1490.0;639.0;1625.0;1817.0;406.0;317.0;1120.0;4523.0;3906.0;483.0;142.0;1395.0;9800.0
168;105.0;382.0;3292.0;742.0;1181.0;1163.0;1074.0;10.0;895.0;747.0;153.0;1285.0;8241.0;2746.0;1199.0;8488.0;153.0;1831.0;1440.0;4773.0;639.0;1027.0;4966.0;2665.0;834.0;1313.0;1533.0;762.0;1210.0;763.0;1723.0;445.0;1895.0;981.0;144.0;536.0;1551.0;895.0;1522.0;1731.0;1188.0;1074.0;254.0;839.0;2064.0;2657.0;1440.0;153.0;1015.0;851.0;889.0;252.0;869.0;4760.0;173.0;1163.0;1723.0;1282.0;424.0;1288.0;1035.0;1236.0;2378.0;4991.0;570.0;869.0;325.0;0.0;699.0;8660.0;2167.0;1015.0;4760.0;4592.0;1708.0;153.0;749.0;1074.0;130.0;8241.0;1163.0;318.0;153.0;1708.0;1261.0;646.0;536.0;747.0;839.0;135.0;4939.0;1708.0;2810.0;8241.0;1782.0;1027.0;617.0;36.0;445.0;4755.0;895.0;74.0;153.0;831.0;86.0;490.0;531.0;740.0;1027.0;197.0;399.0;1320.0;2673.0;1708.0;1498.0;904.0;153.0;268.0;1731.0;851.0;940.0;195.0;546.0;8241.0;1299.0;1163.0;1723.0;201.0;701.0;600.0;805.0;1522.0;4966.0;5562.0;1027.0;653.0;1731.0;51.0;380.0;1731.0;8525.0;142.0;1288.0;639.0;1288.0;804.0;1731.0;1990.0;1764.0;197.0;70.0;8125.0;1056.0;1731.0;1522.0;1297.0;1132.0;1095.0;10.0;1551.0;311.0;1289.0;1731.0;1723.0;895.0;1455.0;1181.0;1192.0;1674.0;1934.0;560.0;717.0;1484.0;617.0;1708.0;144.0;1731.0;3200.0;1249.0;87.0;1236.0;1236.0;1204.0;748.0;2335.0;8241.0;1073.0;8241.0;1236.0;153.0;895.0;584.0;88.0;144.0;333.0;763.0;1708.0;584.0;1731.0;987.0;948.0;315.0;1217.0;201.0;581.0;87.0;1456.0;1723.0;1027.0;748.0;97.0;307.0;895.0;8241.0;153.0;1782.0;573.0;579.0;1522.0;1731.0;1914.0;617.0;314.0;86.0;501.0;1163.0;229.0;242.0;536.0;899.0;995.0;914.0;1054.0;356.0;451.0;522.0;153.0;315.0;1019.0;382.0;2451.0;153.0;550.0;2566.0;747.0;2482.0;8241.0;1143.0;331.0;8241.0;860.0;668.0;1163.0;1522.0;4809.0;153.0;1878.0;1163.0;299.0;1723.0;653.0;331.0;1055.0;1240.0;3200.0;5525.0;8241.0;2665.0;941.0;51.0;445.0;747.0;126.0;686.0;229.0;1731.0;787.0;202.0;1074.0;550.0;4886.0;420.0;895.0;1346.0;126.0;1520.0;2945.0;88.0;1216.0;322.0;1445.0;1498.0;81.0;36.0;851.0;4197.0;3583.0;804.0;186.0;1163.0;9800.0
169;609.0;466.0;3135.0;507.0;811.0;828.0;563.0;699.0;226.0;474.0;566.0;965.0;8836.0;2992.0;1867.0;9075.0;566.0;2016.0;821.0;4074.0;468.0;340.0;4293.0;2917.0;1084.0;979.0;1545.0;77.0;818.0;519.0;1063.0;416.0;1992.0;648.0;564.0;900.0;1545.0;226.0;1113.0;1091.0;795.0;563.0;791.0;529.0;1469.0;3107.0;821.0;566.0;1108.0;587.0;735.0;863.0;1107.0;4062.0;705.0;696.0;1063.0;1007.0;577.0;1247.0;778.0;856.0;2594.0;4315.0;763.0;1107.0;805.0;699.0;0.0;9124.0;2352.0;1108.0;4062.0;4539.0;1142.0;566.0;247.0;563.0;817.0;8836.0;696.0;494.0;566.0;1142.0;739.0;58.0;900.0;474.0;529.0;645.0;4243.0;1142.0;3058.0;8836.0;1929.0;340.0;948.0;666.0;416.0;4060.0;226.0;758.0;566.0;673.0;636.0;350.0;647.0;626.0;340.0;528.0;578.0;1185.0;2906.0;1142.0;1643.0;632.0;566.0;914.0;1091.0;587.0;1202.0;550.0;505.0;8836.0;1481.0;696.0;1063.0;759.0;397.0;814.0;345.0;1113.0;4293.0;5003.0;340.0;440.0;1091.0;648.0;435.0;1091.0;9115.0;730.0;1247.0;468.0;1454.0;1059.0;1091.0;2101.0;1934.0;885.0;647.0;8573.0;639.0;1091.0;1113.0;1634.0;1731.0;739.0;699.0;1545.0;830.0;840.0;1091.0;1063.0;226.0;1698.0;811.0;724.0;2111.0;1433.0;773.0;585.0;800.0;409.0;1142.0;556.0;1091.0;3593.0;1363.0;613.0;856.0;856.0;828.0;994.0;2547.0;8836.0;1142.0;8836.0;856.0;566.0;226.0;454.0;707.0;556.0;820.0;519.0;1142.0;798.0;1091.0;892.0;530.0;462.0;1340.0;759.0;289.0;735.0;1373.0;1063.0;340.0;994.0;790.0;803.0;226.0;8836.0;566.0;1929.0;416.0;931.0;1113.0;1091.0;1413.0;409.0;998.0;636.0;751.0;696.0;508.0;464.0;900.0;469.0;772.0;470.0;1639.0;555.0;467.0;1217.0;566.0;462.0;686.0;466.0;2676.0;566.0;421.0;2798.0;474.0;2709.0;8836.0;709.0;881.0;8836.0;568.0;551.0;696.0;1113.0;4117.0;566.0;1377.0;696.0;974.0;1063.0;440.0;881.0;686.0;1341.0;3593.0;4969.0;8836.0;2917.0;978.0;648.0;416.0;474.0;723.0;971.0;508.0;1091.0;499.0;610.0;563.0;421.0;4216.0;466.0;226.0;1650.0;723.0;1674.0;2731.0;707.0;897.0;828.0;836.0;1713.0;681.0;666.0;587.0;4146.0;3480.0;1059.0;764.0;696.0;9200.0
170;8757.0;9035.0;11793.0;9393.0;9831.0;9818.0;9663.0;8660.0;9164.0;9391.0;8800.0;9944.0;11186.0;10516.0;8359.0;11491.0;8800.0;10040.0;9935.0;12261.0;9290.0;9271.0;13030.0;10444.0;8042.0;9971.0;10042.0;9132.0;9855.0;9415.0;9518.0;9089.0;10228.0;9630.0;8783.0;8240.0;10072.0;9164.0;8724.0;9428.0;9832.0;9663.0;8436.0;9484.0;10578.0;9715.0;9935.0;8800.0;9567.0;9505.0;9547.0;8736.0;9350.0;12189.0;8538.0;9780.0;9518.0;9941.0;9082.0;8075.0;9695.0;9885.0;10348.0;13018.0;9187.0;9350.0;8389.0;8660.0;9124.0;0.0;10271.0;9567.0;12189.0;12812.0;10265.0;8800.0;9310.0;9663.0;8539.0;11186.0;9780.0;8971.0;8800.0;10265.0;9851.0;9104.0;8240.0;9391.0;9484.0;8792.0;12644.0;10265.0;10554.0;11186.0;10068.0;9271.0;8182.0;8670.0;9089.0;12497.0;9164.0;8658.0;8800.0;9490.0;8659.0;9114.0;9181.0;9400.0;9271.0;8839.0;9057.0;8224.0;10503.0;10265.0;9870.0;9559.0;8800.0;8394.0;9428.0;9505.0;9367.0;8848.0;9204.0;11186.0;7700.0;9780.0;9518.0;8487.0;9332.0;9198.0;9397.0;8724.0;13030.0;14100.0;9271.0;9299.0;9428.0;8697.0;9024.0;9428.0;11466.0;8541.0;8075.0;9290.0;7734.0;8066.0;9428.0;10277.0;10018.0;8488.0;8728.0;606.0;9687.0;9428.0;8724.0;9449.0;8719.0;9745.0;8660.0;10072.0;8382.0;9918.0;9428.0;9518.0;9164.0;9698.0;9831.0;9809.0;9369.0;10549.0;9171.0;9377.0;9510.0;9258.0;10265.0;8764.0;9428.0;5549.0;7848.0;8708.0;9885.0;9885.0;9853.0;8131.0;10328.0;11186.0;9628.0;11186.0;9885.0;8800.0;9164.0;9235.0;8591.0;8764.0;8881.0;9415.0;10265.0;9187.0;9428.0;9630.0;9572.0;8959.0;9692.0;8487.0;9184.0;8702.0;10047.0;9518.0;9271.0;8131.0;8574.0;8399.0;9164.0;11186.0;8800.0;10068.0;9217.0;8204.0;8724.0;9428.0;10528.0;9258.0;8563.0;8659.0;9114.0;9780.0;8872.0;8849.0;8240.0;9514.0;9655.0;9525.0;8767.0;9015.0;9106.0;8273.0;8800.0;8959.0;9670.0;9035.0;10375.0;8800.0;9196.0;10435.0;9391.0;10392.0;11186.0;9772.0;8344.0;11186.0;9510.0;9327.0;9780.0;8724.0;12626.0;8800.0;10492.0;9780.0;8599.0;9518.0;9299.0;8344.0;9700.0;9729.0;5549.0;14070.0;11186.0;10444.0;9542.0;8697.0;9089.0;9391.0;8555.0;9203.0;8872.0;9428.0;9432.0;8860.0;9663.0;9196.0;12974.0;9073.0;9164.0;9533.0;8555.0;9873.0;11524.0;8591.0;9874.0;8862.0;9954.0;9768.0;8734.0;8670.0;9505.0;12450.0;11986.0;8066.0;8493.0;9780.0;15300.0
171;2129.0;1990.0;1634.0;1851.0;1766.0;1713.0;2036.0;2167.0;2545.0;1887.0;2120.0;1638.0;7067.0;657.0;1918.0;7263.0;2120.0;340.0;2300.0;5479.0;1885.0;2593.0;5130.0;593.0;2997.0;1655.0;870.0;2420.0;1797.0;1843.0;3224.0;1999.0;419.0;1801.0;2142.0;2697.0;889.0;2545.0;3464.0;3299.0;1805.0;2036.0;2409.0;1859.0;2446.0;1257.0;2300.0;2120.0;1246.0;1796.0;1635.0;1945.0;1310.0;5511.0;2339.0;1942.0;3224.0;1556.0;1868.0;3435.0;1662.0;1767.0;254.0;5191.0;1659.0;1310.0;2484.0;2167.0;2352.0;10271.0;0.0;1246.0;5511.0;2569.0;2208.0;2120.0;2132.0;2036.0;2217.0;7067.0;1942.0;2015.0;2120.0;2208.0;2036.0;2310.0;2697.0;1887.0;1859.0;2058.0;5447.0;2208.0;722.0;7067.0;425.0;2593.0;2778.0;2184.0;1999.0;5267.0;2545.0;2115.0;2120.0;1689.0;2231.0;2042.0;1758.0;1726.0;2593.0;2111.0;1883.0;3437.0;564.0;2208.0;710.0;1767.0;2120.0;2334.0;3299.0;1796.0;1230.0;2082.0;1870.0;7067.0;3460.0;1942.0;3224.0;2360.0;1959.0;1613.0;2055.0;3464.0;5130.0;4927.0;2593.0;1912.0;3299.0;2167.0;2024.0;3299.0;7314.0;2305.0;3435.0;1885.0;3451.0;2967.0;3299.0;318.0;418.0;2224.0;2130.0;9787.0;1890.0;3299.0;3464.0;911.0;1567.0;1778.0;2167.0;889.0;2460.0;1884.0;3299.0;3224.0;2545.0;713.0;1766.0;1939.0;914.0;2065.0;1660.0;1767.0;2934.0;1945.0;2208.0;2173.0;3299.0;5118.0;3416.0;2187.0;1767.0;1767.0;1768.0;2914.0;206.0;7067.0;1210.0;7067.0;1767.0;2120.0;2545.0;1907.0;2254.0;2173.0;1834.0;1843.0;2208.0;1631.0;3299.0;1479.0;1934.0;2052.0;1013.0;2360.0;2070.0;2082.0;1102.0;3224.0;2593.0;2914.0;2193.0;2465.0;2545.0;7067.0;2120.0;425.0;1946.0;2739.0;3464.0;3299.0;2060.0;1945.0;2041.0;2231.0;1709.0;1942.0;2095.0;2161.0;2697.0;1973.0;1640.0;1985.0;1537.0;1930.0;1946.0;2251.0;2120.0;2052.0;1779.0;1990.0;339.0;2120.0;1947.0;460.0;1887.0;371.0;7067.0;1888.0;2461.0;7067.0;1822.0;1802.0;1942.0;3464.0;5246.0;2120.0;2053.0;1942.0;2015.0;3224.0;1912.0;2461.0;1815.0;1011.0;5118.0;4878.0;7067.0;593.0;1374.0;2167.0;1999.0;1887.0;2290.0;1489.0;2095.0;3299.0;1872.0;2017.0;2036.0;1947.0;5040.0;1965.0;2545.0;842.0;2290.0;679.0;1559.0;2254.0;1664.0;1846.0;2271.0;669.0;2092.0;2184.0;1796.0;2191.0;1734.0;2967.0;2342.0;1942.0;10900.0
172;951.0;760.0;2288.0;616.0;698.0;642.0;886.0;1015.0;1308.0;654.0;929.0;657.0;7935.0;1884.0;1435.0;8158.0;929.0;908.0;1244.0;4680.0;640.0;1369.0;4602.0;1810.0;1839.0;689.0;518.0;1178.0;740.0;612.0;2045.0;759.0;909.0;633.0;951.0;1547.0;537.0;1308.0;2220.0;2107.0;735.0;886.0;1269.0;644.0;1649.0;2090.0;1244.0;929.0;10.0;584.0;425.0;856.0;233.0;4691.0;1182.0;839.0;2045.0;590.0;645.0;2220.0;522.0;729.0;1486.0;4645.0;450.0;233.0;1340.0;1015.0;1108.0;9567.0;1246.0;0.0;4691.0;3579.0;1308.0;929.0;898.0;886.0;1103.0;7935.0;839.0;796.0;929.0;1308.0;961.0;1064.0;1547.0;654.0;644.0;887.0;4744.0;1308.0;1950.0;7935.0;827.0;1369.0;1627.0;1023.0;759.0;4558.0;1308.0;985.0;929.0;465.0;1060.0;798.0;528.0;485.0;1369.0;910.0;664.0;2207.0;1798.0;1308.0;537.0;571.0;929.0;1243.0;2107.0;584.0;268.0;884.0;627.0;7935.0;2304.0;839.0;2045.0;1216.0;721.0;416.0;831.0;2220.0;4602.0;4875.0;1369.0;668.0;2107.0;1000.0;792.0;2107.0;8203.0;1157.0;2220.0;640.0;2289.0;1809.0;2107.0;1013.0;828.0;1134.0;962.0;9048.0;748.0;2107.0;2220.0;619.0;1121.0;663.0;1015.0;537.0;1326.0;853.0;2107.0;2045.0;1308.0;605.0;698.0;850.0;1139.0;1356.0;458.0;525.0;1754.0;700.0;1308.0;981.0;2107.0;4181.0;2236.0;1010.0;729.0;729.0;712.0;1749.0;1439.0;7935.0;61.0;7935.0;729.0;929.0;1308.0;661.0;1102.0;981.0;715.0;612.0;1308.0;432.0;2107.0;298.0;750.0;830.0;233.0;1216.0;824.0;943.0;480.0;2045.0;1369.0;1749.0;1072.0;1322.0;1308.0;7935.0;929.0;827.0;700.0;1590.0;2220.0;2107.0;1340.0;700.0;1014.0;1060.0;516.0;839.0;887.0;947.0;1547.0;773.0;479.0;788.0;1028.0;714.0;708.0;1297.0;929.0;830.0;629.0;760.0;1568.0;929.0;702.0;1690.0;654.0;1601.0;7935.0;784.0;1342.0;7935.0;613.0;557.0;839.0;2220.0;4575.0;929.0;1314.0;839.0;979.0;2045.0;668.0;1342.0;679.0;240.0;4181.0;4833.0;7935.0;1810.0;136.0;1000.0;759.0;654.0;1141.0;365.0;887.0;2107.0;646.0;832.0;886.0;702.0;4515.0;731.0;1308.0;601.0;1141.0;567.0;1966.0;1102.0;632.0;732.0;1224.0;610.0;935.0;1023.0;584.0;3184.0;2569.0;1809.0;1201.0;839.0;10000.0
173;4671.0;4476.0;4922.0;4247.0;3994.0;4049.0;3867.0;4760.0;3872.0;4215.0;4626.0;4046.0;12563.0;6105.0;5903.0;12768.0;4626.0;5298.0;3469.0;113.0;4311.0;3737.0;1411.0;6066.0;4801.0;4017.0;4730.0;3999.0;3952.0;4235.0;3107.0;4409.0;5105.0;4098.0;4625.0;4798.0;4697.0;3872.0;3742.0;3144.0;3958.0;3867.0;4811.0;4161.0;3089.0;6686.0;3469.0;4626.0;4691.0;4201.0;4317.0;4910.0;4854.0;10.0;4743.0;3870.0;3107.0;4124.0;4545.0;4463.0;4179.0;3962.0;5745.0;1332.0;4645.0;4854.0;4799.0;4760.0;4062.0;12189.0;5511.0;4691.0;0.0;6200.0;3393.0;4626.0;4071.0;3867.0;4874.0;12563.0;3870.0;4524.0;4626.0;3393.0;3743.0;4116.0;4798.0;4215.0;4161.0;4701.0;608.0;3393.0;6159.0;12563.0;5174.0;3737.0;4802.0;4727.0;4409.0;598.0;3872.0;4820.0;4626.0;4313.0;4694.0;4341.0;4548.0;4358.0;3737.0;4586.0;4559.0;4293.0;6009.0;3393.0;5011.0;4183.0;4626.0;4955.0;3144.0;4201.0;4933.0;4605.0;4411.0;12563.0;4906.0;3870.0;3107.0;4792.0;4203.0;4683.0;4061.0;3742.0;1411.0;3322.0;3737.0;4278.0;3144.0;4710.0;4456.0;3144.0;12818.0;4775.0;4463.0;4311.0;4869.0;4794.0;3144.0;5196.0;5221.0;4942.0;4708.0;11591.0;3977.0;3144.0;3742.0;5301.0;5702.0;4038.0;4760.0;4697.0;4834.0;3838.0;3144.0;3107.0;3872.0;5206.0;3994.0;3853.0;5818.0;3456.0;4663.0;4340.0;3293.0;4287.0;3393.0;4617.0;3144.0;6847.0;4748.0;4674.0;3962.0;3962.0;3979.0;4753.0;5703.0;12563.0;4673.0;12563.0;3962.0;4626.0;3872.0;4344.0;4761.0;4617.0;4835.0;4235.0;3393.0;4676.0;3144.0;4400.0;4023.0;4502.0;4829.0;4792.0;4244.0;4795.0;4501.0;3107.0;3737.0;4753.0;4850.0;4805.0;3872.0;12563.0;4626.0;5174.0;4326.0;4808.0;3742.0;3144.0;3463.0;4287.0;5058.0;4694.0;4676.0;3870.0;4563.0;4525.0;4798.0;4034.0;4227.0;4015.0;5603.0;4559.0;4441.0;5274.0;4626.0;4502.0;4088.0;4476.0;5824.0;4626.0;4346.0;5928.0;4215.0;5851.0;12563.0;3922.0;4888.0;12563.0;4173.0;4355.0;3870.0;3742.0;773.0;4626.0;3476.0;3870.0;5032.0;3107.0;4278.0;4888.0;4035.0;4797.0;6847.0;3336.0;12563.0;6066.0;4579.0;4710.0;4409.0;4215.0;4771.0;4820.0;4563.0;3144.0;4193.0;4656.0;3867.0;4346.0;1434.0;4458.0;3872.0;5266.0;4771.0;5044.0;4534.0;4761.0;4061.0;4847.0;3483.0;5170.0;4741.0;4727.0;4201.0;5937.0;5315.0;4794.0;4802.0;3870.0;5500.0
174;4529.0;4319.0;1474.0;4054.0;3751.0;3722.0;4041.0;4592.0;4668.0;4079.0;4506.0;3592.0;7629.0;2315.0;4483.0;7734.0;4506.0;2847.0;4091.0;6126.0;4128.0;4658.0;5251.0;2381.0;5417.0;3585.0;3063.0;4586.0;3757.0;4037.0;5073.0;4300.0;2717.0;3892.0;4529.0;5126.0;3050.0;4668.0;5584.0;5177.0;3777.0;4041.0;4846.0;4012.0;3812.0;3223.0;4091.0;4506.0;3579.0;3958.0;3828.0;4408.0;3734.0;6200.0;4760.0;3906.0;5073.0;3538.0;4214.0;5761.0;3761.0;3718.0;2467.0;5339.0;4029.0;3734.0;4917.0;4592.0;4539.0;12812.0;2569.0;3579.0;6200.0;0.0;3814.0;4506.0;4292.0;4041.0;4671.0;7629.0;3906.0;4363.0;4506.0;3814.0;3935.0;4516.0;5126.0;4079.0;4012.0;4466.0;5885.0;3814.0;2286.0;7629.0;2855.0;4658.0;5205.0;4601.0;4300.0;5744.0;4668.0;4557.0;4506.0;3894.0;4639.0;4319.0;4095.0;3967.0;4658.0;4485.0;4235.0;5720.0;2317.0;3814.0;3115.0;3909.0;4506.0;4805.0;5177.0;3958.0;3679.0;4460.0;4160.0;7629.0;5881.0;3906.0;5073.0;4793.0;4159.0;3994.0;4194.0;5584.0;5251.0;4107.0;4658.0;4143.0;5177.0;4578.0;4347.0;5177.0;7800.0;4734.0;5761.0;4128.0;5866.0;5387.0;5177.0;2638.0;2891.0;4693.0;4540.0;12339.0;3922.0;5177.0;5584.0;3457.0;4136.0;3811.0;4592.0;3050.0;4902.0;3782.0;5177.0;5073.0;4668.0;3225.0;3751.0;3888.0;3449.0;3496.0;4037.0;4006.0;4828.0;4185.0;3814.0;4558.0;5177.0;7674.0;5808.0;4589.0;3718.0;3718.0;3739.0;5326.0;2489.0;7629.0;3523.0;7629.0;3718.0;4506.0;4668.0;4169.0;4680.0;4558.0;4277.0;4037.0;3814.0;4011.0;5177.0;3681.0;4018.0;4394.0;3377.0;4793.0;4307.0;4517.0;3183.0;5073.0;4658.0;5326.0;4642.0;4900.0;4668.0;7629.0;4506.0;2855.0;4205.0;5169.0;5584.0;5177.0;3507.0;4185.0;4537.0;4639.0;4095.0;3906.0;4460.0;4516.0;5126.0;4076.0;3770.0;4078.0;4105.0;4286.0;4256.0;4778.0;4506.0;4394.0;3855.0;4319.0;2437.0;4506.0;4216.0;2379.0;4079.0;2420.0;7629.0;3872.0;4915.0;7629.0;3973.0;4054.0;3906.0;5584.0;5646.0;4506.0;3527.0;3906.0;4506.0;5073.0;4143.0;4915.0;3863.0;3353.0;7674.0;4054.0;7629.0;2381.0;3669.0;4578.0;4300.0;4079.0;4718.0;3914.0;4460.0;5177.0;4048.0;4410.0;4041.0;4216.0;5168.0;4284.0;4668.0;3378.0;4718.0;3099.0;1927.0;4680.0;3654.0;4293.0;4056.0;3163.0;4512.0;4601.0;3958.0;395.0;1077.0;5387.0;4778.0;3906.0;11600.0
175;1603.0;1333.0;2342.0;998.0;627.0;677.0;634.0;1708.0;1121.0;980.0;1555.0;654.0;9189.0;2850.0;2644.0;9402.0;1555.0;1947.0;346.0;3378.0;1092.0;1037.0;3330.0;2795.0;2224.0;625.0;1365.0;1134.0;585.0;979.0;1262.0;1266.0;1789.0;783.0;1566.0;2036.0;1337.0;1121.0;1878.0;1369.0;597.0;634.0;1882.0;897.0;364.0;3310.0;346.0;1555.0;1308.0;911.0;979.0;1748.0;1492.0;3393.0;1783.0;559.0;1262.0;731.0;1344.0;2296.0;821.0;585.0;2458.0;3366.0;1364.0;1492.0;1913.0;1708.0;1142.0;10265.0;2208.0;1308.0;3393.0;3814.0;0.0;1555.0;976.0;634.0;1838.0;9189.0;559.0;1397.0;1555.0;10.0;448.0;1164.0;2036.0;980.0;897.0;1596.0;3437.0;10.0;2911.0;9189.0;1825.0;1037.0;2088.0;1685.0;1266.0;3251.0;1121.0;1738.0;1555.0;997.0;1679.0;1218.0;1297.0;1068.0;1037.0;1511.0;1366.0;2189.0;2753.0;10.0;1630.0;874.0;1555.0;1968.0;1369.0;911.0;1562.0;1514.0;1199.0;9189.0;2597.0;559.0;1262.0;1838.0;1010.0;1388.0;905.0;1878.0;3330.0;3869.0;1037.0;1069.0;1369.0;1660.0;1330.0;1369.0;9449.0;1793.0;2296.0;1092.0;2567.0;2199.0;1369.0;1893.0;1865.0;1903.0;1639.0;9713.0;675.0;1369.0;1878.0;1910.0;2383.0;691.0;1708.0;1337.0;1930.0;473.0;1369.0;1262.0;1121.0;1815.0;627.0;533.0;2425.0;343.0;1384.0;1065.0;1039.0;1099.0;10.0;1575.0;1369.0;4730.0;2465.0;1637.0;585.0;585.0;608.0;2135.0;2412.0;9189.0;1285.0;9189.0;585.0;1555.0;1121.0;1143.0;1753.0;1575.0;1629.0;979.0;10.0;1387.0;1369.0;1028.0;768.0;1393.0;1436.0;1838.0;1130.0;1699.0;1129.0;1262.0;1037.0;2135.0;1804.0;1907.0;1121.0;9189.0;1555.0;1825.0;1144.0;2069.0;1878.0;1369.0;326.0;1099.0;1927.0;1679.0;1416.0;559.0;1479.0;1478.0;2036.0;811.0;873.0;795.0;2285.0;1389.0;1272.0;2207.0;1555.0;1393.0;759.0;1333.0;2542.0;1555.0;1167.0;2658.0;980.0;2572.0;9189.0;596.0;1976.0;9189.0;890.0;1099.0;559.0;1878.0;3271.0;1555.0;297.0;559.0;1893.0;1262.0;1069.0;1976.0;707.0;1404.0;4730.0;3834.0;9189.0;2795.0;1207.0;1660.0;1266.0;980.0;1782.0;1497.0;1479.0;1369.0;944.0;1532.0;634.0;1167.0;3246.0;1300.0;1121.0;1873.0;1782.0;1664.0;1894.0;1753.0;677.0;1647.0;320.0;1784.0;1652.0;1685.0;911.0;3441.0;2740.0;2199.0;1837.0;559.0;8800.0
176;49.0;235.0;3185.0;595.0;1035.0;1019.0;921.0;153.0;774.0;598.0;10.0;1144.0;8320.0;2717.0;1306.0;8564.0;10.0;1781.0;1288.0;4637.0;492.0;902.0;4816.0;2637.0;911.0;1171.0;1443.0;634.0;1063.0;617.0;1611.0;294.0;1827.0;834.0;23.0;625.0;1457.0;774.0;1474.0;1626.0;1040.0;921.0;369.0;690.0;1912.0;2683.0;1288.0;10.0;929.0;706.0;756.0;310.0;810.0;4626.0;269.0;1011.0;1611.0;1145.0;300.0;1316.0;896.0;1090.0;2340.0;4842.0;478.0;810.0;428.0;153.0;566.0;8800.0;2120.0;929.0;4626.0;4506.0;1555.0;0.0;597.0;921.0;283.0;8320.0;1011.0;171.0;10.0;1555.0;1108.0;510.0;625.0;598.0;690.0;88.0;4797.0;1555.0;2782.0;8320.0;1723.0;902.0;703.0;132.0;294.0;4613.0;774.0;196.0;10.0;695.0;144.0;337.0;416.0;605.0;902.0;44.0;276.0;1328.0;2640.0;1555.0;1434.0;759.0;10.0;417.0;1626.0;706.0;891.0;49.0;405.0;8320.0;1375.0;1011.0;1611.0;316.0;550.0;517.0;652.0;1474.0;4816.0;5411.0;902.0;504.0;1626.0;106.0;229.0;1626.0;8602.0;260.0;1316.0;492.0;1361.0;881.0;1626.0;1925.0;1710.0;349.0;86.0;8263.0;906.0;1626.0;1474.0;1278.0;1204.0;949.0;153.0;1457.0;426.0;1139.0;1626.0;1611.0;774.0;1414.0;1035.0;1041.0;1690.0;1783.0;472.0;579.0;1362.0;466.0;1555.0;53.0;1626.0;3328.0;1310.0;92.0;1090.0;1090.0;1057.0;820.0;2295.0;8320.0;983.0;8320.0;1090.0;10.0;774.0;437.0;209.0;53.0;322.0;617.0;1555.0;499.0;1626.0;866.0;796.0;164.0;1143.0;316.0;428.0;169.0;1348.0;1611.0;902.0;820.0;250.0;414.0;774.0;8320.0;10.0;1723.0;423.0;668.0;1474.0;1626.0;1763.0;466.0;432.0;144.0;417.0;1011.0;76.0;103.0;625.0;747.0;858.0;762.0;1118.0;227.0;306.0;669.0;10.0;164.0;873.0;235.0;2415.0;10.0;400.0;2533.0;598.0;2447.0;8320.0;992.0;458.0;8320.0;713.0;528.0;1011.0;1474.0;4665.0;10.0;1728.0;1011.0;409.0;1611.0;504.0;458.0;907.0;1161.0;3328.0;5374.0;8320.0;2637.0;840.0;106.0;294.0;598.0;245.0;631.0;76.0;1626.0;638.0;102.0;921.0;400.0;4737.0;274.0;774.0;1319.0;245.0;1459.0;2828.0;209.0;1074.0;321.0;1292.0;1451.0;115.0;132.0;706.0;4111.0;3486.0;881.0;307.0;1011.0;9700.0
177;646.0;408.0;2889.0;282.0;571.0;584.0;353.0;749.0;413.0;245.0;597.0;721.0;8721.0;2778.0;1832.0;8955.0;597.0;1799.0;692.0;4076.0;279.0;474.0;4220.0;2705.0;1288.0;737.0;1309.0;298.0;581.0;289.0;1180.0;339.0;1762.0;401.0;604.0;1071.0;1307.0;413.0;1342.0;1229.0;557.0;353.0;907.0;285.0;1324.0;2944.0;692.0;597.0;898.0;345.0;501.0;846.0;932.0;4071.0;808.0;474.0;1180.0;761.0;478.0;1490.0;531.0;618.0;2378.0;4246.0;618.0;932.0;938.0;749.0;247.0;9310.0;2132.0;898.0;4071.0;4292.0;976.0;597.0;0.0;353.0;878.0;8721.0;474.0;462.0;597.0;976.0;541.0;232.0;1071.0;245.0;285.0;655.0;4217.0;976.0;2844.0;8721.0;1708.0;474.0;1129.0;722.0;339.0;4032.0;413.0;791.0;597.0;443.0;709.0;274.0;505.0;413.0;474.0;553.0;489.0;1432.0;2690.0;976.0;1425.0;387.0;597.0;1000.0;1229.0;345.0;1027.0;563.0;357.0;8721.0;1705.0;474.0;1180.0;864.0;179.0;666.0;100.0;1342.0;4220.0;4844.0;474.0;245.0;1229.0;699.0;392.0;1229.0;8997.0;821.0;1490.0;279.0;1680.0;1261.0;1229.0;1872.0;1716.0;945.0;684.0;8764.0;401.0;1229.0;1342.0;1460.0;1652.0;495.0;749.0;1307.0;954.0;617.0;1229.0;1180.0;413.0;1499.0;571.0;503.0;1956.0;1238.0;632.0;375.0;896.0;233.0;976.0;609.0;1229.0;3793.0;1594.0;671.0;618.0;618.0;589.0;1195.0;2330.0;8721.0;925.0;8721.0;618.0;597.0;413.0;291.0;784.0;609.0;764.0;289.0;976.0;653.0;1229.0;659.0;288.0;446.0;1126.0;864.0;176.0;757.0;1130.0;1180.0;474.0;1195.0;846.0;932.0;413.0;8721.0;597.0;1708.0;264.0;1107.0;1342.0;1229.0;1218.0;233.0;1009.0;709.0;628.0;474.0;523.0;510.0;1071.0;226.0;528.0;230.0;1556.0;488.0;371.0;1266.0;597.0;446.0;440.0;408.0;2460.0;597.0;281.0;2583.0;245.0;2493.0;8721.0;478.0;1001.0;8721.0;325.0;354.0;474.0;1342.0;4079.0;597.0;1182.0;474.0;979.0;1180.0;245.0;1001.0;443.0;1122.0;3793.0;4809.0;8721.0;2705.0;763.0;699.0;339.0;245.0;811.0;823.0;523.0;1229.0;261.0;599.0;353.0;281.0;4140.0;388.0;413.0;1466.0;811.0;1457.0;2488.0;784.0;652.0;777.0;697.0;1508.0;705.0;722.0;345.0;3899.0;3233.0;1261.0;864.0;474.0;9300.0
178;969.0;701.0;2610.0;389.0;295.0;336.0;10.0;1074.0;634.0;363.0;921.0;453.0;8814.0;2692.0;2063.0;9039.0;921.0;1722.0;403.0;3864.0;471.0;618.0;3929.0;2625.0;1637.0;456.0;1172.0;583.0;284.0;373.0;1189.0;633.0;1637.0;253.0;932.0;1424.0;1160.0;634.0;1545.0;1264.0;265.0;10.0;1252.0;296.0;992.0;2975.0;403.0;921.0;886.0;334.0;468.0;1125.0;1003.0;3867.0;1152.0;138.0;1189.0;519.0;724.0;1799.0;379.0;323.0;2289.0;3960.0;783.0;1003.0;1287.0;1074.0;563.0;9663.0;2036.0;886.0;3867.0;4041.0;634.0;921.0;353.0;0.0;1204.0;8814.0;138.0;764.0;921.0;634.0;190.0;569.0;1424.0;363.0;296.0;963.0;3973.0;634.0;2758.0;8814.0;1615.0;618.0;1482.0;1051.0;633.0;3787.0;634.0;1105.0;921.0;451.0;1046.0;584.0;696.0;492.0;618.0;877.0;744.0;1723.0;2600.0;634.0;1355.0;324.0;921.0;1335.0;1264.0;334.0;1090.0;880.0;578.0;8814.0;2044.0;138.0;1189.0;1207.0;379.0;818.0;272.0;1545.0;3929.0;4497.0;618.0;444.0;1264.0;1026.0;697.0;1264.0;9083.0;1161.0;1799.0;471.0;2017.0;1610.0;1264.0;1748.0;1636.0;1269.0;1005.0;9117.0;146.0;1264.0;1545.0;1500.0;1837.0;259.0;1074.0;1160.0;1302.0;279.0;1264.0;1189.0;634.0;1480.0;295.0;163.0;2018.0;885.0;802.0;476.0;899.0;469.0;634.0;941.0;1264.0;4144.0;1926.0;1003.0;323.0;323.0;304.0;1545.0;2240.0;8814.0;890.0;8814.0;323.0;921.0;634.0;517.0;1120.0;941.0;1016.0;373.0;634.0;812.0;1264.0;592.0;157.0;760.0;1084.0;1207.0;496.0;1067.0;957.0;1189.0;618.0;1545.0;1170.0;1280.0;634.0;8814.0;921.0;1615.0;514.0;1460.0;1545.0;1264.0;865.0;469.0;1301.0;1046.0;823.0;138.0;845.0;845.0;1424.0;182.0;411.0;164.0;1738.0;762.0;643.0;1576.0;921.0;760.0;262.0;701.0;2373.0;921.0;538.0;2495.0;363.0;2406.0;8814.0;169.0;1346.0;8814.0;306.0;496.0;138.0;1545.0;3823.0;921.0;829.0;138.0;1268.0;1189.0;444.0;1346.0;221.0;1067.0;4144.0;4461.0;8814.0;2625.0;755.0;1026.0;633.0;363.0;1149.0;953.0;845.0;1264.0;333.0;900.0;10.0;538.0;3847.0;670.0;634.0;1486.0;1149.0;1389.0;2193.0;1120.0;399.0;1032.0;396.0;1471.0;1019.0;1051.0;334.0;3651.0;2971.0;1610.0;1205.0;138.0;9100.0
179;235.0;511.0;3388.0;869.0;1308.0;1288.0;1204.0;130.0;1004.0;875.0;283.0;1408.0;8177.0;2780.0;1118.0;8427.0;283.0;1886.0;1569.0;4888.0;766.0;1137.0;5093.0;2698.0;783.0;1437.0;1620.0;876.0;1338.0;891.0;1821.0;575.0;1964.0;1108.0;274.0;484.0;1640.0;1004.0;1571.0;1823.0;1316.0;1204.0;198.0;967.0;2195.0;2645.0;1569.0;283.0;1103.0;978.0;1008.0;272.0;938.0;4874.0;172.0;1293.0;1821.0;1402.0;543.0;1275.0;1158.0;1363.0;2421.0;5117.0;668.0;938.0;274.0;130.0;817.0;8539.0;2217.0;1103.0;4874.0;4671.0;1838.0;283.0;878.0;1204.0;0.0;8177.0;1293.0;446.0;283.0;1838.0;1391.0;765.0;484.0;875.0;967.0;254.0;5060.0;1838.0;2843.0;8177.0;1844.0;1137.0;564.0;156.0;575.0;4876.0;1004.0;121.0;283.0;952.0;181.0;620.0;644.0;861.0;1137.0;327.0;518.0;1324.0;2710.0;1838.0;1565.0;1029.0;283.0;146.0;1823.0;978.0;1001.0;325.0;671.0;8177.0;1243.0;1293.0;1821.0;160.0;831.0;692.0;935.0;1571.0;5093.0;5691.0;1137.0;781.0;1823.0;179.0;510.0;1823.0;8463.0;127.0;1275.0;766.0;1235.0;754.0;1823.0;2055.0;1822.0;69.0;199.0;8007.0;1186.0;1823.0;1571.0;1330.0;1088.0;1222.0;130.0;1640.0;245.0;1418.0;1823.0;1821.0;1004.0;1504.0;1308.0;1322.0;1674.0;2063.0;655.0;840.0;1590.0;746.0;1838.0;270.0;1823.0;3092.0;1208.0;208.0;1363.0;1363.0;1330.0;704.0;2378.0;8177.0;1162.0;8177.0;1363.0;283.0;1004.0;712.0;116.0;270.0;394.0;891.0;1838.0;677.0;1823.0;1098.0;1078.0;445.0;1294.0;160.0;711.0;165.0;1556.0;1821.0;1137.0;704.0;35.0;254.0;1004.0;8177.0;283.0;1844.0;702.0;524.0;1571.0;1823.0;2043.0;746.0;248.0;181.0;596.0;1293.0;359.0;369.0;484.0;1029.0;1116.0;1045.0;1016.0;478.0;579.0;401.0;283.0;445.0;1146.0;511.0;2491.0;283.0;679.0;2604.0;875.0;2522.0;8177.0;1272.0;246.0;8177.0;987.0;791.0;1293.0;1571.0;4932.0;283.0;2007.0;1293.0;249.0;1821.0;781.0;246.0;1183.0;1319.0;3092.0;5654.0;8177.0;2698.0;1039.0;179.0;575.0;875.0;121.0;758.0;359.0;1823.0;915.0;323.0;1204.0;679.0;5014.0;548.0;1004.0;1385.0;121.0;1585.0;3049.0;116.0;1339.0;379.0;1574.0;1552.0;195.0;156.0;978.0;4277.0;3671.0;754.0;140.0;1293.0;9900.0
180;8291.0;8370.0;8113.0;8477.0;8625.0;8568.0;8814.0;8241.0;9061.0;8514.0;8320.0;8547.0;10.0;6521.0;7069.0;311.0;8320.0;7265.0;9178.0;12537.0;8445.0;9169.0;12160.0;6546.0;8725.0;8573.0;7835.0;8913.0;8665.0;8482.0;9894.0;8423.0;7464.0;8563.0;8332.0;8523.0;7867.0;9061.0;9744.0;9928.0;8663.0;8814.0;8335.0;8541.0;9476.0;5879.0;9178.0;8320.0;7935.0;8489.0;8346.0;8011.0;7816.0;12563.0;8348.0;8774.0;9894.0;8466.0;8264.0;9289.0;8457.0;8648.0;6846.0;12227.0;8103.0;7816.0;8389.0;8241.0;8836.0;11186.0;7067.0;7935.0;12563.0;7629.0;9189.0;8320.0;8721.0;8814.0;8177.0;0.0;8774.0;8346.0;8320.0;9189.0;8895.0;8778.0;8523.0;8514.0;8541.0;8232.0;12513.0;9189.0;6476.0;10.0;7390.0;9169.0;8573.0;8276.0;8423.0;12333.0;9061.0;8167.0;8320.0;8367.0;8326.0;8493.0;8216.0;8347.0;9169.0;8346.0;8260.0;9401.0;6612.0;9189.0;7559.0;8490.0;8320.0;8177.0;9928.0;8489.0;7725.0;8317.0;8366.0;10.0;9001.0;8774.0;9894.0;8322.0;8553.0;8056.0;8693.0;9744.0;12160.0;11573.0;9169.0;8480.0;9928.0;8280.0;8401.0;9928.0;311.0;8303.0;9289.0;8445.0;9022.0;8709.0;9928.0;7378.0;7342.0;8126.0;8262.0;11036.0;8681.0;9928.0;9744.0;7316.0;7116.0;8598.0;8241.0;7867.0;8347.0;8775.0;9928.0;9894.0;9061.0;7377.0;8625.0;8784.0;6797.0;9108.0;8089.0;8376.0;9616.0;8488.0;9189.0;8354.0;9928.0;9029.0;9080.0;8318.0;8648.0;8648.0;8636.0;8702.0;6885.0;10.0;7941.0;10.0;8648.0;8320.0;9061.0;8430.0;8287.0;8354.0;8022.0;8482.0;9189.0;8068.0;9928.0;8233.0;8667.0;8380.0;7766.0;8322.0;8574.0;8170.0;8066.0;9894.0;9169.0;8702.0;8184.0;8373.0;9061.0;10.0;8320.0;7390.0;8460.0;8542.0;9744.0;9928.0;9100.0;8488.0;7934.0;8326.0;8097.0;8774.0;8356.0;8417.0;8523.0;8675.0;8414.0;8693.0;7204.0;8281.0;8376.0;7860.0;8320.0;8380.0;8562.0;8370.0;6773.0;8320.0;8446.0;6680.0;8514.0;6748.0;10.0;8718.0;8306.0;10.0;8519.0;8379.0;8774.0;9744.0;12311.0;8320.0;9088.0;8774.0;7943.0;9894.0;8480.0;8306.0;8613.0;7794.0;9029.0;11520.0;10.0;6546.0;8061.0;8280.0;8423.0;8514.0;8298.0;7900.0;8356.0;9928.0;8524.0;8247.0;8814.0;8446.0;12069.0;8372.0;9061.0;7338.0;8298.0;7526.0;8337.0;8287.0;8543.0;8017.0;9156.0;7405.0;8217.0;8276.0;8489.0;7594.0;7862.0;8709.0;8304.0;8774.0;17900.0
181;1059.0;783.0;2473.0;439.0;177.0;228.0;138.0;1163.0;771.0;423.0;1011.0;327.0;8774.0;2598.0;2095.0;8996.0;1011.0;1635.0;406.0;3863.0;535.0;752.0;3883.0;2533.0;1762.0;326.0;1073.0;719.0;155.0;419.0;1287.0;718.0;1536.0;232.0;1024.0;1541.0;1058.0;771.0;1678.0;1369.0;140.0;138.0;1355.0;337.0;924.0;2920.0;406.0;1011.0;839.0;353.0;447.0;1189.0;984.0;3870.0;1254.0;10.0;1287.0;399.0;786.0;1936.0;317.0;193.0;2195.0;3917.0;810.0;984.0;1395.0;1163.0;696.0;9780.0;1942.0;839.0;3870.0;3906.0;559.0;1011.0;474.0;138.0;1293.0;8774.0;0.0;847.0;1011.0;559.0;127.0;698.0;1541.0;423.0;337.0;1045.0;3955.0;559.0;2663.0;8774.0;1524.0;752.0;1602.0;1143.0;718.0;3769.0;771.0;1188.0;1011.0;450.0;1142.0;677.0;739.0;513.0;752.0;968.0;808.0;1861.0;2505.0;559.0;1275.0;322.0;1011.0;1428.0;1369.0;353.0;1065.0;968.0;641.0;8774.0;2175.0;10.0;1287.0;1308.0;461.0;838.0;383.0;1678.0;3883.0;4399.0;752.0;514.0;1369.0;1117.0;783.0;1369.0;9041.0;1260.0;1936.0;535.0;2149.0;1735.0;1369.0;1647.0;1549.0;1356.0;1094.0;9235.0;116.0;1369.0;1678.0;1458.0;1849.0;177.0;1163.0;1058.0;1407.0;144.0;1369.0;1287.0;771.0;1416.0;177.0;30.0;1978.0;775.0;830.0;507.0;1002.0;547.0;559.0;1037.0;1369.0;4266.0;2059.0;1097.0;193.0;193.0;180.0;1669.0;2147.0;8774.0;834.0;8774.0;193.0;1011.0;771.0;587.0;1215.0;1037.0;1070.0;419.0;559.0;836.0;1369.0;541.0;215.0;848.0;1019.0;1308.0;598.0;1148.0;850.0;1287.0;752.0;1669.0;1258.0;1387.0;771.0;8774.0;1011.0;1524.0;592.0;1578.0;1678.0;1369.0;754.0;547.0;1369.0;1142.0;859.0;10.0;936.0;943.0;1541.0;267.0;362.0;255.0;1750.0;833.0;718.0;1652.0;1011.0;848.0;219.0;783.0;2280.0;1011.0;615.0;2401.0;423.0;2312.0;8774.0;56.0;1450.0;8774.0;331.0;540.0;10.0;1678.0;3799.0;1011.0;719.0;10.0;1334.0;1287.0;514.0;1450.0;165.0;998.0;4266.0;4363.0;8774.0;2533.0;716.0;1117.0;718.0;423.0;1247.0;960.0;936.0;1369.0;386.0;980.0;138.0;615.0;3800.0;748.0;771.0;1437.0;1247.0;1310.0;2055.0;1215.0;282.0;1087.0;388.0;1402.0;1103.0;1143.0;353.0;3518.0;2836.0;1735.0;1305.0;10.0;9200.0
182;215.0;65.0;3028.0;424.0;864.0;848.0;764.0;318.0;717.0;429.0;171.0;972.0;8346.0;2628.0;1384.0;8586.0;171.0;1675.0;1143.0;4532.0;321.0;833.0;4678.0;2549.0;1061.0;1000.0;1302.0;569.0;893.0;446.0;1556.0;131.0;1703.0;664.0;189.0;783.0;1314.0;717.0;1508.0;1583.0;871.0;764.0;539.0;521.0;1756.0;2652.0;1143.0;171.0;796.0;535.0;587.0;386.0;710.0;4524.0;438.0;847.0;1556.0;974.0;151.0;1426.0;724.0;919.0;2243.0;4705.0;356.0;710.0;595.0;318.0;494.0;8971.0;2015.0;796.0;4524.0;4363.0;1397.0;171.0;462.0;764.0;446.0;8346.0;847.0;0.0;171.0;1397.0;949.0;435.0;783.0;429.0;521.0;199.0;4679.0;1397.0;2693.0;8346.0;1609.0;833.0;859.0;302.0;131.0;4493.0;717.0;342.0;171.0;525.0;314.0;188.0;269.0;436.0;833.0;134.0;133.0;1421.0;2548.0;1397.0;1318.0;588.0;171.0;585.0;1583.0;535.0;798.0;123.0;234.0;8346.0;1521.0;847.0;1556.0;487.0;387.0;402.0;502.0;1508.0;4678.0;5245.0;833.0;335.0;1583.0;275.0;70.0;1583.0;8626.0;431.0;1426.0;321.0;1504.0;1031.0;1583.0;1804.0;1600.0;508.0;248.0;8435.0;739.0;1583.0;1508.0;1209.0;1238.0;778.0;318.0;1314.0;595.0;972.0;1583.0;1556.0;717.0;1320.0;864.0;876.0;1655.0;1617.0;356.0;408.0;1291.0;300.0;1397.0;211.0;1583.0;3497.0;1445.0;263.0;919.0;919.0;887.0;968.0;2197.0;8346.0;847.0;8346.0;919.0;171.0;717.0;267.0;380.0;211.0;327.0;446.0;1397.0;384.0;1583.0;704.0;632.0;39.0;1019.0;487.0;286.0;303.0;1193.0;1556.0;833.0;968.0;411.0;582.0;717.0;8346.0;171.0;1609.0;256.0;826.0;1508.0;1583.0;1596.0;300.0;547.0;314.0;311.0;847.0;103.0;153.0;783.0;586.0;687.0;602.0;1146.0;85.0;135.0;813.0;171.0;39.0;702.0;65.0;2321.0;171.0;233.0;2440.0;429.0;2353.0;8346.0;826.0;629.0;8346.0;543.0;357.0;847.0;1508.0;4541.0;171.0;1561.0;847.0;517.0;1556.0;335.0;629.0;738.0;1033.0;3497.0;5208.0;8346.0;2549.0;695.0;275.0;131.0;429.0;416.0;541.0;103.0;1583.0;469.0;138.0;764.0;233.0;4597.0;103.0;717.0;1241.0;416.0;1344.0;2665.0;380.0;902.0;335.0;1145.0;1350.0;256.0;302.0;535.0;3968.0;3335.0;1031.0;478.0;847.0;9700.0
183;49.0;235.0;3185.0;595.0;1035.0;1019.0;921.0;153.0;774.0;598.0;10.0;1144.0;8320.0;2717.0;1306.0;8564.0;10.0;1781.0;1288.0;4637.0;492.0;902.0;4816.0;2637.0;911.0;1171.0;1443.0;634.0;1063.0;617.0;1611.0;294.0;1827.0;834.0;23.0;625.0;1457.0;774.0;1474.0;1626.0;1040.0;921.0;369.0;690.0;1912.0;2683.0;1288.0;10.0;929.0;706.0;756.0;310.0;810.0;4626.0;269.0;1011.0;1611.0;1145.0;300.0;1316.0;896.0;1090.0;2340.0;4842.0;478.0;810.0;428.0;153.0;566.0;8800.0;2120.0;929.0;4626.0;4506.0;1555.0;10.0;597.0;921.0;283.0;8320.0;1011.0;171.0;0.0;1555.0;1108.0;510.0;625.0;598.0;690.0;88.0;4797.0;1555.0;2782.0;8320.0;1723.0;902.0;703.0;132.0;294.0;4613.0;774.0;196.0;10.0;695.0;144.0;337.0;416.0;605.0;902.0;44.0;276.0;1328.0;2640.0;1555.0;1434.0;759.0;10.0;417.0;1626.0;706.0;891.0;49.0;405.0;8320.0;1375.0;1011.0;1611.0;316.0;550.0;517.0;652.0;1474.0;4816.0;5411.0;902.0;504.0;1626.0;106.0;229.0;1626.0;8602.0;260.0;1316.0;492.0;1361.0;881.0;1626.0;1925.0;1710.0;349.0;86.0;8263.0;906.0;1626.0;1474.0;1278.0;1204.0;949.0;153.0;1457.0;426.0;1139.0;1626.0;1611.0;774.0;1414.0;1035.0;1041.0;1690.0;1783.0;472.0;579.0;1362.0;466.0;1555.0;53.0;1626.0;3328.0;1310.0;92.0;1090.0;1090.0;1057.0;820.0;2295.0;8320.0;983.0;8320.0;1090.0;10.0;774.0;437.0;209.0;53.0;322.0;617.0;1555.0;499.0;1626.0;866.0;796.0;164.0;1143.0;316.0;428.0;169.0;1348.0;1611.0;902.0;820.0;250.0;414.0;774.0;8320.0;10.0;1723.0;423.0;668.0;1474.0;1626.0;1763.0;466.0;432.0;144.0;417.0;1011.0;76.0;103.0;625.0;747.0;858.0;762.0;1118.0;227.0;306.0;669.0;10.0;164.0;873.0;235.0;2415.0;10.0;400.0;2533.0;598.0;2447.0;8320.0;992.0;458.0;8320.0;713.0;528.0;1011.0;1474.0;4665.0;10.0;1728.0;1011.0;409.0;1611.0;504.0;458.0;907.0;1161.0;3328.0;5374.0;8320.0;2637.0;840.0;106.0;294.0;598.0;245.0;631.0;76.0;1626.0;638.0;102.0;921.0;400.0;4737.0;274.0;774.0;1319.0;245.0;1459.0;2828.0;209.0;1074.0;321.0;1292.0;1451.0;115.0;132.0;706.0;4111.0;3486.0;881.0;307.0;1011.0;9700.0
184;1603.0;1333.0;2342.0;998.0;627.0;677.0;634.0;1708.0;1121.0;980.0;1555.0;654.0;9189.0;2850.0;2644.0;9402.0;1555.0;1947.0;346.0;3378.0;1092.0;1037.0;3330.0;2795.0;2224.0;625.0;1365.0;1134.0;585.0;979.0;1262.0;1266.0;1789.0;783.0;1566.0;2036.0;1337.0;1121.0;1878.0;1369.0;597.0;634.0;1882.0;897.0;364.0;3310.0;346.0;1555.0;1308.0;911.0;979.0;1748.0;1492.0;3393.0;1783.0;559.0;1262.0;731.0;1344.0;2296.0;821.0;585.0;2458.0;3366.0;1364.0;1492.0;1913.0;1708.0;1142.0;10265.0;2208.0;1308.0;3393.0;3814.0;10.0;1555.0;976.0;634.0;1838.0;9189.0;559.0;1397.0;1555.0;0.0;448.0;1164.0;2036.0;980.0;897.0;1596.0;3437.0;10.0;2911.0;9189.0;1825.0;1037.0;2088.0;1685.0;1266.0;3251.0;1121.0;1738.0;1555.0;997.0;1679.0;1218.0;1297.0;1068.0;1037.0;1511.0;1366.0;2189.0;2753.0;10.0;1630.0;874.0;1555.0;1968.0;1369.0;911.0;1562.0;1514.0;1199.0;9189.0;2597.0;559.0;1262.0;1838.0;1010.0;1388.0;905.0;1878.0;3330.0;3869.0;1037.0;1069.0;1369.0;1660.0;1330.0;1369.0;9449.0;1793.0;2296.0;1092.0;2567.0;2199.0;1369.0;1893.0;1865.0;1903.0;1639.0;9713.0;675.0;1369.0;1878.0;1910.0;2383.0;691.0;1708.0;1337.0;1930.0;473.0;1369.0;1262.0;1121.0;1815.0;627.0;533.0;2425.0;343.0;1384.0;1065.0;1039.0;1099.0;10.0;1575.0;1369.0;4730.0;2465.0;1637.0;585.0;585.0;608.0;2135.0;2412.0;9189.0;1285.0;9189.0;585.0;1555.0;1121.0;1143.0;1753.0;1575.0;1629.0;979.0;10.0;1387.0;1369.0;1028.0;768.0;1393.0;1436.0;1838.0;1130.0;1699.0;1129.0;1262.0;1037.0;2135.0;1804.0;1907.0;1121.0;9189.0;1555.0;1825.0;1144.0;2069.0;1878.0;1369.0;326.0;1099.0;1927.0;1679.0;1416.0;559.0;1479.0;1478.0;2036.0;811.0;873.0;795.0;2285.0;1389.0;1272.0;2207.0;1555.0;1393.0;759.0;1333.0;2542.0;1555.0;1167.0;2658.0;980.0;2572.0;9189.0;596.0;1976.0;9189.0;890.0;1099.0;559.0;1878.0;3271.0;1555.0;297.0;559.0;1893.0;1262.0;1069.0;1976.0;707.0;1404.0;4730.0;3834.0;9189.0;2795.0;1207.0;1660.0;1266.0;980.0;1782.0;1497.0;1479.0;1369.0;944.0;1532.0;634.0;1167.0;3246.0;1300.0;1121.0;1873.0;1782.0;1664.0;1894.0;1753.0;677.0;1647.0;320.0;1784.0;1652.0;1685.0;911.0;3441.0;2740.0;2199.0;1837.0;559.0;8800.0
185;1156.0;885.0;2489.0;554.0;276.0;333.0;190.0;1261.0;778.0;534.0;1108.0;401.0;8895.0;2693.0;2218.0;9116.0;1108.0;1737.0;283.0;3736.0;645.0;736.0;3762.0;2629.0;1820.0;390.0;1166.0;749.0;241.0;535.0;1208.0;818.0;1626.0;359.0;1119.0;1612.0;1149.0;778.0;1653.0;1296.0;236.0;190.0;1442.0;454.0;810.0;3036.0;283.0;1108.0;961.0;476.0;574.0;1301.0;1111.0;3743.0;1342.0;127.0;1208.0;481.0;898.0;1958.0;440.0;270.0;2290.0;3795.0;933.0;1111.0;1477.0;1261.0;739.0;9851.0;2036.0;961.0;3743.0;3935.0;448.0;1108.0;541.0;190.0;1391.0;8895.0;127.0;949.0;1108.0;448.0;0.0;750.0;1612.0;534.0;454.0;1148.0;3829.0;448.0;2757.0;8895.0;1623.0;736.0;1669.0;1239.0;818.0;3642.0;778.0;1290.0;1108.0;577.0;1234.0;771.0;858.0;636.0;736.0;1064.0;919.0;1873.0;2599.0;448.0;1382.0;448.0;1108.0;1523.0;1296.0;476.0;1191.0;1066.0;752.0;8895.0;2219.0;127.0;1208.0;1397.0;562.0;963.0;462.0;1653.0;3762.0;4308.0;736.0;621.0;1296.0;1213.0;882.0;1296.0;9161.0;1350.0;1958.0;645.0;2191.0;1794.0;1296.0;1737.0;1651.0;1455.0;1192.0;9303.0;240.0;1296.0;1653.0;1580.0;1975.0;298.0;1261.0;1149.0;1491.0;161.0;1296.0;1208.0;778.0;1531.0;276.0;111.0;2101.0;698.0;953.0;628.0;929.0;650.0;448.0;1130.0;1296.0;4328.0;2097.0;1191.0;270.0;270.0;270.0;1728.0;2242.0;8895.0;954.0;8895.0;270.0;1108.0;778.0;695.0;1308.0;1130.0;1186.0;535.0;448.0;960.0;1296.0;664.0;321.0;946.0;1135.0;1397.0;685.0;1251.0;937.0;1208.0;736.0;1728.0;1357.0;1470.0;778.0;8895.0;1108.0;1623.0;696.0;1647.0;1653.0;1296.0;678.0;650.0;1480.0;1234.0;981.0;127.0;1032.0;1034.0;1612.0;362.0;486.0;347.0;1877.0;941.0;824.0;1759.0;1108.0;946.0;346.0;885.0;2375.0;1108.0;719.0;2496.0;534.0;2407.0;8895.0;179.0;1536.0;8895.0;452.0;658.0;127.0;1653.0;3673.0;1108.0;642.0;127.0;1446.0;1208.0;621.0;1536.0;292.0;1112.0;4328.0;4272.0;8895.0;2629.0;841.0;1213.0;818.0;534.0;1338.0;1086.0;1032.0;1296.0;499.0;1084.0;190.0;719.0;3679.0;852.0;778.0;1557.0;1338.0;1417.0;2062.0;1308.0;373.0;1203.0;263.0;1514.0;1204.0;1239.0;476.0;3549.0;2861.0;1794.0;1395.0;127.0;9100.0
186;554.0;408.0;3118.0;472.0;803.0;816.0;569.0;646.0;283.0;442.0;510.0;953.0;8778.0;2947.0;1809.0;9017.0;510.0;1973.0;851.0;4128.0;424.0;398.0;4338.0;2872.0;1069.0;969.0;1510.0;134.0;812.0;485.0;1121.0;360.0;1954.0;630.0;509.0;872.0;1511.0;283.0;1155.0;1149.0;789.0;569.0;749.0;504.0;1498.0;3053.0;851.0;510.0;1064.0;559.0;701.0;806.0;1056.0;4116.0;660.0;698.0;1121.0;991.0;521.0;1259.0;755.0;849.0;2551.0;4360.0;709.0;1056.0;766.0;646.0;58.0;9104.0;2310.0;1064.0;4116.0;4516.0;1164.0;510.0;232.0;569.0;765.0;8778.0;698.0;435.0;510.0;1164.0;750.0;0.0;872.0;442.0;504.0;588.0;4294.0;1164.0;3013.0;8778.0;1888.0;398.0;924.0;613.0;360.0;4110.0;283.0;704.0;510.0;638.0;585.0;295.0;594.0;586.0;398.0;472.0;521.0;1204.0;2862.0;1164.0;1600.0;607.0;510.0;867.0;1149.0;559.0;1151.0;493.0;454.0;8778.0;1477.0;698.0;1121.0;714.0;363.0;760.0;331.0;1155.0;4338.0;5030.0;398.0;399.0;1149.0;595.0;377.0;1149.0;9057.0;683.0;1259.0;424.0;1451.0;1043.0;1149.0;2063.0;1892.0;834.0;592.0;8555.0;632.0;1149.0;1155.0;1582.0;1673.0;727.0;646.0;1511.0;789.0;842.0;1149.0;1121.0;283.0;1650.0;803.0;726.0;2057.0;1448.0;719.0;545.0;858.0;365.0;1164.0;502.0;1149.0;3578.0;1363.0;560.0;849.0;849.0;821.0;978.0;2503.0;8778.0;1100.0;8778.0;849.0;510.0;283.0;406.0;657.0;502.0;762.0;485.0;1164.0;744.0;1149.0;858.0;520.0;404.0;1297.0;714.0;241.0;680.0;1344.0;1121.0;398.0;978.0;738.0;763.0;283.0;8778.0;510.0;1888.0;368.0;905.0;1155.0;1149.0;1427.0;365.0;943.0;585.0;696.0;698.0;451.0;409.0;872.0;458.0;746.0;461.0;1581.0;497.0;411.0;1166.0;510.0;404.0;670.0;408.0;2632.0;510.0;371.0;2754.0;442.0;2665.0;8778.0;707.0;840.0;8778.0;543.0;508.0;698.0;1155.0;4167.0;510.0;1391.0;698.0;918.0;1121.0;399.0;840.0;675.0;1299.0;3578.0;4996.0;8778.0;2872.0;935.0;595.0;360.0;442.0;675.0;917.0;451.0;1149.0;469.0;552.0;569.0;371.0;4260.0;410.0;283.0;1599.0;675.0;1631.0;2719.0;657.0;884.0;770.0;864.0;1667.0;626.0;613.0;559.0;4122.0;3460.0;1043.0;719.0;698.0;9200.0
187;597.0;839.0;3809.0;1178.0;1604.0;1599.0;1424.0;536.0;999.0;1169.0;625.0;1732.0;8523.0;3263.0;1463.0;8779.0;625.0;2364.0;1721.0;4823.0;1079.0;1130.0;5151.0;3182.0;300.0;1756.0;2064.0;925.0;1625.0;1199.0;1693.0;879.0;2431.0;1407.0;603.0;10.0;2080.0;999.0;1248.0;1665.0;1602.0;1424.0;288.0;1260.0;2369.0;3101.0;1721.0;625.0;1547.0;1291.0;1367.0;755.0;1405.0;4798.0;366.0;1541.0;1693.0;1744.0;924.0;815.0;1492.0;1657.0;2904.0;5167.0;1098.0;1405.0;213.0;536.0;900.0;8240.0;2697.0;1547.0;4798.0;5126.0;2036.0;625.0;1071.0;1424.0;484.0;8523.0;1541.0;783.0;625.0;2036.0;1612.0;872.0;0.0;1169.0;1260.0;660.0;5039.0;2036.0;3327.0;8523.0;2317.0;1130.0;81.0;525.0;879.0;4859.0;999.0;582.0;625.0;1303.0;488.0;890.0;1041.0;1216.0;1130.0;652.0;901.0;891.0;3193.0;2036.0;2034.0;1345.0;625.0;394.0;1665.0;1291.0;1474.0;673.0;1011.0;8523.0;764.0;1541.0;1693.0;338.0;1103.0;1132.0;1158.0;1248.0;5151.0;5902.0;1130.0;1080.0;1665.0;547.0;819.0;1665.0;8813.0;395.0;815.0;1079.0;754.0;270.0;1665.0;2526.0;2298.0;491.0;585.0;7694.0;1452.0;1665.0;1248.0;1814.0;1514.0;1520.0;536.0;2080.0;239.0;1681.0;1665.0;1693.0;999.0;1985.0;1604.0;1570.0;2145.0;2310.0;1089.0;1185.0;1522.0;1037.0;2036.0;576.0;1665.0;2731.0;724.0;538.0;1657.0;1657.0;1626.0;222.0;2861.0;8523.0;1603.0;8523.0;1657.0;625.0;999.0;1027.0;448.0;576.0;864.0;1199.0;2036.0;1115.0;1665.0;1487.0;1336.0;760.0;1753.0;338.0;950.0;617.0;1973.0;1693.0;1130.0;222.0;505.0;232.0;999.0;8523.0;625.0;2317.0;1001.0;43.0;1248.0;1665.0;2289.0;1037.0;701.0;488.0;1031.0;1541.0;681.0;639.0;10.0;1277.0;1460.0;1287.0;1456.0;851.0;909.0;668.0;625.0;760.0;1447.0;839.0;2974.0;625.0;983.0;3088.0;1169.0;3005.0;8523.0;1536.0;251.0;8523.0;1290.0;1132.0;1541.0;1248.0;4932.0;625.0;2253.0;1541.0;715.0;1693.0;1080.0;251.0;1472.0;1775.0;2731.0;5868.0;8523.0;3182.0;1464.0;547.0;879.0;1169.0;411.0;1222.0;681.0;1665.0;1210.0;716.0;1424.0;983.0;5077.0;878.0;999.0;1868.0;411.0;2056.0;3448.0;448.0;1660.0;852.0;1736.0;2030.0;615.0;525.0;1291.0;4731.0;4110.0;270.0;355.0;1541.0;9700.0
188;644.0;364.0;2695.0;39.0;440.0;430.0;363.0;747.0;658.0;10.0;598.0;563.0;8514.0;2533.0;1703.0;8745.0;598.0;1554.0;764.0;4215.0;112.0;716.0;4291.0;2460.0;1419.0;586.0;1071.0;536.0;466.0;45.0;1406.0;304.0;1520.0;239.0;613.0;1169.0;1071.0;658.0;1583.0;1461.0;443.0;363.0;955.0;93.0;1344.0;2714.0;764.0;598.0;654.0;125.0;261.0;768.0;705.0;4215.0;853.0;423.0;1406.0;581.0;364.0;1685.0;331.0;494.0;2133.0;4322.0;430.0;705.0;1003.0;747.0;474.0;9391.0;1887.0;654.0;4215.0;4079.0;980.0;598.0;245.0;363.0;875.0;8514.0;423.0;429.0;598.0;980.0;534.0;442.0;1169.0;0.0;93.0;625.0;4333.0;980.0;2599.0;8514.0;1463.0;716.0;1237.0;730.0;304.0;4146.0;658.0;767.0;598.0;200.0;735.0;279.0;335.0;173.0;716.0;556.0;386.0;1641.0;2445.0;980.0;1180.0;179.0;598.0;1014.0;1461.0;125.0;799.0;552.0;218.0;8514.0;1859.0;423.0;1406.0;905.0;80.0;471.0;182.0;1583.0;4291.0;4817.0;716.0;94.0;1461.0;703.0;370.0;1461.0;8787.0;853.0;1685.0;112.0;1837.0;1391.0;1461.0;1629.0;1471.0;936.0;677.0;8852.0;312.0;1461.0;1583.0;1228.0;1487.0;353.0;747.0;1071.0;1009.0;543.0;1461.0;1406.0;658.0;1257.0;440.0;451.0;1733.0;1188.0;448.0;139.0;1117.0;134.0;980.0;629.0;1461.0;3900.0;1761.0;687.0;494.0;494.0;462.0;1325.0;2085.0;8514.0;680.0;8514.0;494.0;598.0;658.0;164.0;805.0;629.0;654.0;45.0;980.0;462.0;1461.0;418.0;213.0;435.0;881.0;905.0;233.0;726.0;903.0;1406.0;716.0;1325.0;840.0;992.0;658.0;8514.0;598.0;1463.0;175.0;1209.0;1583.0;1461.0;1168.0;134.0;947.0;735.0;463.0;423.0;523.0;542.0;1169.0;183.0;311.0;202.0;1389.0;410.0;297.0;1229.0;598.0;435.0;279.0;364.0;2215.0;598.0;197.0;2338.0;10.0;2248.0;8514.0;398.0;1048.0;8514.0;121.0;140.0;423.0;1583.0;4185.0;598.0;1132.0;423.0;912.0;1406.0;94.0;1048.0;310.0;877.0;3900.0;4779.0;8514.0;2460.0;519.0;703.0;304.0;10.0;839.0;619.0;523.0;1461.0;41.0;558.0;363.0;197.0;4209.0;328.0;658.0;1230.0;839.0;1212.0;2308.0;805.0;491.0;670.0;759.0;1264.0;683.0;730.0;125.0;3685.0;3028.0;1391.0;900.0;423.0;9500.0
189;736.0;456.0;2619.0;102.0;347.0;340.0;296.0;839.0;693.0;93.0;690.0;474.0;8541.0;2509.0;1770.0;8770.0;690.0;1531.0;698.0;4159.0;201.0;734.0;4215.0;2438.0;1506.0;497.0;1026.0;583.0;373.0;82.0;1401.0;397.0;1482.0;147.0;705.0;1260.0;1023.0;693.0;1625.0;1463.0;350.0;296.0;1048.0;10.0;1261.0;2724.0;698.0;690.0;644.0;63.0;225.0;852.0;726.0;4161.0;946.0;337.0;1401.0;497.0;449.0;1758.0;253.0;401.0;2107.0;4247.0;487.0;726.0;1095.0;839.0;529.0;9484.0;1859.0;644.0;4161.0;4012.0;897.0;690.0;285.0;296.0;967.0;8541.0;337.0;521.0;690.0;897.0;454.0;504.0;1260.0;93.0;0.0;715.0;4268.0;897.0;2575.0;8541.0;1434.0;734.0;1327.0;822.0;397.0;4082.0;693.0;858.0;690.0;180.0;827.0;371.0;405.0;199.0;734.0;649.0;471.0;1708.0;2420.0;897.0;1156.0;103.0;690.0;1106.0;1463.0;63.0;817.0;644.0;304.0;8541.0;1943.0;337.0;1401.0;998.0;159.0;522.0;197.0;1625.0;4215.0;4726.0;734.0;186.0;1463.0;795.0;462.0;1463.0;8813.0;946.0;1758.0;201.0;1920.0;1478.0;1463.0;1592.0;1446.0;1028.0;769.0;8944.0;223.0;1463.0;1625.0;1239.0;1542.0;261.0;839.0;1023.0;1102.0;452.0;1463.0;1401.0;693.0;1249.0;347.0;365.0;1751.0;1097.0;506.0;180.0;1110.0;226.0;897.0;722.0;1463.0;3990.0;1842.0;779.0;401.0;401.0;369.0;1412.0;2059.0;8541.0;663.0;8541.0;401.0;690.0;693.0;255.0;898.0;722.0;733.0;82.0;897.0;516.0;1463.0;381.0;139.0;527.0;864.0;998.0;316.0;816.0;845.0;1401.0;734.0;1412.0;932.0;1084.0;693.0;8541.0;690.0;1434.0;268.0;1299.0;1625.0;1463.0;1076.0;226.0;1032.0;827.0;529.0;337.0;616.0;635.0;1260.0;134.0;243.0;152.0;1443.0;498.0;388.0;1317.0;690.0;527.0;188.0;456.0;2191.0;690.0;290.0;2313.0;93.0;2224.0;8541.0;308.0;1141.0;8541.0;40.0;204.0;337.0;1625.0;4117.0;690.0;1041.0;337.0;997.0;1401.0;186.0;1141.0;217.0;856.0;3990.0;4688.0;8541.0;2438.0;508.0;795.0;397.0;93.0;932.0;661.0;616.0;1463.0;52.0;648.0;296.0;290.0;4132.0;419.0;693.0;1235.0;932.0;1190.0;2228.0;898.0;402.0;750.0;690.0;1251.0;774.0;822.0;63.0;3619.0;2957.0;1478.0;992.0;337.0;9400.0
190;73.0;263.0;3159.0;617.0;1055.0;1034.0;963.0;135.0;857.0;625.0;88.0;1154.0;8232.0;2648.0;1223.0;8476.0;88.0;1721.0;1341.0;4711.0;514.0;983.0;4874.0;2568.0;954.0;1183.0;1405.0;714.0;1085.0;638.0;1696.0;330.0;1775.0;855.0;103.0;660.0;1421.0;857.0;1560.0;1712.0;1063.0;963.0;385.0;715.0;1956.0;2599.0;1341.0;88.0;887.0;724.0;755.0;223.0;752.0;4701.0;295.0;1045.0;1696.0;1149.0;290.0;1382.0;904.0;1109.0;2275.0;4901.0;439.0;752.0;453.0;135.0;645.0;8792.0;2058.0;887.0;4701.0;4466.0;1596.0;88.0;655.0;963.0;254.0;8232.0;1045.0;199.0;88.0;1596.0;1148.0;588.0;660.0;625.0;715.0;0.0;4865.0;1596.0;2713.0;8232.0;1667.0;983.0;740.0;136.0;330.0;4680.0;857.0;143.0;88.0;698.0;175.0;384.0;396.0;608.0;983.0;118.0;265.0;1401.0;2573.0;1596.0;1380.0;775.0;88.0;398.0;1712.0;724.0;828.0;96.0;417.0;8232.0;1420.0;1045.0;1696.0;331.0;586.0;472.0;700.0;1560.0;4874.0;5441.0;983.0;532.0;1712.0;113.0;268.0;1712.0;8515.0;272.0;1382.0;514.0;1407.0;924.0;1712.0;1872.0;1651.0;312.0;75.0;8258.0;936.0;1712.0;1560.0;1205.0;1116.0;969.0;135.0;1421.0;442.0;1167.0;1712.0;1696.0;857.0;1349.0;1055.0;1074.0;1608.0;1812.0;430.0;586.0;1443.0;498.0;1596.0;130.0;1712.0;3335.0;1362.0;129.0;1109.0;1109.0;1077.0;866.0;2231.0;8232.0;944.0;8232.0;1109.0;88.0;857.0;460.0;217.0;130.0;241.0;638.0;1596.0;455.0;1712.0;852.0;831.0;208.0;1094.0;331.0;481.0;104.0;1323.0;1696.0;983.0;866.0;219.0;436.0;857.0;8232.0;88.0;1667.0;453.0;703.0;1560.0;1712.0;1792.0;498.0;358.0;175.0;371.0;1045.0;138.0;187.0;660.0;786.0;863.0;801.0;1030.0;224.0;328.0;614.0;88.0;208.0;892.0;263.0;2349.0;88.0;430.0;2466.0;625.0;2381.0;8232.0;1022.0;466.0;8232.0;734.0;537.0;1045.0;1560.0;4731.0;88.0;1757.0;1045.0;331.0;1696.0;532.0;466.0;931.0;1115.0;3335.0;5404.0;8232.0;2568.0;808.0;113.0;330.0;625.0;256.0;570.0;138.0;1712.0;664.0;69.0;963.0;430.0;4794.0;297.0;857.0;1249.0;256.0;1404.0;2810.0;217.0;1085.0;237.0;1343.0;1389.0;59.0;136.0;724.0;4071.0;3453.0;924.0;318.0;1045.0;9800.0
191;4844.0;4625.0;4687.0;4361.0;4059.0;4112.0;3973.0;4939.0;4072.0;4333.0;4797.0;4088.0;12513.0;6008.0;6035.0;12707.0;4797.0;5265.0;3570.0;497.0;4435.0;3937.0;833.0;5976.0;5075.0;4057.0;4716.0;4188.0;4016.0;4346.0;3371.0;4556.0;5054.0;4187.0;4799.0;5039.0;4681.0;4072.0;4071.0;3425.0;4026.0;3973.0;5019.0;4268.0;3101.0;6660.0;3570.0;4797.0;4744.0;4301.0;4400.0;5063.0;4926.0;608.0;4942.0;3955.0;3371.0;4160.0;4680.0;4790.0;4250.0;4020.0;5669.0;746.0;4755.0;4926.0;5016.0;4939.0;4243.0;12644.0;5447.0;4744.0;608.0;5885.0;3437.0;4797.0;4217.0;3973.0;5060.0;12513.0;3955.0;4679.0;4797.0;3437.0;3829.0;4294.0;5039.0;4333.0;4268.0;4865.0;0.0;3437.0;6058.0;12513.0;5141.0;3937.0;5052.0;4907.0;4556.0;186.0;4072.0;4993.0;4797.0;4405.0;4879.0;4491.0;4668.0;4461.0;3937.0;4755.0;4697.0;4621.0;5914.0;3437.0;5008.0;4276.0;4797.0;5154.0;3425.0;4301.0;4998.0;4770.0;4540.0;12513.0;5228.0;3955.0;3371.0;4994.0;4331.0;4789.0;4193.0;4071.0;833.0;2752.0;3937.0;4404.0;3425.0;4888.0;4609.0;3425.0;12759.0;4971.0;4790.0;4435.0;5190.0;5065.0;3425.0;5137.0;5193.0;5129.0;4882.0;12050.0;4068.0;3425.0;4071.0;5338.0;5804.0;4113.0;4939.0;4681.0;5048.0;3902.0;3425.0;3371.0;4072.0;5216.0;4059.0;3935.0;5844.0;3439.0;4774.0;4448.0;3518.0;4419.0;3437.0;4795.0;3425.0;7239.0;5069.0;4854.0;4020.0;4020.0;4041.0;5018.0;5629.0;12513.0;4719.0;12513.0;4020.0;4797.0;4072.0;4474.0;4950.0;4795.0;4974.0;4346.0;3437.0;4784.0;3425.0;4463.0;4130.0;4660.0;4857.0;4994.0;4393.0;4964.0;4498.0;3371.0;3937.0;5018.0;5033.0;5019.0;4072.0;12513.0;4797.0;5141.0;4461.0;5054.0;4071.0;3425.0;3450.0;4419.0;5223.0;4879.0;4795.0;3955.0;4729.0;4699.0;5039.0;4149.0;4301.0;4131.0;5706.0;4703.0;4583.0;5460.0;4797.0;4660.0;4172.0;4625.0;5743.0;4797.0;4482.0;5840.0;4333.0;5768.0;12513.0;4003.0;5101.0;12513.0;4275.0;4469.0;3955.0;4071.0;240.0;4797.0;3468.0;3955.0;5194.0;3371.0;4404.0;5101.0;4118.0;4822.0;7239.0;2770.0;12513.0;5976.0;4643.0;4888.0;4556.0;4333.0;4965.0;4915.0;4729.0;3425.0;4306.0;4815.0;3973.0;4482.0;872.0;4603.0;4072.0;5294.0;4965.0;5039.0;4331.0;4950.0;4113.0;4988.0;3579.0;5174.0;4911.0;4907.0;4301.0;5649.0;5062.0;5065.0;5002.0;3955.0;5700.0
192;1603.0;1333.0;2342.0;998.0;627.0;677.0;634.0;1708.0;1121.0;980.0;1555.0;654.0;9189.0;2850.0;2644.0;9402.0;1555.0;1947.0;346.0;3378.0;1092.0;1037.0;3330.0;2795.0;2224.0;625.0;1365.0;1134.0;585.0;979.0;1262.0;1266.0;1789.0;783.0;1566.0;2036.0;1337.0;1121.0;1878.0;1369.0;597.0;634.0;1882.0;897.0;364.0;3310.0;346.0;1555.0;1308.0;911.0;979.0;1748.0;1492.0;3393.0;1783.0;559.0;1262.0;731.0;1344.0;2296.0;821.0;585.0;2458.0;3366.0;1364.0;1492.0;1913.0;1708.0;1142.0;10265.0;2208.0;1308.0;3393.0;3814.0;10.0;1555.0;976.0;634.0;1838.0;9189.0;559.0;1397.0;1555.0;10.0;448.0;1164.0;2036.0;980.0;897.0;1596.0;3437.0;0.0;2911.0;9189.0;1825.0;1037.0;2088.0;1685.0;1266.0;3251.0;1121.0;1738.0;1555.0;997.0;1679.0;1218.0;1297.0;1068.0;1037.0;1511.0;1366.0;2189.0;2753.0;10.0;1630.0;874.0;1555.0;1968.0;1369.0;911.0;1562.0;1514.0;1199.0;9189.0;2597.0;559.0;1262.0;1838.0;1010.0;1388.0;905.0;1878.0;3330.0;3869.0;1037.0;1069.0;1369.0;1660.0;1330.0;1369.0;9449.0;1793.0;2296.0;1092.0;2567.0;2199.0;1369.0;1893.0;1865.0;1903.0;1639.0;9713.0;675.0;1369.0;1878.0;1910.0;2383.0;691.0;1708.0;1337.0;1930.0;473.0;1369.0;1262.0;1121.0;1815.0;627.0;533.0;2425.0;343.0;1384.0;1065.0;1039.0;1099.0;10.0;1575.0;1369.0;4730.0;2465.0;1637.0;585.0;585.0;608.0;2135.0;2412.0;9189.0;1285.0;9189.0;585.0;1555.0;1121.0;1143.0;1753.0;1575.0;1629.0;979.0;10.0;1387.0;1369.0;1028.0;768.0;1393.0;1436.0;1838.0;1130.0;1699.0;1129.0;1262.0;1037.0;2135.0;1804.0;1907.0;1121.0;9189.0;1555.0;1825.0;1144.0;2069.0;1878.0;1369.0;326.0;1099.0;1927.0;1679.0;1416.0;559.0;1479.0;1478.0;2036.0;811.0;873.0;795.0;2285.0;1389.0;1272.0;2207.0;1555.0;1393.0;759.0;1333.0;2542.0;1555.0;1167.0;2658.0;980.0;2572.0;9189.0;596.0;1976.0;9189.0;890.0;1099.0;559.0;1878.0;3271.0;1555.0;297.0;559.0;1893.0;1262.0;1069.0;1976.0;707.0;1404.0;4730.0;3834.0;9189.0;2795.0;1207.0;1660.0;1266.0;980.0;1782.0;1497.0;1479.0;1369.0;944.0;1532.0;634.0;1167.0;3246.0;1300.0;1121.0;1873.0;1782.0;1664.0;1894.0;1753.0;677.0;1647.0;320.0;1784.0;1652.0;1685.0;911.0;3441.0;2740.0;2199.0;1837.0;559.0;8800.0
193;2786.0;2675.0;1804.0;2562.0;2488.0;2435.0;2758.0;2810.0;3256.0;2599.0;2782.0;2358.0;6476.0;66.0;2323.0;6658.0;2782.0;1045.0;3018.0;6121.0;2590.0;3309.0;5684.0;145.0;3626.0;2374.0;1591.0;3127.0;2518.0;2555.0;3946.0;2690.0;1133.0;2521.0;2804.0;3327.0;1609.0;3256.0;4168.0;4020.0;2527.0;2758.0;3040.0;2575.0;3128.0;976.0;3018.0;2782.0;1950.0;2512.0;2350.0;2573.0;1984.0;6159.0;2981.0;2663.0;3946.0;2276.0;2550.0;4095.0;2382.0;2487.0;469.0;5751.0;2341.0;1984.0;3116.0;2810.0;3058.0;10554.0;722.0;1950.0;6159.0;2286.0;2911.0;2782.0;2844.0;2758.0;2843.0;6476.0;2663.0;2693.0;2782.0;2911.0;2757.0;3013.0;3327.0;2599.0;2575.0;2713.0;6058.0;2911.0;0.0;6476.0;1144.0;3309.0;3407.0;2832.0;2690.0;5882.0;3256.0;2752.0;2782.0;2402.0;2881.0;2738.0;2445.0;2434.0;3309.0;2779.0;2563.0;4109.0;159.0;2911.0;1419.0;2485.0;2782.0;2947.0;4020.0;2512.0;1896.0;2748.0;2567.0;6476.0;4080.0;2663.0;3946.0;2995.0;2669.0;2292.0;2770.0;4168.0;5684.0;5281.0;3309.0;2618.0;4020.0;2817.0;2709.0;4020.0;6712.0;2943.0;4095.0;2590.0;4075.0;3597.0;4020.0;1024.0;1129.0;2840.0;2781.0;10095.0;2611.0;4020.0;4168.0;1514.0;2017.0;2500.0;2810.0;1609.0;3088.0;2604.0;4020.0;3946.0;3256.0;1374.0;2488.0;2661.0;1282.0;2743.0;2339.0;2475.0;3656.0;2649.0;2911.0;2834.0;4020.0;5588.0;4051.0;2841.0;2487.0;2487.0;2489.0;3548.0;517.0;6476.0;1919.0;6476.0;2487.0;2782.0;3256.0;2608.0;2895.0;2834.0;2479.0;2555.0;2911.0;2310.0;4020.0;2196.0;2654.0;2731.0;1719.0;2995.0;2773.0;2723.0;1821.0;3946.0;3309.0;3548.0;2824.0;3096.0;3256.0;6476.0;2782.0;1144.0;2646.0;3367.0;4168.0;4020.0;2740.0;2649.0;2642.0;2881.0;2383.0;2663.0;2766.0;2834.0;3327.0;2691.0;2360.0;2703.0;2017.0;2608.0;2636.0;2812.0;2782.0;2731.0;2501.0;2675.0;385.0;2782.0;2646.0;262.0;2599.0;352.0;6476.0;2610.0;3082.0;6476.0;2539.0;2507.0;2663.0;4168.0;5849.0;2782.0;2736.0;2663.0;2621.0;3946.0;2618.0;3082.0;2537.0;1721.0;5588.0;5229.0;6476.0;145.0;2082.0;2817.0;2690.0;2599.0;2929.0;2155.0;2766.0;4020.0;2586.0;2680.0;2758.0;2646.0;5593.0;2652.0;3256.0;1465.0;2929.0;1387.0;1907.0;2895.0;2385.0;2488.0;2988.0;1348.0;2740.0;2832.0;2512.0;1960.0;1733.0;3597.0;2976.0;2663.0;11600.0
194;8291.0;8370.0;8113.0;8477.0;8625.0;8568.0;8814.0;8241.0;9061.0;8514.0;8320.0;8547.0;10.0;6521.0;7069.0;311.0;8320.0;7265.0;9178.0;12537.0;8445.0;9169.0;12160.0;6546.0;8725.0;8573.0;7835.0;8913.0;8665.0;8482.0;9894.0;8423.0;7464.0;8563.0;8332.0;8523.0;7867.0;9061.0;9744.0;9928.0;8663.0;8814.0;8335.0;8541.0;9476.0;5879.0;9178.0;8320.0;7935.0;8489.0;8346.0;8011.0;7816.0;12563.0;8348.0;8774.0;9894.0;8466.0;8264.0;9289.0;8457.0;8648.0;6846.0;12227.0;8103.0;7816.0;8389.0;8241.0;8836.0;11186.0;7067.0;7935.0;12563.0;7629.0;9189.0;8320.0;8721.0;8814.0;8177.0;10.0;8774.0;8346.0;8320.0;9189.0;8895.0;8778.0;8523.0;8514.0;8541.0;8232.0;12513.0;9189.0;6476.0;0.0;7390.0;9169.0;8573.0;8276.0;8423.0;12333.0;9061.0;8167.0;8320.0;8367.0;8326.0;8493.0;8216.0;8347.0;9169.0;8346.0;8260.0;9401.0;6612.0;9189.0;7559.0;8490.0;8320.0;8177.0;9928.0;8489.0;7725.0;8317.0;8366.0;10.0;9001.0;8774.0;9894.0;8322.0;8553.0;8056.0;8693.0;9744.0;12160.0;11573.0;9169.0;8480.0;9928.0;8280.0;8401.0;9928.0;311.0;8303.0;9289.0;8445.0;9022.0;8709.0;9928.0;7378.0;7342.0;8126.0;8262.0;11036.0;8681.0;9928.0;9744.0;7316.0;7116.0;8598.0;8241.0;7867.0;8347.0;8775.0;9928.0;9894.0;9061.0;7377.0;8625.0;8784.0;6797.0;9108.0;8089.0;8376.0;9616.0;8488.0;9189.0;8354.0;9928.0;9029.0;9080.0;8318.0;8648.0;8648.0;8636.0;8702.0;6885.0;10.0;7941.0;10.0;8648.0;8320.0;9061.0;8430.0;8287.0;8354.0;8022.0;8482.0;9189.0;8068.0;9928.0;8233.0;8667.0;8380.0;7766.0;8322.0;8574.0;8170.0;8066.0;9894.0;9169.0;8702.0;8184.0;8373.0;9061.0;10.0;8320.0;7390.0;8460.0;8542.0;9744.0;9928.0;9100.0;8488.0;7934.0;8326.0;8097.0;8774.0;8356.0;8417.0;8523.0;8675.0;8414.0;8693.0;7204.0;8281.0;8376.0;7860.0;8320.0;8380.0;8562.0;8370.0;6773.0;8320.0;8446.0;6680.0;8514.0;6748.0;10.0;8718.0;8306.0;10.0;8519.0;8379.0;8774.0;9744.0;12311.0;8320.0;9088.0;8774.0;7943.0;9894.0;8480.0;8306.0;8613.0;7794.0;9029.0;11520.0;10.0;6546.0;8061.0;8280.0;8423.0;8514.0;8298.0;7900.0;8356.0;9928.0;8524.0;8247.0;8814.0;8446.0;12069.0;8372.0;9061.0;7338.0;8298.0;7526.0;8337.0;8287.0;8543.0;8017.0;9156.0;7405.0;8217.0;8276.0;8489.0;7594.0;7862.0;8709.0;8304.0;8774.0;17900.0
195;1736.0;1580.0;1735.0;1427.0;1350.0;1296.0;1615.0;1782.0;2121.0;1463.0;1723.0;1229.0;7390.0;1078.0;1718.0;7595.0;1723.0;125.0;1892.0;5147.0;1464.0;2168.0;4872.0;1011.0;2616.0;1248.0;463.0;1996.0;1383.0;1419.0;2803.0;1584.0;166.0;1377.0;1745.0;2317.0;488.0;2121.0;3042.0;2877.0;1390.0;1615.0;2030.0;1434.0;2089.0;1520.0;1892.0;1723.0;827.0;1371.0;1210.0;1574.0;914.0;5174.0;1954.0;1524.0;2803.0;1146.0;1459.0;3034.0;1239.0;1354.0;675.0;4928.0;1253.0;914.0;2105.0;1782.0;1929.0;10068.0;425.0;827.0;5174.0;2855.0;1825.0;1723.0;1708.0;1615.0;1844.0;7390.0;1524.0;1609.0;1723.0;1825.0;1623.0;1888.0;2317.0;1463.0;1434.0;1667.0;5141.0;1825.0;1144.0;7390.0;0.0;2168.0;2398.0;1797.0;1584.0;4958.0;2121.0;1736.0;1723.0;1264.0;1841.0;1625.0;1346.0;1303.0;2168.0;1711.0;1476.0;3028.0;987.0;1825.0;291.0;1343.0;1723.0;1969.0;2877.0;1371.0;844.0;1682.0;1453.0;7390.0;3081.0;1524.0;2803.0;1980.0;1536.0;1209.0;1630.0;3042.0;4872.0;4817.0;2168.0;1490.0;2877.0;1778.0;1613.0;2877.0;7644.0;1923.0;3034.0;1464.0;3070.0;2586.0;2877.0;218.0;63.0;1858.0;1740.0;9571.0;1468.0;2877.0;3042.0;620.0;1354.0;1358.0;1782.0;488.0;2083.0;1475.0;2877.0;2803.0;2121.0;375.0;1350.0;1523.0;860.0;1718.0;1256.0;1344.0;2513.0;1523.0;1825.0;1776.0;2877.0;4822.0;3028.0;1795.0;1354.0;1354.0;1353.0;2530.0;627.0;7390.0;788.0;7390.0;1354.0;1723.0;2121.0;1487.0;1870.0;1776.0;1453.0;1419.0;1825.0;1227.0;2877.0;1054.0;1510.0;1645.0;595.0;1980.0;1649.0;1700.0;700.0;2803.0;2168.0;2530.0;1818.0;2086.0;2121.0;7390.0;1723.0;10.0;1526.0;2360.0;3042.0;2877.0;1710.0;1523.0;1688.0;1841.0;1308.0;1524.0;1693.0;1757.0;2317.0;1548.0;1216.0;1560.0;1302.0;1524.0;1532.0;1923.0;1723.0;1645.0;1357.0;1580.0;759.0;1723.0;1528.0;882.0;1463.0;792.0;7390.0;1470.0;2089.0;7390.0;1397.0;1380.0;1524.0;3042.0;4948.0;1723.0;1699.0;1524.0;1659.0;2803.0;1490.0;2089.0;1394.0;589.0;4822.0;4770.0;7390.0;1011.0;953.0;1778.0;1584.0;1463.0;1907.0;1097.0;1693.0;2877.0;1447.0;1621.0;1615.0;1528.0;4782.0;1553.0;2121.0;536.0;1907.0;264.0;1547.0;1870.0;1250.0;1467.0;1864.0;308.0;1705.0;1797.0;1371.0;2466.0;1924.0;2586.0;1962.0;1524.0;10600.0
196;943.0;802.0;3221.0;754.0;911.0;947.0;618.0;1027.0;136.0;716.0;902.0;1071.0;9169.0;3243.0;2205.0;9406.0;902.0;2264.0;692.0;3753.0;750.0;10.0;4022.0;3172.0;1248.0;1074.0;1751.0;268.0;902.0;758.0;726.0;746.0;2212.0;806.0;897.0;1130.0;1745.0;136.0;926.0;762.0;883.0;618.0;1083.0;734.0;1313.0;3415.0;692.0;902.0;1369.0;797.0;959.0;1202.0;1404.0;3737.0;1008.0;752.0;726.0;1133.0;905.0;1258.0;948.0;941.0;2841.0;4039.0;1077.0;1404.0;1081.0;1027.0;340.0;9271.0;2593.0;1369.0;3737.0;4658.0;1037.0;902.0;474.0;618.0;1137.0;9169.0;752.0;833.0;902.0;1037.0;736.0;398.0;1130.0;716.0;734.0;983.0;3937.0;1037.0;3309.0;9169.0;2168.0;0.0;1160.0;992.0;746.0;3754.0;136.0;1090.0;902.0;908.0;957.0;677.0;961.0;887.0;10.0;865.0;909.0;1155.0;3154.0;1037.0;1890.0;827.0;902.0;1220.0;762.0;797.0;1500.0;888.0;813.0;9169.0;1576.0;752.0;726.0;1059.0;653.0;1126.0;539.0;926.0;4022.0;4831.0;10.0;717.0;762.0;977.0;772.0;762.0;9447.0;1039.0;1258.0;750.0;1544.0;1228.0;762.0;2323.0;2181.0;1205.0;979.0;8712.0;746.0;762.0;926.0;1932.0;2070.0;862.0;1027.0;1745.0;1112.0;880.0;762.0;726.0;136.0;1972.0;911.0;771.0;2424.0;1366.0;1089.0;849.0;461.0;698.0;1037.0;886.0;762.0;3724.0;1437.0;940.0;941.0;941.0;922.0;1168.0;2793.0;9169.0;1393.0;9169.0;941.0;902.0;136.0;752.0;1024.0;886.0;1159.0;758.0;1037.0;1112.0;762.0;1115.0;671.0;802.0;1595.0;1059.0;598.0;1070.0;1553.0;726.0;10.0;1168.0;1114.0;1083.0;136.0;9169.0;902.0;2168.0;718.0;1152.0;926.0;762.0;1347.0;698.0;1332.0;957.0;1075.0;752.0;846.0;799.0;1130.0;624.0;960.0;615.0;1977.0;891.0;793.0;1537.0;902.0;802.0;835.0;802.0;2925.0;902.0;729.0;3047.0;716.0;2958.0;9169.0;787.0;1165.0;9169.0;771.0;828.0;752.0;926.0;3819.0;902.0;1313.0;752.0;1310.0;726.0;717.0;1165.0;814.0;1589.0;3724.0;4800.0;9169.0;3172.0;1234.0;977.0;746.0;716.0;1035.0;1285.0;846.0;762.0;725.0;949.0;618.0;729.0;3947.0;798.0;136.0;1940.0;1035.0;1923.0;2797.0;1024.0;1013.0;1168.0;718.0;1979.0;1016.0;992.0;797.0;4269.0;3587.0;1228.0;1067.0;752.0;8800.0
197;676.0;913.0;3886.0;1247.0;1670.0;1667.0;1482.0;617.0;1032.0;1237.0;703.0;1800.0;8573.0;3343.0;1521.0;8831.0;703.0;2445.0;1769.0;4829.0;1150.0;1160.0;5177.0;3262.0;219.0;1823.0;2143.0;967.0;1690.0;1268.0;1696.0;951.0;2512.0;1474.0;681.0;81.0;2159.0;1032.0;1215.0;1663.0;1666.0;1482.0;369.0;1327.0;2416.0;3174.0;1769.0;703.0;1627.0;1360.0;1440.0;835.0;1486.0;4802.0;446.0;1602.0;1696.0;1815.0;1001.0;747.0;1562.0;1723.0;2984.0;5191.0;1177.0;1486.0;294.0;617.0;948.0;8182.0;2778.0;1627.0;4802.0;5205.0;2088.0;703.0;1129.0;1482.0;564.0;8573.0;1602.0;859.0;703.0;2088.0;1669.0;924.0;81.0;1237.0;1327.0;740.0;5052.0;2088.0;3407.0;8573.0;2398.0;1160.0;0.0;605.0;951.0;4873.0;1032.0;663.0;703.0;1376.0;567.0;959.0;1118.0;1289.0;1160.0;729.0;978.0;832.0;3273.0;2088.0;2115.0;1415.0;703.0;469.0;1663.0;1360.0;1555.0;750.0;1085.0;8573.0;683.0;1602.0;1696.0;419.0;1170.0;1212.0;1218.0;1215.0;5177.0;5951.0;1160.0;1150.0;1663.0;627.0;892.0;1663.0;8864.0;476.0;747.0;1150.0;673.0;190.0;1663.0;2606.0;2379.0;569.0;665.0;7635.0;1516.0;1663.0;1215.0;1894.0;1584.0;1586.0;617.0;2159.0;319.0;1743.0;1663.0;1696.0;1032.0;2066.0;1670.0;1631.0;2222.0;2367.0;1169.0;1257.0;1537.0;1106.0;2088.0;653.0;1663.0;2666.0;645.0;617.0;1723.0;1723.0;1691.0;145.0;2942.0;8573.0;1683.0;8573.0;1723.0;703.0;1032.0;1098.0;529.0;653.0;945.0;1268.0;2088.0;1195.0;1663.0;1562.0;1399.0;834.0;1833.0;419.0;1015.0;698.0;2050.0;1696.0;1160.0;145.0;585.0;313.0;1032.0;8573.0;703.0;2398.0;1072.0;40.0;1215.0;1663.0;2347.0;1106.0;778.0;567.0;1111.0;1602.0;757.0;712.0;81.0;1339.0;1532.0;1349.0;1527.0;928.0;983.0;727.0;703.0;834.0;1515.0;913.0;3055.0;703.0;1053.0;3168.0;1237.0;3086.0;8573.0;1599.0;328.0;8573.0;1358.0;1205.0;1602.0;1215.0;4948.0;703.0;2310.0;1602.0;793.0;1696.0;1150.0;328.0;1538.0;1855.0;2666.0;5917.0;8573.0;3262.0;1542.0;627.0;951.0;1237.0;491.0;1303.0;757.0;1663.0;1278.0;795.0;1482.0;1053.0;5103.0;951.0;1032.0;1949.0;491.0;2137.0;3523.0;529.0;1728.0;933.0;1784.0;2111.0;696.0;605.0;1360.0;4810.0;4188.0;190.0;436.0;1602.0;9700.0
198;87.0;366.0;3294.0;726.0;1166.0;1149.0;1051.0;36.0;860.0;730.0;132.0;1273.0;8276.0;2767.0;1235.0;8523.0;132.0;1848.0;1414.0;4740.0;623.0;992.0;4937.0;2687.0;821.0;1301.0;1540.0;728.0;1194.0;748.0;1687.0;426.0;1908.0;966.0;119.0;525.0;1557.0;860.0;1488.0;1695.0;1172.0;1051.0;250.0;822.0;2041.0;2687.0;1414.0;132.0;1023.0;837.0;881.0;283.0;883.0;4727.0;159.0;1143.0;1687.0;1272.0;418.0;1264.0;1024.0;1221.0;2398.0;4962.0;575.0;883.0;317.0;36.0;666.0;8670.0;2184.0;1023.0;4727.0;4601.0;1685.0;132.0;722.0;1051.0;156.0;8276.0;1143.0;302.0;132.0;1685.0;1239.0;613.0;525.0;730.0;822.0;136.0;4907.0;1685.0;2832.0;8276.0;1797.0;992.0;605.0;0.0;426.0;4723.0;860.0;109.0;132.0;822.0;53.0;467.0;529.0;731.0;992.0;175.0;393.0;1293.0;2694.0;1685.0;1512.0;890.0;132.0;285.0;1695.0;837.0;956.0;178.0;533.0;8276.0;1286.0;1143.0;1687.0;196.0;682.0;607.0;781.0;1488.0;4937.0;5542.0;992.0;636.0;1695.0;27.0;361.0;1695.0;8560.0;137.0;1264.0;623.0;1274.0;790.0;1695.0;2003.0;1780.0;224.0;62.0;8135.0;1038.0;1695.0;1488.0;1320.0;1167.0;1080.0;36.0;1557.0;307.0;1271.0;1695.0;1687.0;860.0;1474.0;1166.0;1172.0;1703.0;1915.0;565.0;707.0;1448.0;598.0;1685.0;114.0;1695.0;3205.0;1232.0;53.0;1221.0;1221.0;1189.0;733.0;2354.0;8276.0;1080.0;8276.0;1221.0;132.0;860.0;568.0;82.0;114.0;353.0;748.0;1685.0;591.0;1695.0;984.0;928.0;296.0;1228.0;196.0;557.0;115.0;1458.0;1687.0;992.0;733.0;126.0;301.0;860.0;8276.0;132.0;1797.0;555.0;568.0;1488.0;1695.0;1895.0;598.0;350.0;53.0;507.0;1143.0;208.0;213.0;525.0;878.0;985.0;893.0;1088.0;348.0;436.0;553.0;132.0;296.0;1004.0;366.0;2471.0;132.0;532.0;2587.0;730.0;2503.0;8276.0;1124.0;333.0;8276.0;844.0;656.0;1143.0;1488.0;4778.0;132.0;1860.0;1143.0;335.0;1687.0;636.0;333.0;1039.0;1250.0;3205.0;5506.0;8276.0;2687.0;944.0;27.0;426.0;730.0;121.0;700.0;208.0;1695.0;770.0;198.0;1051.0;532.0;4858.0;404.0;860.0;1367.0;121.0;1535.0;2944.0;82.0;1203.0;344.0;1419.0;1515.0;93.0;10.0;837.0;4206.0;3588.0;790.0;184.0;1143.0;9800.0
199;341.0;70.0;2947.0;304.0;743.0;730.0;633.0;445.0;641.0;304.0;294.0;858.0;8423.0;2624.0;1494.0;8661.0;294.0;1659.0;1014.0;4415.0;202.0;746.0;4549.0;2547.0;1144.0;884.0;1248.0;493.0;770.0;326.0;1471.0;10.0;1667.0;542.0;309.0;879.0;1257.0;641.0;1486.0;1505.0;747.0;633.0;653.0;397.0;1625.0;2695.0;1014.0;294.0;759.0;417.0;491.0;507.0;712.0;4409.0;550.0;718.0;1471.0;866.0;161.0;1468.0;614.0;797.0;2233.0;4577.0;357.0;712.0;703.0;445.0;416.0;9089.0;1999.0;759.0;4409.0;4300.0;1266.0;294.0;339.0;633.0;575.0;8423.0;718.0;131.0;294.0;1266.0;818.0;360.0;879.0;304.0;397.0;330.0;4556.0;1266.0;2690.0;8423.0;1584.0;746.0;951.0;426.0;0.0;4371.0;641.0;472.0;294.0;426.0;431.0;70.0;245.0;341.0;746.0;252.0;163.0;1449.0;2541.0;1266.0;1293.0;471.0;294.0;711.0;1505.0;417.0;805.0;250.0;141.0;8423.0;1596.0;718.0;1471.0;602.0;257.0;408.0;372.0;1486.0;4549.0;5117.0;746.0;210.0;1505.0;400.0;66.0;1505.0;8702.0;549.0;1468.0;202.0;1577.0;1114.0;1505.0;1772.0;1581.0;638.0;376.0;8550.0;612.0;1505.0;1486.0;1231.0;1329.0;657.0;445.0;1257.0;707.0;845.0;1505.0;1471.0;641.0;1318.0;743.0;747.0;1699.0;1489.0;364.0;307.0;1199.0;172.0;1266.0;325.0;1505.0;3604.0;1510.0;383.0;797.0;797.0;765.0;1049.0;2187.0;8423.0;805.0;8423.0;797.0;294.0;641.0;148.0;501.0;325.0;427.0;326.0;1266.0;391.0;1505.0;623.0;503.0;131.0;990.0;602.0;165.0;434.0;1120.0;1471.0;746.0;1049.0;540.0;691.0;641.0;8423.0;294.0;1584.0;129.0;920.0;1486.0;1505.0;1469.0;172.0;675.0;431.0;337.0;718.0;219.0;242.0;879.0;456.0;581.0;472.0;1235.0;151.0;54.0;944.0;294.0;131.0;581.0;70.0;2312.0;294.0;107.0;2433.0;304.0;2345.0;8423.0;698.0;745.0;8423.0;421.0;255.0;718.0;1486.0;4417.0;294.0;1434.0;718.0;643.0;1471.0;210.0;745.0;614.0;999.0;3604.0;5080.0;8423.0;2547.0;645.0;400.0;10.0;304.0;535.0;562.0;219.0;1505.0;345.0;268.0;633.0;107.0;4468.0;52.0;641.0;1254.0;535.0;1322.0;2575.0;501.0;787.0;439.0;1015.0;1342.0;386.0;426.0;417.0;3905.0;3264.0;1114.0;596.0;718.0;9600.0
200;4659.0;4440.0;4528.0;4175.0;3872.0;3925.0;3787.0;4755.0;3890.0;4146.0;4613.0;3902.0;12333.0;5831.0;5849.0;12528.0;4613.0;5082.0;3384.0;488.0;4249.0;3754.0;816.0;5799.0;4898.0;3871.0;4533.0;4004.0;3830.0;4160.0;3195.0;4371.0;4873.0;4001.0;4614.0;4859.0;4498.0;3890.0;3903.0;3251.0;3839.0;3787.0;4837.0;4082.0;2915.0;6478.0;3384.0;4613.0;4558.0;4114.0;4213.0;4878.0;4740.0;598.0;4759.0;3769.0;3195.0;3974.0;4495.0;4620.0;4064.0;3834.0;5490.0;740.0;4569.0;4740.0;4834.0;4755.0;4060.0;12497.0;5267.0;4558.0;598.0;5744.0;3251.0;4613.0;4032.0;3787.0;4876.0;12333.0;3769.0;4493.0;4613.0;3251.0;3642.0;4110.0;4859.0;4146.0;4082.0;4680.0;186.0;3251.0;5882.0;12333.0;4958.0;3754.0;4873.0;4723.0;4371.0;0.0;3890.0;4809.0;4613.0;4219.0;4696.0;4306.0;4482.0;4275.0;3754.0;4570.0;4511.0;4451.0;5737.0;3251.0;4824.0;4090.0;4613.0;4971.0;3251.0;4114.0;4812.0;4586.0;4354.0;12333.0;5057.0;3769.0;3195.0;4811.0;4146.0;4602.0;4007.0;3903.0;816.0;2723.0;3754.0;4218.0;3251.0;4704.0;4423.0;3251.0;12580.0;4787.0;4620.0;4249.0;5019.0;4888.0;3251.0;4956.0;5010.0;4945.0;4697.0;11904.0;3882.0;3251.0;3903.0;5152.0;5618.0;3927.0;4755.0;4498.0;4866.0;3715.0;3251.0;3195.0;3890.0;5031.0;3872.0;3749.0;5658.0;3254.0;4588.0;4262.0;3337.0;4233.0;3251.0;4611.0;3251.0;7078.0;4897.0;4670.0;3834.0;3834.0;3855.0;4841.0;5450.0;12333.0;4533.0;12333.0;3834.0;4613.0;3890.0;4288.0;4766.0;4611.0;4788.0;4160.0;3251.0;4598.0;3251.0;4277.0;3943.0;4475.0;4672.0;4811.0;4208.0;4780.0;4313.0;3195.0;3754.0;4841.0;4849.0;4837.0;3890.0;12333.0;4613.0;4958.0;4275.0;4874.0;3903.0;3251.0;3265.0;4233.0;5038.0;4696.0;4609.0;3769.0;4544.0;4514.0;4859.0;3963.0;4115.0;3944.0;5519.0;4517.0;4397.0;5276.0;4613.0;4475.0;3985.0;4440.0;5565.0;4613.0;4297.0;5662.0;4146.0;5590.0;12333.0;3817.0;4919.0;12333.0;4088.0;4283.0;3769.0;3903.0;179.0;4613.0;3283.0;3769.0;5009.0;3195.0;4218.0;4919.0;3931.0;4637.0;7078.0;2738.0;12333.0;5799.0;4457.0;4704.0;4371.0;4146.0;4782.0;4728.0;4544.0;3251.0;4119.0;4630.0;3787.0;4297.0;836.0;4417.0;3890.0;5108.0;4782.0;4855.0;4167.0;4766.0;3927.0;4803.0;3392.0;4989.0;4726.0;4723.0;4114.0;5502.0;4907.0;4888.0;4819.0;3769.0;5800.0
201;814.0;691.0;3243.0;695.0;917.0;946.0;634.0;895.0;10.0;658.0;774.0;1076.0;9061.0;3190.0;2080.0;9300.0;774.0;2212.0;779.0;3888.0;674.0;136.0;4155.0;3117.0;1130.0;1084.0;1718.0;149.0;914.0;702.0;841.0;641.0;2174.0;786.0;768.0;999.0;1715.0;10.0;934.0;866.0;893.0;634.0;947.0;693.0;1415.0;3329.0;779.0;774.0;1308.0;755.0;913.0;1078.0;1324.0;3872.0;872.0;771.0;841.0;1131.0;802.0;1185.0;925.0;953.0;2791.0;4172.0;985.0;1324.0;945.0;895.0;226.0;9164.0;2545.0;1308.0;3872.0;4668.0;1121.0;774.0;413.0;634.0;1004.0;9061.0;771.0;717.0;774.0;1121.0;778.0;283.0;999.0;658.0;693.0;857.0;4072.0;1121.0;3256.0;9061.0;2121.0;136.0;1032.0;860.0;641.0;3890.0;0.0;960.0;774.0;856.0;824.0;574.0;868.0;823.0;136.0;739.0;804.0;1095.0;3103.0;1121.0;1838.0;792.0;774.0;1085.0;866.0;755.0;1419.0;763.0;723.0;9061.0;1478.0;771.0;841.0;923.0;588.0;1035.0;496.0;934.0;4155.0;4942.0;136.0;643.0;866.0;846.0;660.0;866.0;9340.0;904.0;1185.0;674.0;1447.0;1109.0;866.0;2284.0;2129.0;1071.0;850.0;8607.0;746.0;866.0;934.0;1851.0;1954.0;858.0;895.0;1715.0;976.0;909.0;866.0;841.0;10.0;1906.0;917.0;794.0;2334.0;1439.0;995.0;783.0;589.0;618.0;1121.0;756.0;866.0;3620.0;1344.0;809.0;953.0;953.0;930.0;1048.0;2743.0;9061.0;1337.0;9061.0;953.0;774.0;10.0;668.0;889.0;756.0;1043.0;702.0;1121.0;1020.0;866.0;1071.0;654.0;684.0;1538.0;923.0;506.0;941.0;1531.0;841.0;136.0;1048.0;981.0;948.0;10.0;9061.0;774.0;2121.0;632.0;1023.0;934.0;866.0;1420.0;618.0;1203.0;824.0;976.0;771.0;722.0;671.0;999.0;600.0;930.0;595.0;1863.0;780.0;691.0;1402.0;774.0;684.0;820.0;691.0;2873.0;774.0;639.0;2996.0;658.0;2906.0;9061.0;799.0;1030.0;9061.0;732.0;756.0;771.0;934.0;3954.0;774.0;1385.0;771.0;1182.0;841.0;643.0;1030.0;807.0;1535.0;3620.0;4910.0;9061.0;3117.0;1175.0;846.0;641.0;658.0;900.0;1193.0;722.0;866.0;674.0;827.0;634.0;639.0;4080.0;692.0;10.0;1864.0;900.0;1870.0;2827.0;889.0;1014.0;1050.0;801.0;1917.0;888.0;860.0;755.0;4277.0;3601.0;1109.0;932.0;771.0;9000.0
202;150.0;405.0;3268.0;759.0;1196.0;1174.0;1105.0;74.0;960.0;767.0;196.0;1292.0;8167.0;2688.0;1128.0;8414.0;196.0;1782.0;1480.0;4832.0;657.0;1090.0;5010.0;2607.0;882.0;1321.0;1502.0;823.0;1227.0;780.0;1791.0;472.0;1853.0;997.0;195.0;582.0;1521.0;960.0;1596.0;1800.0;1205.0;1105.0;294.0;858.0;2097.0;2587.0;1480.0;196.0;985.0;865.0;890.0;184.0;826.0;4820.0;230.0;1188.0;1791.0;1284.0;426.0;1351.0;1042.0;1251.0;2324.0;5037.0;548.0;826.0;369.0;74.0;758.0;8658.0;2115.0;985.0;4820.0;4557.0;1738.0;196.0;791.0;1105.0;121.0;8167.0;1188.0;342.0;196.0;1738.0;1290.0;704.0;582.0;767.0;858.0;143.0;4993.0;1738.0;2752.0;8167.0;1736.0;1090.0;663.0;109.0;472.0;4809.0;960.0;0.0;196.0;835.0;160.0;524.0;524.0;744.0;1090.0;239.0;401.0;1387.0;2616.0;1738.0;1455.0;916.0;196.0;266.0;1800.0;865.0;892.0;228.0;558.0;8167.0;1346.0;1188.0;1791.0;245.0;729.0;572.0;840.0;1596.0;5010.0;5584.0;1090.0;674.0;1800.0;116.0;409.0;1800.0;8452.0;191.0;1351.0;657.0;1336.0;852.0;1800.0;1946.0;1716.0;171.0;112.0;8126.0;1079.0;1800.0;1596.0;1238.0;1059.0;1111.0;74.0;1521.0;348.0;1310.0;1800.0;1791.0;960.0;1403.0;1196.0;1217.0;1606.0;1955.0;535.0;725.0;1548.0;641.0;1738.0;204.0;1800.0;3213.0;1302.0;154.0;1251.0;1251.0;1218.0;799.0;2281.0;8167.0;1044.0;8167.0;1251.0;196.0;960.0;603.0;145.0;204.0;283.0;780.0;1738.0;557.0;1800.0;978.0;974.0;347.0;1179.0;245.0;619.0;44.0;1436.0;1791.0;1090.0;799.0;87.0;350.0;960.0;8167.0;196.0;1736.0;596.0;624.0;1596.0;1800.0;1934.0;641.0;244.0;160.0;476.0;1188.0;267.0;295.0;582.0;928.0;999.0;944.0;980.0;363.0;470.0;475.0;196.0;347.0;1034.0;405.0;2395.0;196.0;573.0;2510.0;767.0;2426.0;8167.0;1165.0;358.0;8167.0;876.0;677.0;1188.0;1596.0;4861.0;196.0;1899.0;1188.0;227.0;1791.0;674.0;358.0;1073.0;1204.0;3213.0;5546.0;8167.0;2607.0;918.0;116.0;472.0;767.0;177.0;644.0;267.0;1800.0;807.0;210.0;1105.0;573.0;4931.0;440.0;960.0;1289.0;177.0;1476.0;2928.0;145.0;1224.0;270.0;1483.0;1448.0;86.0;109.0;865.0;4162.0;3553.0;852.0;227.0;1188.0;9900.0
203;49.0;235.0;3185.0;595.0;1035.0;1019.0;921.0;153.0;774.0;598.0;10.0;1144.0;8320.0;2717.0;1306.0;8564.0;10.0;1781.0;1288.0;4637.0;492.0;902.0;4816.0;2637.0;911.0;1171.0;1443.0;634.0;1063.0;617.0;1611.0;294.0;1827.0;834.0;23.0;625.0;1457.0;774.0;1474.0;1626.0;1040.0;921.0;369.0;690.0;1912.0;2683.0;1288.0;10.0;929.0;706.0;756.0;310.0;810.0;4626.0;269.0;1011.0;1611.0;1145.0;300.0;1316.0;896.0;1090.0;2340.0;4842.0;478.0;810.0;428.0;153.0;566.0;8800.0;2120.0;929.0;4626.0;4506.0;1555.0;10.0;597.0;921.0;283.0;8320.0;1011.0;171.0;10.0;1555.0;1108.0;510.0;625.0;598.0;690.0;88.0;4797.0;1555.0;2782.0;8320.0;1723.0;902.0;703.0;132.0;294.0;4613.0;774.0;196.0;0.0;695.0;144.0;337.0;416.0;605.0;902.0;44.0;276.0;1328.0;2640.0;1555.0;1434.0;759.0;10.0;417.0;1626.0;706.0;891.0;49.0;405.0;8320.0;1375.0;1011.0;1611.0;316.0;550.0;517.0;652.0;1474.0;4816.0;5411.0;902.0;504.0;1626.0;106.0;229.0;1626.0;8602.0;260.0;1316.0;492.0;1361.0;881.0;1626.0;1925.0;1710.0;349.0;86.0;8263.0;906.0;1626.0;1474.0;1278.0;1204.0;949.0;153.0;1457.0;426.0;1139.0;1626.0;1611.0;774.0;1414.0;1035.0;1041.0;1690.0;1783.0;472.0;579.0;1362.0;466.0;1555.0;53.0;1626.0;3328.0;1310.0;92.0;1090.0;1090.0;1057.0;820.0;2295.0;8320.0;983.0;8320.0;1090.0;10.0;774.0;437.0;209.0;53.0;322.0;617.0;1555.0;499.0;1626.0;866.0;796.0;164.0;1143.0;316.0;428.0;169.0;1348.0;1611.0;902.0;820.0;250.0;414.0;774.0;8320.0;10.0;1723.0;423.0;668.0;1474.0;1626.0;1763.0;466.0;432.0;144.0;417.0;1011.0;76.0;103.0;625.0;747.0;858.0;762.0;1118.0;227.0;306.0;669.0;10.0;164.0;873.0;235.0;2415.0;10.0;400.0;2533.0;598.0;2447.0;8320.0;992.0;458.0;8320.0;713.0;528.0;1011.0;1474.0;4665.0;10.0;1728.0;1011.0;409.0;1611.0;504.0;458.0;907.0;1161.0;3328.0;5374.0;8320.0;2637.0;840.0;106.0;294.0;598.0;245.0;631.0;76.0;1626.0;638.0;102.0;921.0;400.0;4737.0;274.0;774.0;1319.0;245.0;1459.0;2828.0;209.0;1074.0;321.0;1292.0;1451.0;115.0;132.0;706.0;4111.0;3486.0;881.0;307.0;1011.0;9700.0
204;735.0;466.0;2525.0;166.0;385.0;351.0;451.0;831.0;856.0;200.0;695.0;458.0;8367.0;2336.0;1648.0;8595.0;695.0;1358.0;844.0;4308.0;235.0;908.0;4327.0;2264.0;1569.0;489.0;872.0;736.0;423.0;155.0;1582.0;426.0;1320.0;218.0;714.0;1303.0;873.0;856.0;1783.0;1642.0;406.0;451.0;1064.0;180.0;1360.0;2545.0;844.0;695.0;465.0;122.0;67.0;790.0;553.0;4313.0;963.0;450.0;1582.0;451.0;409.0;1867.0;209.0;437.0;1935.0;4362.0;369.0;553.0;1120.0;831.0;673.0;9490.0;1689.0;465.0;4313.0;3894.0;997.0;695.0;443.0;451.0;952.0;8367.0;450.0;525.0;695.0;997.0;577.0;638.0;1303.0;200.0;180.0;698.0;4405.0;997.0;2402.0;8367.0;1264.0;908.0;1376.0;822.0;426.0;4219.0;856.0;835.0;695.0;0.0;839.0;429.0;323.0;91.0;908.0;659.0;434.0;1830.0;2248.0;997.0;983.0;130.0;695.0;1097.0;1642.0;122.0;642.0;646.0;293.0;8367.0;2019.0;450.0;1582.0;1011.0;276.0;391.0;369.0;1783.0;4327.0;4771.0;908.0;248.0;1642.0;795.0;484.0;1642.0;8638.0;955.0;1867.0;235.0;1999.0;1539.0;1642.0;1430.0;1274.0;1006.0;763.0;8956.0;337.0;1642.0;1783.0;1061.0;1399.0;308.0;831.0;873.0;1120.0;527.0;1642.0;1582.0;856.0;1070.0;385.0;472.0;1574.0;1150.0;388.0;119.0;1290.0;291.0;997.0;736.0;1642.0;4022.0;1928.0;787.0;437.0;437.0;407.0;1475.0;1888.0;8367.0;485.0;8367.0;437.0;695.0;856.0;281.0;903.0;736.0;656.0;155.0;997.0;390.0;1642.0;220.0;300.0;544.0;687.0;1011.0;414.0;791.0;713.0;1582.0;908.0;1475.0;917.0;1107.0;856.0;8367.0;695.0;1264.0;313.0;1345.0;1783.0;1642.0;1131.0;291.0;974.0;839.0;427.0;450.0;628.0;665.0;1303.0;312.0;165.0;328.0;1300.0;475.0;395.0;1267.0;695.0;544.0;239.0;466.0;2018.0;695.0;328.0;2141.0;200.0;2051.0;8367.0;405.0;1153.0;8367.0;152.0;171.0;450.0;1783.0;4249.0;695.0;1098.0;450.0;937.0;1582.0;248.0;1153.0;291.0;681.0;4022.0;4732.0;8367.0;2264.0;329.0;795.0;426.0;200.0;939.0;510.0;628.0;1642.0;183.0;630.0;451.0;328.0;4243.0;427.0;856.0;1055.0;939.0;1016.0;2149.0;903.0;392.0;675.0;831.0;1073.0;757.0;822.0;122.0;3500.0;2849.0;1539.0;1002.0;450.0;9600.0
205;110.0;376.0;3325.0;734.0;1174.0;1159.0;1046.0;86.0;824.0;735.0;144.0;1286.0;8326.0;2817.0;1281.0;8573.0;144.0;1894.0;1400.0;4708.0;632.0;957.0;4917.0;2736.0;780.0;1312.0;1577.0;695.0;1200.0;756.0;1646.0;431.0;1950.0;973.0;124.0;488.0;1592.0;824.0;1436.0;1651.0;1178.0;1046.0;225.0;827.0;2032.0;2741.0;1400.0;144.0;1060.0;846.0;900.0;336.0;927.0;4694.0;126.0;1142.0;1646.0;1288.0;442.0;1214.0;1038.0;1228.0;2446.0;4941.0;610.0;927.0;286.0;86.0;636.0;8659.0;2231.0;1060.0;4694.0;4639.0;1679.0;144.0;709.0;1046.0;181.0;8326.0;1142.0;314.0;144.0;1679.0;1234.0;585.0;488.0;735.0;827.0;175.0;4879.0;1679.0;2881.0;8326.0;1841.0;957.0;567.0;53.0;431.0;4696.0;824.0;160.0;144.0;839.0;0.0;465.0;556.0;749.0;957.0;180.0;418.0;1240.0;2742.0;1679.0;1555.0;900.0;144.0;291.0;1651.0;846.0;1002.0;193.0;547.0;8326.0;1245.0;1142.0;1646.0;173.0;682.0;645.0;774.0;1436.0;4917.0;5541.0;957.0;641.0;1651.0;65.0;366.0;1651.0;8611.0;118.0;1214.0;632.0;1232.0;749.0;1651.0;2046.0;1825.0;249.0;102.0;8121.0;1040.0;1651.0;1436.0;1370.0;1219.0;1088.0;86.0;1592.0;282.0;1273.0;1651.0;1646.0;824.0;1521.0;1174.0;1172.0;1756.0;1917.0;602.0;722.0;1411.0;602.0;1679.0;106.0;1651.0;3184.0;1187.0;52.0;1228.0;1228.0;1196.0;691.0;2402.0;8326.0;1116.0;8326.0;1228.0;144.0;824.0;577.0;75.0;106.0;403.0;756.0;1679.0;628.0;1651.0;1009.0;928.0;301.0;1269.0;173.0;549.0;169.0;1488.0;1646.0;957.0;691.0;157.0;271.0;824.0;8326.0;144.0;1841.0;560.0;531.0;1436.0;1651.0;1896.0;602.0;396.0;10.0;544.0;1142.0;213.0;201.0;488.0;876.0;1001.0;890.0;1140.0;370.0;448.0;581.0;144.0;301.0;1012.0;376.0;2520.0;144.0;538.0;2636.0;735.0;2551.0;8326.0;1126.0;315.0;8326.0;852.0;671.0;1142.0;1436.0;4752.0;144.0;1861.0;1142.0;384.0;1646.0;641.0;315.0;1045.0;1289.0;3184.0;5504.0;8326.0;2736.0;977.0;65.0;431.0;735.0;104.0;745.0;213.0;1651.0;776.0;229.0;1046.0;538.0;4839.0;415.0;824.0;1417.0;104.0;1578.0;2970.0;75.0;1215.0;395.0;1407.0;1562.0;141.0;53.0;846.0;4244.0;3623.0;749.0;165.0;1142.0;9800.0
206;385.0;135.0;2954.0;288.0;717.0;709.0;584.0;490.0;574.0;279.0;337.0;842.0;8493.0;2671.0;1563.0;8730.0;337.0;1703.0;956.0;4348.0;195.0;677.0;4490.0;2595.0;1144.0;866.0;1276.0;427.0;741.0;309.0;1402.0;70.0;1703.0;518.0;348.0;890.0;1282.0;574.0;1433.0;1437.0;718.0;584.0;680.0;371.0;1575.0;2758.0;956.0;337.0;798.0;401.0;496.0;572.0;767.0;4341.0;579.0;677.0;1402.0;856.0;229.0;1444.0;604.0;771.0;2279.0;4517.0;416.0;767.0;725.0;490.0;350.0;9114.0;2042.0;798.0;4341.0;4319.0;1218.0;337.0;274.0;584.0;620.0;8493.0;677.0;188.0;337.0;1218.0;771.0;295.0;890.0;279.0;371.0;384.0;4491.0;1218.0;2738.0;8493.0;1625.0;677.0;959.0;467.0;70.0;4306.0;574.0;524.0;337.0;429.0;465.0;0.0;301.0;353.0;677.0;293.0;233.0;1417.0;2588.0;1218.0;1334.0;456.0;337.0;752.0;1437.0;401.0;861.0;297.0;172.0;8493.0;1591.0;677.0;1402.0;632.0;218.0;467.0;316.0;1433.0;4490.0;5076.0;677.0;191.0;1437.0;442.0;118.0;1437.0;8770.0;582.0;1444.0;195.0;1570.0;1115.0;1437.0;1809.0;1624.0;686.0;422.0;8574.0;576.0;1437.0;1433.0;1290.0;1399.0;632.0;490.0;1282.0;733.0;809.0;1437.0;1402.0;574.0;1368.0;717.0;707.0;1762.0;1452.0;424.0;314.0;1129.0;147.0;1218.0;360.0;1437.0;3620.0;1499.0;420.0;771.0;771.0;739.0;1050.0;2232.0;8493.0;840.0;8493.0;771.0;337.0;574.0;150.0;538.0;360.0;497.0;309.0;1218.0;450.0;1437.0;638.0;463.0;177.0;1030.0;632.0;98.0;488.0;1136.0;1402.0;677.0;1050.0;587.0;715.0;574.0;8493.0;337.0;1625.0;116.0;930.0;1433.0;1437.0;1431.0;147.0;736.0;465.0;401.0;677.0;261.0;267.0;890.0;411.0;576.0;426.0;1305.0;220.0;117.0;998.0;337.0;177.0;558.0;135.0;2359.0;337.0;103.0;2480.0;279.0;2392.0;8493.0;662.0;774.0;8493.0;400.0;265.0;677.0;1433.0;4353.0;337.0;1396.0;677.0;705.0;1402.0;191.0;774.0;586.0;1037.0;3620.0;5040.0;8493.0;2595.0;678.0;442.0;70.0;279.0;569.0;623.0;261.0;1437.0;320.0;327.0;584.0;103.0;4410.0;122.0;574.0;1310.0;569.0;1364.0;2576.0;538.0;770.0;508.0;959.0;1389.0;438.0;467.0;401.0;3924.0;3277.0;1115.0;628.0;677.0;9500.0
207;447.0;234.0;2769.0;307.0;704.0;673.0;696.0;531.0;868.0;335.0;416.0;780.0;8216.0;2379.0;1367.0;8451.0;416.0;1418.0;1099.0;4549.0;238.0;961.0;4619.0;2302.0;1325.0;811.0;1033.0;723.0;740.0;324.0;1681.0;245.0;1436.0;518.0;438.0;1041.0;1046.0;868.0;1731.0;1723.0;721.0;696.0;778.0;405.0;1662.0;2460.0;1099.0;416.0;528.0;387.0;371.0;467.0;467.0;4548.0;682.0;739.0;1681.0;764.0;118.0;1693.0;531.0;757.0;1990.0;4652.0;116.0;467.0;842.0;531.0;647.0;9181.0;1758.0;528.0;4548.0;4095.0;1297.0;416.0;505.0;696.0;644.0;8216.0;739.0;269.0;416.0;1297.0;858.0;594.0;1041.0;335.0;405.0;396.0;4668.0;1297.0;2445.0;8216.0;1346.0;961.0;1118.0;529.0;245.0;4482.0;868.0;524.0;416.0;323.0;556.0;301.0;0.0;237.0;961.0;390.0;140.0;1682.0;2297.0;1297.0;1055.0;428.0;416.0;789.0;1723.0;387.0;561.0;368.0;149.0;8216.0;1787.0;739.0;1681.0;725.0;348.0;167.0;491.0;1731.0;4619.0;5094.0;961.0;272.0;1723.0;503.0;267.0;1723.0;8492.0;666.0;1693.0;238.0;1770.0;1295.0;1723.0;1539.0;1341.0;693.0;468.0;8649.0;622.0;1723.0;1731.0;989.0;1156.0;623.0;531.0;1046.0;836.0;837.0;1723.0;1681.0;868.0;1073.0;704.0;764.0;1466.0;1471.0;128.0;232.0;1399.0;272.0;1297.0;465.0;1723.0;3732.0;1713.0;505.0;757.0;757.0;726.0;1233.0;1944.0;8216.0;578.0;8216.0;757.0;416.0;868.0;214.0;611.0;465.0;335.0;324.0;1297.0;152.0;1723.0;456.0;542.0;302.0;754.0;725.0;363.0;479.0;932.0;1681.0;961.0;1233.0;609.0;827.0;868.0;8216.0;416.0;1346.0;244.0;1084.0;1731.0;1723.0;1451.0;272.0;651.0;556.0;128.0;739.0;365.0;421.0;1041.0;519.0;485.0;537.0;1059.0;191.0;191.0;944.0;416.0;302.0;548.0;234.0;2069.0;416.0;231.0;2189.0;335.0;2101.0;8216.0;702.0;862.0;8216.0;407.0;200.0;739.0;1731.0;4519.0;416.0;1418.0;739.0;614.0;1681.0;272.0;862.0;595.0;766.0;3732.0;5055.0;8216.0;2302.0;427.0;503.0;245.0;335.0;650.0;325.0;365.0;1723.0;363.0;331.0;696.0;231.0;4537.0;207.0;868.0;1009.0;650.0;1083.0;2415.0;611.0;715.0;354.0;1092.0;1098.0;453.0;529.0;387.0;3700.0;3071.0;1295.0;713.0;739.0;9800.0
208;645.0;377.0;2606.0;134.0;467.0;437.0;492.0;740.0;823.0;173.0;605.0;548.0;8347.0;2368.0;1582.0;8577.0;605.0;1391.0;893.0;4356.0;165.0;887.0;4395.0;2295.0;1485.0;578.0;929.0;694.0;503.0;136.0;1579.0;341.0;1368.0;285.0;625.0;1216.0;934.0;823.0;1739.0;1634.0;485.0;492.0;974.0;199.0;1432.0;2542.0;893.0;605.0;485.0;161.0;151.0;703.0;534.0;4358.0;874.0;513.0;1579.0;541.0;318.0;1796.0;298.0;520.0;1969.0;4429.0;297.0;534.0;1031.0;740.0;626.0;9400.0;1726.0;485.0;4358.0;3967.0;1068.0;605.0;413.0;492.0;861.0;8347.0;513.0;436.0;605.0;1068.0;636.0;586.0;1216.0;173.0;199.0;608.0;4461.0;1068.0;2434.0;8347.0;1303.0;887.0;1289.0;731.0;341.0;4275.0;823.0;744.0;605.0;91.0;749.0;353.0;237.0;0.0;887.0;570.0;343.0;1764.0;2281.0;1068.0;1017.0;194.0;605.0;1006.0;1634.0;161.0;627.0;556.0;205.0;8347.0;1937.0;513.0;1579.0;921.0;236.0;328.0;355.0;1739.0;4395.0;4858.0;887.0;187.0;1634.0;704.0;397.0;1634.0;8620.0;864.0;1796.0;165.0;1918.0;1455.0;1634.0;1477.0;1309.0;915.0;672.0;8865.0;397.0;1634.0;1739.0;1055.0;1345.0;386.0;740.0;934.0;1031.0;603.0;1634.0;1579.0;823.0;1085.0;467.0;537.0;1562.0;1234.0;317.0;41.0;1289.0;225.0;1068.0;647.0;1634.0;3933.0;1849.0;697.0;520.0;520.0;489.0;1391.0;1922.0;8347.0;516.0;8347.0;520.0;605.0;823.0;203.0;812.0;647.0;572.0;136.0;1068.0;324.0;1634.0;286.0;335.0;456.0;715.0;921.0;351.0;700.0;784.0;1579.0;887.0;1391.0;826.0;1018.0;823.0;8347.0;605.0;1303.0;239.0;1258.0;1739.0;1634.0;1214.0;225.0;887.0;749.0;349.0;513.0;539.0;577.0;1216.0;331.0;255.0;349.0;1247.0;385.0;307.0;1180.0;605.0;456.0;312.0;377.0;2051.0;605.0;249.0;2174.0;173.0;2084.0;8347.0;472.0;1063.0;8347.0;187.0;88.0;513.0;1739.0;4308.0;605.0;1181.0;513.0;850.0;1579.0;187.0;1063.0;362.0;715.0;3933.0;4819.0;8347.0;2295.0;352.0;704.0;341.0;173.0;849.0;462.0;539.0;1634.0;177.0;539.0;492.0;249.0;4312.0;338.0;823.0;1057.0;849.0;1049.0;2234.0;812.0;481.0;590.0;883.0;1095.0;666.0;731.0;161.0;3572.0;2925.0;1455.0;912.0;513.0;9600.0
209;943.0;802.0;3221.0;754.0;911.0;947.0;618.0;1027.0;136.0;716.0;902.0;1071.0;9169.0;3243.0;2205.0;9406.0;902.0;2264.0;692.0;3753.0;750.0;10.0;4022.0;3172.0;1248.0;1074.0;1751.0;268.0;902.0;758.0;726.0;746.0;2212.0;806.0;897.0;1130.0;1745.0;136.0;926.0;762.0;883.0;618.0;1083.0;734.0;1313.0;3415.0;692.0;902.0;1369.0;797.0;959.0;1202.0;1404.0;3737.0;1008.0;752.0;726.0;1133.0;905.0;1258.0;948.0;941.0;2841.0;4039.0;1077.0;1404.0;1081.0;1027.0;340.0;9271.0;2593.0;1369.0;3737.0;4658.0;1037.0;902.0;474.0;618.0;1137.0;9169.0;752.0;833.0;902.0;1037.0;736.0;398.0;1130.0;716.0;734.0;983.0;3937.0;1037.0;3309.0;9169.0;2168.0;10.0;1160.0;992.0;746.0;3754.0;136.0;1090.0;902.0;908.0;957.0;677.0;961.0;887.0;0.0;865.0;909.0;1155.0;3154.0;1037.0;1890.0;827.0;902.0;1220.0;762.0;797.0;1500.0;888.0;813.0;9169.0;1576.0;752.0;726.0;1059.0;653.0;1126.0;539.0;926.0;4022.0;4831.0;10.0;717.0;762.0;977.0;772.0;762.0;9447.0;1039.0;1258.0;750.0;1544.0;1228.0;762.0;2323.0;2181.0;1205.0;979.0;8712.0;746.0;762.0;926.0;1932.0;2070.0;862.0;1027.0;1745.0;1112.0;880.0;762.0;726.0;136.0;1972.0;911.0;771.0;2424.0;1366.0;1089.0;849.0;461.0;698.0;1037.0;886.0;762.0;3724.0;1437.0;940.0;941.0;941.0;922.0;1168.0;2793.0;9169.0;1393.0;9169.0;941.0;902.0;136.0;752.0;1024.0;886.0;1159.0;758.0;1037.0;1112.0;762.0;1115.0;671.0;802.0;1595.0;1059.0;598.0;1070.0;1553.0;726.0;10.0;1168.0;1114.0;1083.0;136.0;9169.0;902.0;2168.0;718.0;1152.0;926.0;762.0;1347.0;698.0;1332.0;957.0;1075.0;752.0;846.0;799.0;1130.0;624.0;960.0;615.0;1977.0;891.0;793.0;1537.0;902.0;802.0;835.0;802.0;2925.0;902.0;729.0;3047.0;716.0;2958.0;9169.0;787.0;1165.0;9169.0;771.0;828.0;752.0;926.0;3819.0;902.0;1313.0;752.0;1310.0;726.0;717.0;1165.0;814.0;1589.0;3724.0;4800.0;9169.0;3172.0;1234.0;977.0;746.0;716.0;1035.0;1285.0;846.0;762.0;725.0;949.0;618.0;729.0;3947.0;798.0;136.0;1940.0;1035.0;1923.0;2797.0;1024.0;1013.0;1168.0;718.0;1979.0;1016.0;992.0;797.0;4269.0;3587.0;1228.0;1067.0;752.0;8800.0
210;93.0;196.0;3157.0;554.0;994.0;979.0;877.0;197.0;739.0;556.0;44.0;1105.0;8346.0;2713.0;1341.0;8589.0;44.0;1772.0;1244.0;4597.0;451.0;865.0;4772.0;2634.0;934.0;1132.0;1422.0;597.0;1022.0;576.0;1578.0;252.0;1812.0;793.0;57.0;652.0;1435.0;739.0;1460.0;1595.0;999.0;877.0;405.0;649.0;1867.0;2695.0;1244.0;44.0;910.0;666.0;721.0;340.0;801.0;4586.0;304.0;968.0;1578.0;1108.0;273.0;1324.0;858.0;1049.0;2334.0;4798.0;461.0;801.0;461.0;197.0;528.0;8839.0;2111.0;910.0;4586.0;4485.0;1511.0;44.0;553.0;877.0;327.0;8346.0;968.0;134.0;44.0;1511.0;1064.0;472.0;652.0;556.0;649.0;118.0;4755.0;1511.0;2779.0;8346.0;1711.0;865.0;729.0;175.0;252.0;4570.0;739.0;239.0;44.0;659.0;180.0;293.0;390.0;570.0;865.0;0.0;250.0;1331.0;2636.0;1511.0;1422.0;720.0;44.0;460.0;1595.0;666.0;884.0;32.0;367.0;8346.0;1397.0;968.0;1578.0;353.0;507.0;502.0;608.0;1460.0;4772.0;5368.0;865.0;462.0;1595.0;149.0;187.0;1595.0;8628.0;298.0;1324.0;451.0;1381.0;904.0;1595.0;1911.0;1700.0;393.0;130.0;8302.0;863.0;1595.0;1460.0;1279.0;1230.0;908.0;197.0;1435.0;461.0;1096.0;1595.0;1578.0;739.0;1408.0;994.0;997.0;1701.0;1741.0;457.0;542.0;1326.0;424.0;1511.0;77.0;1595.0;3363.0;1327.0;131.0;1049.0;1049.0;1016.0;842.0;2289.0;8346.0;963.0;8346.0;1049.0;44.0;739.0;397.0;249.0;77.0;336.0;576.0;1511.0;484.0;1595.0;835.0;753.0;121.0;1127.0;353.0;384.0;210.0;1321.0;1578.0;865.0;842.0;294.0;448.0;739.0;8346.0;44.0;1711.0;381.0;695.0;1460.0;1595.0;1721.0;424.0;472.0;180.0;403.0;968.0;33.0;71.0;652.0;704.0;821.0;718.0;1143.0;200.0;267.0;713.0;44.0;121.0;832.0;196.0;2410.0;44.0;359.0;2528.0;556.0;2442.0;8346.0;950.0;496.0;8346.0;672.0;491.0;968.0;1460.0;4623.0;44.0;1685.0;968.0;447.0;1578.0;462.0;496.0;866.0;1144.0;3363.0;5331.0;8346.0;2634.0;816.0;149.0;252.0;556.0;284.0;624.0;33.0;1595.0;597.0;105.0;877.0;359.0;4693.0;235.0;739.0;1317.0;284.0;1447.0;2797.0;249.0;1035.0;336.0;1248.0;1443.0;156.0;175.0;666.0;4089.0;3461.0;904.0;346.0;968.0;9700.0
211;310.0;118.0;2908.0;370.0;799.0;775.0;744.0;399.0;804.0;386.0;276.0;891.0;8260.0;2497.0;1344.0;8498.0;276.0;1543.0;1139.0;4563.0;274.0;909.0;4672.0;2419.0;1184.0;921.0;1173.0;655.0;832.0;390.0;1635.0;163.0;1570.0;603.0;298.0;901.0;1186.0;804.0;1629.0;1668.0;811.0;744.0;642.0;471.0;1729.0;2540.0;1139.0;276.0;664.0;470.0;490.0;382.0;579.0;4559.0;544.0;808.0;1635.0;884.0;25.0;1559.0;641.0;854.0;2111.0;4702.0;223.0;579.0;704.0;399.0;578.0;9057.0;1883.0;664.0;4559.0;4235.0;1366.0;276.0;489.0;744.0;518.0;8260.0;808.0;133.0;276.0;1366.0;919.0;521.0;901.0;386.0;471.0;265.0;4697.0;1366.0;2563.0;8260.0;1476.0;909.0;978.0;393.0;163.0;4511.0;804.0;401.0;276.0;434.0;418.0;233.0;140.0;343.0;909.0;250.0;0.0;1554.0;2417.0;1366.0;1185.0;519.0;276.0;663.0;1668.0;470.0;668.0;228.0;167.0;8260.0;1646.0;808.0;1635.0;588.0;368.0;271.0;503.0;1629.0;4672.0;5191.0;909.0;300.0;1668.0;367.0;152.0;1668.0;8538.0;529.0;1559.0;274.0;1630.0;1154.0;1668.0;1671.0;1468.0;572.0;333.0;8524.0;694.0;1668.0;1629.0;1085.0;1167.0;715.0;399.0;1186.0;699.0;921.0;1668.0;1635.0;804.0;1189.0;799.0;836.0;1542.0;1563.0;224.0;325.0;1361.0;279.0;1366.0;325.0;1668.0;3598.0;1574.0;366.0;854.0;854.0;822.0;1092.0;2066.0;8260.0;716.0;8260.0;854.0;276.0;804.0;226.0;476.0;325.0;277.0;390.0;1366.0;253.0;1668.0;591.0;598.0;169.0;886.0;588.0;321.0;357.0;1072.0;1635.0;909.0;1092.0;483.0;689.0;804.0;8260.0;276.0;1476.0;236.0;944.0;1629.0;1668.0;1543.0;279.0;562.0;418.0;184.0;808.0;225.0;284.0;901.0;562.0;599.0;580.0;1073.0;50.0;119.0;847.0;276.0;169.0;638.0;118.0;2189.0;276.0;214.0;2309.0;386.0;2221.0;8260.0;779.0;727.0;8260.0;484.0;279.0;808.0;1629.0;4554.0;276.0;1508.0;808.0;527.0;1635.0;300.0;727.0;680.0;901.0;3598.0;5153.0;8260.0;2419.0;567.0;367.0;163.0;386.0;514.0;415.0;225.0;1668.0;422.0;197.0;744.0;214.0;4590.0;112.0;804.0;1114.0;514.0;1212.0;2552.0;476.0;824.0;292.0;1137.0;1218.0;323.0;393.0;470.0;3840.0;3211.0;1154.0;577.0;808.0;9700.0
212;1328.0;1449.0;4319.0;1668.0;1992.0;2012.0;1723.0;1320.0;1095.0;1641.0;1328.0;2148.0;9401.0;4044.0;2353.0;9660.0;1328.0;3097.0;1844.0;4335.0;1600.0;1155.0;4868.0;3965.0;680.0;2161.0;2692.0;1146.0;1995.0;1683.0;1303.0;1449.0;3116.0;1832.0;1307.0;891.0;2697.0;1095.0;551.0;1223.0;1973.0;1723.0;1132.0;1708.0;2439.0;3968.0;1844.0;1328.0;2207.0;1762.0;1896.0;1570.0;2129.0;4293.0;1161.0;1861.0;1303.0;2192.0;1570.0;171.0;1960.0;2034.0;3663.0;4868.0;1777.0;2129.0;1063.0;1320.0;1185.0;8224.0;3437.0;2207.0;4293.0;5720.0;2189.0;1328.0;1432.0;1723.0;1324.0;9401.0;1861.0;1421.0;1328.0;2189.0;1873.0;1204.0;891.0;1641.0;1708.0;1401.0;4621.0;2189.0;4109.0;9401.0;3028.0;1155.0;832.0;1293.0;1449.0;4451.0;1095.0;1387.0;1328.0;1830.0;1240.0;1417.0;1682.0;1764.0;1155.0;1331.0;1554.0;0.0;3966.0;2189.0;2737.0;1811.0;1328.0;1272.0;1223.0;1762.0;2214.0;1361.0;1585.0;9401.0;615.0;1861.0;1303.0;1164.0;1561.0;1824.0;1530.0;551.0;4868.0;5894.0;1155.0;1582.0;1223.0;1304.0;1416.0;1223.0;9693.0;1204.0;171.0;1600.0;577.0;693.0;1223.0;3220.0;3022.0;1353.0;1337.0;7652.0;1819.0;1223.0;551.0;2606.0;2398.0;1923.0;1320.0;2697.0;1102.0;2001.0;1223.0;1303.0;1095.0;2738.0;1992.0;1885.0;2993.0;2521.0;1777.0;1724.0;1292.0;1541.0;2189.0;1276.0;1223.0;2688.0;458.0;1275.0;2034.0;2034.0;2008.0;699.0;3618.0;9401.0;2253.0;9401.0;2034.0;1328.0;1095.0;1564.0;1243.0;1276.0;1640.0;1683.0;2189.0;1805.0;1223.0;2048.0;1714.0;1385.0;2436.0;1164.0;1416.0;1407.0;2542.0;1303.0;1155.0;699.0;1332.0;1082.0;1095.0;9401.0;1328.0;3028.0;1526.0;866.0;551.0;1223.0;2502.0;1541.0;1566.0;1240.0;1729.0;1861.0;1344.0;1277.0;891.0;1653.0;1950.0;1653.0;2334.0;1507.0;1499.0;1558.0;1328.0;1385.0;1871.0;1449.0;3740.0;1328.0;1519.0;3858.0;1641.0;3772.0;9401.0;1882.0;1131.0;9401.0;1747.0;1678.0;1861.0;551.0;4550.0;1328.0;2468.0;1861.0;1572.0;1303.0;1582.0;1131.0;1870.0;2447.0;2688.0;5867.0;9401.0;3965.0;2093.0;1304.0;1449.0;1641.0;1216.0;1954.0;1344.0;1223.0;1672.0;1430.0;1723.0;1519.0;4804.0;1477.0;1095.0;2647.0;1216.0;2765.0;3912.0;1243.0;2081.0;1634.0;1871.0;2771.0;1381.0;1293.0;1762.0;5326.0;4664.0;693.0;1184.0;1861.0;9000.0
213;2645.0;2528.0;1728.0;2408.0;2330.0;2277.0;2600.0;2673.0;3103.0;2445.0;2640.0;2200.0;6612.0;97.0;2233.0;6797.0;2640.0;891.0;2860.0;5972.0;2438.0;3154.0;5550.0;81.0;3492.0;2215.0;1433.0;2975.0;2360.0;2401.0;3789.0;2541.0;974.0;2364.0;2662.0;3193.0;1450.0;3103.0;4017.0;3863.0;2368.0;2600.0;2906.0;2420.0;2972.0;1016.0;2860.0;2640.0;1798.0;2357.0;2195.0;2439.0;1838.0;6009.0;2844.0;2505.0;3789.0;2118.0;2404.0;3955.0;2225.0;2329.0;313.0;5616.0;2194.0;1838.0;2982.0;2673.0;2906.0;10503.0;564.0;1798.0;6009.0;2317.0;2753.0;2640.0;2690.0;2600.0;2710.0;6612.0;2505.0;2548.0;2640.0;2753.0;2599.0;2862.0;3193.0;2445.0;2420.0;2573.0;5914.0;2753.0;159.0;6612.0;987.0;3154.0;3273.0;2694.0;2541.0;5737.0;3103.0;2616.0;2640.0;2248.0;2742.0;2588.0;2297.0;2281.0;3154.0;2636.0;2417.0;3966.0;0.0;2753.0;1265.0;2330.0;2640.0;2817.0;3863.0;2357.0;1752.0;2605.0;2417.0;6612.0;3949.0;2505.0;3789.0;2860.0;2516.0;2146.0;2615.0;4017.0;5550.0;5183.0;3154.0;2466.0;3863.0;2678.0;2562.0;3863.0;6851.0;2807.0;3955.0;2438.0;3943.0;3463.0;3863.0;865.0;974.0;2709.0;2642.0;10038.0;2454.0;3863.0;4017.0;1380.0;1916.0;2342.0;2673.0;1450.0;2954.0;2445.0;3863.0;3789.0;3103.0;1228.0;2330.0;2502.0;1186.0;2588.0;2193.0;2322.0;3499.0;2497.0;2753.0;2693.0;3863.0;5492.0;3917.0;2701.0;2329.0;2329.0;2331.0;3413.0;361.0;6612.0;1766.0;6612.0;2329.0;2640.0;3103.0;2457.0;2758.0;2693.0;2341.0;2401.0;2753.0;2164.0;3863.0;2040.0;2498.0;2586.0;1566.0;2860.0;2621.0;2586.0;1663.0;3789.0;3154.0;3413.0;2689.0;2962.0;3103.0;6612.0;2640.0;987.0;2496.0;3234.0;4017.0;3863.0;2584.0;2497.0;2513.0;2742.0;2238.0;2505.0;2622.0;2690.0;3193.0;2535.0;2203.0;2547.0;1910.0;2463.0;2488.0;2692.0;2640.0;2586.0;2343.0;2528.0;230.0;2640.0;2496.0;108.0;2445.0;197.0;6612.0;2452.0;2950.0;6612.0;2384.0;2355.0;2505.0;4017.0;5706.0;2640.0;2580.0;2505.0;2491.0;3789.0;2466.0;2950.0;2380.0;1568.0;5492.0;5132.0;6612.0;81.0;1929.0;2678.0;2541.0;2445.0;2792.0;2012.0;2622.0;3863.0;2431.0;2538.0;2600.0;2496.0;5459.0;2505.0;3103.0;1327.0;2792.0;1233.0;1799.0;2758.0;2227.0;2350.0;2830.0;1200.0;2602.0;2694.0;2357.0;1975.0;1691.0;3463.0;2841.0;2505.0;11500.0
214;1603.0;1333.0;2342.0;998.0;627.0;677.0;634.0;1708.0;1121.0;980.0;1555.0;654.0;9189.0;2850.0;2644.0;9402.0;1555.0;1947.0;346.0;3378.0;1092.0;1037.0;3330.0;2795.0;2224.0;625.0;1365.0;1134.0;585.0;979.0;1262.0;1266.0;1789.0;783.0;1566.0;2036.0;1337.0;1121.0;1878.0;1369.0;597.0;634.0;1882.0;897.0;364.0;3310.0;346.0;1555.0;1308.0;911.0;979.0;1748.0;1492.0;3393.0;1783.0;559.0;1262.0;731.0;1344.0;2296.0;821.0;585.0;2458.0;3366.0;1364.0;1492.0;1913.0;1708.0;1142.0;10265.0;2208.0;1308.0;3393.0;3814.0;10.0;1555.0;976.0;634.0;1838.0;9189.0;559.0;1397.0;1555.0;10.0;448.0;1164.0;2036.0;980.0;897.0;1596.0;3437.0;10.0;2911.0;9189.0;1825.0;1037.0;2088.0;1685.0;1266.0;3251.0;1121.0;1738.0;1555.0;997.0;1679.0;1218.0;1297.0;1068.0;1037.0;1511.0;1366.0;2189.0;2753.0;0.0;1630.0;874.0;1555.0;1968.0;1369.0;911.0;1562.0;1514.0;1199.0;9189.0;2597.0;559.0;1262.0;1838.0;1010.0;1388.0;905.0;1878.0;3330.0;3869.0;1037.0;1069.0;1369.0;1660.0;1330.0;1369.0;9449.0;1793.0;2296.0;1092.0;2567.0;2199.0;1369.0;1893.0;1865.0;1903.0;1639.0;9713.0;675.0;1369.0;1878.0;1910.0;2383.0;691.0;1708.0;1337.0;1930.0;473.0;1369.0;1262.0;1121.0;1815.0;627.0;533.0;2425.0;343.0;1384.0;1065.0;1039.0;1099.0;10.0;1575.0;1369.0;4730.0;2465.0;1637.0;585.0;585.0;608.0;2135.0;2412.0;9189.0;1285.0;9189.0;585.0;1555.0;1121.0;1143.0;1753.0;1575.0;1629.0;979.0;10.0;1387.0;1369.0;1028.0;768.0;1393.0;1436.0;1838.0;1130.0;1699.0;1129.0;1262.0;1037.0;2135.0;1804.0;1907.0;1121.0;9189.0;1555.0;1825.0;1144.0;2069.0;1878.0;1369.0;326.0;1099.0;1927.0;1679.0;1416.0;559.0;1479.0;1478.0;2036.0;811.0;873.0;795.0;2285.0;1389.0;1272.0;2207.0;1555.0;1393.0;759.0;1333.0;2542.0;1555.0;1167.0;2658.0;980.0;2572.0;9189.0;596.0;1976.0;9189.0;890.0;1099.0;559.0;1878.0;3271.0;1555.0;297.0;559.0;1893.0;1262.0;1069.0;1976.0;707.0;1404.0;4730.0;3834.0;9189.0;2795.0;1207.0;1660.0;1266.0;980.0;1782.0;1497.0;1479.0;1369.0;944.0;1532.0;634.0;1167.0;3246.0;1300.0;1121.0;1873.0;1782.0;1664.0;1894.0;1753.0;677.0;1647.0;320.0;1784.0;1652.0;1685.0;911.0;3441.0;2740.0;2199.0;1837.0;559.0;8800.0
215;1449.0;1289.0;1924.0;1143.0;1106.0;1050.0;1355.0;1498.0;1838.0;1180.0;1434.0;1002.0;7559.0;1353.0;1556.0;7771.0;1434.0;375.0;1659.0;4990.0;1176.0;1890.0;4783.0;1282.0;2332.0;1025.0;299.0;1711.0;1142.0;1136.0;2540.0;1293.0;399.0;1110.0;1457.0;2034.0;337.0;1838.0;2755.0;2610.0;1146.0;1355.0;1748.0;1156.0;1923.0;1680.0;1659.0;1434.0;537.0;1093.0;931.0;1298.0;629.0;5011.0;1670.0;1275.0;2540.0;919.0;1168.0;2743.0;976.0;1117.0;953.0;4835.0;963.0;629.0;1822.0;1498.0;1643.0;9870.0;710.0;537.0;5011.0;3115.0;1630.0;1434.0;1425.0;1355.0;1565.0;7559.0;1275.0;1318.0;1434.0;1630.0;1382.0;1600.0;2034.0;1180.0;1156.0;1380.0;5008.0;1630.0;1419.0;7559.0;291.0;1890.0;2115.0;1512.0;1293.0;4824.0;1838.0;1455.0;1434.0;983.0;1555.0;1334.0;1055.0;1017.0;1890.0;1422.0;1185.0;2737.0;1265.0;1630.0;0.0;1069.0;1434.0;1694.0;2610.0;1093.0;566.0;1393.0;1162.0;7559.0;2798.0;1275.0;2540.0;1697.0;1251.0;919.0;1351.0;2755.0;4783.0;4843.0;1890.0;1203.0;2610.0;1492.0;1322.0;2610.0;7819.0;1640.0;2743.0;1176.0;2786.0;2302.0;2610.0;491.0;292.0;1583.0;1454.0;9365.0;1209.0;2610.0;2755.0;456.0;1195.0;1103.0;1498.0;337.0;1803.0;1242.0;2610.0;2540.0;1838.0;231.0;1106.0;1278.0;862.0;1570.0;966.0;1058.0;2249.0;1235.0;1630.0;1488.0;2610.0;4577.0;2742.0;1508.0;1117.0;1117.0;1112.0;2245.0;905.0;7559.0;501.0;7559.0;1117.0;1434.0;1838.0;1198.0;1586.0;1488.0;1172.0;1136.0;1630.0;937.0;2610.0;778.0;1241.0;1354.0;304.0;1697.0;1361.0;1418.0;511.0;2540.0;1890.0;2245.0;1538.0;1804.0;1838.0;7559.0;1434.0;291.0;1236.0;2077.0;2755.0;2610.0;1559.0;1235.0;1422.0;1555.0;1018.0;1275.0;1403.0;1467.0;2034.0;1275.0;948.0;1288.0;1127.0;1234.0;1241.0;1671.0;1434.0;1354.0;1094.0;1289.0;1036.0;1434.0;1238.0;1158.0;1180.0;1068.0;7559.0;1220.0;1811.0;7559.0;1121.0;1092.0;1275.0;2755.0;4823.0;1434.0;1542.0;1275.0;1391.0;2540.0;1203.0;1811.0;1135.0;302.0;4577.0;4798.0;7559.0;1282.0;665.0;1492.0;1293.0;1180.0;1624.0;812.0;1403.0;2610.0;1166.0;1333.0;1355.0;1238.0;4694.0;1261.0;1838.0;376.0;1624.0;35.0;1679.0;1586.0;1011.0;1187.0;1633.0;171.0;1420.0;1512.0;1093.0;2722.0;2151.0;2302.0;1680.0;1275.0;10400.0
216;803.0;524.0;2519.0;168.0;280.0;260.0;324.0;904.0;792.0;179.0;759.0;387.0;8490.0;2419.0;1773.0;8717.0;759.0;1442.0;714.0;4179.0;269.0;827.0;4203.0;2349.0;1598.0;413.0;927.0;686.0;314.0;147.0;1478.0;471.0;1386.0;91.0;776.0;1345.0;923.0;792.0;1725.0;1543.0;294.0;324.0;1123.0;103.0;1238.0;2659.0;714.0;759.0;571.0;55.0;146.0;891.0;679.0;4183.0;1021.0;322.0;1478.0;402.0;494.0;1859.0;152.0;335.0;2017.0;4237.0;490.0;679.0;1174.0;904.0;632.0;9559.0;1767.0;571.0;4183.0;3909.0;874.0;759.0;387.0;324.0;1029.0;8490.0;322.0;588.0;759.0;874.0;448.0;607.0;1345.0;179.0;103.0;775.0;4276.0;874.0;2485.0;8490.0;1343.0;827.0;1415.0;890.0;471.0;4090.0;792.0;916.0;759.0;130.0;900.0;456.0;428.0;194.0;827.0;720.0;519.0;1811.0;2330.0;874.0;1069.0;0.0;759.0;1171.0;1543.0;55.0;766.0;712.0;358.0;8490.0;2039.0;322.0;1478.0;1072.0;255.0;516.0;296.0;1725.0;4203.0;4673.0;827.0;265.0;1543.0;863.0;535.0;1543.0;8760.0;1018.0;1859.0;269.0;2016.0;1569.0;1543.0;1496.0;1357.0;1087.0;834.0;9021.0;208.0;1543.0;1725.0;1179.0;1528.0;196.0;904.0;923.0;1178.0;410.0;1543.0;1478.0;792.0;1173.0;280.0;345.0;1695.0;1046.0;509.0;197.0;1186.0;308.0;874.0;795.0;1543.0;4074.0;1940.0;850.0;335.0;335.0;303.0;1504.0;1969.0;8490.0;582.0;8490.0;335.0;759.0;792.0;324.0;968.0;795.0;763.0;147.0;874.0;514.0;1543.0;290.0;179.0;599.0;782.0;1072.0;412.0;873.0;743.0;1478.0;827.0;1504.0;994.0;1162.0;792.0;8490.0;759.0;1343.0;345.0;1386.0;1725.0;1543.0;1026.0;308.0;1074.0;900.0;543.0;322.0;687.0;713.0;1345.0;206.0;140.0;220.0;1429.0;553.0;453.0;1364.0;759.0;599.0;120.0;524.0;2101.0;759.0;365.0;2223.0;179.0;2133.0;8490.0;279.0;1215.0;8490.0;64.0;240.0;322.0;1725.0;4121.0;759.0;992.0;322.0;1038.0;1478.0;265.0;1215.0;168.0;771.0;4074.0;4635.0;8490.0;2349.0;437.0;863.0;471.0;179.0;1004.0;639.0;687.0;1543.0;142.0;707.0;324.0;365.0;4119.0;486.0;792.0;1169.0;1004.0;1102.0;2129.0;968.0;316.0;781.0;701.0;1171.0;834.0;890.0;55.0;3516.0;2855.0;1569.0;1065.0;322.0;9500.0
217;49.0;235.0;3185.0;595.0;1035.0;1019.0;921.0;153.0;774.0;598.0;10.0;1144.0;8320.0;2717.0;1306.0;8564.0;10.0;1781.0;1288.0;4637.0;492.0;902.0;4816.0;2637.0;911.0;1171.0;1443.0;634.0;1063.0;617.0;1611.0;294.0;1827.0;834.0;23.0;625.0;1457.0;774.0;1474.0;1626.0;1040.0;921.0;369.0;690.0;1912.0;2683.0;1288.0;10.0;929.0;706.0;756.0;310.0;810.0;4626.0;269.0;1011.0;1611.0;1145.0;300.0;1316.0;896.0;1090.0;2340.0;4842.0;478.0;810.0;428.0;153.0;566.0;8800.0;2120.0;929.0;4626.0;4506.0;1555.0;10.0;597.0;921.0;283.0;8320.0;1011.0;171.0;10.0;1555.0;1108.0;510.0;625.0;598.0;690.0;88.0;4797.0;1555.0;2782.0;8320.0;1723.0;902.0;703.0;132.0;294.0;4613.0;774.0;196.0;10.0;695.0;144.0;337.0;416.0;605.0;902.0;44.0;276.0;1328.0;2640.0;1555.0;1434.0;759.0;0.0;417.0;1626.0;706.0;891.0;49.0;405.0;8320.0;1375.0;1011.0;1611.0;316.0;550.0;517.0;652.0;1474.0;4816.0;5411.0;902.0;504.0;1626.0;106.0;229.0;1626.0;8602.0;260.0;1316.0;492.0;1361.0;881.0;1626.0;1925.0;1710.0;349.0;86.0;8263.0;906.0;1626.0;1474.0;1278.0;1204.0;949.0;153.0;1457.0;426.0;1139.0;1626.0;1611.0;774.0;1414.0;1035.0;1041.0;1690.0;1783.0;472.0;579.0;1362.0;466.0;1555.0;53.0;1626.0;3328.0;1310.0;92.0;1090.0;1090.0;1057.0;820.0;2295.0;8320.0;983.0;8320.0;1090.0;10.0;774.0;437.0;209.0;53.0;322.0;617.0;1555.0;499.0;1626.0;866.0;796.0;164.0;1143.0;316.0;428.0;169.0;1348.0;1611.0;902.0;820.0;250.0;414.0;774.0;8320.0;10.0;1723.0;423.0;668.0;1474.0;1626.0;1763.0;466.0;432.0;144.0;417.0;1011.0;76.0;103.0;625.0;747.0;858.0;762.0;1118.0;227.0;306.0;669.0;10.0;164.0;873.0;235.0;2415.0;10.0;400.0;2533.0;598.0;2447.0;8320.0;992.0;458.0;8320.0;713.0;528.0;1011.0;1474.0;4665.0;10.0;1728.0;1011.0;409.0;1611.0;504.0;458.0;907.0;1161.0;3328.0;5374.0;8320.0;2637.0;840.0;106.0;294.0;598.0;245.0;631.0;76.0;1626.0;638.0;102.0;921.0;400.0;4737.0;274.0;774.0;1319.0;245.0;1459.0;2828.0;209.0;1074.0;321.0;1292.0;1451.0;115.0;132.0;706.0;4111.0;3486.0;881.0;307.0;1011.0;9700.0
218;370.0;650.0;3530.0;1009.0;1449.0;1431.0;1335.0;268.0;1085.0;1014.0;417.0;1552.0;8177.0;2884.0;1109.0;8430.0;417.0;2006.0;1691.0;4972.0;906.0;1220.0;5204.0;2802.0;683.0;1580.0;1759.0;967.0;1478.0;1031.0;1880.0;711.0;2094.0;1249.0;404.0;394.0;1780.0;1085.0;1567.0;1874.0;1456.0;1335.0;159.0;1106.0;2322.0;2708.0;1691.0;417.0;1243.0;1119.0;1153.0;397.0;1071.0;4955.0;213.0;1428.0;1880.0;1547.0;688.0;1207.0;1302.0;1504.0;2532.0;5227.0;813.0;1071.0;213.0;268.0;914.0;8394.0;2334.0;1243.0;4955.0;4805.0;1968.0;417.0;1000.0;1335.0;146.0;8177.0;1428.0;585.0;417.0;1968.0;1523.0;867.0;394.0;1014.0;1106.0;398.0;5154.0;1968.0;2947.0;8177.0;1969.0;1220.0;469.0;285.0;711.0;4971.0;1085.0;266.0;417.0;1097.0;291.0;752.0;789.0;1006.0;1220.0;460.0;663.0;1272.0;2817.0;1968.0;1694.0;1171.0;417.0;0.0;1874.0;1119.0;1129.0;462.0;813.0;8177.0;1133.0;1428.0;1880.0;164.0;967.0;835.0;1064.0;1567.0;5204.0;5827.0;1220.0;920.0;1874.0;311.0;646.0;1874.0;8466.0;184.0;1207.0;906.0;1128.0;655.0;1874.0;2182.0;1945.0;112.0;338.0;7861.0;1323.0;1874.0;1567.0;1438.0;1126.0;1363.0;268.0;1780.0;172.0;1556.0;1874.0;1880.0;1085.0;1623.0;1449.0;1457.0;1753.0;2200.0;799.0;984.0;1663.0;883.0;1968.0;393.0;1874.0;2947.0;1111.0;332.0;1504.0;1504.0;1472.0;614.0;2491.0;8177.0;1303.0;8177.0;1504.0;417.0;1085.0;852.0;216.0;393.0;530.0;1031.0;1968.0;820.0;1874.0;1244.0;1213.0;580.0;1429.0;164.0;839.0;311.0;1700.0;1880.0;1220.0;614.0;181.0;196.0;1085.0;8177.0;417.0;1969.0;839.0;430.0;1567.0;1874.0;2180.0;883.0;309.0;291.0;740.0;1428.0;492.0;491.0;394.0;1163.0;1261.0;1177.0;1064.0;622.0;719.0;333.0;417.0;580.0;1287.0;650.0;2601.0;417.0;817.0;2712.0;1014.0;2631.0;8177.0;1409.0;143.0;8177.0;1128.0;935.0;1428.0;1567.0;5031.0;417.0;2145.0;1428.0;326.0;1880.0;920.0;143.0;1323.0;1456.0;2947.0;5790.0;8177.0;2802.0;1183.0;311.0;711.0;1014.0;192.0;892.0;492.0;1874.0;1054.0;467.0;1335.0;817.0;5126.0;687.0;1085.0;1497.0;192.0;1713.0;3193.0;216.0;1483.0;513.0;1698.0;1673.0;340.0;285.0;1119.0;4411.0;3810.0;655.0;153.0;1428.0;10000.0
219;1662.0;1557.0;3708.0;1500.0;1546.0;1594.0;1264.0;1731.0;866.0;1461.0;1626.0;1691.0;9928.0;3955.0;2929.0;10166.0;1626.0;2981.0;1091.0;3175.0;1508.0;762.0;3646.0;3887.0;1658.0;1684.0;2437.0;1015.0;1521.0;1500.0;113.0;1505.0;2901.0;1500.0;1618.0;1665.0;2424.0;866.0;705.0;10.0;1509.0;1264.0;1720.0;1463.0;1474.0;4173.0;1091.0;1626.0;2107.0;1524.0;1685.0;1935.0;2161.0;3144.0;1669.0;1369.0;113.0;1768.0;1665.0;1386.0;1638.0;1557.0;3551.0;3646.0;1838.0;2161.0;1694.0;1731.0;1091.0;9428.0;3299.0;2107.0;3144.0;5177.0;1369.0;1626.0;1229.0;1264.0;1823.0;9928.0;1369.0;1583.0;1626.0;1369.0;1296.0;1149.0;1665.0;1461.0;1463.0;1712.0;3425.0;1369.0;4020.0;9928.0;2877.0;762.0;1663.0;1695.0;1505.0;3251.0;866.0;1800.0;1626.0;1642.0;1651.0;1437.0;1723.0;1634.0;762.0;1595.0;1668.0;1223.0;3863.0;1369.0;2610.0;1543.0;1626.0;1874.0;0.0;1524.0;2256.0;1622.0;1574.0;9928.0;1813.0;1369.0;113.0;1711.0;1406.0;1888.0;1279.0;705.0;3646.0;4736.0;762.0;1474.0;10.0;1685.0;1527.0;10.0;10206.0;1708.0;1386.0;1508.0;1776.0;1650.0;10.0;3012.0;2896.0;1886.0;1695.0;8851.0;1410.0;10.0;705.0;2688.0;2819.0;1523.0;1731.0;2424.0;1733.0;1456.0;10.0;113.0;866.0;2712.0;1546.0;1377.0;3184.0;1703.0;1851.0;1598.0;367.0;1458.0;1369.0;1601.0;10.0;3906.0;1654.0;1646.0;1557.0;1557.0;1548.0;1609.0;3503.0;9928.0;2124.0;9928.0;1557.0;1626.0;866.0;1513.0;1707.0;1601.0;1908.0;1500.0;1369.0;1874.0;10.0;1833.0;1369.0;1549.0;2325.0;1711.0;1360.0;1788.0;2218.0;113.0;762.0;1609.0;1806.0;1703.0;866.0;9928.0;1626.0;2877.0;1480.0;1672.0;705.0;10.0;1689.0;1458.0;2044.0;1651.0;1836.0;1369.0;1581.0;1525.0;1665.0;1337.0;1662.0;1323.0;2729.0;1646.0;1554.0;2206.0;1626.0;1549.0;1520.0;1557.0;3636.0;1626.0;1491.0;3758.0;1461.0;3668.0;9928.0;1419.0;1785.0;9928.0;1495.0;1583.0;1369.0;705.0;3342.0;1626.0;1664.0;1369.0;2027.0;113.0;1474.0;1785.0;1484.0;2314.0;3906.0;4712.0;9928.0;3887.0;1971.0;1685.0;1505.0;1461.0;1708.0;2046.0;1581.0;10.0;1463.0;1689.0;1264.0;1491.0;3581.0;1556.0;866.0;2691.0;1708.0;2644.0;3262.0;1707.0;1651.0;1915.0;1126.0;2713.0;1737.0;1695.0;1524.0;4799.0;4100.0;1650.0;1724.0;1369.0;8100.0
220;750.0;471.0;2570.0;113.0;331.0;313.0;334.0;851.0;755.0;125.0;706.0;442.0;8489.0;2446.0;1742.0;8716.0;706.0;1468.0;733.0;4197.0;215.0;797.0;4236.0;2375.0;1544.0;467.0;964.0;643.0;362.0;92.0;1462.0;417.0;1419.0;133.0;723.0;1291.0;962.0;755.0;1687.0;1524.0;341.0;334.0;1069.0;63.0;1275.0;2667.0;733.0;706.0;584.0;10.0;162.0;846.0;673.0;4201.0;967.0;353.0;1462.0;456.0;446.0;1808.0;205.0;385.0;2044.0;4270.0;457.0;673.0;1120.0;851.0;587.0;9505.0;1796.0;584.0;4201.0;3958.0;911.0;706.0;345.0;334.0;978.0;8489.0;353.0;535.0;706.0;911.0;476.0;559.0;1291.0;125.0;63.0;724.0;4301.0;911.0;2512.0;8489.0;1371.0;797.0;1360.0;837.0;417.0;4114.0;755.0;865.0;706.0;122.0;846.0;401.0;387.0;161.0;797.0;666.0;470.0;1762.0;2357.0;911.0;1093.0;55.0;706.0;1119.0;1524.0;0.0;763.0;659.0;307.0;8489.0;1985.0;353.0;1462.0;1018.0;203.0;488.0;260.0;1687.0;4236.0;4721.0;797.0;210.0;1524.0;810.0;481.0;1524.0;8760.0;964.0;1808.0;215.0;1963.0;1515.0;1524.0;1530.0;1383.0;1036.0;782.0;8967.0;237.0;1524.0;1687.0;1183.0;1505.0;245.0;851.0;962.0;1124.0;453.0;1524.0;1462.0;755.0;1188.0;331.0;378.0;1696.0;1093.0;477.0;155.0;1170.0;253.0;911.0;741.0;1524.0;4019.0;1886.0;797.0;385.0;385.0;353.0;1449.0;1996.0;8489.0;601.0;8489.0;385.0;706.0;755.0;270.0;915.0;741.0;720.0;92.0;911.0;484.0;1524.0;318.0;180.0;546.0;802.0;1018.0;358.0;823.0;786.0;1462.0;797.0;1449.0;942.0;1108.0;755.0;8489.0;706.0;1371.0;290.0;1331.0;1687.0;1524.0;1073.0;253.0;1028.0;846.0;506.0;353.0;634.0;658.0;1291.0;190.0;188.0;206.0;1407.0;503.0;401.0;1317.0;706.0;546.0;168.0;471.0;2128.0;706.0;310.0;2250.0;125.0;2161.0;8489.0;316.0;1161.0;8489.0;30.0;193.0;353.0;1687.0;4147.0;706.0;1038.0;353.0;992.0;1462.0;210.0;1161.0;211.0;793.0;4019.0;4683.0;8489.0;2375.0;448.0;810.0;417.0;125.0;950.0;619.0;634.0;1524.0;90.0;656.0;334.0;310.0;4153.0;433.0;755.0;1177.0;950.0;1127.0;2183.0;915.0;370.0;738.0;723.0;1190.0;783.0;837.0;10.0;3564.0;2905.0;1515.0;1012.0;353.0;9500.0
221;899.0;783.0;2448.0;760.0;941.0;887.0;1090.0;940.0;1419.0;799.0;891.0;918.0;7725.0;1831.0;1173.0;7953.0;891.0;893.0;1470.0;4924.0;750.0;1500.0;4867.0;1752.0;1773.0;950.0;676.0;1277.0;984.0;763.0;2204.0;805.0;965.0;843.0;913.0;1474.0;705.0;1419.0;2291.0;2256.0;976.0;1090.0;1187.0;817.0;1909.0;1917.0;1470.0;891.0;268.0;763.0;623.0;732.0;95.0;4933.0;1112.0;1065.0;2204.0;854.0;657.0;2206.0;754.0;978.0;1450.0;4909.0;449.0;95.0;1261.0;940.0;1202.0;9367.0;1230.0;268.0;4933.0;3679.0;1562.0;891.0;1027.0;1090.0;1001.0;7725.0;1065.0;798.0;891.0;1562.0;1191.0;1151.0;1474.0;799.0;817.0;828.0;4998.0;1562.0;1896.0;7725.0;844.0;1500.0;1555.0;956.0;805.0;4812.0;1419.0;892.0;891.0;642.0;1002.0;861.0;561.0;627.0;1500.0;884.0;668.0;2214.0;1752.0;1562.0;566.0;766.0;891.0;1129.0;2256.0;763.0;0.0;854.0;698.0;7725.0;2238.0;1065.0;2204.0;1136.0;850.0;399.0;981.0;2291.0;4867.0;5134.0;1500.0;783.0;2256.0;937.0;818.0;2256.0;7997.0;1080.0;2206.0;750.0;2227.0;1743.0;2256.0;1054.0;825.0;1017.0;900.0;8854.0;963.0;2256.0;2291.0;433.0;854.0;895.0;940.0;705.0;1240.0;1098.0;2256.0;2204.0;1419.0;524.0;941.0;1080.0;935.0;1623.0;445.0;660.0;1915.0;802.0;1562.0;944.0;2256.0;4026.0;2188.0;957.0;978.0;978.0;958.0;1688.0;1405.0;7725.0;313.0;7725.0;978.0;891.0;1419.0;751.0;1027.0;944.0;610.0;763.0;1562.0;417.0;2256.0;535.0;941.0;836.0;326.0;1136.0;914.0;857.0;711.0;2204.0;1500.0;1688.0;974.0;1242.0;1419.0;7725.0;891.0;844.0;788.0;1516.0;2291.0;2256.0;1607.0;802.0;860.0;1002.0;487.0;1065.0;870.0;938.0;1474.0;951.0;705.0;968.0;761.0;712.0;751.0;1120.0;891.0;836.0;848.0;783.0;1526.0;891.0;781.0;1644.0;799.0;1558.0;7725.0;1012.0;1246.0;7725.0;793.0;673.0;1065.0;2291.0;4832.0;891.0;1580.0;1065.0;828.0;2204.0;783.0;1246.0;901.0;363.0;4026.0;5092.0;7725.0;1752.0;355.0;937.0;805.0;799.0;1064.0;260.0;870.0;2256.0;803.0;788.0;1090.0;781.0;4780.0;764.0;1419.0;449.0;1064.0;585.0;2157.0;1027.0;886.0;623.0;1453.0;560.0;863.0;956.0;763.0;3286.0;2701.0;1743.0;1119.0;1065.0;10200.0
222;92.0;188.0;3136.0;548.0;988.0;971.0;880.0;195.0;763.0;552.0;49.0;1095.0;8317.0;2682.0;1317.0;8560.0;49.0;1743.0;1252.0;4615.0;445.0;888.0;4783.0;2603.0;958.0;1123.0;1397.0;620.0;1016.0;570.0;1603.0;250.0;1784.0;787.0;70.0;673.0;1411.0;763.0;1491.0;1622.0;994.0;880.0;418.0;644.0;1872.0;2663.0;1252.0;49.0;884.0;659.0;707.0;315.0;772.0;4605.0;318.0;968.0;1603.0;1096.0;252.0;1353.0;847.0;1043.0;2304.0;4809.0;434.0;772.0;478.0;195.0;550.0;8848.0;2082.0;884.0;4605.0;4460.0;1514.0;49.0;563.0;880.0;325.0;8317.0;968.0;123.0;49.0;1514.0;1066.0;493.0;673.0;552.0;644.0;96.0;4770.0;1514.0;2748.0;8317.0;1682.0;888.0;750.0;178.0;250.0;4586.0;763.0;228.0;49.0;646.0;193.0;297.0;368.0;556.0;888.0;32.0;228.0;1361.0;2605.0;1514.0;1393.0;712.0;49.0;462.0;1622.0;659.0;854.0;0.0;356.0;8317.0;1421.0;968.0;1603.0;365.0;506.0;475.0;613.0;1491.0;4783.0;5366.0;888.0;458.0;1622.0;152.0;184.0;1622.0;8599.0;309.0;1353.0;445.0;1406.0;927.0;1622.0;1883.0;1671.0;389.0;126.0;8312.0;861.0;1622.0;1491.0;1248.0;1201.0;902.0;195.0;1411.0;475.0;1094.0;1622.0;1603.0;763.0;1378.0;988.0;997.0;1669.0;1739.0;429.0;530.0;1349.0;421.0;1514.0;98.0;1622.0;3377.0;1353.0;141.0;1043.0;1043.0;1010.0;866.0;2259.0;8317.0;938.0;8317.0;1043.0;49.0;763.0;390.0;257.0;98.0;304.0;570.0;1514.0;457.0;1622.0;817.0;753.0;120.0;1100.0;365.0;391.0;195.0;1300.0;1603.0;888.0;866.0;291.0;463.0;763.0;8317.0;49.0;1682.0;377.0;716.0;1491.0;1622.0;1718.0;421.0;454.0;193.0;375.0;968.0;42.0;100.0;673.0;704.0;809.0;720.0;1114.0;179.0;258.0;703.0;49.0;120.0;826.0;188.0;2380.0;49.0;355.0;2498.0;552.0;2412.0;8317.0;947.0;507.0;8317.0;666.0;479.0;968.0;1491.0;4637.0;49.0;1683.0;968.0;427.0;1603.0;458.0;507.0;861.0;1118.0;3377.0;5329.0;8317.0;2603.0;793.0;152.0;250.0;552.0;293.0;594.0;42.0;1622.0;592.0;74.0;880.0;355.0;4703.0;226.0;763.0;1286.0;293.0;1418.0;2779.0;257.0;1025.0;306.0;1255.0;1413.0;142.0;178.0;659.0;4065.0;3438.0;927.0;356.0;968.0;9700.0
223;447.0;173.0;2808.0;203.0;638.0;617.0;578.0;546.0;723.0;218.0;405.0;740.0;8366.0;2501.0;1496.0;8600.0;405.0;1531.0;976.0;4414.0;107.0;813.0;4507.0;2425.0;1281.0;768.0;1109.0;580.0;669.0;224.0;1532.0;141.0;1532.0;439.0;423.0;1011.0;1117.0;723.0;1602.0;1574.0;648.0;578.0;772.0;304.0;1562.0;2606.0;976.0;405.0;627.0;307.0;356.0;549.0;603.0;4411.0;671.0;641.0;1532.0;740.0;146.0;1608.0;491.0;693.0;2107.0;4538.0;264.0;603.0;828.0;546.0;505.0;9204.0;1870.0;627.0;4411.0;4160.0;1199.0;405.0;357.0;578.0;671.0;8366.0;641.0;234.0;405.0;1199.0;752.0;454.0;1011.0;218.0;304.0;417.0;4540.0;1199.0;2567.0;8366.0;1453.0;813.0;1085.0;533.0;141.0;4354.0;723.0;558.0;405.0;293.0;547.0;172.0;149.0;205.0;813.0;367.0;167.0;1585.0;2417.0;1199.0;1162.0;358.0;405.0;813.0;1574.0;307.0;698.0;356.0;0.0;8366.0;1735.0;641.0;1532.0;720.0;209.0;314.0;351.0;1602.0;4507.0;5028.0;813.0;136.0;1574.0;507.0;193.0;1574.0;8642.0;664.0;1608.0;107.0;1716.0;1251.0;1574.0;1638.0;1452.0;729.0;476.0;8668.0;527.0;1574.0;1602.0;1129.0;1299.0;552.0;546.0;1117.0;829.0;755.0;1574.0;1532.0;723.0;1199.0;638.0;668.0;1612.0;1398.0;277.0;175.0;1250.0;126.0;1199.0;444.0;1574.0;3730.0;1651.0;497.0;693.0;693.0;660.0;1187.0;2060.0;8366.0;669.0;8366.0;693.0;405.0;723.0;67.0;613.0;444.0;438.0;224.0;1199.0;300.0;1574.0;483.0;431.0;252.0;858.0;720.0;217.0;516.0;980.0;1532.0;813.0;1187.0;635.0;815.0;723.0;8366.0;405.0;1453.0;95.0;1053.0;1602.0;1574.0;1378.0;126.0;729.0;547.0;272.0;641.0;336.0;373.0;1011.0;397.0;454.0;415.0;1202.0;195.0;102.0;1013.0;405.0;252.0;476.0;173.0;2188.0;405.0;84.0;2309.0;218.0;2220.0;8366.0;612.0;862.0;8366.0;319.0;123.0;641.0;1602.0;4395.0;405.0;1344.0;641.0;694.0;1532.0;136.0;862.0;516.0;865.0;3730.0;4990.0;8366.0;2425.0;507.0;507.0;141.0;218.0;649.0;472.0;336.0;1574.0;255.0;349.0;578.0;84.0;4425.0;134.0;723.0;1145.0;649.0;1192.0;2438.0;613.0;670.0;454.0;973.0;1219.0;476.0;533.0;307.0;3765.0;3123.0;1251.0;712.0;641.0;9600.0
224;8291.0;8370.0;8113.0;8477.0;8625.0;8568.0;8814.0;8241.0;9061.0;8514.0;8320.0;8547.0;10.0;6521.0;7069.0;311.0;8320.0;7265.0;9178.0;12537.0;8445.0;9169.0;12160.0;6546.0;8725.0;8573.0;7835.0;8913.0;8665.0;8482.0;9894.0;8423.0;7464.0;8563.0;8332.0;8523.0;7867.0;9061.0;9744.0;9928.0;8663.0;8814.0;8335.0;8541.0;9476.0;5879.0;9178.0;8320.0;7935.0;8489.0;8346.0;8011.0;7816.0;12563.0;8348.0;8774.0;9894.0;8466.0;8264.0;9289.0;8457.0;8648.0;6846.0;12227.0;8103.0;7816.0;8389.0;8241.0;8836.0;11186.0;7067.0;7935.0;12563.0;7629.0;9189.0;8320.0;8721.0;8814.0;8177.0;10.0;8774.0;8346.0;8320.0;9189.0;8895.0;8778.0;8523.0;8514.0;8541.0;8232.0;12513.0;9189.0;6476.0;10.0;7390.0;9169.0;8573.0;8276.0;8423.0;12333.0;9061.0;8167.0;8320.0;8367.0;8326.0;8493.0;8216.0;8347.0;9169.0;8346.0;8260.0;9401.0;6612.0;9189.0;7559.0;8490.0;8320.0;8177.0;9928.0;8489.0;7725.0;8317.0;8366.0;0.0;9001.0;8774.0;9894.0;8322.0;8553.0;8056.0;8693.0;9744.0;12160.0;11573.0;9169.0;8480.0;9928.0;8280.0;8401.0;9928.0;311.0;8303.0;9289.0;8445.0;9022.0;8709.0;9928.0;7378.0;7342.0;8126.0;8262.0;11036.0;8681.0;9928.0;9744.0;7316.0;7116.0;8598.0;8241.0;7867.0;8347.0;8775.0;9928.0;9894.0;9061.0;7377.0;8625.0;8784.0;6797.0;9108.0;8089.0;8376.0;9616.0;8488.0;9189.0;8354.0;9928.0;9029.0;9080.0;8318.0;8648.0;8648.0;8636.0;8702.0;6885.0;10.0;7941.0;10.0;8648.0;8320.0;9061.0;8430.0;8287.0;8354.0;8022.0;8482.0;9189.0;8068.0;9928.0;8233.0;8667.0;8380.0;7766.0;8322.0;8574.0;8170.0;8066.0;9894.0;9169.0;8702.0;8184.0;8373.0;9061.0;10.0;8320.0;7390.0;8460.0;8542.0;9744.0;9928.0;9100.0;8488.0;7934.0;8326.0;8097.0;8774.0;8356.0;8417.0;8523.0;8675.0;8414.0;8693.0;7204.0;8281.0;8376.0;7860.0;8320.0;8380.0;8562.0;8370.0;6773.0;8320.0;8446.0;6680.0;8514.0;6748.0;10.0;8718.0;8306.0;10.0;8519.0;8379.0;8774.0;9744.0;12311.0;8320.0;9088.0;8774.0;7943.0;9894.0;8480.0;8306.0;8613.0;7794.0;9029.0;11520.0;10.0;6546.0;8061.0;8280.0;8423.0;8514.0;8298.0;7900.0;8356.0;9928.0;8524.0;8247.0;8814.0;8446.0;12069.0;8372.0;9061.0;7338.0;8298.0;7526.0;8337.0;8287.0;8543.0;8017.0;9156.0;7405.0;8217.0;8276.0;8489.0;7594.0;7862.0;8709.0;8304.0;8774.0;17900.0
225;1354.0;1569.0;4543.0;1876.0;2272.0;2277.0;2044.0;1299.0;1478.0;1859.0;1375.0;2414.0;9001.0;4017.0;2060.0;9269.0;1375.0;3127.0;2257.0;4948.0;1786.0;1576.0;5453.0;3935.0;466.0;2434.0;2818.0;1471.0;2285.0;1895.0;1884.0;1596.0;3194.0;2085.0;1353.0;764.0;2832.0;1478.0;1165.0;1813.0;2261.0;2044.0;1051.0;1943.0;2889.0;3795.0;2257.0;1375.0;2304.0;1985.0;2085.0;1515.0;2168.0;4906.0;1127.0;2175.0;1884.0;2440.0;1668.0;444.0;2190.0;2321.0;3663.0;5457.0;1853.0;2168.0;976.0;1299.0;1481.0;7700.0;3460.0;2304.0;4906.0;5881.0;2597.0;1375.0;1705.0;2044.0;1243.0;9001.0;2175.0;1521.0;1375.0;2597.0;2219.0;1477.0;764.0;1859.0;1943.0;1420.0;5228.0;2597.0;4080.0;9001.0;3081.0;1576.0;683.0;1286.0;1596.0;5057.0;1478.0;1346.0;1375.0;2019.0;1245.0;1591.0;1787.0;1937.0;1576.0;1397.0;1646.0;615.0;3949.0;2597.0;2798.0;2039.0;1375.0;1133.0;1813.0;1985.0;2238.0;1421.0;1735.0;9001.0;0.0;2175.0;1884.0;1101.0;1785.0;1890.0;1802.0;1165.0;5453.0;6400.0;1576.0;1779.0;1813.0;1307.0;1544.0;1813.0;9299.0;1158.0;444.0;1786.0;38.0;496.0;1813.0;3289.0;3062.0;1240.0;1345.0;7138.0;2106.0;1813.0;1165.0;2570.0;2193.0;2192.0;1299.0;2832.0;1000.0;2319.0;1813.0;1884.0;1478.0;2747.0;2272.0;2203.0;2871.0;2907.0;1846.0;1902.0;1825.0;1735.0;2597.0;1324.0;1813.0;2151.0;160.0;1294.0;2321.0;2321.0;2291.0;555.0;3621.0;9001.0;2358.0;9001.0;2321.0;1375.0;1478.0;1738.0;1211.0;1324.0;1628.0;1895.0;2597.0;1873.0;1813.0;2218.0;1990.0;1492.0;2514.0;1101.0;1627.0;1381.0;2713.0;1884.0;1576.0;555.0;1266.0;996.0;1478.0;9001.0;1375.0;3081.0;1706.0;721.0;1165.0;1813.0;2887.0;1735.0;1439.0;1245.0;1789.0;2175.0;1422.0;1369.0;764.0;1929.0;2166.0;1934.0;2150.0;1596.0;1635.0;1317.0;1375.0;1492.0;2126.0;1569.0;3733.0;1375.0;1691.0;3844.0;1859.0;3763.0;9001.0;2183.0;1000.0;9001.0;1978.0;1850.0;2175.0;1165.0;5153.0;1375.0;2851.0;2175.0;1459.0;1884.0;1779.0;1000.0;2140.0;2534.0;2151.0;6370.0;9001.0;3935.0;2213.0;1307.0;1596.0;1859.0;1174.0;1986.0;1422.0;1813.0;1897.0;1472.0;2044.0;1691.0;5386.0;1605.0;1478.0;2627.0;1174.0;2820.0;4166.0;1211.0;2343.0;1615.0;2279.0;2793.0;1378.0;1286.0;1985.0;5486.0;4856.0;496.0;1119.0;2175.0;9500.0
226;1059.0;783.0;2473.0;439.0;177.0;228.0;138.0;1163.0;771.0;423.0;1011.0;327.0;8774.0;2598.0;2095.0;8996.0;1011.0;1635.0;406.0;3863.0;535.0;752.0;3883.0;2533.0;1762.0;326.0;1073.0;719.0;155.0;419.0;1287.0;718.0;1536.0;232.0;1024.0;1541.0;1058.0;771.0;1678.0;1369.0;140.0;138.0;1355.0;337.0;924.0;2920.0;406.0;1011.0;839.0;353.0;447.0;1189.0;984.0;3870.0;1254.0;10.0;1287.0;399.0;786.0;1936.0;317.0;193.0;2195.0;3917.0;810.0;984.0;1395.0;1163.0;696.0;9780.0;1942.0;839.0;3870.0;3906.0;559.0;1011.0;474.0;138.0;1293.0;8774.0;10.0;847.0;1011.0;559.0;127.0;698.0;1541.0;423.0;337.0;1045.0;3955.0;559.0;2663.0;8774.0;1524.0;752.0;1602.0;1143.0;718.0;3769.0;771.0;1188.0;1011.0;450.0;1142.0;677.0;739.0;513.0;752.0;968.0;808.0;1861.0;2505.0;559.0;1275.0;322.0;1011.0;1428.0;1369.0;353.0;1065.0;968.0;641.0;8774.0;2175.0;0.0;1287.0;1308.0;461.0;838.0;383.0;1678.0;3883.0;4399.0;752.0;514.0;1369.0;1117.0;783.0;1369.0;9041.0;1260.0;1936.0;535.0;2149.0;1735.0;1369.0;1647.0;1549.0;1356.0;1094.0;9235.0;116.0;1369.0;1678.0;1458.0;1849.0;177.0;1163.0;1058.0;1407.0;144.0;1369.0;1287.0;771.0;1416.0;177.0;30.0;1978.0;775.0;830.0;507.0;1002.0;547.0;559.0;1037.0;1369.0;4266.0;2059.0;1097.0;193.0;193.0;180.0;1669.0;2147.0;8774.0;834.0;8774.0;193.0;1011.0;771.0;587.0;1215.0;1037.0;1070.0;419.0;559.0;836.0;1369.0;541.0;215.0;848.0;1019.0;1308.0;598.0;1148.0;850.0;1287.0;752.0;1669.0;1258.0;1387.0;771.0;8774.0;1011.0;1524.0;592.0;1578.0;1678.0;1369.0;754.0;547.0;1369.0;1142.0;859.0;10.0;936.0;943.0;1541.0;267.0;362.0;255.0;1750.0;833.0;718.0;1652.0;1011.0;848.0;219.0;783.0;2280.0;1011.0;615.0;2401.0;423.0;2312.0;8774.0;56.0;1450.0;8774.0;331.0;540.0;10.0;1678.0;3799.0;1011.0;719.0;10.0;1334.0;1287.0;514.0;1450.0;165.0;998.0;4266.0;4363.0;8774.0;2533.0;716.0;1117.0;718.0;423.0;1247.0;960.0;936.0;1369.0;386.0;980.0;138.0;615.0;3800.0;748.0;771.0;1437.0;1247.0;1310.0;2055.0;1215.0;282.0;1087.0;388.0;1402.0;1103.0;1143.0;353.0;3518.0;2836.0;1735.0;1305.0;10.0;9200.0
227;1649.0;1527.0;3603.0;1445.0;1464.0;1514.0;1189.0;1723.0;841.0;1406.0;1611.0;1607.0;9894.0;3881.0;2917.0;10131.0;1611.0;2909.0;993.0;3134.0;1460.0;726.0;3570.0;3814.0;1705.0;1598.0;2359.0;988.0;1438.0;1444.0;10.0;1471.0;2823.0;1430.0;1604.0;1693.0;2345.0;841.0;801.0;113.0;1427.0;1189.0;1729.0;1401.0;1361.0;4121.0;993.0;1611.0;2045.0;1462.0;1622.0;1918.0;2110.0;3107.0;1672.0;1287.0;10.0;1684.0;1630.0;1463.0;1566.0;1473.0;3477.0;3573.0;1796.0;2110.0;1708.0;1723.0;1063.0;9518.0;3224.0;2045.0;3107.0;5073.0;1262.0;1611.0;1180.0;1189.0;1821.0;9894.0;1287.0;1556.0;1611.0;1262.0;1208.0;1121.0;1693.0;1406.0;1401.0;1696.0;3371.0;1262.0;3946.0;9894.0;2803.0;726.0;1696.0;1687.0;1471.0;3195.0;841.0;1791.0;1611.0;1582.0;1646.0;1402.0;1681.0;1579.0;726.0;1578.0;1635.0;1303.0;3789.0;1262.0;2540.0;1478.0;1611.0;1880.0;113.0;1462.0;2204.0;1603.0;1532.0;9894.0;1884.0;1287.0;0.0;1716.0;1355.0;1844.0;1224.0;801.0;3570.0;4634.0;726.0;1425.0;113.0;1676.0;1497.0;113.0;10172.0;1709.0;1463.0;1460.0;1846.0;1695.0;113.0;2934.0;2824.0;1886.0;1683.0;8943.0;1335.0;113.0;801.0;2634.0;2794.0;1447.0;1723.0;2345.0;1745.0;1368.0;113.0;10.0;841.0;2650.0;1464.0;1294.0;3136.0;1595.0;1809.0;1545.0;292.0;1412.0;1262.0;1589.0;113.0;3991.0;1725.0;1637.0;1473.0;1473.0;1466.0;1651.0;3429.0;9894.0;2060.0;9894.0;1473.0;1611.0;841.0;1469.0;1705.0;1589.0;1883.0;1444.0;1262.0;1831.0;113.0;1766.0;1301.0;1524.0;2259.0;1716.0;1321.0;1776.0;2137.0;10.0;726.0;1651.0;1802.0;1715.0;841.0;9894.0;1611.0;2803.0;1437.0;1702.0;801.0;113.0;1581.0;1412.0;2035.0;1646.0;1798.0;1287.0;1562.0;1509.0;1693.0;1273.0;1592.0;1258.0;2702.0;1616.0;1518.0;2210.0;1611.0;1524.0;1447.0;1527.0;3562.0;1611.0;1450.0;3684.0;1406.0;3594.0;9894.0;1339.0;1798.0;9894.0;1433.0;1532.0;1287.0;801.0;3281.0;1611.0;1556.0;1287.0;2016.0;10.0;1425.0;1798.0;1409.0;2247.0;3991.0;4610.0;9894.0;3814.0;1910.0;1676.0;1471.0;1406.0;1708.0;2002.0;1562.0;113.0;1406.0;1668.0;1189.0;1450.0;3504.0;1523.0;841.0;2635.0;1708.0;2575.0;3156.0;1705.0;1569.0;1891.0;1027.0;2648.0;1724.0;1687.0;1462.0;4696.0;3997.0;1695.0;1729.0;1287.0;8100.0
228;278.0;549.0;3490.0;906.0;1345.0;1331.0;1207.0;201.0;923.0;905.0;316.0;1458.0;8322.0;2931.0;1256.0;8573.0;316.0;2026.0;1550.0;4809.0;803.0;1059.0;5052.0;2850.0;637.0;1485.0;1734.0;808.0;1371.0;928.0;1716.0;602.0;2095.0;1144.0;297.0;338.0;1751.0;923.0;1423.0;1711.0;1348.0;1207.0;54.0;998.0;2188.0;2805.0;1550.0;316.0;1216.0;1018.0;1072.0;422.0;1068.0;4792.0;55.0;1308.0;1716.0;1461.0;613.0;1116.0;1211.0;1399.0;2568.0;5074.0;770.0;1068.0;125.0;201.0;759.0;8487.0;2360.0;1216.0;4792.0;4793.0;1838.0;316.0;864.0;1207.0;160.0;8322.0;1308.0;487.0;316.0;1838.0;1397.0;714.0;338.0;905.0;998.0;331.0;4994.0;1838.0;2995.0;8322.0;1980.0;1059.0;419.0;196.0;602.0;4811.0;923.0;245.0;316.0;1011.0;173.0;632.0;725.0;921.0;1059.0;353.0;588.0;1164.0;2860.0;1838.0;1697.0;1072.0;316.0;164.0;1711.0;1018.0;1136.0;365.0;720.0;8322.0;1101.0;1308.0;1716.0;0.0;850.0;801.0;935.0;1423.0;5052.0;5704.0;1059.0;812.0;1711.0;221.0;537.0;1711.0;8609.0;59.0;1116.0;803.0;1091.0;607.0;1711.0;2188.0;1961.0;197.0;258.0;7949.0;1208.0;1711.0;1423.0;1481.0;1244.0;1259.0;201.0;1751.0;111.0;1441.0;1711.0;1716.0;923.0;1648.0;1345.0;1338.0;1833.0;2083.0;760.0;895.0;1500.0;772.0;1838.0;277.0;1711.0;3012.0;1057.0;224.0;1399.0;1399.0;1367.0;554.0;2525.0;8322.0;1274.0;8322.0;1399.0;316.0;923.0;749.0;115.0;277.0;527.0;928.0;1838.0;784.0;1711.0;1179.0;1095.0;473.0;1418.0;10.0;712.0;280.0;1654.0;1716.0;1059.0;554.0;172.0;107.0;923.0;8322.0;316.0;1980.0;731.0;380.0;1423.0;1711.0;2063.0;772.0;404.0;173.0;701.0;1308.0;385.0;365.0;338.0;1041.0;1174.0;1055.0;1174.0;541.0;620.0;495.0;316.0;473.0;1183.0;549.0;2640.0;316.0;709.0;2754.0;905.0;2671.0;8322.0;1294.0;143.0;8322.0;1023.0;843.0;1308.0;1423.0;4872.0;316.0;2027.0;1308.0;408.0;1716.0;812.0;143.0;1215.0;1441.0;3012.0;5668.0;8322.0;2850.0;1140.0;221.0;602.0;905.0;76.0;885.0;385.0;1711.0;946.0;394.0;1207.0;709.0;4974.0;588.0;923.0;1534.0;76.0;1719.0;3140.0;115.0;1388.0;514.0;1559.0;1693.0;282.0;196.0;1018.0;4398.0;3783.0;607.0;20.0;1308.0;9800.0
229;597.0;323.0;2773.0;110.0;501.0;497.0;379.0;701.0;588.0;80.0;550.0;633.0;8553.0;2603.0;1705.0;8785.0;550.0;1625.0;771.0;4205.0;110.0;653.0;4305.0;2530.0;1348.0;655.0;1148.0;461.0;524.0;123.0;1355.0;257.0;1596.0;304.0;563.0;1103.0;1149.0;588.0;1508.0;1406.0;500.0;379.0;899.0;159.0;1371.0;2767.0;771.0;550.0;721.0;203.0;339.0;747.0;755.0;4203.0;797.0;461.0;1355.0;655.0;350.0;1606.0;407.0;555.0;2204.0;4335.0;454.0;755.0;943.0;701.0;397.0;9332.0;1959.0;721.0;4203.0;4159.0;1010.0;550.0;179.0;379.0;831.0;8553.0;461.0;387.0;550.0;1010.0;562.0;363.0;1103.0;80.0;159.0;586.0;4331.0;1010.0;2669.0;8553.0;1536.0;653.0;1170.0;682.0;257.0;4146.0;588.0;729.0;550.0;276.0;682.0;218.0;348.0;236.0;653.0;507.0;368.0;1561.0;2516.0;1010.0;1251.0;255.0;550.0;967.0;1406.0;203.0;850.0;506.0;209.0;8553.0;1785.0;461.0;1355.0;850.0;0.0;499.0;144.0;1508.0;4305.0;4861.0;653.0;75.0;1406.0;656.0;322.0;1406.0;8828.0;800.0;1606.0;110.0;1762.0;1319.0;1406.0;1705.0;1543.0;895.0;632.0;8791.0;358.0;1406.0;1508.0;1282.0;1504.0;416.0;701.0;1149.0;952.0;591.0;1406.0;1355.0;588.0;1320.0;501.0;491.0;1781.0;1234.0;470.0;196.0;1068.0;90.0;1010.0;576.0;1406.0;3834.0;1684.0;636.0;555.0;555.0;523.0;1253.0;2156.0;8553.0;750.0;8553.0;555.0;550.0;588.0;143.0;755.0;576.0;644.0;123.0;1010.0;488.0;1406.0;496.0;246.0;386.0;950.0;850.0;157.0;689.0;982.0;1355.0;653.0;1253.0;797.0;933.0;588.0;8553.0;550.0;1536.0;135.0;1142.0;1508.0;1406.0;1214.0;90.0;922.0;682.0;475.0;461.0;474.0;485.0;1103.0;200.0;390.0;216.0;1407.0;383.0;263.0;1198.0;550.0;386.0;345.0;323.0;2286.0;550.0;158.0;2408.0;80.0;2319.0;8553.0;444.0;993.0;8553.0;194.0;177.0;461.0;1508.0;4187.0;550.0;1179.0;461.0;889.0;1355.0;75.0;993.0;369.0;949.0;3834.0;4824.0;8553.0;2530.0;587.0;656.0;257.0;80.0;787.0;653.0;474.0;1406.0;113.0;522.0;379.0;158.0;4224.0;290.0;588.0;1288.0;787.0;1283.0;2385.0;755.0;561.0;659.0;769.0;1330.0;643.0;682.0;203.0;3765.0;3107.0;1319.0;846.0;461.0;9400.0
230;536.0;384.0;2696.0;437.0;772.0;731.0;818.0;600.0;1035.0;471.0;517.0;817.0;8056.0;2226.0;1257.0;8289.0;517.0;1273.0;1220.0;4681.0;390.0;1126.0;4718.0;2149.0;1425.0;850.0;933.0;890.0;811.0;448.0;1844.0;408.0;1310.0;608.0;540.0;1132.0;951.0;1035.0;1893.0;1888.0;795.0;818.0;854.0;522.0;1751.0;2293.0;1220.0;517.0;416.0;488.0;416.0;463.0;308.0;4683.0;766.0;838.0;1844.0;785.0;258.0;1824.0;583.0;822.0;1841.0;4753.0;51.0;308.0;924.0;600.0;814.0;9198.0;1613.0;416.0;4683.0;3994.0;1388.0;517.0;666.0;818.0;692.0;8056.0;838.0;402.0;517.0;1388.0;963.0;760.0;1132.0;471.0;522.0;472.0;4789.0;1388.0;2292.0;8056.0;1209.0;1126.0;1212.0;607.0;408.0;4602.0;1035.0;572.0;517.0;391.0;645.0;467.0;167.0;328.0;1126.0;502.0;271.0;1824.0;2146.0;1388.0;919.0;516.0;517.0;835.0;1888.0;488.0;399.0;475.0;314.0;8056.0;1890.0;838.0;1844.0;801.0;499.0;0.0;641.0;1893.0;4718.0;5135.0;1126.0;425.0;1888.0;585.0;418.0;1888.0;8331.0;741.0;1824.0;390.0;1876.0;1394.0;1888.0;1409.0;1199.0;728.0;547.0;8672.0;723.0;1888.0;1893.0;823.0;1019.0;699.0;600.0;951.0;911.0;918.0;1888.0;1844.0;1035.0;918.0;772.0;861.0;1299.0;1530.0;47.0;342.0;1561.0;432.0;1388.0;570.0;1888.0;3780.0;1827.0;596.0;822.0;822.0;793.0;1335.0;1795.0;8056.0;473.0;8056.0;822.0;517.0;1035.0;376.0;686.0;570.0;317.0;448.0;1388.0;18.0;1888.0;443.0;661.0;440.0;626.0;801.0;530.0;530.0;866.0;1844.0;1126.0;1335.0;660.0;907.0;1035.0;8056.0;517.0;1209.0;408.0;1175.0;1893.0;1888.0;1511.0;432.0;637.0;645.0;101.0;838.0;484.0;548.0;1132.0;649.0;531.0;668.0;921.0;317.0;354.0;931.0;517.0;440.0;630.0;384.0;1919.0;517.0;397.0;2038.0;471.0;1951.0;8056.0;795.0;928.0;8056.0;514.0;331.0;838.0;1893.0;4636.0;517.0;1479.0;838.0;600.0;1844.0;425.0;928.0;682.0;645.0;3780.0;5095.0;8056.0;2149.0;349.0;585.0;408.0;471.0;725.0;159.0;484.0;1888.0;490.0;418.0;818.0;397.0;4634.0;365.0;1035.0;847.0;725.0;945.0;2360.0;686.0;760.0;336.0;1210.0;948.0;519.0;607.0;488.0;3599.0;2983.0;1394.0;786.0;838.0;9900.0
231;701.0;442.0;2789.0;221.0;472.0;484.0;272.0;805.0;496.0;182.0;652.0;622.0;8693.0;2704.0;1845.0;8924.0;652.0;1725.0;642.0;4063.0;253.0;539.0;4177.0;2632.0;1382.0;638.0;1223.0;392.0;483.0;221.0;1224.0;372.0;1679.0;302.0;662.0;1158.0;1219.0;496.0;1429.0;1279.0;459.0;272.0;980.0;197.0;1260.0;2897.0;642.0;652.0;831.0;260.0;420.0;876.0;887.0;4061.0;880.0;383.0;1224.0;662.0;487.0;1590.0;436.0;519.0;2303.0;4206.0;597.0;887.0;1016.0;805.0;345.0;9397.0;2055.0;831.0;4061.0;4194.0;905.0;652.0;100.0;272.0;935.0;8693.0;383.0;502.0;652.0;905.0;462.0;331.0;1158.0;182.0;197.0;700.0;4193.0;905.0;2770.0;8693.0;1630.0;539.0;1218.0;781.0;372.0;4007.0;496.0;840.0;652.0;369.0;774.0;316.0;491.0;355.0;539.0;608.0;503.0;1530.0;2615.0;905.0;1351.0;296.0;652.0;1064.0;1279.0;260.0;981.0;613.0;351.0;8693.0;1802.0;383.0;1224.0;935.0;144.0;641.0;0.0;1429.0;4177.0;4769.0;539.0;219.0;1279.0;756.0;432.0;1279.0;8967.0;889.0;1590.0;253.0;1777.0;1354.0;1279.0;1790.0;1642.0;1001.0;738.0;8852.0;304.0;1279.0;1429.0;1411.0;1648.0;396.0;805.0;1219.0;1029.0;525.0;1279.0;1224.0;496.0;1436.0;472.0;413.0;1915.0;1154.0;613.0;321.0;934.0;226.0;905.0;670.0;1279.0;3884.0;1692.0;732.0;519.0;519.0;490.0;1288.0;2255.0;8693.0;854.0;8693.0;519.0;652.0;496.0;284.0;848.0;670.0;781.0;221.0;905.0;631.0;1279.0;577.0;189.0;493.0;1056.0;935.0;225.0;804.0;1038.0;1224.0;539.0;1288.0;902.0;1008.0;496.0;8693.0;652.0;1630.0;267.0;1194.0;1429.0;1279.0;1134.0;226.0;1047.0;774.0;619.0;383.0;576.0;573.0;1158.0;127.0;436.0;132.0;1550.0;512.0;391.0;1314.0;652.0;493.0;341.0;442.0;2386.0;652.0;289.0;2508.0;182.0;2419.0;8693.0;383.0;1074.0;8693.0;236.0;314.0;383.0;1429.0;4051.0;652.0;1098.0;383.0;1015.0;1224.0;219.0;1074.0;343.0;1049.0;3884.0;4734.0;8693.0;2632.0;696.0;756.0;372.0;182.0;877.0;794.0;576.0;1279.0;186.0;640.0;272.0;289.0;4096.0;414.0;496.0;1412.0;877.0;1384.0;2388.0;848.0;553.0;795.0;643.0;1441.0;754.0;781.0;260.0;3802.0;3135.0;1354.0;933.0;383.0;9300.0
232;1492.0;1512.0;4142.0;1618.0;1837.0;1871.0;1545.0;1522.0;934.0;1583.0;1474.0;1997.0;9744.0;4102.0;2676.0;9996.0;1474.0;3128.0;1546.0;3784.0;1579.0;926.0;4336.0;4026.0;1132.0;2001.0;2651.0;1047.0;1828.0;1627.0;801.0;1486.0;3103.0;1719.0;1457.0;1248.0;2648.0;934.0;10.0;705.0;1809.0;1545.0;1410.0;1625.0;2070.0;4155.0;1546.0;1474.0;2220.0;1687.0;1842.0;1768.0;2198.0;3742.0;1399.0;1678.0;801.0;2057.0;1637.0;722.0;1859.0;1867.0;3706.0;4333.0;1842.0;2198.0;1358.0;1522.0;1113.0;8724.0;3464.0;2220.0;3742.0;5584.0;1878.0;1474.0;1342.0;1545.0;1571.0;9744.0;1678.0;1508.0;1474.0;1878.0;1653.0;1155.0;1248.0;1583.0;1625.0;1560.0;4071.0;1878.0;4168.0;9744.0;3042.0;926.0;1215.0;1488.0;1486.0;3903.0;934.0;1596.0;1474.0;1783.0;1436.0;1433.0;1731.0;1739.0;926.0;1460.0;1629.0;551.0;4017.0;1878.0;2755.0;1725.0;1474.0;1567.0;705.0;1687.0;2291.0;1491.0;1602.0;9744.0;1165.0;1678.0;801.0;1423.0;1508.0;1893.0;1429.0;0.0;4336.0;5433.0;926.0;1552.0;705.0;1490.0;1477.0;705.0;10032.0;1444.0;722.0;1579.0;1127.0;1135.0;705.0;3212.0;3047.0;1619.0;1514.0;8146.0;1670.0;705.0;10.0;2714.0;2654.0;1785.0;1522.0;2648.0;1400.0;1803.0;705.0;801.0;934.0;2801.0;1837.0;1696.0;3159.0;2221.0;1848.0;1698.0;872.0;1520.0;1878.0;1431.0;705.0;3209.0;1007.0;1454.0;1867.0;1867.0;1848.0;1115.0;3659.0;9744.0;2254.0;9744.0;1867.0;1474.0;934.0;1560.0;1466.0;1431.0;1795.0;1627.0;1878.0;1876.0;705.0;2000.0;1586.0;1469.0;2452.0;1423.0;1395.0;1601.0;2465.0;801.0;926.0;1115.0;1568.0;1373.0;934.0;9744.0;1474.0;3042.0;1521.0;1238.0;10.0;705.0;2204.0;1520.0;1818.0;1436.0;1812.0;1678.0;1461.0;1393.0;1248.0;1534.0;1864.0;1527.0;2576.0;1590.0;1540.0;1891.0;1474.0;1469.0;1752.0;1512.0;3787.0;1474.0;1522.0;3909.0;1583.0;3820.0;9744.0;1714.0;1443.0;9744.0;1664.0;1663.0;1678.0;10.0;4004.0;1474.0;2173.0;1678.0;1813.0;801.0;1552.0;1443.0;1735.0;2453.0;3209.0;5408.0;9744.0;4026.0;2090.0;1490.0;1486.0;1583.0;1451.0;2043.0;1461.0;705.0;1603.0;1565.0;1545.0;1522.0;4274.0;1528.0;934.0;2740.0;1451.0;2786.0;3712.0;1466.0;1938.0;1795.0;1578.0;2821.0;1560.0;1488.0;1687.0;5195.0;4512.0;1135.0;1441.0;1678.0;8500.0
233;4864.0;4619.0;4165.0;4314.0;3954.0;4001.0;3929.0;4966.0;4155.0;4291.0;4816.0;3951.0;12160.0;5640.0;5975.0;12338.0;4816.0;4993.0;3535.0;1299.0;4400.0;4022.0;10.0;5618.0;5234.0;3918.0;4485.0;4249.0;3912.0;4296.0;3570.0;4549.0;4765.0;4111.0;4822.0;5151.0;4447.0;4155.0;4336.0;3646.0;3926.0;3929.0;5085.0;4215.0;2969.0;6377.0;3535.0;4816.0;4602.0;4236.0;4309.0;5052.0;4806.0;1411.0;4997.0;3883.0;3570.0;4013.0;4653.0;5031.0;4148.0;3909.0;5333.0;94.0;4692.0;4806.0;5094.0;4966.0;4293.0;13030.0;5130.0;4602.0;1411.0;5251.0;3330.0;4816.0;4220.0;3929.0;5093.0;12160.0;3883.0;4678.0;4816.0;3330.0;3762.0;4338.0;5151.0;4291.0;4215.0;4874.0;833.0;3330.0;5684.0;12160.0;4872.0;4022.0;5177.0;4937.0;4549.0;816.0;4155.0;5010.0;4816.0;4327.0;4917.0;4490.0;4619.0;4395.0;4022.0;4772.0;4672.0;4868.0;5550.0;3330.0;4783.0;4203.0;4816.0;5204.0;3646.0;4236.0;4867.0;4783.0;4507.0;12160.0;5453.0;3883.0;3570.0;5052.0;4305.0;4718.0;4177.0;4336.0;0.0;1920.0;4022.0;4373.0;3646.0;4915.0;4608.0;3646.0;12394.0;5020.0;5031.0;4400.0;5416.0;5220.0;3646.0;4835.0;4929.0;5161.0;4903.0;12444.0;3999.0;3646.0;4336.0;5159.0;5706.0;4021.0;4966.0;4447.0;5121.0;3802.0;3646.0;3570.0;4155.0;5005.0;3954.0;3858.0;5641.0;3249.0;4712.0;4390.0;3655.0;4395.0;3330.0;4823.0;3646.0;7544.0;5295.0;4885.0;3909.0;3909.0;3934.0;5166.0;5297.0;12160.0;4568.0;12160.0;3909.0;4816.0;4155.0;4446.0;4991.0;4823.0;4944.0;4296.0;3330.0;4717.0;3646.0;4344.0;4079.0;4666.0;4678.0;5052.0;4393.0;4976.0;4286.0;3570.0;4022.0;5166.0;5062.0;5094.0;4155.0;12160.0;4816.0;4872.0;4439.0;5172.0;4336.0;3646.0;3264.0;4395.0;5224.0;4917.0;4742.0;3883.0;4743.0;4724.0;5151.0;4110.0;4200.0;4092.0;5609.0;4687.0;4566.0;5485.0;4816.0;4666.0;4088.0;4619.0;5401.0;4816.0;4462.0;5487.0;4291.0;5423.0;12160.0;3924.0;5173.0;12160.0;4213.0;4419.0;3883.0;4336.0;639.0;4816.0;3289.0;3883.0;5192.0;3570.0;4373.0;5173.0;4036.0;4640.0;7544.0;1937.0;12160.0;5618.0;4519.0;4915.0;4549.0;4291.0;5012.0;4826.0;4743.0;3646.0;4258.0;4816.0;3929.0;4462.0;91.0;4591.0;4155.0;5104.0;5012.0;4811.0;3858.0;4991.0;3989.0;4961.0;3536.0;4953.0;4925.0;4937.0;4236.0;5049.0;4512.0;5220.0;5056.0;3883.0;6300.0
234;5458.0;5181.0;3501.0;4826.0;4393.0;4421.0;4497.0;5562.0;4942.0;4817.0;5411.0;4320.0;11573.0;5256.0;6307.0;11711.0;5411.0;4918.0;4182.0;3211.0;4927.0;4831.0;1920.0;5263.0;6071.0;4288.0;4563.0;4986.0;4360.0;4804.0;4634.0;5117.0;4669.0;4588.0;5424.0;5902.0;4525.0;4942.0;5433.0;4736.0;4380.0;4497.0;5749.0;4726.0;3535.0;6156.0;4182.0;5411.0;4875.0;4721.0;4729.0;5561.0;5106.0;3322.0;5649.0;4399.0;4634.0;4350.0;5167.0;6035.0;4564.0;4339.0;5059.0;2007.0;5127.0;5106.0;5782.0;5562.0;5003.0;14100.0;4927.0;4875.0;3322.0;4107.0;3869.0;5411.0;4844.0;4497.0;5691.0;11573.0;4399.0;5245.0;5411.0;3869.0;4308.0;5030.0;5902.0;4817.0;4726.0;5441.0;2752.0;3869.0;5281.0;11573.0;4817.0;4831.0;5951.0;5542.0;5117.0;2723.0;4942.0;5584.0;5411.0;4771.0;5541.0;5076.0;5094.0;4858.0;4831.0;5368.0;5191.0;5894.0;5183.0;3869.0;4843.0;4673.0;5411.0;5827.0;4736.0;4721.0;5134.0;5366.0;5028.0;11573.0;6400.0;4399.0;4634.0;5704.0;4861.0;5135.0;4769.0;5433.0;1920.0;0.0;4831.0;4910.0;4736.0;5516.0;5182.0;4736.0;11773.0;5657.0;6035.0;4927.0;6366.0;6049.0;4736.0;4699.0;4880.0;5753.0;5492.0;13537.0;4506.0;4736.0;5433.0;5289.0;5975.0;4477.0;5562.0;4525.0;5798.0;4274.0;4736.0;4634.0;4942.0;5073.0;4393.0;4370.0;5673.0;3629.0;5146.0;4869.0;4602.0;4945.0;3869.0;5436.0;4736.0;8551.0;6253.0;5496.0;4339.0;4339.0;4370.0;5986.0;5038.0;11573.0;4823.0;11573.0;4339.0;5411.0;4942.0;4981.0;5614.0;5436.0;5427.0;4804.0;3869.0;5140.0;4736.0;4698.0;4614.0;5247.0;4859.0;5704.0;4993.0;5542.0;4438.0;4634.0;4831.0;5986.0;5657.0;5776.0;4942.0;11573.0;5411.0;4817.0;4990.0;5934.0;5433.0;4736.0;3649.0;4945.0;5745.0;5541.0;5193.0;4399.0;5335.0;5341.0;5902.0;4665.0;4613.0;4651.0;5889.0;5223.0;5114.0;6037.0;5411.0;5247.0;4553.0;5181.0;5105.0;5411.0;5013.0;5155.0;4817.0;5117.0;11573.0;4419.0;5843.0;11573.0;4709.0;4913.0;4399.0;5433.0;2551.0;5411.0;3684.0;4399.0;5708.0;4634.0;4910.0;5843.0;4512.0;4816.0;8551.0;54.0;11573.0;5263.0;4841.0;5516.0;5117.0;4817.0;5645.0;5192.0;5335.0;4736.0;4777.0;5374.0;4497.0;5013.0;1888.0;5144.0;4942.0;5214.0;5645.0;4861.0;3391.0;5614.0;4381.0;5446.0;4167.0;5006.0;5499.0;5542.0;4721.0;4033.0;3714.0;6049.0;5702.0;4399.0;7900.0
235;943.0;802.0;3221.0;754.0;911.0;947.0;618.0;1027.0;136.0;716.0;902.0;1071.0;9169.0;3243.0;2205.0;9406.0;902.0;2264.0;692.0;3753.0;750.0;10.0;4022.0;3172.0;1248.0;1074.0;1751.0;268.0;902.0;758.0;726.0;746.0;2212.0;806.0;897.0;1130.0;1745.0;136.0;926.0;762.0;883.0;618.0;1083.0;734.0;1313.0;3415.0;692.0;902.0;1369.0;797.0;959.0;1202.0;1404.0;3737.0;1008.0;752.0;726.0;1133.0;905.0;1258.0;948.0;941.0;2841.0;4039.0;1077.0;1404.0;1081.0;1027.0;340.0;9271.0;2593.0;1369.0;3737.0;4658.0;1037.0;902.0;474.0;618.0;1137.0;9169.0;752.0;833.0;902.0;1037.0;736.0;398.0;1130.0;716.0;734.0;983.0;3937.0;1037.0;3309.0;9169.0;2168.0;10.0;1160.0;992.0;746.0;3754.0;136.0;1090.0;902.0;908.0;957.0;677.0;961.0;887.0;10.0;865.0;909.0;1155.0;3154.0;1037.0;1890.0;827.0;902.0;1220.0;762.0;797.0;1500.0;888.0;813.0;9169.0;1576.0;752.0;726.0;1059.0;653.0;1126.0;539.0;926.0;4022.0;4831.0;0.0;717.0;762.0;977.0;772.0;762.0;9447.0;1039.0;1258.0;750.0;1544.0;1228.0;762.0;2323.0;2181.0;1205.0;979.0;8712.0;746.0;762.0;926.0;1932.0;2070.0;862.0;1027.0;1745.0;1112.0;880.0;762.0;726.0;136.0;1972.0;911.0;771.0;2424.0;1366.0;1089.0;849.0;461.0;698.0;1037.0;886.0;762.0;3724.0;1437.0;940.0;941.0;941.0;922.0;1168.0;2793.0;9169.0;1393.0;9169.0;941.0;902.0;136.0;752.0;1024.0;886.0;1159.0;758.0;1037.0;1112.0;762.0;1115.0;671.0;802.0;1595.0;1059.0;598.0;1070.0;1553.0;726.0;10.0;1168.0;1114.0;1083.0;136.0;9169.0;902.0;2168.0;718.0;1152.0;926.0;762.0;1347.0;698.0;1332.0;957.0;1075.0;752.0;846.0;799.0;1130.0;624.0;960.0;615.0;1977.0;891.0;793.0;1537.0;902.0;802.0;835.0;802.0;2925.0;902.0;729.0;3047.0;716.0;2958.0;9169.0;787.0;1165.0;9169.0;771.0;828.0;752.0;926.0;3819.0;902.0;1313.0;752.0;1310.0;726.0;717.0;1165.0;814.0;1589.0;3724.0;4800.0;9169.0;3172.0;1234.0;977.0;746.0;716.0;1035.0;1285.0;846.0;762.0;725.0;949.0;618.0;729.0;3947.0;798.0;136.0;1940.0;1035.0;1923.0;2797.0;1024.0;1013.0;1168.0;718.0;1979.0;1016.0;992.0;797.0;4269.0;3587.0;1228.0;1067.0;752.0;8800.0
236;550.0;271.0;2769.0;97.0;533.0;521.0;444.0;653.0;643.0;94.0;504.0;652.0;8480.0;2552.0;1631.0;8713.0;504.0;1576.0;841.0;4280.0;35.0;717.0;4373.0;2478.0;1335.0;676.0;1115.0;509.0;559.0;118.0;1425.0;210.0;1556.0;332.0;519.0;1080.0;1118.0;643.0;1552.0;1474.0;537.0;444.0;862.0;186.0;1432.0;2700.0;841.0;504.0;668.0;210.0;315.0;681.0;688.0;4278.0;760.0;514.0;1425.0;665.0;280.0;1619.0;413.0;587.0;2154.0;4403.0;379.0;688.0;911.0;653.0;440.0;9299.0;1912.0;668.0;4278.0;4143.0;1069.0;504.0;245.0;444.0;781.0;8480.0;514.0;335.0;504.0;1069.0;621.0;399.0;1080.0;94.0;186.0;532.0;4404.0;1069.0;2618.0;8480.0;1490.0;717.0;1150.0;636.0;210.0;4218.0;643.0;674.0;504.0;248.0;641.0;191.0;272.0;187.0;717.0;462.0;300.0;1582.0;2466.0;1069.0;1203.0;265.0;504.0;920.0;1474.0;210.0;783.0;458.0;136.0;8480.0;1779.0;514.0;1425.0;812.0;75.0;425.0;219.0;1552.0;4373.0;4910.0;717.0;0.0;1474.0;609.0;276.0;1474.0;8755.0;759.0;1619.0;35.0;1758.0;1306.0;1474.0;1664.0;1494.0;843.0;583.0;8759.0;405.0;1474.0;1552.0;1216.0;1429.0;446.0;653.0;1118.0;917.0;636.0;1474.0;1425.0;643.0;1263.0;533.0;543.0;1711.0;1281.0;395.0;146.0;1139.0;44.0;1069.0;535.0;1474.0;3810.0;1685.0;593.0;587.0;587.0;555.0;1241.0;2107.0;8480.0;702.0;8480.0;587.0;504.0;643.0;74.0;712.0;535.0;573.0;118.0;1069.0;413.0;1474.0;466.0;301.0;341.0;900.0;812.0;166.0;633.0;961.0;1425.0;717.0;1241.0;747.0;900.0;643.0;8480.0;504.0;1490.0;81.0;1121.0;1552.0;1474.0;1261.0;44.0;859.0;641.0;400.0;514.0;429.0;450.0;1080.0;263.0;387.0;280.0;1331.0;320.0;204.0;1139.0;504.0;341.0;371.0;271.0;2236.0;504.0;103.0;2358.0;94.0;2269.0;8480.0;491.0;955.0;8480.0;212.0;113.0;514.0;1552.0;4259.0;504.0;1226.0;514.0;824.0;1425.0;10.0;955.0;404.0;901.0;3810.0;4873.0;8480.0;2478.0;538.0;609.0;210.0;94.0;746.0;580.0;429.0;1474.0;135.0;465.0;444.0;103.0;4291.0;234.0;643.0;1224.0;746.0;1234.0;2387.0;712.0;580.0;589.0;838.0;1275.0;589.0;636.0;210.0;3748.0;3096.0;1306.0;806.0;514.0;9500.0
237;1662.0;1557.0;3708.0;1500.0;1546.0;1594.0;1264.0;1731.0;866.0;1461.0;1626.0;1691.0;9928.0;3955.0;2929.0;10166.0;1626.0;2981.0;1091.0;3175.0;1508.0;762.0;3646.0;3887.0;1658.0;1684.0;2437.0;1015.0;1521.0;1500.0;113.0;1505.0;2901.0;1500.0;1618.0;1665.0;2424.0;866.0;705.0;10.0;1509.0;1264.0;1720.0;1463.0;1474.0;4173.0;1091.0;1626.0;2107.0;1524.0;1685.0;1935.0;2161.0;3144.0;1669.0;1369.0;113.0;1768.0;1665.0;1386.0;1638.0;1557.0;3551.0;3646.0;1838.0;2161.0;1694.0;1731.0;1091.0;9428.0;3299.0;2107.0;3144.0;5177.0;1369.0;1626.0;1229.0;1264.0;1823.0;9928.0;1369.0;1583.0;1626.0;1369.0;1296.0;1149.0;1665.0;1461.0;1463.0;1712.0;3425.0;1369.0;4020.0;9928.0;2877.0;762.0;1663.0;1695.0;1505.0;3251.0;866.0;1800.0;1626.0;1642.0;1651.0;1437.0;1723.0;1634.0;762.0;1595.0;1668.0;1223.0;3863.0;1369.0;2610.0;1543.0;1626.0;1874.0;10.0;1524.0;2256.0;1622.0;1574.0;9928.0;1813.0;1369.0;113.0;1711.0;1406.0;1888.0;1279.0;705.0;3646.0;4736.0;762.0;1474.0;0.0;1685.0;1527.0;10.0;10206.0;1708.0;1386.0;1508.0;1776.0;1650.0;10.0;3012.0;2896.0;1886.0;1695.0;8851.0;1410.0;10.0;705.0;2688.0;2819.0;1523.0;1731.0;2424.0;1733.0;1456.0;10.0;113.0;866.0;2712.0;1546.0;1377.0;3184.0;1703.0;1851.0;1598.0;367.0;1458.0;1369.0;1601.0;10.0;3906.0;1654.0;1646.0;1557.0;1557.0;1548.0;1609.0;3503.0;9928.0;2124.0;9928.0;1557.0;1626.0;866.0;1513.0;1707.0;1601.0;1908.0;1500.0;1369.0;1874.0;10.0;1833.0;1369.0;1549.0;2325.0;1711.0;1360.0;1788.0;2218.0;113.0;762.0;1609.0;1806.0;1703.0;866.0;9928.0;1626.0;2877.0;1480.0;1672.0;705.0;10.0;1689.0;1458.0;2044.0;1651.0;1836.0;1369.0;1581.0;1525.0;1665.0;1337.0;1662.0;1323.0;2729.0;1646.0;1554.0;2206.0;1626.0;1549.0;1520.0;1557.0;3636.0;1626.0;1491.0;3758.0;1461.0;3668.0;9928.0;1419.0;1785.0;9928.0;1495.0;1583.0;1369.0;705.0;3342.0;1626.0;1664.0;1369.0;2027.0;113.0;1474.0;1785.0;1484.0;2314.0;3906.0;4712.0;9928.0;3887.0;1971.0;1685.0;1505.0;1461.0;1708.0;2046.0;1581.0;10.0;1463.0;1689.0;1264.0;1491.0;3581.0;1556.0;866.0;2691.0;1708.0;2644.0;3262.0;1707.0;1651.0;1915.0;1126.0;2713.0;1737.0;1695.0;1524.0;4799.0;4100.0;1650.0;1724.0;1369.0;8100.0
238;60.0;340.0;3269.0;700.0;1140.0;1123.0;1026.0;51.0;846.0;703.0;106.0;1246.0;8280.0;2752.0;1244.0;8526.0;106.0;1830.0;1390.0;4722.0;596.0;977.0;4915.0;2672.0;842.0;1274.0;1517.0;711.0;1168.0;721.0;1676.0;400.0;1887.0;939.0;95.0;547.0;1533.0;846.0;1490.0;1685.0;1146.0;1026.0;275.0;795.0;2016.0;2681.0;1390.0;106.0;1000.0;810.0;854.0;278.0;863.0;4710.0;182.0;1117.0;1676.0;1245.0;392.0;1278.0;997.0;1194.0;2381.0;4940.0;551.0;863.0;341.0;51.0;648.0;8697.0;2167.0;1000.0;4710.0;4578.0;1660.0;106.0;699.0;1026.0;179.0;8280.0;1117.0;275.0;106.0;1660.0;1213.0;595.0;547.0;703.0;795.0;113.0;4888.0;1660.0;2817.0;8280.0;1778.0;977.0;627.0;27.0;400.0;4704.0;846.0;116.0;106.0;795.0;65.0;442.0;503.0;704.0;977.0;149.0;367.0;1304.0;2678.0;1660.0;1492.0;863.0;106.0;311.0;1685.0;810.0;937.0;152.0;507.0;8280.0;1307.0;1117.0;1676.0;221.0;656.0;585.0;756.0;1490.0;4915.0;5516.0;977.0;609.0;1685.0;0.0;334.0;1685.0;8564.0;162.0;1278.0;596.0;1295.0;811.0;1685.0;1983.0;1761.0;247.0;38.0;8162.0;1012.0;1685.0;1490.0;1306.0;1168.0;1054.0;51.0;1533.0;332.0;1245.0;1685.0;1676.0;846.0;1456.0;1140.0;1146.0;1694.0;1889.0;542.0;680.0;1434.0;572.0;1660.0;93.0;1685.0;3231.0;1251.0;39.0;1194.0;1194.0;1162.0;753.0;2338.0;8280.0;1056.0;8280.0;1194.0;106.0;846.0;542.0;108.0;93.0;338.0;721.0;1660.0;568.0;1685.0;958.0;902.0;269.0;1207.0;221.0;532.0;112.0;1433.0;1676.0;977.0;753.0;148.0;325.0;846.0;8280.0;106.0;1778.0;529.0;590.0;1490.0;1685.0;1869.0;572.0;360.0;65.0;484.0;1117.0;182.0;191.0;547.0;853.0;959.0;867.0;1088.0;321.0;410.0;573.0;106.0;269.0;977.0;340.0;2455.0;106.0;506.0;2571.0;703.0;2486.0;8280.0;1098.0;360.0;8280.0;818.0;629.0;1117.0;1490.0;4758.0;106.0;1834.0;1117.0;343.0;1676.0;609.0;360.0;1013.0;1228.0;3231.0;5480.0;8280.0;2672.0;920.0;10.0;400.0;703.0;146.0;681.0;182.0;1685.0;744.0;173.0;1026.0;506.0;4836.0;378.0;846.0;1352.0;146.0;1515.0;2918.0;108.0;1177.0;331.0;1395.0;1497.0;77.0;27.0;810.0;4183.0;3565.0;811.0;210.0;1117.0;9800.0
239;275.0;35.0;3000.0;369.0;808.0;794.0;697.0;380.0;660.0;370.0;229.0;922.0;8401.0;2643.0;1451.0;8640.0;229.0;1684.0;1074.0;4463.0;266.0;772.0;4608.0;2566.0;1088.0;948.0;1290.0;512.0;835.0;391.0;1497.0;66.0;1701.0;607.0;243.0;819.0;1300.0;660.0;1477.0;1527.0;813.0;697.0;588.0;462.0;1689.0;2691.0;1074.0;229.0;792.0;481.0;548.0;455.0;727.0;4456.0;486.0;783.0;1497.0;928.0;160.0;1429.0;676.0;863.0;2256.0;4635.0;369.0;727.0;640.0;380.0;435.0;9024.0;2024.0;792.0;4456.0;4347.0;1330.0;229.0;392.0;697.0;510.0;8401.0;783.0;70.0;229.0;1330.0;882.0;377.0;819.0;370.0;462.0;268.0;4609.0;1330.0;2709.0;8401.0;1613.0;772.0;892.0;361.0;66.0;4423.0;660.0;409.0;229.0;484.0;366.0;118.0;267.0;397.0;772.0;187.0;152.0;1416.0;2562.0;1330.0;1322.0;535.0;229.0;646.0;1527.0;481.0;818.0;184.0;193.0;8401.0;1544.0;783.0;1497.0;537.0;322.0;418.0;432.0;1477.0;4608.0;5182.0;772.0;276.0;1527.0;334.0;0.0;1527.0;8680.0;484.0;1429.0;266.0;1525.0;1059.0;1527.0;1805.0;1608.0;573.0;310.0;8486.0;677.0;1527.0;1477.0;1237.0;1297.0;722.0;380.0;1300.0;643.0;910.0;1527.0;1497.0;660.0;1336.0;808.0;812.0;1694.0;1555.0;372.0;365.0;1229.0;238.0;1330.0;260.0;1527.0;3542.0;1462.0;317.0;863.0;863.0;830.0;994.0;2209.0;8401.0;840.0;8401.0;863.0;229.0;660.0;212.0;436.0;260.0;389.0;391.0;1330.0;401.0;1527.0;675.0;568.0;65.0;1020.0;537.0;216.0;371.0;1169.0;1497.0;772.0;994.0;475.0;628.0;660.0;8401.0;229.0;1613.0;195.0;861.0;1477.0;1527.0;1535.0;238.0;618.0;366.0;336.0;783.0;154.0;181.0;819.0;520.0;642.0;536.0;1205.0;120.0;91.0;882.0;229.0;65.0;646.0;35.0;2334.0;229.0;172.0;2454.0;370.0;2366.0;8401.0;764.0;680.0;8401.0;486.0;313.0;783.0;1477.0;4471.0;229.0;1499.0;783.0;587.0;1497.0;276.0;680.0;680.0;1031.0;3542.0;5145.0;8401.0;2566.0;683.0;334.0;66.0;370.0;470.0;567.0;154.0;1527.0;410.0;208.0;697.0;172.0;4527.0;63.0;660.0;1264.0;470.0;1349.0;2631.0;436.0;851.0;398.0;1076.0;1363.0;323.0;361.0;481.0;3951.0;3313.0;1059.0;531.0;783.0;9600.0
240;1662.0;1557.0;3708.0;1500.0;1546.0;1594.0;1264.0;1731.0;866.0;1461.0;1626.0;1691.0;9928.0;3955.0;2929.0;10166.0;1626.0;2981.0;1091.0;3175.0;1508.0;762.0;3646.0;3887.0;1658.0;1684.0;2437.0;1015.0;1521.0;1500.0;113.0;1505.0;2901.0;1500.0;1618.0;1665.0;2424.0;866.0;705.0;10.0;1509.0;1264.0;1720.0;1463.0;1474.0;4173.0;1091.0;1626.0;2107.0;1524.0;1685.0;1935.0;2161.0;3144.0;1669.0;1369.0;113.0;1768.0;1665.0;1386.0;1638.0;1557.0;3551.0;3646.0;1838.0;2161.0;1694.0;1731.0;1091.0;9428.0;3299.0;2107.0;3144.0;5177.0;1369.0;1626.0;1229.0;1264.0;1823.0;9928.0;1369.0;1583.0;1626.0;1369.0;1296.0;1149.0;1665.0;1461.0;1463.0;1712.0;3425.0;1369.0;4020.0;9928.0;2877.0;762.0;1663.0;1695.0;1505.0;3251.0;866.0;1800.0;1626.0;1642.0;1651.0;1437.0;1723.0;1634.0;762.0;1595.0;1668.0;1223.0;3863.0;1369.0;2610.0;1543.0;1626.0;1874.0;10.0;1524.0;2256.0;1622.0;1574.0;9928.0;1813.0;1369.0;113.0;1711.0;1406.0;1888.0;1279.0;705.0;3646.0;4736.0;762.0;1474.0;10.0;1685.0;1527.0;0.0;10206.0;1708.0;1386.0;1508.0;1776.0;1650.0;10.0;3012.0;2896.0;1886.0;1695.0;8851.0;1410.0;10.0;705.0;2688.0;2819.0;1523.0;1731.0;2424.0;1733.0;1456.0;10.0;113.0;866.0;2712.0;1546.0;1377.0;3184.0;1703.0;1851.0;1598.0;367.0;1458.0;1369.0;1601.0;10.0;3906.0;1654.0;1646.0;1557.0;1557.0;1548.0;1609.0;3503.0;9928.0;2124.0;9928.0;1557.0;1626.0;866.0;1513.0;1707.0;1601.0;1908.0;1500.0;1369.0;1874.0;10.0;1833.0;1369.0;1549.0;2325.0;1711.0;1360.0;1788.0;2218.0;113.0;762.0;1609.0;1806.0;1703.0;866.0;9928.0;1626.0;2877.0;1480.0;1672.0;705.0;10.0;1689.0;1458.0;2044.0;1651.0;1836.0;1369.0;1581.0;1525.0;1665.0;1337.0;1662.0;1323.0;2729.0;1646.0;1554.0;2206.0;1626.0;1549.0;1520.0;1557.0;3636.0;1626.0;1491.0;3758.0;1461.0;3668.0;9928.0;1419.0;1785.0;9928.0;1495.0;1583.0;1369.0;705.0;3342.0;1626.0;1664.0;1369.0;2027.0;113.0;1474.0;1785.0;1484.0;2314.0;3906.0;4712.0;9928.0;3887.0;1971.0;1685.0;1505.0;1461.0;1708.0;2046.0;1581.0;10.0;1463.0;1689.0;1264.0;1491.0;3581.0;1556.0;866.0;2691.0;1708.0;2644.0;3262.0;1707.0;1651.0;1915.0;1126.0;2713.0;1737.0;1695.0;1524.0;4799.0;4100.0;1650.0;1724.0;1369.0;8100.0
241;8574.0;8649.0;8327.0;8750.0;8891.0;8833.0;9083.0;8525.0;9340.0;8787.0;8602.0;8810.0;311.0;6758.0;7357.0;76.0;8602.0;7520.0;9444.0;12789.0;8720.0;9447.0;12394.0;6786.0;9019.0;8836.0;8092.0;9192.0;8930.0;8755.0;10172.0;8702.0;7715.0;8832.0;8615.0;8813.0;8123.0;9340.0;10032.0;10206.0;8929.0;9083.0;8622.0;8813.0;9732.0;6139.0;9444.0;8602.0;8203.0;8760.0;8615.0;8294.0;8087.0;12818.0;8634.0;9041.0;10172.0;8729.0;8542.0;9583.0;8724.0;8912.0;7090.0;12462.0;8379.0;8087.0;8677.0;8525.0;9115.0;11466.0;7314.0;8203.0;12818.0;7800.0;9449.0;8602.0;8997.0;9083.0;8463.0;311.0;9041.0;8626.0;8602.0;9449.0;9161.0;9057.0;8813.0;8787.0;8813.0;8515.0;12759.0;9449.0;6712.0;311.0;7644.0;9447.0;8864.0;8560.0;8702.0;12580.0;9340.0;8452.0;8602.0;8638.0;8611.0;8770.0;8492.0;8620.0;9447.0;8628.0;8538.0;9693.0;6851.0;9449.0;7819.0;8760.0;8602.0;8466.0;10206.0;8760.0;7997.0;8599.0;8642.0;311.0;9299.0;9041.0;10172.0;8609.0;8828.0;8331.0;8967.0;10032.0;12394.0;11773.0;9447.0;8755.0;10206.0;8564.0;8680.0;10206.0;0.0;8590.0;9583.0;8720.0;9319.0;9002.0;10206.0;7627.0;7597.0;8413.0;8545.0;11323.0;8949.0;10206.0;10032.0;7585.0;7399.0;8865.0;8525.0;8123.0;8635.0;9039.0;10206.0;10172.0;9340.0;7640.0;8891.0;9051.0;7066.0;9362.0;8365.0;8649.0;9892.0;8763.0;9449.0;8637.0;10206.0;9339.0;9376.0;8602.0;8912.0;8912.0;8901.0;8994.0;7130.0;311.0;8208.0;311.0;8912.0;8602.0;9340.0;8706.0;8572.0;8637.0;8303.0;8755.0;9449.0;8343.0;10206.0;8500.0;8937.0;8660.0;8031.0;8609.0;8851.0;8454.0;8325.0;10172.0;9447.0;8994.0;8470.0;8661.0;9340.0;311.0;8602.0;7644.0;8736.0;8833.0;10032.0;10206.0;9355.0;8763.0;8219.0;8611.0;8374.0;9041.0;8637.0;8699.0;8813.0;8947.0;8682.0;8964.0;7485.0;8560.0;8654.0;8149.0;8602.0;8660.0;8831.0;8649.0;7016.0;8602.0;8722.0;6921.0;8787.0;6991.0;311.0;8986.0;8595.0;311.0;8790.0;8653.0;9041.0;10032.0;12554.0;8602.0;9343.0;9041.0;8228.0;10172.0;8755.0;8595.0;8881.0;8058.0;9339.0;11719.0;311.0;6786.0;8329.0;8564.0;8702.0;8787.0;8584.0;8175.0;8637.0;10206.0;8796.0;8528.0;9083.0;8722.0;12303.0;8650.0;9340.0;7604.0;8584.0;7785.0;8561.0;8572.0;8808.0;8298.0;9423.0;7667.0;8501.0;8560.0;8760.0;7778.0;8066.0;9002.0;8591.0;9041.0;18200.0
242;220.0;494.0;3431.0;852.0;1292.0;1277.0;1161.0;142.0;904.0;853.0;260.0;1403.0;8303.0;2879.0;1242.0;8553.0;260.0;1971.0;1510.0;4791.0;750.0;1039.0;5020.0;2798.0;693.0;1430.0;1675.0;783.0;1319.0;874.0;1709.0;549.0;2037.0;1091.0;242.0;395.0;1692.0;904.0;1444.0;1708.0;1296.0;1161.0;113.0;946.0;2145.0;2765.0;1510.0;260.0;1157.0;964.0;1015.0;372.0;1010.0;4775.0;45.0;1260.0;1709.0;1404.0;554.0;1162.0;1155.0;1346.0;2514.0;5043.0;710.0;1010.0;183.0;142.0;730.0;8541.0;2305.0;1157.0;4775.0;4734.0;1793.0;260.0;821.0;1161.0;127.0;8303.0;1260.0;431.0;260.0;1793.0;1350.0;683.0;395.0;853.0;946.0;272.0;4971.0;1793.0;2943.0;8303.0;1923.0;1039.0;476.0;137.0;549.0;4787.0;904.0;191.0;260.0;955.0;118.0;582.0;666.0;864.0;1039.0;298.0;529.0;1204.0;2807.0;1793.0;1640.0;1018.0;260.0;184.0;1708.0;964.0;1080.0;309.0;664.0;8303.0;1158.0;1260.0;1709.0;59.0;800.0;741.0;889.0;1444.0;5020.0;5657.0;1039.0;759.0;1708.0;162.0;484.0;1708.0;8590.0;0.0;1162.0;750.0;1148.0;663.0;1708.0;2131.0;1904.0;181.0;198.0;8004.0;1158.0;1708.0;1444.0;1429.0;1214.0;1206.0;142.0;1692.0;170.0;1391.0;1708.0;1709.0;904.0;1593.0;1292.0;1289.0;1790.0;2034.0;701.0;839.0;1486.0;720.0;1793.0;224.0;1708.0;3069.0;1111.0;168.0;1346.0;1346.0;1314.0;609.0;2471.0;8303.0;1214.0;8303.0;1346.0;260.0;904.0;695.0;55.0;224.0;471.0;874.0;1793.0;725.0;1708.0;1120.0;1045.0;419.0;1359.0;59.0;665.0;223.0;1595.0;1709.0;1039.0;609.0;129.0;165.0;904.0;8303.0;260.0;1923.0;678.0;437.0;1444.0;1708.0;2014.0;720.0;374.0;118.0;642.0;1260.0;331.0;316.0;395.0;993.0;1118.0;1007.0;1142.0;483.0;565.0;502.0;260.0;419.0;1130.0;494.0;2586.0;260.0;656.0;2701.0;853.0;2617.0;8303.0;1244.0;198.0;8303.0;970.0;787.0;1260.0;1444.0;4847.0;260.0;1978.0;1260.0;373.0;1709.0;759.0;198.0;1163.0;1382.0;3069.0;5621.0;8303.0;2798.0;1080.0;162.0;549.0;853.0;16.0;828.0;331.0;1708.0;894.0;335.0;1161.0;656.0;4942.0;533.0;904.0;1480.0;16.0;1662.0;3081.0;55.0;1333.0;459.0;1518.0;1637.0;222.0;137.0;964.0;4339.0;3724.0;663.0;48.0;1260.0;9800.0
243;1309.0;1460.0;4377.0;1709.0;2058.0;2074.0;1799.0;1288.0;1185.0;1685.0;1316.0;2211.0;9289.0;4030.0;2261.0;9551.0;1316.0;3096.0;1950.0;4506.0;1633.0;1258.0;5031.0;3950.0;566.0;2226.0;2717.0;1217.0;2064.0;1726.0;1463.0;1468.0;3129.0;1889.0;1294.0;815.0;2725.0;1185.0;722.0;1386.0;2041.0;1799.0;1078.0;1758.0;2559.0;3914.0;1950.0;1316.0;2220.0;1808.0;1934.0;1534.0;2125.0;4463.0;1121.0;1936.0;1463.0;2250.0;1577.0;10.0;2010.0;2102.0;3656.0;5032.0;1780.0;2125.0;1005.0;1288.0;1247.0;8075.0;3435.0;2220.0;4463.0;5761.0;2296.0;1316.0;1490.0;1799.0;1275.0;9289.0;1936.0;1426.0;1316.0;2296.0;1958.0;1259.0;815.0;1685.0;1758.0;1382.0;4790.0;2296.0;4095.0;9289.0;3034.0;1258.0;747.0;1264.0;1468.0;4620.0;1185.0;1351.0;1316.0;1867.0;1214.0;1444.0;1693.0;1796.0;1258.0;1324.0;1559.0;171.0;3955.0;2296.0;2743.0;1859.0;1316.0;1207.0;1386.0;1808.0;2206.0;1353.0;1608.0;9289.0;444.0;1936.0;1463.0;1116.0;1606.0;1824.0;1590.0;722.0;5031.0;6035.0;1258.0;1619.0;1386.0;1278.0;1429.0;1386.0;9583.0;1162.0;0.0;1633.0;406.0;585.0;1386.0;3231.0;3023.0;1297.0;1314.0;7506.0;1886.0;1386.0;722.0;2584.0;2329.0;1985.0;1288.0;2725.0;1041.0;2079.0;1386.0;1463.0;1185.0;2729.0;2058.0;1962.0;2949.0;2622.0;1778.0;1756.0;1435.0;1576.0;2296.0;1263.0;1386.0;2534.0;288.0;1254.0;2102.0;2102.0;2075.0;604.0;3611.0;9289.0;2269.0;9289.0;2102.0;1316.0;1185.0;1593.0;1206.0;1263.0;1616.0;1726.0;2296.0;1806.0;1386.0;2081.0;1776.0;1391.0;2445.0;1116.0;1455.0;1375.0;2579.0;1463.0;1258.0;604.0;1288.0;1025.0;1185.0;9289.0;1316.0;3034.0;1557.0;784.0;722.0;1386.0;2602.0;1576.0;1509.0;1214.0;1727.0;1936.0;1341.0;1277.0;815.0;1715.0;1996.0;1717.0;2270.0;1510.0;1516.0;1472.0;1316.0;1391.0;1929.0;1460.0;3731.0;1316.0;1547.0;3847.0;1685.0;3762.0;9289.0;1954.0;1064.0;9289.0;1796.0;1708.0;1936.0;722.0;4718.0;1316.0;2568.0;1936.0;1519.0;1463.0;1619.0;1064.0;1932.0;2459.0;2534.0;6007.0;9289.0;3950.0;2112.0;1278.0;1468.0;1685.0;1175.0;1947.0;1341.0;1386.0;1718.0;1418.0;1799.0;1547.0;4966.0;1491.0;1185.0;2630.0;1175.0;2769.0;3978.0;1206.0;2142.0;1608.0;1976.0;2766.0;1355.0;1264.0;1808.0;5367.0;4713.0;585.0;1136.0;1936.0;9100.0
244;537.0;257.0;2760.0;103.0;543.0;528.0;471.0;639.0;674.0;112.0;492.0;656.0;8445.0;2524.0;1600.0;8678.0;492.0;1549.0;870.0;4312.0;10.0;750.0;4400.0;2449.0;1338.0;682.0;1094.0;538.0;572.0;125.0;1460.0;202.0;1532.0;343.0;508.0;1079.0;1099.0;674.0;1579.0;1508.0;550.0;471.0;854.0;201.0;1455.0;2666.0;870.0;492.0;640.0;215.0;302.0;656.0;654.0;4311.0;752.0;535.0;1460.0;665.0;253.0;1633.0;413.0;598.0;2127.0;4431.0;344.0;654.0;905.0;639.0;468.0;9290.0;1885.0;640.0;4311.0;4128.0;1092.0;492.0;279.0;471.0;766.0;8445.0;535.0;321.0;492.0;1092.0;645.0;424.0;1079.0;112.0;201.0;514.0;4435.0;1092.0;2590.0;8445.0;1464.0;750.0;1150.0;623.0;202.0;4249.0;674.0;657.0;492.0;235.0;632.0;195.0;238.0;165.0;750.0;451.0;274.0;1600.0;2438.0;1092.0;1176.0;269.0;492.0;906.0;1508.0;215.0;750.0;445.0;107.0;8445.0;1786.0;535.0;1460.0;803.0;110.0;390.0;253.0;1579.0;4400.0;4927.0;750.0;35.0;1508.0;596.0;266.0;1508.0;8720.0;750.0;1633.0;0.0;1765.0;1309.0;1508.0;1640.0;1467.0;827.0;569.0;8752.0;423.0;1508.0;1579.0;1182.0;1395.0;457.0;639.0;1099.0;909.0;653.0;1508.0;1460.0;674.0;1232.0;543.0;563.0;1677.0;1298.0;360.0;124.0;1174.0;60.0;1092.0;526.0;1508.0;3806.0;1693.0;582.0;598.0;598.0;566.0;1244.0;2079.0;8445.0;675.0;8445.0;598.0;492.0;674.0;55.0;701.0;526.0;544.0;125.0;1092.0;379.0;1508.0;448.0;324.0;331.0;872.0;803.0;187.0;615.0;946.0;1460.0;750.0;1244.0;731.0;893.0;674.0;8445.0;492.0;1464.0;79.0;1120.0;1579.0;1508.0;1278.0;60.0;835.0;632.0;366.0;535.0;419.0;444.0;1079.0;290.0;382.0;308.0;1297.0;298.0;187.0;1117.0;492.0;331.0;381.0;257.0;2208.0;492.0;96.0;2330.0;112.0;2241.0;8445.0;509.0;946.0;8445.0;221.0;83.0;535.0;1579.0;4289.0;492.0;1243.0;535.0;800.0;1460.0;35.0;946.0;417.0;874.0;3806.0;4890.0;8445.0;2449.0;511.0;596.0;202.0;112.0;735.0;545.0;419.0;1508.0;150.0;447.0;471.0;96.0;4318.0;219.0;674.0;1192.0;735.0;1207.0;2381.0;701.0;585.0;561.0;866.0;1246.0;573.0;623.0;215.0;3734.0;3084.0;1309.0;797.0;535.0;9500.0
245;1340.0;1551.0;4523.0;1854.0;2248.0;2254.0;2017.0;1288.0;1447.0;1837.0;1361.0;2391.0;9022.0;4012.0;2070.0;9289.0;1361.0;3118.0;2226.0;4910.0;1765.0;1544.0;5416.0;3930.0;454.0;2410.0;2803.0;1443.0;2260.0;1874.0;1846.0;1577.0;3182.0;2062.0;1338.0;754.0;2816.0;1447.0;1127.0;1776.0;2237.0;2017.0;1042.0;1920.0;2857.0;3799.0;2226.0;1361.0;2289.0;1963.0;2065.0;1507.0;2157.0;4869.0;1116.0;2149.0;1846.0;2418.0;1652.0;406.0;2168.0;2296.0;3656.0;5419.0;1839.0;2157.0;967.0;1288.0;1454.0;7734.0;3451.0;2289.0;4869.0;5866.0;2567.0;1361.0;1680.0;2017.0;1235.0;9022.0;2149.0;1504.0;1361.0;2567.0;2191.0;1451.0;754.0;1837.0;1920.0;1407.0;5190.0;2567.0;4075.0;9022.0;3070.0;1544.0;673.0;1274.0;1577.0;5019.0;1447.0;1336.0;1361.0;1999.0;1232.0;1570.0;1770.0;1918.0;1544.0;1381.0;1630.0;577.0;3943.0;2567.0;2786.0;2016.0;1361.0;1128.0;1776.0;1963.0;2227.0;1406.0;1716.0;9022.0;38.0;2149.0;1846.0;1091.0;1762.0;1876.0;1777.0;1127.0;5416.0;6366.0;1544.0;1758.0;1776.0;1295.0;1525.0;1776.0;9319.0;1148.0;406.0;1765.0;0.0;484.0;1776.0;3277.0;3052.0;1235.0;1333.0;7171.0;2081.0;1776.0;1127.0;2564.0;2197.0;2168.0;1288.0;2816.0;991.0;2293.0;1776.0;1846.0;1447.0;2738.0;2248.0;2176.0;2870.0;2878.0;1832.0;1882.0;1789.0;1714.0;2567.0;1309.0;1776.0;2185.0;122.0;1281.0;2296.0;2296.0;2267.0;541.0;3614.0;9022.0;2344.0;9022.0;2296.0;1361.0;1447.0;1717.0;1200.0;1309.0;1618.0;1874.0;2567.0;1859.0;1776.0;2199.0;1966.0;1474.0;2501.0;1091.0;1605.0;1371.0;2695.0;1846.0;1544.0;541.0;1258.0;986.0;1447.0;9022.0;1361.0;3070.0;1686.0;712.0;1127.0;1776.0;2858.0;1714.0;1435.0;1232.0;1775.0;2149.0;1406.0;1352.0;754.0;1904.0;2145.0;1909.0;2153.0;1580.0;1616.0;1321.0;1361.0;1474.0;2103.0;1551.0;3726.0;1361.0;1671.0;3838.0;1837.0;3756.0;9022.0;2157.0;994.0;9022.0;1956.0;1830.0;2149.0;1127.0;5115.0;1361.0;2822.0;2149.0;1455.0;1846.0;1758.0;994.0;2116.0;2521.0;2185.0;6336.0;9022.0;3930.0;2197.0;1295.0;1577.0;1837.0;1163.0;1974.0;1406.0;1776.0;1875.0;1458.0;2017.0;1671.0;5349.0;1587.0;1447.0;2620.0;1163.0;2809.0;4145.0;1200.0;2320.0;1606.0;2248.0;2784.0;1366.0;1274.0;1963.0;5470.0;4838.0;484.0;1109.0;2149.0;9500.0
246;858.0;1082.0;4058.0;1403.0;1816.0;1816.0;1610.0;804.0;1109.0;1391.0;881.0;1952.0;8709.0;3533.0;1677.0;8970.0;881.0;2634.0;1870.0;4825.0;1309.0;1228.0;5220.0;3451.0;30.0;1974.0;2324.0;1066.0;1833.0;1424.0;1695.0;1114.0;2698.0;1623.0;859.0;270.0;2338.0;1109.0;1135.0;1650.0;1810.0;1610.0;559.0;1478.0;2516.0;3354.0;1870.0;881.0;1809.0;1515.0;1605.0;1025.0;1673.0;4794.0;632.0;1735.0;1695.0;1971.0;1177.0;585.0;1719.0;1867.0;3174.0;5231.0;1358.0;1673.0;483.0;804.0;1059.0;8066.0;2967.0;1809.0;4794.0;5387.0;2199.0;881.0;1261.0;1610.0;754.0;8709.0;1735.0;1031.0;881.0;2199.0;1794.0;1043.0;270.0;1391.0;1478.0;924.0;5065.0;2199.0;3597.0;8709.0;2586.0;1228.0;190.0;790.0;1114.0;4888.0;1109.0;852.0;881.0;1539.0;749.0;1115.0;1295.0;1455.0;1228.0;904.0;1154.0;693.0;3463.0;2199.0;2302.0;1569.0;881.0;655.0;1650.0;1515.0;1743.0;927.0;1251.0;8709.0;496.0;1735.0;1695.0;607.0;1319.0;1394.0;1354.0;1135.0;5220.0;6049.0;1228.0;1306.0;1650.0;811.0;1059.0;1650.0;9002.0;663.0;585.0;1309.0;484.0;0.0;1650.0;2793.0;2567.0;758.0;849.0;7514.0;1656.0;1650.0;1135.0;2083.0;1759.0;1733.0;804.0;2338.0;509.0;1878.0;1650.0;1695.0;1109.0;2255.0;1816.0;1764.0;2407.0;2491.0;1351.0;1421.0;1566.0;1262.0;2199.0;830.0;1650.0;2534.0;456.0;799.0;1867.0;1867.0;1836.0;66.0;3131.0;8709.0;1864.0;8709.0;1867.0;881.0;1109.0;1259.0;716.0;830.0;1134.0;1424.0;2199.0;1377.0;1650.0;1732.0;1539.0;1004.0;2018.0;607.0;1163.0;886.0;2224.0;1695.0;1228.0;66.0;775.0;502.0;1109.0;8709.0;881.0;2586.0;1230.0;229.0;1135.0;1650.0;2470.0;1262.0;964.0;749.0;1294.0;1735.0;931.0;881.0;270.0;1478.0;1691.0;1486.0;1706.0;1104.0;1150.0;892.0;881.0;1004.0;1664.0;1082.0;3245.0;881.0;1213.0;3358.0;1391.0;3275.0;8709.0;1737.0;516.0;8709.0;1511.0;1369.0;1735.0;1135.0;4969.0;881.0;2434.0;1735.0;981.0;1695.0;1306.0;516.0;1683.0;2039.0;2534.0;6016.0;8709.0;3451.0;1720.0;811.0;1114.0;1391.0;679.0;1490.0;931.0;1650.0;1430.0;977.0;1610.0;1213.0;5148.0;1119.0;1109.0;2138.0;679.0;2324.0;3689.0;716.0;1880.0;1122.0;1888.0;2300.0;882.0;790.0;1515.0;4992.0;4365.0;10.0;625.0;1735.0;9600.0
247;1662.0;1557.0;3708.0;1500.0;1546.0;1594.0;1264.0;1731.0;866.0;1461.0;1626.0;1691.0;9928.0;3955.0;2929.0;10166.0;1626.0;2981.0;1091.0;3175.0;1508.0;762.0;3646.0;3887.0;1658.0;1684.0;2437.0;1015.0;1521.0;1500.0;113.0;1505.0;2901.0;1500.0;1618.0;1665.0;2424.0;866.0;705.0;10.0;1509.0;1264.0;1720.0;1463.0;1474.0;4173.0;1091.0;1626.0;2107.0;1524.0;1685.0;1935.0;2161.0;3144.0;1669.0;1369.0;113.0;1768.0;1665.0;1386.0;1638.0;1557.0;3551.0;3646.0;1838.0;2161.0;1694.0;1731.0;1091.0;9428.0;3299.0;2107.0;3144.0;5177.0;1369.0;1626.0;1229.0;1264.0;1823.0;9928.0;1369.0;1583.0;1626.0;1369.0;1296.0;1149.0;1665.0;1461.0;1463.0;1712.0;3425.0;1369.0;4020.0;9928.0;2877.0;762.0;1663.0;1695.0;1505.0;3251.0;866.0;1800.0;1626.0;1642.0;1651.0;1437.0;1723.0;1634.0;762.0;1595.0;1668.0;1223.0;3863.0;1369.0;2610.0;1543.0;1626.0;1874.0;10.0;1524.0;2256.0;1622.0;1574.0;9928.0;1813.0;1369.0;113.0;1711.0;1406.0;1888.0;1279.0;705.0;3646.0;4736.0;762.0;1474.0;10.0;1685.0;1527.0;10.0;10206.0;1708.0;1386.0;1508.0;1776.0;1650.0;0.0;3012.0;2896.0;1886.0;1695.0;8851.0;1410.0;10.0;705.0;2688.0;2819.0;1523.0;1731.0;2424.0;1733.0;1456.0;10.0;113.0;866.0;2712.0;1546.0;1377.0;3184.0;1703.0;1851.0;1598.0;367.0;1458.0;1369.0;1601.0;10.0;3906.0;1654.0;1646.0;1557.0;1557.0;1548.0;1609.0;3503.0;9928.0;2124.0;9928.0;1557.0;1626.0;866.0;1513.0;1707.0;1601.0;1908.0;1500.0;1369.0;1874.0;10.0;1833.0;1369.0;1549.0;2325.0;1711.0;1360.0;1788.0;2218.0;113.0;762.0;1609.0;1806.0;1703.0;866.0;9928.0;1626.0;2877.0;1480.0;1672.0;705.0;10.0;1689.0;1458.0;2044.0;1651.0;1836.0;1369.0;1581.0;1525.0;1665.0;1337.0;1662.0;1323.0;2729.0;1646.0;1554.0;2206.0;1626.0;1549.0;1520.0;1557.0;3636.0;1626.0;1491.0;3758.0;1461.0;3668.0;9928.0;1419.0;1785.0;9928.0;1495.0;1583.0;1369.0;705.0;3342.0;1626.0;1664.0;1369.0;2027.0;113.0;1474.0;1785.0;1484.0;2314.0;3906.0;4712.0;9928.0;3887.0;1971.0;1685.0;1505.0;1461.0;1708.0;2046.0;1581.0;10.0;1463.0;1689.0;1264.0;1491.0;3581.0;1556.0;866.0;2691.0;1708.0;2644.0;3262.0;1707.0;1651.0;1915.0;1126.0;2713.0;1737.0;1695.0;1524.0;4799.0;4100.0;1650.0;1724.0;1369.0;8100.0
248;1940.0;1772.0;1537.0;1595.0;1471.0;1420.0;1748.0;1990.0;2284.0;1629.0;1925.0;1337.0;7378.0;961.0;1922.0;7576.0;1925.0;245.0;1995.0;5164.0;1640.0;2323.0;4835.0;903.0;2823.0;1351.0;576.0;2165.0;1499.0;1585.0;2934.0;1772.0;112.0;1521.0;1948.0;2526.0;589.0;2284.0;3212.0;3012.0;1509.0;1748.0;2239.0;1592.0;2128.0;1542.0;1995.0;1925.0;1013.0;1530.0;1371.0;1786.0;1121.0;5196.0;2162.0;1647.0;2934.0;1255.0;1654.0;3231.0;1380.0;1467.0;565.0;4894.0;1451.0;1121.0;2313.0;1990.0;2101.0;10277.0;318.0;1013.0;5196.0;2638.0;1893.0;1925.0;1872.0;1748.0;2055.0;7378.0;1647.0;1804.0;1925.0;1893.0;1737.0;2063.0;2526.0;1629.0;1592.0;1872.0;5137.0;1893.0;1024.0;7378.0;218.0;2323.0;2606.0;2003.0;1772.0;4956.0;2284.0;1946.0;1925.0;1430.0;2046.0;1809.0;1539.0;1477.0;2323.0;1911.0;1671.0;3220.0;865.0;1893.0;491.0;1496.0;1925.0;2182.0;3012.0;1530.0;1054.0;1883.0;1638.0;7378.0;3289.0;1647.0;2934.0;2188.0;1705.0;1409.0;1790.0;3212.0;4835.0;4699.0;2323.0;1664.0;3012.0;1983.0;1805.0;3012.0;7627.0;2131.0;3231.0;1640.0;3277.0;2793.0;3012.0;0.0;260.0;2071.0;1945.0;9782.0;1603.0;3012.0;3212.0;833.0;1560.0;1489.0;1990.0;589.0;2293.0;1582.0;3012.0;2934.0;2284.0;591.0;1471.0;1643.0;1013.0;1748.0;1455.0;1518.0;2646.0;1700.0;1893.0;1978.0;3012.0;5040.0;3233.0;1999.0;1467.0;1467.0;1471.0;2737.0;519.0;7378.0;969.0;7378.0;1467.0;1925.0;2284.0;1667.0;2077.0;1978.0;1663.0;1585.0;1893.0;1427.0;3012.0;1213.0;1656.0;1839.0;785.0;2188.0;1827.0;1909.0;800.0;2934.0;2323.0;2737.0;2028.0;2295.0;2284.0;7378.0;1925.0;218.0;1706.0;2568.0;3212.0;3012.0;1743.0;1700.0;1904.0;2046.0;1508.0;1647.0;1892.0;1955.0;2526.0;1699.0;1364.0;1709.0;1511.0;1721.0;1721.0;2141.0;1925.0;1839.0;1497.0;1772.0;649.0;1925.0;1710.0;766.0;1629.0;680.0;7378.0;1595.0;2300.0;7378.0;1554.0;1557.0;1647.0;3212.0;4938.0;1925.0;1735.0;1647.0;1874.0;2934.0;1664.0;2300.0;1529.0;773.0;5040.0;4651.0;7378.0;903.0;1132.0;1983.0;1772.0;1629.0;2115.0;1303.0;1892.0;3012.0;1610.0;1824.0;1748.0;1710.0;4744.0;1743.0;2284.0;751.0;2115.0;470.0;1380.0;2077.0;1367.0;1677.0;1965.0;526.0;1911.0;2003.0;1530.0;2248.0;1711.0;2793.0;2171.0;1647.0;10600.0
249;1722.0;1574.0;1789.0;1435.0;1377.0;1322.0;1636.0;1764.0;2129.0;1471.0;1710.0;1261.0;7342.0;1063.0;1665.0;7548.0;1710.0;86.0;1923.0;5195.0;1467.0;2181.0;4929.0;992.0;2597.0;1281.0;500.0;2003.0;1410.0;1428.0;2824.0;1581.0;224.0;1395.0;1732.0;2298.0;528.0;2129.0;3047.0;2896.0;1417.0;1636.0;2010.0;1446.0;2135.0;1469.0;1923.0;1710.0;828.0;1383.0;1222.0;1551.0;900.0;5221.0;1937.0;1549.0;2824.0;1177.0;1452.0;3023.0;1258.0;1383.0;661.0;4985.0;1245.0;900.0;2085.0;1764.0;1934.0;10018.0;418.0;828.0;5221.0;2891.0;1865.0;1710.0;1716.0;1636.0;1822.0;7342.0;1549.0;1600.0;1710.0;1865.0;1651.0;1892.0;2298.0;1471.0;1446.0;1651.0;5193.0;1865.0;1129.0;7342.0;63.0;2181.0;2379.0;1780.0;1581.0;5010.0;2129.0;1716.0;1710.0;1274.0;1825.0;1624.0;1341.0;1309.0;2181.0;1700.0;1468.0;3022.0;974.0;1865.0;292.0;1357.0;1710.0;1945.0;2896.0;1383.0;825.0;1671.0;1452.0;7342.0;3062.0;1549.0;2824.0;1961.0;1543.0;1199.0;1642.0;3047.0;4929.0;4880.0;2181.0;1494.0;2896.0;1761.0;1608.0;2896.0;7597.0;1904.0;3023.0;1467.0;3052.0;2567.0;2896.0;260.0;0.0;1834.0;1724.0;9523.0;1490.0;2896.0;3047.0;573.0;1302.0;1381.0;1764.0;528.0;2063.0;1505.0;2896.0;2824.0;2129.0;334.0;1377.0;1550.0;797.0;1766.0;1246.0;1350.0;2533.0;1527.0;1865.0;1763.0;2896.0;4784.0;3012.0;1780.0;1383.0;1383.0;1381.0;2512.0;614.0;7342.0;793.0;7342.0;1383.0;1710.0;2129.0;1489.0;1852.0;1763.0;1434.0;1428.0;1865.0;1217.0;2896.0;1067.0;1527.0;1637.0;595.0;1961.0;1652.0;1681.0;737.0;2824.0;2181.0;2512.0;1797.0;2066.0;2129.0;7342.0;1710.0;63.0;1527.0;2341.0;3047.0;2896.0;1758.0;1527.0;1660.0;1825.0;1296.0;1549.0;1682.0;1748.0;2298.0;1563.0;1233.0;1576.0;1252.0;1516.0;1529.0;1890.0;1710.0;1637.0;1377.0;1574.0;744.0;1710.0;1529.0;867.0;1471.0;777.0;7342.0;1495.0;2067.0;7342.0;1410.0;1384.0;1549.0;3047.0;5001.0;1710.0;1746.0;1549.0;1632.0;2824.0;1494.0;2067.0;1415.0;594.0;4784.0;4833.0;7342.0;992.0;957.0;1761.0;1581.0;1471.0;1888.0;1081.0;1682.0;2896.0;1457.0;1608.0;1636.0;1529.0;4839.0;1548.0;2129.0;492.0;1888.0;261.0;1607.0;1852.0;1278.0;1446.0;1895.0;274.0;1688.0;1780.0;1383.0;2502.0;1971.0;2567.0;1943.0;1549.0;10600.0
250;301.0;573.0;3422.0;929.0;1367.0;1345.0;1269.0;197.0;1071.0;936.0;349.0;1463.0;8126.0;2777.0;1062.0;8377.0;349.0;1895.0;1637.0;4957.0;827.0;1205.0;5161.0;2695.0;786.0;1493.0;1650.0;944.0;1397.0;950.0;1886.0;638.0;1982.0;1168.0;341.0;491.0;1670.0;1071.0;1619.0;1886.0;1376.0;1269.0;221.0;1028.0;2260.0;2618.0;1637.0;349.0;1134.0;1036.0;1060.0;285.0;960.0;4942.0;223.0;1356.0;1886.0;1455.0;597.0;1297.0;1213.0;1422.0;2423.0;5186.0;708.0;960.0;291.0;197.0;885.0;8488.0;2224.0;1134.0;4942.0;4693.0;1903.0;349.0;945.0;1269.0;69.0;8126.0;1356.0;508.0;349.0;1903.0;1455.0;834.0;491.0;936.0;1028.0;312.0;5129.0;1903.0;2840.0;8126.0;1858.0;1205.0;569.0;224.0;638.0;4945.0;1071.0;171.0;349.0;1006.0;249.0;686.0;693.0;915.0;1205.0;393.0;572.0;1353.0;2709.0;1903.0;1583.0;1087.0;349.0;112.0;1886.0;1036.0;1017.0;389.0;729.0;8126.0;1240.0;1356.0;1886.0;197.0;895.0;728.0;1001.0;1619.0;5161.0;5753.0;1205.0;843.0;1886.0;247.0;573.0;1886.0;8413.0;181.0;1297.0;827.0;1235.0;758.0;1886.0;2071.0;1834.0;0.0;264.0;7957.0;1248.0;1886.0;1619.0;1329.0;1049.0;1281.0;197.0;1670.0;256.0;1479.0;1886.0;1886.0;1071.0;1512.0;1367.0;1385.0;1655.0;2124.0;694.0;896.0;1657.0;809.0;1903.0;338.0;1886.0;3052.0;1214.0;277.0;1422.0;1422.0;1389.0;713.0;2382.0;8126.0;1194.0;8126.0;1422.0;349.0;1071.0;773.0;182.0;338.0;420.0;950.0;1903.0;714.0;1886.0;1145.0;1141.0;510.0;1318.0;197.0;777.0;215.0;1594.0;1886.0;1205.0;713.0;99.0;272.0;1071.0;8126.0;349.0;1858.0;764.0;530.0;1619.0;1886.0;2104.0;809.0;213.0;249.0;635.0;1356.0;425.0;437.0;491.0;1094.0;1170.0;1109.0;981.0;534.0;640.0;332.0;349.0;510.0;1205.0;573.0;2492.0;349.0;741.0;2604.0;936.0;2523.0;8126.0;1334.0;242.0;8126.0;1047.0;848.0;1356.0;1619.0;5001.0;349.0;2069.0;1356.0;224.0;1886.0;843.0;242.0;1243.0;1345.0;3052.0;5716.0;8126.0;2695.0;1077.0;247.0;638.0;936.0;179.0;782.0;425.0;1886.0;976.0;380.0;1269.0;741.0;5082.0;609.0;1071.0;1388.0;179.0;1602.0;3088.0;182.0;1395.0;403.0;1641.0;1562.0;254.0;224.0;1036.0;4300.0;3700.0;758.0;178.0;1356.0;10000.0
251;38.0;313.0;3232.0;672.0;1112.0;1093.0;1005.0;70.0;850.0;677.0;86.0;1216.0;8262.0;2716.0;1234.0;8508.0;86.0;1793.0;1374.0;4720.0;569.0;979.0;4903.0;2636.0;880.0;1244.0;1479.0;712.0;1141.0;694.0;1683.0;376.0;1849.0;911.0;83.0;585.0;1496.0;850.0;1514.0;1695.0;1119.0;1005.0;312.0;769.0;1997.0;2652.0;1374.0;86.0;962.0;782.0;822.0;254.0;825.0;4708.0;220.0;1094.0;1683.0;1213.0;358.0;1314.0;966.0;1166.0;2345.0;4928.0;513.0;825.0;379.0;70.0;647.0;8728.0;2130.0;962.0;4708.0;4540.0;1639.0;86.0;684.0;1005.0;199.0;8262.0;1094.0;248.0;86.0;1639.0;1192.0;592.0;585.0;677.0;769.0;75.0;4882.0;1639.0;2781.0;8262.0;1740.0;979.0;665.0;62.0;376.0;4697.0;850.0;112.0;86.0;763.0;102.0;422.0;468.0;672.0;979.0;130.0;333.0;1337.0;2642.0;1639.0;1454.0;834.0;86.0;338.0;1695.0;782.0;900.0;126.0;476.0;8262.0;1345.0;1094.0;1683.0;258.0;632.0;547.0;738.0;1514.0;4903.0;5492.0;979.0;583.0;1695.0;38.0;310.0;1695.0;8545.0;198.0;1314.0;569.0;1333.0;849.0;1695.0;1945.0;1724.0;264.0;0.0;8193.0;987.0;1695.0;1514.0;1271.0;1148.0;1026.0;70.0;1496.0;369.0;1219.0;1695.0;1683.0;850.0;1420.0;1112.0;1123.0;1664.0;1864.0;504.0;649.0;1438.0;547.0;1639.0;94.0;1695.0;3265.0;1289.0;62.0;1166.0;1166.0;1134.0;791.0;2301.0;8262.0;1019.0;8262.0;1166.0;86.0;850.0;514.0;144.0;94.0;303.0;694.0;1639.0;530.0;1695.0;923.0;879.0;246.0;1168.0;258.0;514.0;93.0;1396.0;1683.0;979.0;791.0;165.0;362.0;850.0;8262.0;86.0;1740.0;503.0;628.0;1514.0;1695.0;1844.0;547.0;353.0;102.0;446.0;1094.0;161.0;184.0;585.0;830.0;927.0;846.0;1066.0;288.0;382.0;583.0;86.0;246.0;949.0;313.0;2419.0;86.0;480.0;2535.0;677.0;2450.0;8262.0;1073.0;394.0;8262.0;790.0;599.0;1094.0;1514.0;4751.0;86.0;1809.0;1094.0;333.0;1683.0;583.0;394.0;986.0;1190.0;3265.0;5455.0;8262.0;2636.0;882.0;38.0;376.0;677.0;182.0;643.0;161.0;1695.0;717.0;137.0;1005.0;480.0;4823.0;350.0;850.0;1316.0;182.0;1477.0;2882.0;144.0;1147.0;297.0;1379.0;1460.0;46.0;62.0;782.0;4145.0;3527.0;849.0;245.0;1094.0;9800.0
252;8221.0;8498.0;11289.0;8854.0;9291.0;9280.0;9117.0;8125.0;8607.0;8852.0;8263.0;9407.0;11036.0;10055.0;7870.0;11344.0;8263.0;9548.0;9381.0;11664.0;8752.0;8712.0;12444.0;9981.0;7490.0;9434.0;9529.0;8579.0;9315.0;8876.0;8943.0;8550.0;9730.0;9091.0;8246.0;7694.0;9558.0;8607.0;8146.0;8851.0;9291.0;9117.0;7898.0;8944.0;10022.0;9277.0;9381.0;8263.0;9048.0;8967.0;9014.0;8210.0;8833.0;11591.0;8000.0;9235.0;8943.0;9407.0;8549.0;7506.0;9159.0;9345.0;9872.0;12431.0;8660.0;8833.0;7849.0;8125.0;8573.0;606.0;9787.0;9048.0;11591.0;12339.0;9713.0;8263.0;8764.0;9117.0;8007.0;11036.0;9235.0;8435.0;8263.0;9713.0;9303.0;8555.0;7694.0;8852.0;8944.0;8258.0;12050.0;9713.0;10095.0;11036.0;9571.0;8712.0;7635.0;8135.0;8550.0;11904.0;8607.0;8126.0;8263.0;8956.0;8121.0;8574.0;8649.0;8865.0;8712.0;8302.0;8524.0;7652.0;10038.0;9713.0;9365.0;9021.0;8263.0;7861.0;8851.0;8967.0;8854.0;8312.0;8668.0;11036.0;7138.0;9235.0;8943.0;7949.0;8791.0;8672.0;8852.0;8146.0;12444.0;13537.0;8712.0;8759.0;8851.0;8162.0;8486.0;8851.0;11323.0;8004.0;7506.0;8752.0;7171.0;7514.0;8851.0;9782.0;9523.0;7957.0;8193.0;0.0;9145.0;8851.0;8146.0;8951.0;8228.0;9205.0;8125.0;9558.0;7843.0;9375.0;8851.0;8943.0;8607.0;9199.0;9291.0;9264.0;8891.0;10001.0;8644.0;8842.0;8941.0;8718.0;9713.0;8226.0;8851.0;4987.0;7283.0;8172.0;9345.0;9345.0;9313.0;7579.0;9851.0;11036.0;9109.0;11036.0;9345.0;8263.0;8607.0;8698.0;8055.0;8226.0;8355.0;8876.0;9713.0;8661.0;8851.0;9101.0;9028.0;8422.0;9179.0;7949.0;8642.0;8170.0;9527.0;8943.0;8712.0;7579.0;8042.0;7860.0;8607.0;11036.0;8263.0;9571.0;8678.0;7657.0;8146.0;8851.0;9981.0;8718.0;8039.0;8121.0;8586.0;9235.0;8334.0;8310.0;7694.0;8971.0;9120.0;8981.0;8272.0;8481.0;8569.0;7751.0;8263.0;8422.0;9131.0;8498.0;9903.0;8263.0;8657.0;9967.0;8852.0;9921.0;11036.0;9229.0;7806.0;11036.0;8971.0;8791.0;9235.0;8146.0;12034.0;8263.0;9945.0;9235.0;8075.0;8943.0;8759.0;7806.0;9160.0;9216.0;4987.0;13507.0;11036.0;9981.0;9018.0;8162.0;8550.0;8852.0;8019.0;8683.0;8334.0;8851.0;8893.0;8327.0;9117.0;8657.0;12389.0;8536.0;8607.0;9035.0;8019.0;9370.0;11009.0;8055.0;9337.0;8336.0;9400.0;9269.0;8200.0;8135.0;8967.0;11972.0;11493.0;7514.0;7956.0;9235.0;14700.0
253;953.0;675.0;2502.0;325.0;173.0;201.0;146.0;1056.0;746.0;312.0;906.0;331.0;8681.0;2546.0;1979.0;8905.0;906.0;1575.0;509.0;3972.0;423.0;746.0;3999.0;2479.0;1683.0;342.0;1027.0;673.0;180.0;305.0;1335.0;612.0;1492.0;121.0;920.0;1452.0;1016.0;746.0;1670.0;1410.0;156.0;146.0;1256.0;223.0;1040.0;2836.0;509.0;906.0;748.0;237.0;340.0;1075.0;879.0;3977.0;1154.0;116.0;1335.0;387.0;672.0;1886.0;234.0;217.0;2142.0;4033.0;694.0;879.0;1299.0;1056.0;639.0;9687.0;1890.0;748.0;3977.0;3922.0;675.0;906.0;401.0;146.0;1186.0;8681.0;116.0;739.0;906.0;675.0;240.0;632.0;1452.0;312.0;223.0;936.0;4068.0;675.0;2611.0;8681.0;1468.0;746.0;1516.0;1038.0;612.0;3882.0;746.0;1079.0;906.0;337.0;1040.0;576.0;622.0;397.0;746.0;863.0;694.0;1819.0;2454.0;675.0;1209.0;208.0;906.0;1323.0;1410.0;237.0;963.0;861.0;527.0;8681.0;2106.0;116.0;1335.0;1208.0;358.0;723.0;304.0;1670.0;3999.0;4506.0;746.0;405.0;1410.0;1012.0;677.0;1410.0;8949.0;1158.0;1886.0;423.0;2081.0;1656.0;1410.0;1603.0;1490.0;1248.0;987.0;9145.0;0.0;1410.0;1670.0;1365.0;1736.0;117.0;1056.0;1016.0;1309.0;233.0;1410.0;1335.0;746.0;1337.0;173.0;142.0;1884.0;877.0;714.0;391.0;1045.0;440.0;675.0;934.0;1410.0;4182.0;1995.0;993.0;217.0;217.0;189.0;1590.0;2094.0;8681.0;748.0;8681.0;217.0;906.0;746.0;476.0;1112.0;934.0;954.0;305.0;675.0;720.0;1410.0;451.0;117.0;742.0;940.0;1208.0;503.0;1038.0;815.0;1335.0;746.0;1590.0;1151.0;1290.0;746.0;8681.0;906.0;1468.0;484.0;1490.0;1670.0;1410.0;857.0;440.0;1256.0;1040.0;743.0;116.0;831.0;843.0;1452.0;178.0;269.0;171.0;1637.0;721.0;609.0;1540.0;906.0;742.0;119.0;675.0;2227.0;906.0;507.0;2349.0;312.0;2259.0;8681.0;86.0;1350.0;8681.0;215.0;424.0;116.0;1670.0;3913.0;906.0;822.0;116.0;1221.0;1335.0;405.0;1350.0;74.0;922.0;4182.0;4469.0;8681.0;2479.0;620.0;1012.0;612.0;312.0;1144.0;847.0;831.0;1410.0;273.0;870.0;146.0;507.0;3916.0;639.0;746.0;1348.0;1144.0;1243.0;2094.0;1112.0;269.0;972.0;494.0;1327.0;994.0;1038.0;237.0;3531.0;2856.0;1656.0;1204.0;116.0;9300.0
254;1662.0;1557.0;3708.0;1500.0;1546.0;1594.0;1264.0;1731.0;866.0;1461.0;1626.0;1691.0;9928.0;3955.0;2929.0;10166.0;1626.0;2981.0;1091.0;3175.0;1508.0;762.0;3646.0;3887.0;1658.0;1684.0;2437.0;1015.0;1521.0;1500.0;113.0;1505.0;2901.0;1500.0;1618.0;1665.0;2424.0;866.0;705.0;10.0;1509.0;1264.0;1720.0;1463.0;1474.0;4173.0;1091.0;1626.0;2107.0;1524.0;1685.0;1935.0;2161.0;3144.0;1669.0;1369.0;113.0;1768.0;1665.0;1386.0;1638.0;1557.0;3551.0;3646.0;1838.0;2161.0;1694.0;1731.0;1091.0;9428.0;3299.0;2107.0;3144.0;5177.0;1369.0;1626.0;1229.0;1264.0;1823.0;9928.0;1369.0;1583.0;1626.0;1369.0;1296.0;1149.0;1665.0;1461.0;1463.0;1712.0;3425.0;1369.0;4020.0;9928.0;2877.0;762.0;1663.0;1695.0;1505.0;3251.0;866.0;1800.0;1626.0;1642.0;1651.0;1437.0;1723.0;1634.0;762.0;1595.0;1668.0;1223.0;3863.0;1369.0;2610.0;1543.0;1626.0;1874.0;10.0;1524.0;2256.0;1622.0;1574.0;9928.0;1813.0;1369.0;113.0;1711.0;1406.0;1888.0;1279.0;705.0;3646.0;4736.0;762.0;1474.0;10.0;1685.0;1527.0;10.0;10206.0;1708.0;1386.0;1508.0;1776.0;1650.0;10.0;3012.0;2896.0;1886.0;1695.0;8851.0;1410.0;0.0;705.0;2688.0;2819.0;1523.0;1731.0;2424.0;1733.0;1456.0;10.0;113.0;866.0;2712.0;1546.0;1377.0;3184.0;1703.0;1851.0;1598.0;367.0;1458.0;1369.0;1601.0;10.0;3906.0;1654.0;1646.0;1557.0;1557.0;1548.0;1609.0;3503.0;9928.0;2124.0;9928.0;1557.0;1626.0;866.0;1513.0;1707.0;1601.0;1908.0;1500.0;1369.0;1874.0;10.0;1833.0;1369.0;1549.0;2325.0;1711.0;1360.0;1788.0;2218.0;113.0;762.0;1609.0;1806.0;1703.0;866.0;9928.0;1626.0;2877.0;1480.0;1672.0;705.0;10.0;1689.0;1458.0;2044.0;1651.0;1836.0;1369.0;1581.0;1525.0;1665.0;1337.0;1662.0;1323.0;2729.0;1646.0;1554.0;2206.0;1626.0;1549.0;1520.0;1557.0;3636.0;1626.0;1491.0;3758.0;1461.0;3668.0;9928.0;1419.0;1785.0;9928.0;1495.0;1583.0;1369.0;705.0;3342.0;1626.0;1664.0;1369.0;2027.0;113.0;1474.0;1785.0;1484.0;2314.0;3906.0;4712.0;9928.0;3887.0;1971.0;1685.0;1505.0;1461.0;1708.0;2046.0;1581.0;10.0;1463.0;1689.0;1264.0;1491.0;3581.0;1556.0;866.0;2691.0;1708.0;2644.0;3262.0;1707.0;1651.0;1915.0;1126.0;2713.0;1737.0;1695.0;1524.0;4799.0;4100.0;1650.0;1724.0;1369.0;8100.0
255;1492.0;1512.0;4142.0;1618.0;1837.0;1871.0;1545.0;1522.0;934.0;1583.0;1474.0;1997.0;9744.0;4102.0;2676.0;9996.0;1474.0;3128.0;1546.0;3784.0;1579.0;926.0;4336.0;4026.0;1132.0;2001.0;2651.0;1047.0;1828.0;1627.0;801.0;1486.0;3103.0;1719.0;1457.0;1248.0;2648.0;934.0;10.0;705.0;1809.0;1545.0;1410.0;1625.0;2070.0;4155.0;1546.0;1474.0;2220.0;1687.0;1842.0;1768.0;2198.0;3742.0;1399.0;1678.0;801.0;2057.0;1637.0;722.0;1859.0;1867.0;3706.0;4333.0;1842.0;2198.0;1358.0;1522.0;1113.0;8724.0;3464.0;2220.0;3742.0;5584.0;1878.0;1474.0;1342.0;1545.0;1571.0;9744.0;1678.0;1508.0;1474.0;1878.0;1653.0;1155.0;1248.0;1583.0;1625.0;1560.0;4071.0;1878.0;4168.0;9744.0;3042.0;926.0;1215.0;1488.0;1486.0;3903.0;934.0;1596.0;1474.0;1783.0;1436.0;1433.0;1731.0;1739.0;926.0;1460.0;1629.0;551.0;4017.0;1878.0;2755.0;1725.0;1474.0;1567.0;705.0;1687.0;2291.0;1491.0;1602.0;9744.0;1165.0;1678.0;801.0;1423.0;1508.0;1893.0;1429.0;10.0;4336.0;5433.0;926.0;1552.0;705.0;1490.0;1477.0;705.0;10032.0;1444.0;722.0;1579.0;1127.0;1135.0;705.0;3212.0;3047.0;1619.0;1514.0;8146.0;1670.0;705.0;0.0;2714.0;2654.0;1785.0;1522.0;2648.0;1400.0;1803.0;705.0;801.0;934.0;2801.0;1837.0;1696.0;3159.0;2221.0;1848.0;1698.0;872.0;1520.0;1878.0;1431.0;705.0;3209.0;1007.0;1454.0;1867.0;1867.0;1848.0;1115.0;3659.0;9744.0;2254.0;9744.0;1867.0;1474.0;934.0;1560.0;1466.0;1431.0;1795.0;1627.0;1878.0;1876.0;705.0;2000.0;1586.0;1469.0;2452.0;1423.0;1395.0;1601.0;2465.0;801.0;926.0;1115.0;1568.0;1373.0;934.0;9744.0;1474.0;3042.0;1521.0;1238.0;10.0;705.0;2204.0;1520.0;1818.0;1436.0;1812.0;1678.0;1461.0;1393.0;1248.0;1534.0;1864.0;1527.0;2576.0;1590.0;1540.0;1891.0;1474.0;1469.0;1752.0;1512.0;3787.0;1474.0;1522.0;3909.0;1583.0;3820.0;9744.0;1714.0;1443.0;9744.0;1664.0;1663.0;1678.0;10.0;4004.0;1474.0;2173.0;1678.0;1813.0;801.0;1552.0;1443.0;1735.0;2453.0;3209.0;5408.0;9744.0;4026.0;2090.0;1490.0;1486.0;1583.0;1451.0;2043.0;1461.0;705.0;1603.0;1565.0;1545.0;1522.0;4274.0;1528.0;934.0;2740.0;1451.0;2786.0;3712.0;1466.0;1938.0;1795.0;1578.0;2821.0;1560.0;1488.0;1687.0;5195.0;4512.0;1135.0;1441.0;1678.0;8500.0
256;1278.0;1202.0;2349.0;1189.0;1314.0;1257.0;1500.0;1297.0;1851.0;1228.0;1278.0;1256.0;7316.0;1450.0;1108.0;7540.0;1278.0;610.0;1863.0;5287.0;1182.0;1932.0;5159.0;1369.0;2113.0;1286.0;725.0;1709.0;1355.0;1191.0;2634.0;1231.0;780.0;1248.0;1299.0;1814.0;764.0;1851.0;2714.0;2688.0;1352.0;1500.0;1527.0;1239.0;2237.0;1486.0;1863.0;1278.0;619.0;1183.0;1033.0;1059.0;528.0;5301.0;1467.0;1458.0;2634.0;1180.0;1077.0;2584.0;1141.0;1342.0;1095.0;5206.0;874.0;528.0;1602.0;1297.0;1634.0;9449.0;911.0;619.0;5301.0;3457.0;1910.0;1278.0;1460.0;1500.0;1330.0;7316.0;1458.0;1209.0;1278.0;1910.0;1580.0;1582.0;1814.0;1228.0;1239.0;1205.0;5338.0;1910.0;1514.0;7316.0;620.0;1932.0;1894.0;1320.0;1231.0;5152.0;1851.0;1238.0;1278.0;1061.0;1370.0;1290.0;989.0;1055.0;1932.0;1279.0;1085.0;2606.0;1380.0;1910.0;456.0;1179.0;1278.0;1438.0;2688.0;1183.0;433.0;1248.0;1129.0;7316.0;2570.0;1458.0;2634.0;1481.0;1282.0;823.0;1411.0;2714.0;5159.0;5289.0;1932.0;1216.0;2688.0;1306.0;1237.0;2688.0;7585.0;1429.0;2584.0;1182.0;2564.0;2083.0;2688.0;833.0;573.0;1329.0;1271.0;8951.0;1365.0;2688.0;2714.0;0.0;745.0;1282.0;1297.0;764.0;1575.0;1468.0;2688.0;2634.0;1851.0;250.0;1314.0;1469.0;521.0;1914.0;867.0;1090.0;2345.0;1235.0;1910.0;1330.0;2688.0;4218.0;2537.0;1332.0;1342.0;1342.0;1327.0;2034.0;1055.0;7316.0;629.0;7316.0;1342.0;1278.0;1851.0;1184.0;1381.0;1330.0;968.0;1191.0;1910.0;840.0;2688.0;917.0;1357.0;1248.0;482.0;1481.0;1346.0;1210.0;881.0;2634.0;1932.0;2034.0;1310.0;1583.0;1851.0;7316.0;1278.0;620.0;1220.0;1854.0;2714.0;2688.0;1901.0;1235.0;1137.0;1370.0;902.0;1458.0;1270.0;1339.0;1814.0;1372.0;1097.0;1389.0;685.0;1126.0;1177.0;1340.0;1278.0;1248.0;1246.0;1202.0;1163.0;1278.0;1213.0;1275.0;1228.0;1193.0;7316.0;1403.0;1570.0;7316.0;1213.0;1105.0;1458.0;2714.0;5162.0;1278.0;1878.0;1458.0;1114.0;2634.0;1216.0;1570.0;1297.0;519.0;4218.0;5243.0;7316.0;1369.0;745.0;1306.0;1231.0;1228.0;1415.0;671.0;1270.0;2688.0;1230.0;1177.0;1500.0;1213.0;5071.0;1187.0;1851.0;85.0;1415.0;448.0;2128.0;1381.0;1241.0;976.0;1842.0;322.0;1229.0;1320.0;1183.0;3071.0;2544.0;2083.0;1462.0;1458.0;10600.0
257;1176.0;1269.0;3089.0;1454.0;1756.0;1707.0;1837.0;1132.0;1954.0;1487.0;1204.0;1757.0;7116.0;1961.0;364.0;7360.0;1204.0;1321.0;2238.0;5700.0;1395.0;2070.0;5706.0;1880.0;1784.0;1791.0;1434.0;1806.0;1798.0;1467.0;2794.0;1329.0;1518.0;1617.0;1216.0;1514.0;1471.0;1954.0;2654.0;2819.0;1786.0;1837.0;1269.0;1542.0;2739.0;1601.0;2238.0;1204.0;1121.0;1505.0;1406.0;895.0;903.0;5702.0;1259.0;1849.0;2794.0;1700.0;1176.0;2329.0;1562.0;1799.0;1688.0;5746.0;1057.0;903.0;1336.0;1132.0;1731.0;8719.0;1567.0;1121.0;5702.0;4136.0;2383.0;1204.0;1652.0;1837.0;1088.0;7116.0;1849.0;1238.0;1204.0;2383.0;1975.0;1673.0;1514.0;1487.0;1542.0;1116.0;5804.0;2383.0;2017.0;7116.0;1354.0;2070.0;1584.0;1167.0;1329.0;5618.0;1954.0;1059.0;1204.0;1399.0;1219.0;1399.0;1156.0;1345.0;2070.0;1230.0;1167.0;2398.0;1916.0;2383.0;1195.0;1528.0;1204.0;1126.0;2819.0;1505.0;854.0;1201.0;1299.0;7116.0;2193.0;1849.0;2794.0;1244.0;1504.0;1019.0;1648.0;2654.0;5706.0;5975.0;2070.0;1429.0;2819.0;1168.0;1297.0;2819.0;7399.0;1214.0;2329.0;1395.0;2197.0;1759.0;2819.0;1560.0;1302.0;1049.0;1148.0;8228.0;1736.0;2819.0;2654.0;745.0;0.0;1694.0;1132.0;1471.0;1296.0;1911.0;2819.0;2794.0;1954.0;994.0;1756.0;1869.0;736.0;2471.0;1039.0;1362.0;2526.0;1425.0;2383.0;1238.0;2819.0;3577.0;2205.0;1206.0;1799.0;1799.0;1775.0;1728.0;1659.0;7116.0;1165.0;7116.0;1799.0;1204.0;1954.0;1366.0;1188.0;1238.0;911.0;1467.0;2383.0;1026.0;2819.0;1362.0;1680.0;1270.0;1118.0;1244.0;1488.0;1057.0;1537.0;2794.0;2070.0;1728.0;1088.0;1317.0;1954.0;7116.0;1204.0;1354.0;1389.0;1546.0;2654.0;2819.0;2455.0;1425.0;840.0;1219.0;1029.0;1849.0;1240.0;1300.0;1514.0;1667.0;1510.0;1686.0;98.0;1180.0;1287.0;877.0;1204.0;1270.0;1633.0;1269.0;1736.0;1204.0;1371.0;1824.0;1487.0;1760.0;7116.0;1802.0;1268.0;7116.0;1532.0;1347.0;1849.0;2654.0;5647.0;1204.0;2426.0;1849.0;842.0;2794.0;1429.0;1268.0;1687.0;1160.0;3577.0;5932.0;7116.0;1880.0;1189.0;1168.0;1329.0;1487.0;1206.0;889.0;1240.0;2819.0;1509.0;1132.0;1837.0;1371.0;5621.0;1277.0;1954.0;829.0;1206.0;1190.0;2872.0;1188.0;1717.0;904.0;2228.0;1066.0;1103.0;1167.0;1505.0;3758.0;3267.0;1759.0;1224.0;1849.0;10900.0
258;994.0;714.0;2396.0;354.0;86.0;89.0;259.0;1095.0;858.0;353.0;949.0;226.0;8598.0;2435.0;1954.0;8820.0;949.0;1467.0;581.0;4030.0;457.0;862.0;4021.0;2368.0;1761.0;243.0;913.0;778.0;117.0;332.0;1447.0;657.0;1378.0;115.0;965.0;1520.0;901.0;858.0;1785.0;1523.0;98.0;259.0;1309.0;261.0;1053.0;2743.0;581.0;949.0;663.0;245.0;289.0;1087.0;816.0;4038.0;1206.0;177.0;1447.0;273.0;690.0;1985.0;142.0;141.0;2031.0;4058.0;677.0;816.0;1356.0;1095.0;739.0;9745.0;1778.0;663.0;4038.0;3811.0;691.0;949.0;495.0;259.0;1222.0;8598.0;177.0;778.0;949.0;691.0;298.0;727.0;1520.0;353.0;261.0;969.0;4113.0;691.0;2500.0;8598.0;1358.0;862.0;1586.0;1080.0;657.0;3927.0;858.0;1111.0;949.0;308.0;1088.0;632.0;623.0;386.0;862.0;908.0;715.0;1923.0;2342.0;691.0;1103.0;196.0;949.0;1363.0;1523.0;245.0;895.0;902.0;552.0;8598.0;2192.0;177.0;1447.0;1259.0;416.0;699.0;396.0;1785.0;4021.0;4477.0;862.0;446.0;1523.0;1054.0;722.0;1523.0;8865.0;1206.0;1985.0;457.0;2168.0;1733.0;1523.0;1489.0;1381.0;1281.0;1026.0;9205.0;117.0;1523.0;1785.0;1282.0;1694.0;0.0;1095.0;901.0;1363.0;220.0;1523.0;1447.0;858.0;1240.0;86.0;187.0;1803.0;849.0;697.0;393.0;1157.0;487.0;691.0;982.0;1523.0;4251.0;2085.0;1039.0;141.0;141.0;108.0;1667.0;1983.0;8598.0;657.0;8598.0;141.0;949.0;858.0;512.0;1157.0;982.0;958.0;332.0;691.0;698.0;1523.0;366.0;209.0;787.0;843.0;1259.0;571.0;1068.0;699.0;1447.0;862.0;1667.0;1187.0;1346.0;858.0;8598.0;949.0;1358.0;528.0;1559.0;1785.0;1523.0;830.0;487.0;1270.0;1088.0;734.0;177.0;875.0;896.0;1520.0;270.0;189.0;270.0;1596.0;748.0;644.0;1560.0;949.0;787.0;77.0;714.0;2116.0;949.0;549.0;2238.0;353.0;2148.0;8598.0;121.0;1401.0;8598.0;236.0;436.0;177.0;1785.0;3953.0;949.0;796.0;177.0;1234.0;1447.0;446.0;1401.0;53.0;823.0;4251.0;4439.0;8598.0;2368.0;543.0;1054.0;657.0;353.0;1192.0;807.0;875.0;1523.0;313.0;901.0;259.0;549.0;3937.0;676.0;858.0;1261.0;1192.0;1138.0;1993.0;1157.0;158.0;976.0;561.0;1227.0;1028.0;1080.0;245.0;3419.0;2746.0;1733.0;1253.0;177.0;9400.0
259;105.0;382.0;3292.0;742.0;1181.0;1163.0;1074.0;10.0;895.0;747.0;153.0;1285.0;8241.0;2746.0;1199.0;8488.0;153.0;1831.0;1440.0;4773.0;639.0;1027.0;4966.0;2665.0;834.0;1313.0;1533.0;762.0;1210.0;763.0;1723.0;445.0;1895.0;981.0;144.0;536.0;1551.0;895.0;1522.0;1731.0;1188.0;1074.0;254.0;839.0;2064.0;2657.0;1440.0;153.0;1015.0;851.0;889.0;252.0;869.0;4760.0;173.0;1163.0;1723.0;1282.0;424.0;1288.0;1035.0;1236.0;2378.0;4991.0;570.0;869.0;325.0;10.0;699.0;8660.0;2167.0;1015.0;4760.0;4592.0;1708.0;153.0;749.0;1074.0;130.0;8241.0;1163.0;318.0;153.0;1708.0;1261.0;646.0;536.0;747.0;839.0;135.0;4939.0;1708.0;2810.0;8241.0;1782.0;1027.0;617.0;36.0;445.0;4755.0;895.0;74.0;153.0;831.0;86.0;490.0;531.0;740.0;1027.0;197.0;399.0;1320.0;2673.0;1708.0;1498.0;904.0;153.0;268.0;1731.0;851.0;940.0;195.0;546.0;8241.0;1299.0;1163.0;1723.0;201.0;701.0;600.0;805.0;1522.0;4966.0;5562.0;1027.0;653.0;1731.0;51.0;380.0;1731.0;8525.0;142.0;1288.0;639.0;1288.0;804.0;1731.0;1990.0;1764.0;197.0;70.0;8125.0;1056.0;1731.0;1522.0;1297.0;1132.0;1095.0;0.0;1551.0;311.0;1289.0;1731.0;1723.0;895.0;1455.0;1181.0;1192.0;1674.0;1934.0;560.0;717.0;1484.0;617.0;1708.0;144.0;1731.0;3200.0;1249.0;87.0;1236.0;1236.0;1204.0;748.0;2335.0;8241.0;1073.0;8241.0;1236.0;153.0;895.0;584.0;88.0;144.0;333.0;763.0;1708.0;584.0;1731.0;987.0;948.0;315.0;1217.0;201.0;581.0;87.0;1456.0;1723.0;1027.0;748.0;97.0;307.0;895.0;8241.0;153.0;1782.0;573.0;579.0;1522.0;1731.0;1914.0;617.0;314.0;86.0;501.0;1163.0;229.0;242.0;536.0;899.0;995.0;914.0;1054.0;356.0;451.0;522.0;153.0;315.0;1019.0;382.0;2451.0;153.0;550.0;2566.0;747.0;2482.0;8241.0;1143.0;331.0;8241.0;860.0;668.0;1163.0;1522.0;4809.0;153.0;1878.0;1163.0;299.0;1723.0;653.0;331.0;1055.0;1240.0;3200.0;5525.0;8241.0;2665.0;941.0;51.0;445.0;747.0;126.0;686.0;229.0;1731.0;787.0;202.0;1074.0;550.0;4886.0;420.0;895.0;1346.0;126.0;1520.0;2945.0;88.0;1216.0;322.0;1445.0;1498.0;81.0;36.0;851.0;4197.0;3583.0;804.0;186.0;1163.0;9800.0
260;1482.0;1271.0;1754.0;1039.0;882.0;831.0;1160.0;1551.0;1715.0;1071.0;1457.0;750.0;7867.0;1544.0;1823.0;8075.0;1457.0;610.0;1411.0;4673.0;1099.0;1745.0;4447.0;1482.0;2369.0;766.0;39.0;1604.0;910.0;1026.0;2345.0;1257.0;478.0;939.0;1480.0;2080.0;10.0;1715.0;2648.0;2424.0;920.0;1160.0;1805.0;1023.0;1609.0;1989.0;1411.0;1457.0;537.0;962.0;810.0;1390.0;729.0;4697.0;1715.0;1058.0;2345.0;668.0;1164.0;2725.0;798.0;879.0;1143.0;4499.0;982.0;729.0;1874.0;1551.0;1545.0;10072.0;889.0;537.0;4697.0;3050.0;1337.0;1457.0;1307.0;1160.0;1640.0;7867.0;1058.0;1314.0;1457.0;1337.0;1149.0;1511.0;2080.0;1071.0;1023.0;1421.0;4681.0;1337.0;1609.0;7867.0;488.0;1745.0;2159.0;1557.0;1257.0;4498.0;1715.0;1521.0;1457.0;873.0;1592.0;1282.0;1046.0;934.0;1745.0;1435.0;1186.0;2697.0;1450.0;1337.0;337.0;923.0;1457.0;1780.0;2424.0;962.0;705.0;1411.0;1117.0;7867.0;2832.0;1058.0;2345.0;1751.0;1149.0;951.0;1219.0;2648.0;4447.0;4525.0;1745.0;1118.0;2424.0;1533.0;1300.0;2424.0;8123.0;1692.0;2725.0;1099.0;2816.0;2338.0;2424.0;589.0;528.0;1670.0;1496.0;9558.0;1016.0;2424.0;2648.0;764.0;1471.0;901.0;1551.0;0.0;1861.0;996.0;2424.0;2345.0;1715.0;565.0;882.0;1054.0;1199.0;1246.0;991.0;974.0;2057.0;1158.0;1337.0;1508.0;2424.0;4713.0;2759.0;1542.0;879.0;879.0;882.0;2277.0;1095.0;7867.0;478.0;7867.0;879.0;1457.0;1715.0;1134.0;1637.0;1508.0;1250.0;1026.0;1337.0;967.0;2424.0;653.0;1075.0;1345.0;380.0;1751.0;1284.0;1480.0;214.0;2345.0;1745.0;2277.0;1608.0;1857.0;1715.0;7867.0;1457.0;488.0;1171.0;2123.0;2648.0;2424.0;1237.0;1158.0;1542.0;1592.0;1050.0;1058.0;1410.0;1466.0;2080.0;1121.0;786.0;1130.0;1393.0;1236.0;1210.0;1817.0;1457.0;1345.0;913.0;1271.0;1227.0;1457.0;1179.0;1348.0;1071.0;1260.0;7867.0;1006.0;1879.0;7867.0;984.0;1019.0;1058.0;2648.0;4494.0;1457.0;1222.0;1058.0;1507.0;2345.0;1118.0;1879.0;943.0;343.0;4713.0;4480.0;7867.0;1482.0;619.0;1533.0;1257.0;1071.0;1676.0;893.0;1410.0;2424.0;1047.0;1363.0;1160.0;1179.0;4358.0;1237.0;1715.0;692.0;1676.0;364.0;1452.0;1637.0;778.0;1268.0;1382.0;508.0;1470.0;1557.0;962.0;2654.0;2032.0;2338.0;1737.0;1058.0;10100.0
261;389.0;656.0;3601.0;1012.0;1449.0;1437.0;1302.0;311.0;976.0;1009.0;426.0;1565.0;8347.0;3024.0;1278.0;8600.0;426.0;2128.0;1634.0;4854.0;909.0;1112.0;5121.0;2943.0;538.0;1591.0;1844.0;872.0;1474.0;1033.0;1745.0;707.0;2201.0;1248.0;406.0;239.0;1861.0;976.0;1400.0;1733.0;1451.0;1302.0;57.0;1102.0;2276.0;2873.0;1634.0;426.0;1326.0;1124.0;1182.0;516.0;1174.0;4834.0;157.0;1407.0;1745.0;1569.0;723.0;1041.0;1319.0;1503.0;2665.0;5141.0;880.0;1174.0;42.0;311.0;830.0;8382.0;2460.0;1326.0;4834.0;4902.0;1930.0;426.0;954.0;1302.0;245.0;8347.0;1407.0;595.0;426.0;1930.0;1491.0;789.0;239.0;1009.0;1102.0;442.0;5048.0;1930.0;3088.0;8347.0;2083.0;1112.0;319.0;307.0;707.0;4866.0;976.0;348.0;426.0;1120.0;282.0;733.0;836.0;1031.0;1112.0;461.0;699.0;1102.0;2954.0;1930.0;1803.0;1178.0;426.0;172.0;1733.0;1124.0;1240.0;475.0;829.0;8347.0;1000.0;1407.0;1745.0;111.0;952.0;911.0;1029.0;1400.0;5121.0;5798.0;1112.0;917.0;1733.0;332.0;643.0;1733.0;8635.0;170.0;1041.0;909.0;991.0;509.0;1733.0;2293.0;2063.0;256.0;369.0;7843.0;1309.0;1733.0;1400.0;1575.0;1296.0;1363.0;311.0;1861.0;0.0;1541.0;1733.0;1745.0;976.0;1747.0;1449.0;1436.0;1911.0;2182.0;870.0;1003.0;1542.0;876.0;1930.0;384.0;1733.0;2902.0;963.0;334.0;1503.0;1503.0;1471.0;460.0;2623.0;8347.0;1384.0;8347.0;1503.0;426.0;976.0;855.0;225.0;384.0;630.0;1033.0;1930.0;894.0;1733.0;1290.0;1195.0;579.0;1525.0;111.0;809.0;385.0;1765.0;1745.0;1112.0;460.0;267.0;30.0;976.0;8347.0;426.0;2083.0;835.0;280.0;1400.0;1733.0;2161.0;876.0;468.0;282.0;811.0;1407.0;493.0;467.0;239.0;1140.0;1282.0;1152.0;1232.0;651.0;728.0;493.0;426.0;579.0;1288.0;656.0;2736.0;426.0;814.0;2849.0;1009.0;2766.0;8347.0;1395.0;53.0;8347.0;1128.0;952.0;1407.0;1400.0;4930.0;426.0;2125.0;1407.0;479.0;1745.0;917.0;53.0;1319.0;1549.0;2902.0;5762.0;8347.0;2943.0;1251.0;332.0;707.0;1009.0;187.0;992.0;493.0;1733.0;1050.0;505.0;1302.0;814.0;5044.0;696.0;976.0;1630.0;187.0;1824.0;3251.0;225.0;1494.0;617.0;1644.0;1794.0;392.0;307.0;1124.0;4507.0;3894.0;509.0;125.0;1407.0;9800.0
262;1185.0;907.0;2341.0;552.0;157.0;212.0;279.0;1289.0;909.0;543.0;1139.0;246.0;8775.0;2540.0;2173.0;8993.0;1139.0;1590.0;418.0;3827.0;653.0;880.0;3802.0;2477.0;1905.0;231.0;1015.0;862.0;115.0;531.0;1368.0;845.0;1472.0;320.0;1153.0;1681.0;996.0;909.0;1803.0;1456.0;125.0;279.0;1489.0;452.0;833.0;2907.0;418.0;1139.0;853.0;453.0;507.0;1298.0;1025.0;3838.0;1387.0;144.0;1368.0;329.0;897.0;2079.0;349.0;127.0;2138.0;3839.0;896.0;1025.0;1531.0;1289.0;840.0;9918.0;1884.0;853.0;3838.0;3782.0;473.0;1139.0;617.0;279.0;1418.0;8775.0;144.0;972.0;1139.0;473.0;161.0;842.0;1681.0;543.0;452.0;1167.0;3902.0;473.0;2604.0;8775.0;1475.0;880.0;1743.0;1271.0;845.0;3715.0;909.0;1310.0;1139.0;527.0;1273.0;809.0;837.0;603.0;880.0;1096.0;921.0;2001.0;2445.0;473.0;1242.0;410.0;1139.0;1556.0;1456.0;453.0;1098.0;1094.0;755.0;8775.0;2319.0;144.0;1368.0;1441.0;591.0;918.0;525.0;1803.0;3802.0;4274.0;880.0;636.0;1456.0;1245.0;910.0;1456.0;9039.0;1391.0;2079.0;653.0;2293.0;1878.0;1456.0;1582.0;1505.0;1479.0;1219.0;9375.0;233.0;1456.0;1803.0;1468.0;1911.0;220.0;1289.0;996.0;1541.0;0.0;1456.0;1368.0;909.0;1402.0;157.0;117.0;1987.0;645.0;916.0;606.0;1090.0;673.0;473.0;1167.0;1456.0;4408.0;2203.0;1226.0;127.0;127.0;141.0;1812.0;2090.0;8775.0;838.0;8775.0;127.0;1139.0;909.0;707.0;1345.0;1167.0;1172.0;531.0;473.0;918.0;1456.0;563.0;347.0;975.0;1008.0;1441.0;734.0;1268.0;783.0;1368.0;880.0;1812.0;1383.0;1522.0;909.0;8775.0;1139.0;1475.0;716.0;1718.0;1803.0;1456.0;625.0;673.0;1480.0;1273.0;952.0;144.0;1064.0;1076.0;1681.0;404.0;401.0;394.0;1813.0;950.0;840.0;1768.0;1139.0;975.0;291.0;907.0;2223.0;1139.0;739.0;2344.0;543.0;2255.0;8775.0;147.0;1583.0;8775.0;437.0;645.0;144.0;1803.0;3739.0;1139.0;590.0;144.0;1445.0;1368.0;636.0;1583.0;242.0;982.0;4408.0;4237.0;8775.0;2477.0;743.0;1245.0;845.0;543.0;1378.0;1025.0;1064.0;1456.0;503.0;1100.0;279.0;739.0;3718.0;870.0;909.0;1439.0;1378.0;1277.0;1919.0;1345.0;232.0;1190.0;391.0;1380.0;1225.0;1271.0;453.0;3395.0;2709.0;1878.0;1437.0;144.0;9200.0
263;1662.0;1557.0;3708.0;1500.0;1546.0;1594.0;1264.0;1731.0;866.0;1461.0;1626.0;1691.0;9928.0;3955.0;2929.0;10166.0;1626.0;2981.0;1091.0;3175.0;1508.0;762.0;3646.0;3887.0;1658.0;1684.0;2437.0;1015.0;1521.0;1500.0;113.0;1505.0;2901.0;1500.0;1618.0;1665.0;2424.0;866.0;705.0;10.0;1509.0;1264.0;1720.0;1463.0;1474.0;4173.0;1091.0;1626.0;2107.0;1524.0;1685.0;1935.0;2161.0;3144.0;1669.0;1369.0;113.0;1768.0;1665.0;1386.0;1638.0;1557.0;3551.0;3646.0;1838.0;2161.0;1694.0;1731.0;1091.0;9428.0;3299.0;2107.0;3144.0;5177.0;1369.0;1626.0;1229.0;1264.0;1823.0;9928.0;1369.0;1583.0;1626.0;1369.0;1296.0;1149.0;1665.0;1461.0;1463.0;1712.0;3425.0;1369.0;4020.0;9928.0;2877.0;762.0;1663.0;1695.0;1505.0;3251.0;866.0;1800.0;1626.0;1642.0;1651.0;1437.0;1723.0;1634.0;762.0;1595.0;1668.0;1223.0;3863.0;1369.0;2610.0;1543.0;1626.0;1874.0;10.0;1524.0;2256.0;1622.0;1574.0;9928.0;1813.0;1369.0;113.0;1711.0;1406.0;1888.0;1279.0;705.0;3646.0;4736.0;762.0;1474.0;10.0;1685.0;1527.0;10.0;10206.0;1708.0;1386.0;1508.0;1776.0;1650.0;10.0;3012.0;2896.0;1886.0;1695.0;8851.0;1410.0;10.0;705.0;2688.0;2819.0;1523.0;1731.0;2424.0;1733.0;1456.0;0.0;113.0;866.0;2712.0;1546.0;1377.0;3184.0;1703.0;1851.0;1598.0;367.0;1458.0;1369.0;1601.0;10.0;3906.0;1654.0;1646.0;1557.0;1557.0;1548.0;1609.0;3503.0;9928.0;2124.0;9928.0;1557.0;1626.0;866.0;1513.0;1707.0;1601.0;1908.0;1500.0;1369.0;1874.0;10.0;1833.0;1369.0;1549.0;2325.0;1711.0;1360.0;1788.0;2218.0;113.0;762.0;1609.0;1806.0;1703.0;866.0;9928.0;1626.0;2877.0;1480.0;1672.0;705.0;10.0;1689.0;1458.0;2044.0;1651.0;1836.0;1369.0;1581.0;1525.0;1665.0;1337.0;1662.0;1323.0;2729.0;1646.0;1554.0;2206.0;1626.0;1549.0;1520.0;1557.0;3636.0;1626.0;1491.0;3758.0;1461.0;3668.0;9928.0;1419.0;1785.0;9928.0;1495.0;1583.0;1369.0;705.0;3342.0;1626.0;1664.0;1369.0;2027.0;113.0;1474.0;1785.0;1484.0;2314.0;3906.0;4712.0;9928.0;3887.0;1971.0;1685.0;1505.0;1461.0;1708.0;2046.0;1581.0;10.0;1463.0;1689.0;1264.0;1491.0;3581.0;1556.0;866.0;2691.0;1708.0;2644.0;3262.0;1707.0;1651.0;1915.0;1126.0;2713.0;1737.0;1695.0;1524.0;4799.0;4100.0;1650.0;1724.0;1369.0;8100.0
264;1649.0;1527.0;3603.0;1445.0;1464.0;1514.0;1189.0;1723.0;841.0;1406.0;1611.0;1607.0;9894.0;3881.0;2917.0;10131.0;1611.0;2909.0;993.0;3134.0;1460.0;726.0;3570.0;3814.0;1705.0;1598.0;2359.0;988.0;1438.0;1444.0;10.0;1471.0;2823.0;1430.0;1604.0;1693.0;2345.0;841.0;801.0;113.0;1427.0;1189.0;1729.0;1401.0;1361.0;4121.0;993.0;1611.0;2045.0;1462.0;1622.0;1918.0;2110.0;3107.0;1672.0;1287.0;10.0;1684.0;1630.0;1463.0;1566.0;1473.0;3477.0;3573.0;1796.0;2110.0;1708.0;1723.0;1063.0;9518.0;3224.0;2045.0;3107.0;5073.0;1262.0;1611.0;1180.0;1189.0;1821.0;9894.0;1287.0;1556.0;1611.0;1262.0;1208.0;1121.0;1693.0;1406.0;1401.0;1696.0;3371.0;1262.0;3946.0;9894.0;2803.0;726.0;1696.0;1687.0;1471.0;3195.0;841.0;1791.0;1611.0;1582.0;1646.0;1402.0;1681.0;1579.0;726.0;1578.0;1635.0;1303.0;3789.0;1262.0;2540.0;1478.0;1611.0;1880.0;113.0;1462.0;2204.0;1603.0;1532.0;9894.0;1884.0;1287.0;10.0;1716.0;1355.0;1844.0;1224.0;801.0;3570.0;4634.0;726.0;1425.0;113.0;1676.0;1497.0;113.0;10172.0;1709.0;1463.0;1460.0;1846.0;1695.0;113.0;2934.0;2824.0;1886.0;1683.0;8943.0;1335.0;113.0;801.0;2634.0;2794.0;1447.0;1723.0;2345.0;1745.0;1368.0;113.0;0.0;841.0;2650.0;1464.0;1294.0;3136.0;1595.0;1809.0;1545.0;292.0;1412.0;1262.0;1589.0;113.0;3991.0;1725.0;1637.0;1473.0;1473.0;1466.0;1651.0;3429.0;9894.0;2060.0;9894.0;1473.0;1611.0;841.0;1469.0;1705.0;1589.0;1883.0;1444.0;1262.0;1831.0;113.0;1766.0;1301.0;1524.0;2259.0;1716.0;1321.0;1776.0;2137.0;10.0;726.0;1651.0;1802.0;1715.0;841.0;9894.0;1611.0;2803.0;1437.0;1702.0;801.0;113.0;1581.0;1412.0;2035.0;1646.0;1798.0;1287.0;1562.0;1509.0;1693.0;1273.0;1592.0;1258.0;2702.0;1616.0;1518.0;2210.0;1611.0;1524.0;1447.0;1527.0;3562.0;1611.0;1450.0;3684.0;1406.0;3594.0;9894.0;1339.0;1798.0;9894.0;1433.0;1532.0;1287.0;801.0;3281.0;1611.0;1556.0;1287.0;2016.0;10.0;1425.0;1798.0;1409.0;2247.0;3991.0;4610.0;9894.0;3814.0;1910.0;1676.0;1471.0;1406.0;1708.0;2002.0;1562.0;113.0;1406.0;1668.0;1189.0;1450.0;3504.0;1523.0;841.0;2635.0;1708.0;2575.0;3156.0;1705.0;1569.0;1891.0;1027.0;2648.0;1724.0;1687.0;1462.0;4696.0;3997.0;1695.0;1729.0;1287.0;8100.0
265;814.0;691.0;3243.0;695.0;917.0;946.0;634.0;895.0;10.0;658.0;774.0;1076.0;9061.0;3190.0;2080.0;9300.0;774.0;2212.0;779.0;3888.0;674.0;136.0;4155.0;3117.0;1130.0;1084.0;1718.0;149.0;914.0;702.0;841.0;641.0;2174.0;786.0;768.0;999.0;1715.0;10.0;934.0;866.0;893.0;634.0;947.0;693.0;1415.0;3329.0;779.0;774.0;1308.0;755.0;913.0;1078.0;1324.0;3872.0;872.0;771.0;841.0;1131.0;802.0;1185.0;925.0;953.0;2791.0;4172.0;985.0;1324.0;945.0;895.0;226.0;9164.0;2545.0;1308.0;3872.0;4668.0;1121.0;774.0;413.0;634.0;1004.0;9061.0;771.0;717.0;774.0;1121.0;778.0;283.0;999.0;658.0;693.0;857.0;4072.0;1121.0;3256.0;9061.0;2121.0;136.0;1032.0;860.0;641.0;3890.0;10.0;960.0;774.0;856.0;824.0;574.0;868.0;823.0;136.0;739.0;804.0;1095.0;3103.0;1121.0;1838.0;792.0;774.0;1085.0;866.0;755.0;1419.0;763.0;723.0;9061.0;1478.0;771.0;841.0;923.0;588.0;1035.0;496.0;934.0;4155.0;4942.0;136.0;643.0;866.0;846.0;660.0;866.0;9340.0;904.0;1185.0;674.0;1447.0;1109.0;866.0;2284.0;2129.0;1071.0;850.0;8607.0;746.0;866.0;934.0;1851.0;1954.0;858.0;895.0;1715.0;976.0;909.0;866.0;841.0;0.0;1906.0;917.0;794.0;2334.0;1439.0;995.0;783.0;589.0;618.0;1121.0;756.0;866.0;3620.0;1344.0;809.0;953.0;953.0;930.0;1048.0;2743.0;9061.0;1337.0;9061.0;953.0;774.0;10.0;668.0;889.0;756.0;1043.0;702.0;1121.0;1020.0;866.0;1071.0;654.0;684.0;1538.0;923.0;506.0;941.0;1531.0;841.0;136.0;1048.0;981.0;948.0;10.0;9061.0;774.0;2121.0;632.0;1023.0;934.0;866.0;1420.0;618.0;1203.0;824.0;976.0;771.0;722.0;671.0;999.0;600.0;930.0;595.0;1863.0;780.0;691.0;1402.0;774.0;684.0;820.0;691.0;2873.0;774.0;639.0;2996.0;658.0;2906.0;9061.0;799.0;1030.0;9061.0;732.0;756.0;771.0;934.0;3954.0;774.0;1385.0;771.0;1182.0;841.0;643.0;1030.0;807.0;1535.0;3620.0;4910.0;9061.0;3117.0;1175.0;846.0;641.0;658.0;900.0;1193.0;722.0;866.0;674.0;827.0;634.0;639.0;4080.0;692.0;10.0;1864.0;900.0;1870.0;2827.0;889.0;1014.0;1050.0;801.0;1917.0;888.0;860.0;755.0;4277.0;3601.0;1109.0;932.0;771.0;9000.0
266;1421.0;1301.0;2099.0;1218.0;1256.0;1199.0;1480.0;1455.0;1906.0;1257.0;1414.0;1171.0;7377.0;1308.0;1357.0;7593.0;1414.0;385.0;1813.0;5187.0;1232.0;1972.0;5005.0;1230.0;2284.0;1197.0;526.0;1770.0;1295.0;1215.0;2650.0;1318.0;531.0;1228.0;1436.0;1985.0;565.0;1906.0;2801.0;2712.0;1296.0;1480.0;1696.0;1249.0;2122.0;1506.0;1813.0;1414.0;605.0;1188.0;1028.0;1232.0;610.0;5206.0;1628.0;1416.0;2650.0;1090.0;1176.0;2729.0;1104.0;1275.0;926.0;5055.0;967.0;610.0;1772.0;1455.0;1698.0;9698.0;713.0;605.0;5206.0;3225.0;1815.0;1414.0;1499.0;1480.0;1504.0;7377.0;1416.0;1320.0;1414.0;1815.0;1531.0;1650.0;1985.0;1257.0;1249.0;1349.0;5216.0;1815.0;1374.0;7377.0;375.0;1972.0;2066.0;1474.0;1318.0;5031.0;1906.0;1403.0;1414.0;1070.0;1521.0;1368.0;1073.0;1085.0;1972.0;1408.0;1189.0;2738.0;1228.0;1815.0;231.0;1173.0;1414.0;1623.0;2712.0;1188.0;524.0;1378.0;1199.0;7377.0;2747.0;1416.0;2650.0;1648.0;1320.0;918.0;1436.0;2801.0;5005.0;5073.0;1972.0;1263.0;2712.0;1456.0;1336.0;2712.0;7640.0;1593.0;2729.0;1232.0;2738.0;2255.0;2712.0;591.0;334.0;1512.0;1420.0;9199.0;1337.0;2712.0;2801.0;250.0;994.0;1240.0;1455.0;565.0;1747.0;1402.0;2712.0;2650.0;1906.0;0.0;1256.0;1422.0;637.0;1778.0;965.0;1124.0;2358.0;1290.0;1815.0;1467.0;2712.0;4450.0;2704.0;1478.0;1275.0;1275.0;1265.0;2202.0;882.0;7377.0;591.0;7377.0;1275.0;1414.0;1906.0;1244.0;1542.0;1467.0;1122.0;1215.0;1815.0;936.0;2712.0;888.0;1351.0;1358.0;397.0;1648.0;1410.0;1370.0;721.0;2650.0;1972.0;2202.0;1481.0;1752.0;1906.0;7377.0;1414.0;375.0;1283.0;2027.0;2801.0;2712.0;1767.0;1290.0;1333.0;1521.0;1010.0;1416.0;1394.0;1461.0;1985.0;1377.0;1068.0;1391.0;935.0;1234.0;1264.0;1557.0;1414.0;1358.0;1218.0;1301.0;1002.0;1414.0;1280.0;1121.0;1257.0;1034.0;7377.0;1360.0;1749.0;7377.0;1217.0;1150.0;1416.0;2801.0;5034.0;1414.0;1748.0;1416.0;1306.0;2650.0;1263.0;1749.0;1264.0;419.0;4450.0;5027.0;7377.0;1230.0;741.0;1456.0;1318.0;1257.0;1577.0;784.0;1394.0;2712.0;1250.0;1311.0;1480.0;1280.0;4916.0;1279.0;1906.0;165.0;1577.0;213.0;1882.0;1542.0;1169.0;1134.0;1789.0;73.0;1381.0;1474.0;1188.0;2837.0;2298.0;2255.0;1629.0;1416.0;10600.0
267;1080.0;800.0;2329.0;440.0;10.0;57.0;295.0;1181.0;917.0;440.0;1035.0;160.0;8625.0;2423.0;2023.0;8845.0;1035.0;1463.0;556.0;3983.0;543.0;911.0;3954.0;2359.0;1844.0;168.0;897.0;846.0;43.0;418.0;1464.0;743.0;1360.0;201.0;1051.0;1604.0;882.0;917.0;1837.0;1546.0;40.0;295.0;1395.0;347.0;985.0;2762.0;556.0;1035.0;698.0;331.0;356.0;1170.0;868.0;3994.0;1293.0;177.0;1464.0;225.0;775.0;2058.0;194.0;55.0;2020.0;3992.0;752.0;868.0;1442.0;1181.0;811.0;9831.0;1766.0;698.0;3994.0;3751.0;627.0;1035.0;571.0;295.0;1308.0;8625.0;177.0;864.0;1035.0;627.0;276.0;803.0;1604.0;440.0;347.0;1055.0;4059.0;627.0;2488.0;8625.0;1350.0;911.0;1670.0;1166.0;743.0;3872.0;917.0;1196.0;1035.0;385.0;1174.0;717.0;704.0;467.0;911.0;994.0;799.0;1992.0;2330.0;627.0;1106.0;280.0;1035.0;1449.0;1546.0;331.0;941.0;988.0;638.0;8625.0;2272.0;177.0;1464.0;1345.0;501.0;772.0;472.0;1837.0;3954.0;4393.0;911.0;533.0;1546.0;1140.0;808.0;1546.0;8891.0;1292.0;2058.0;543.0;2248.0;1816.0;1546.0;1471.0;1377.0;1367.0;1112.0;9291.0;173.0;1546.0;1837.0;1314.0;1756.0;86.0;1181.0;882.0;1449.0;157.0;1546.0;1464.0;917.0;1256.0;0.0;173.0;1834.0;767.0;772.0;476.0;1178.0;573.0;627.0;1068.0;1546.0;4335.0;2164.0;1125.0;55.0;55.0;23.0;1750.0;1972.0;8625.0;685.0;8625.0;55.0;1035.0;917.0;598.0;1244.0;1068.0;1039.0;418.0;627.0;772.0;1546.0;406.0;283.0;873.0;861.0;1345.0;655.0;1153.0;673.0;1464.0;911.0;1750.0;1273.0;1432.0;917.0;8625.0;1035.0;1350.0;614.0;1643.0;1837.0;1546.0;748.0;573.0;1353.0;1174.0;812.0;177.0;961.0;982.0;1604.0;345.0;246.0;342.0;1658.0;833.0;730.0;1644.0;1035.0;873.0;162.0;800.0;2105.0;1035.0;636.0;2226.0;440.0;2137.0;8625.0;128.0;1488.0;8625.0;322.0;521.0;177.0;1837.0;3896.0;1035.0;714.0;177.0;1317.0;1464.0;533.0;1488.0;133.0;837.0;4335.0;4355.0;8625.0;2359.0;587.0;1140.0;743.0;440.0;1278.0;872.0;961.0;1546.0;399.0;987.0;295.0;636.0;3869.0;762.0;917.0;1288.0;1278.0;1141.0;1920.0;1244.0;106.0;1057.0;533.0;1238.0;1113.0;1166.0;331.0;3361.0;2684.0;1816.0;1339.0;177.0;9300.0
268;1088.0;812.0;2452.0;466.0;173.0;228.0;163.0;1192.0;794.0;451.0;1041.0;315.0;8784.0;2596.0;2118.0;9006.0;1041.0;1635.0;394.0;3846.0;563.0;771.0;3858.0;2531.0;1791.0;312.0;1070.0;745.0;145.0;447.0;1294.0;747.0;1532.0;254.0;1054.0;1570.0;1054.0;794.0;1696.0;1377.0;134.0;163.0;1385.0;365.0;898.0;2927.0;394.0;1041.0;850.0;378.0;465.0;1216.0;1000.0;3853.0;1284.0;30.0;1294.0;391.0;813.0;1962.0;329.0;180.0;2193.0;3893.0;834.0;1000.0;1425.0;1192.0;724.0;9809.0;1939.0;850.0;3853.0;3888.0;533.0;1041.0;503.0;163.0;1322.0;8784.0;30.0;876.0;1041.0;533.0;111.0;726.0;1570.0;451.0;365.0;1074.0;3935.0;533.0;2661.0;8784.0;1523.0;771.0;1631.0;1172.0;747.0;3749.0;794.0;1217.0;1041.0;472.0;1172.0;707.0;764.0;537.0;771.0;997.0;836.0;1885.0;2502.0;533.0;1278.0;345.0;1041.0;1457.0;1377.0;378.0;1080.0;997.0;668.0;8784.0;2203.0;30.0;1294.0;1338.0;491.0;861.0;413.0;1696.0;3858.0;4370.0;771.0;543.0;1377.0;1146.0;812.0;1377.0;9051.0;1289.0;1962.0;563.0;2176.0;1764.0;1377.0;1643.0;1550.0;1385.0;1123.0;9264.0;142.0;1377.0;1696.0;1469.0;1869.0;187.0;1192.0;1054.0;1436.0;117.0;1377.0;1294.0;794.0;1422.0;173.0;0.0;1989.0;745.0;854.0;533.0;1009.0;576.0;533.0;1066.0;1377.0;4296.0;2086.0;1127.0;180.0;180.0;172.0;1698.0;2145.0;8784.0;843.0;8784.0;180.0;1041.0;794.0;615.0;1245.0;1066.0;1096.0;447.0;533.0;859.0;1377.0;553.0;244.0;877.0;1026.0;1338.0;628.0;1176.0;844.0;1294.0;771.0;1698.0;1287.0;1416.0;794.0;8784.0;1041.0;1523.0;621.0;1607.0;1696.0;1377.0;725.0;576.0;1397.0;1172.0;884.0;30.0;965.0;973.0;1570.0;297.0;375.0;285.0;1771.0;861.0;747.0;1681.0;1041.0;877.0;237.0;812.0;2278.0;1041.0;644.0;2399.0;451.0;2310.0;8784.0;68.0;1479.0;8784.0;357.0;566.0;30.0;1696.0;3778.0;1041.0;689.0;30.0;1362.0;1294.0;543.0;1479.0;183.0;1004.0;4296.0;4333.0;8784.0;2531.0;730.0;1146.0;747.0;451.0;1276.0;980.0;965.0;1377.0;413.0;1008.0;163.0;644.0;3775.0;777.0;794.0;1447.0;1276.0;1312.0;2032.0;1245.0;276.0;1114.0;374.0;1407.0;1132.0;1172.0;378.0;3499.0;2816.0;1764.0;1335.0;30.0;9200.0
269;1679.0;1660.0;2529.0;1695.0;1834.0;1777.0;2018.0;1674.0;2334.0;1733.0;1690.0;1771.0;6797.0;1227.0;1049.0;7022.0;1690.0;773.0;2383.0;5802.0;1677.0;2424.0;5641.0;1146.0;2435.0;1800.0;1161.0;2188.0;1875.0;1698.0;3136.0;1699.0;1017.0;1767.0;1709.0;2145.0;1199.0;2334.0;3159.0;3184.0;1872.0;2018.0;1871.0;1751.0;2745.0;997.0;2383.0;1690.0;1139.0;1696.0;1550.0;1422.0;1028.0;5818.0;1832.0;1978.0;3136.0;1694.0;1539.0;2949.0;1661.0;1861.0;982.0;5691.0;1349.0;1028.0;1945.0;1674.0;2111.0;9369.0;914.0;1139.0;5818.0;3449.0;2425.0;1690.0;1956.0;2018.0;1674.0;6797.0;1978.0;1655.0;1690.0;2425.0;2101.0;2057.0;2145.0;1733.0;1751.0;1608.0;5844.0;2425.0;1282.0;6797.0;860.0;2424.0;2222.0;1703.0;1699.0;5658.0;2334.0;1606.0;1690.0;1574.0;1756.0;1762.0;1466.0;1562.0;2424.0;1701.0;1542.0;2993.0;1186.0;2425.0;862.0;1695.0;1690.0;1753.0;3184.0;1696.0;935.0;1669.0;1612.0;6797.0;2871.0;1978.0;3136.0;1833.0;1781.0;1299.0;1915.0;3159.0;5641.0;5673.0;2424.0;1711.0;3184.0;1694.0;1694.0;3184.0;7066.0;1790.0;2949.0;1677.0;2870.0;2407.0;3184.0;1013.0;797.0;1655.0;1664.0;8891.0;1884.0;3184.0;3159.0;521.0;736.0;1803.0;1674.0;1199.0;1911.0;1987.0;3184.0;3136.0;2334.0;637.0;1834.0;1989.0;0.0;2410.0;1339.0;1594.0;2849.0;1726.0;2425.0;1737.0;3184.0;4308.0;2862.0;1726.0;1861.0;1861.0;1847.0;2367.0;960.0;6797.0;1149.0;6797.0;1861.0;1690.0;2334.0;1672.0;1750.0;1737.0;1368.0;1698.0;2425.0;1314.0;3184.0;1437.0;1873.0;1693.0;989.0;1833.0;1829.0;1588.0;1356.0;3136.0;2424.0;2367.0;1662.0;1925.0;2334.0;6797.0;1690.0;860.0;1706.0;2182.0;3159.0;3184.0;2397.0;1726.0;1444.0;1756.0;1362.0;1978.0;1698.0;1767.0;2145.0;1885.0;1617.0;1902.0;744.0;1576.0;1646.0;1566.0;1690.0;1693.0;1766.0;1660.0;1019.0;1690.0;1696.0;1098.0;1733.0;1040.0;6797.0;1923.0;1894.0;6797.0;1726.0;1604.0;1978.0;3159.0;5665.0;1690.0;2377.0;1978.0;1431.0;3136.0;1711.0;1894.0;1817.0;1023.0;4308.0;5626.0;6797.0;1146.0;1264.0;1694.0;1699.0;1733.0;1777.0;1141.0;1698.0;3184.0;1738.0;1595.0;2018.0;1696.0;5552.0;1650.0;2334.0;552.0;1777.0;837.0;2392.0;1750.0;1759.0;1371.0;2363.0;691.0;1618.0;1703.0;1696.0;3081.0;2648.0;2407.0;1813.0;1978.0;11200.0
270;1830.0;1552.0;2022.0;1196.0;767.0;801.0;885.0;1934.0;1439.0;1188.0;1783.0;719.0;9108.0;2685.0;2763.0;9313.0;1783.0;1843.0;681.0;3429.0;1298.0;1366.0;3249.0;2637.0;2516.0;685.0;1280.0;1436.0;732.0;1175.0;1595.0;1489.0;1653.0;960.0;1797.0;2310.0;1246.0;1439.0;2221.0;1703.0;752.0;885.0;2130.0;1097.0;386.0;3233.0;681.0;1783.0;1356.0;1093.0;1115.0;1936.0;1568.0;3456.0;2029.0;775.0;1595.0;771.0;1539.0;2622.0;948.0;714.0;2307.0;3294.0;1515.0;1568.0;2169.0;1934.0;1433.0;10549.0;2065.0;1356.0;3456.0;3496.0;343.0;1783.0;1238.0;885.0;2063.0;9108.0;775.0;1617.0;1783.0;343.0;698.0;1448.0;2310.0;1188.0;1097.0;1812.0;3439.0;343.0;2743.0;9108.0;1718.0;1366.0;2367.0;1915.0;1489.0;3254.0;1439.0;1955.0;1783.0;1150.0;1917.0;1452.0;1471.0;1234.0;1366.0;1741.0;1563.0;2521.0;2588.0;343.0;1570.0;1046.0;1783.0;2200.0;1703.0;1093.0;1623.0;1739.0;1398.0;9108.0;2907.0;775.0;1595.0;2083.0;1234.0;1530.0;1154.0;2221.0;3249.0;3629.0;1366.0;1281.0;1703.0;1889.0;1555.0;1703.0;9362.0;2034.0;2622.0;1298.0;2878.0;2491.0;1703.0;1748.0;1766.0;2124.0;1864.0;10001.0;877.0;1703.0;2221.0;1914.0;2471.0;849.0;1934.0;1246.0;2182.0;645.0;1703.0;1595.0;1439.0;1778.0;767.0;745.0;2410.0;0.0;1535.0;1242.0;1380.0;1317.0;343.0;1811.0;1703.0;5025.0;2779.0;1871.0;714.0;714.0;745.0;2425.0;2263.0;9108.0;1319.0;9108.0;714.0;1783.0;1439.0;1352.0;1989.0;1811.0;1806.0;1175.0;343.0;1532.0;1703.0;1115.0;989.0;1620.0;1432.0;2083.0;1373.0;1913.0;1059.0;1595.0;1366.0;2425.0;2028.0;2161.0;1439.0;9108.0;1783.0;1718.0;1361.0;2345.0;2221.0;1703.0;21.0;1317.0;2119.0;1917.0;1577.0;775.0;1708.0;1718.0;2310.0;1042.0;999.0;1029.0;2376.0;1594.0;1485.0;2409.0;1783.0;1620.0;925.0;1552.0;2388.0;1783.0;1384.0;2498.0;1188.0;2417.0;9108.0;791.0;2224.0;9108.0;1079.0;1285.0;775.0;2221.0;3256.0;1783.0;57.0;775.0;2083.0;1595.0;1281.0;2224.0;883.0;1395.0;5025.0;3592.0;9108.0;2637.0;1283.0;1889.0;1489.0;1188.0;2021.0;1612.0;1708.0;1703.0;1148.0;1745.0;885.0;1384.0;3162.0;1515.0;1439.0;1864.0;2021.0;1600.0;1570.0;1989.0;770.0;1824.0;651.0;1735.0;1870.0;1915.0;1093.0;3128.0;2425.0;2491.0;2080.0;775.0;8900.0
271;493.0;338.0;2734.0;416.0;772.0;734.0;802.0;560.0;995.0;448.0;472.0;827.0;8089.0;2273.0;1266.0;8323.0;472.0;1320.0;1205.0;4662.0;360.0;1089.0;4712.0;2195.0;1381.0;859.0;975.0;849.0;811.0;429.0;1809.0;364.0;1355.0;601.0;495.0;1089.0;991.0;995.0;1848.0;1851.0;794.0;802.0;813.0;506.0;1747.0;2334.0;1205.0;472.0;458.0;477.0;420.0;435.0;355.0;4663.0;724.0;830.0;1809.0;799.0;212.0;1778.0;587.0;824.0;1888.0;4746.0;20.0;355.0;883.0;560.0;773.0;9171.0;1660.0;458.0;4663.0;4037.0;1384.0;472.0;632.0;802.0;655.0;8089.0;830.0;356.0;472.0;1384.0;953.0;719.0;1089.0;448.0;506.0;430.0;4774.0;1384.0;2339.0;8089.0;1256.0;1089.0;1169.0;565.0;364.0;4588.0;995.0;535.0;472.0;388.0;602.0;424.0;128.0;317.0;1089.0;457.0;224.0;1777.0;2193.0;1384.0;966.0;509.0;472.0;799.0;1851.0;477.0;445.0;429.0;277.0;8089.0;1846.0;830.0;1809.0;760.0;470.0;47.0;613.0;1848.0;4712.0;5146.0;1089.0;395.0;1851.0;542.0;372.0;1851.0;8365.0;701.0;1778.0;360.0;1832.0;1351.0;1851.0;1455.0;1246.0;694.0;504.0;8644.0;714.0;1851.0;1848.0;867.0;1039.0;697.0;560.0;991.0;870.0;916.0;1851.0;1809.0;995.0;965.0;772.0;854.0;1339.0;1535.0;0.0;326.0;1527.0;399.0;1384.0;525.0;1851.0;3746.0;1782.0;552.0;824.0;824.0;794.0;1291.0;1842.0;8089.0;514.0;8089.0;824.0;472.0;995.0;341.0;645.0;525.0;291.0;429.0;1384.0;29.0;1851.0;463.0;645.0;393.0;671.0;760.0;491.0;492.0;901.0;1809.0;1089.0;1291.0;623.0;866.0;995.0;8089.0;472.0;1256.0;372.0;1132.0;1848.0;1851.0;1516.0;399.0;614.0;602.0;60.0;830.0;437.0;502.0;1089.0;629.0;536.0;648.0;941.0;270.0;310.0;909.0;472.0;393.0;626.0;338.0;1965.0;472.0;359.0;2085.0;448.0;1998.0;8089.0;788.0;889.0;8089.0;501.0;308.0;830.0;1848.0;4623.0;472.0;1483.0;830.0;576.0;1809.0;395.0;889.0;677.0;689.0;3746.0;5107.0;8089.0;2195.0;383.0;542.0;364.0;448.0;684.0;199.0;437.0;1851.0;471.0;374.0;802.0;359.0;4628.0;320.0;995.0;892.0;684.0;991.0;2394.0;645.0;768.0;310.0;1196.0;995.0;479.0;565.0;477.0;3642.0;3023.0;1351.0;746.0;830.0;9900.0
272;620.0;348.0;2642.0;101.0;476.0;450.0;476.0;717.0;783.0;139.0;579.0;568.0;8376.0;2409.0;1591.0;8606.0;579.0;1432.0;878.0;4339.0;124.0;849.0;4390.0;2335.0;1451.0;596.0;970.0;653.0;511.0;107.0;1545.0;307.0;1410.0;286.0;598.0;1185.0;974.0;783.0;1698.0;1598.0;491.0;476.0;947.0;180.0;1430.0;2576.0;878.0;579.0;525.0;155.0;184.0;694.0;566.0;4340.0;846.0;507.0;1545.0;566.0;300.0;1756.0;318.0;530.0;2010.0;4423.0;307.0;566.0;1003.0;717.0;585.0;9377.0;1767.0;525.0;4340.0;4006.0;1065.0;579.0;375.0;476.0;840.0;8376.0;507.0;408.0;579.0;1065.0;628.0;545.0;1185.0;139.0;180.0;586.0;4448.0;1065.0;2475.0;8376.0;1344.0;849.0;1257.0;707.0;307.0;4262.0;783.0;725.0;579.0;119.0;722.0;314.0;232.0;41.0;849.0;542.0;325.0;1724.0;2322.0;1065.0;1058.0;197.0;579.0;984.0;1598.0;155.0;660.0;530.0;175.0;8376.0;1902.0;507.0;1545.0;895.0;196.0;342.0;321.0;1698.0;4390.0;4869.0;849.0;146.0;1598.0;680.0;365.0;1598.0;8649.0;839.0;1756.0;124.0;1882.0;1421.0;1598.0;1518.0;1350.0;896.0;649.0;8842.0;391.0;1598.0;1698.0;1090.0;1362.0;393.0;717.0;974.0;1003.0;606.0;1598.0;1545.0;783.0;1124.0;476.0;533.0;1594.0;1242.0;326.0;0.0;1255.0;183.0;1065.0;619.0;1598.0;3905.0;1812.0;671.0;530.0;530.0;499.0;1356.0;1963.0;8376.0;557.0;8376.0;530.0;579.0;783.0;165.0;787.0;619.0;566.0;107.0;1065.0;336.0;1598.0;325.0;319.0;426.0;756.0;895.0;310.0;682.0;823.0;1545.0;849.0;1356.0;805.0;990.0;783.0;8376.0;579.0;1344.0;199.0;1226.0;1698.0;1598.0;1223.0;183.0;877.0;722.0;352.0;507.0;511.0;546.0;1185.0;307.0;279.0;326.0;1263.0;363.0;276.0;1168.0;579.0;426.0;317.0;348.0;2092.0;579.0;211.0;2214.0;139.0;2125.0;8376.0;470.0;1037.0;8376.0;176.0;52.0;507.0;1698.0;4297.0;579.0;1189.0;507.0;841.0;1545.0;146.0;1037.0;363.0;756.0;3905.0;4831.0;8376.0;2335.0;393.0;680.0;307.0;139.0;824.0;484.0;511.0;1598.0;150.0;518.0;476.0;211.0;4307.0;309.0;783.0;1093.0;824.0;1089.0;2268.0;787.0;499.0;585.0;870.0;1134.0;645.0;707.0;155.0;3611.0;2963.0;1421.0;886.0;507.0;9600.0
273;1402.0;1257.0;3364.0;1155.0;1178.0;1227.0;899.0;1484.0;589.0;1117.0;1362.0;1324.0;9616.0;3591.0;2666.0;9850.0;1362.0;2618.0;738.0;3313.0;1174.0;461.0;3655.0;3523.0;1580.0;1317.0;2070.0;729.0;1154.0;1154.0;292.0;1199.0;2535.0;1138.0;1357.0;1522.0;2057.0;589.0;872.0;367.0;1141.0;899.0;1518.0;1110.0;1199.0;3831.0;738.0;1362.0;1754.0;1170.0;1330.0;1663.0;1821.0;3293.0;1451.0;1002.0;292.0;1400.0;1355.0;1435.0;1274.0;1189.0;3187.0;3665.0;1513.0;1821.0;1507.0;1484.0;800.0;9510.0;2934.0;1754.0;3293.0;4828.0;1039.0;1362.0;896.0;899.0;1590.0;9616.0;1002.0;1291.0;1362.0;1039.0;929.0;858.0;1522.0;1117.0;1110.0;1443.0;3518.0;1039.0;3656.0;9616.0;2513.0;461.0;1537.0;1448.0;1199.0;3337.0;589.0;1548.0;1362.0;1290.0;1411.0;1129.0;1399.0;1289.0;461.0;1326.0;1361.0;1292.0;3499.0;1039.0;2249.0;1186.0;1362.0;1663.0;367.0;1170.0;1915.0;1349.0;1250.0;9616.0;1825.0;1002.0;292.0;1500.0;1068.0;1561.0;934.0;872.0;3655.0;4602.0;461.0;1139.0;367.0;1434.0;1229.0;367.0;9892.0;1486.0;1435.0;1174.0;1789.0;1566.0;367.0;2646.0;2533.0;1657.0;1438.0;8941.0;1045.0;367.0;872.0;2345.0;2526.0;1157.0;1484.0;2057.0;1542.0;1090.0;367.0;292.0;589.0;2358.0;1178.0;1009.0;2849.0;1380.0;1527.0;1255.0;0.0;1129.0;1039.0;1345.0;367.0;3966.0;1671.0;1397.0;1189.0;1189.0;1181.0;1514.0;3139.0;9616.0;1768.0;9616.0;1189.0;1362.0;589.0;1186.0;1475.0;1345.0;1618.0;1154.0;1039.0;1548.0;367.0;1474.0;1009.0;1262.0;1967.0;1500.0;1043.0;1529.0;1851.0;292.0;461.0;1514.0;1568.0;1512.0;589.0;9616.0;1362.0;2513.0;1156.0;1537.0;872.0;367.0;1365.0;1129.0;1791.0;1411.0;1519.0;1002.0;1307.0;1259.0;1522.0;981.0;1300.0;966.0;2433.0;1346.0;1243.0;1987.0;1362.0;1262.0;1156.0;1257.0;3271.0;1362.0;1170.0;3394.0;1117.0;3304.0;9616.0;1052.0;1595.0;9616.0;1141.0;1245.0;1002.0;872.0;3411.0;1362.0;1337.0;1002.0;1770.0;292.0;1139.0;1595.0;1119.0;1955.0;3966.0;4575.0;9616.0;3523.0;1618.0;1434.0;1199.0;1117.0;1483.0;1718.0;1307.0;367.0;1115.0;1410.0;899.0;1170.0;3584.0;1250.0;589.0;2344.0;1483.0;2283.0;2921.0;1475.0;1284.0;1627.0;772.0;2356.0;1476.0;1448.0;1170.0;4448.0;3752.0;1566.0;1510.0;1002.0;8400.0
274;513.0;236.0;2812.0;141.0;573.0;563.0;469.0;617.0;618.0;134.0;466.0;694.0;8488.0;2583.0;1619.0;8722.0;466.0;1608.0;860.0;4290.0;60.0;698.0;4395.0;2508.0;1291.0;719.0;1154.0;480.0;599.0;162.0;1412.0;172.0;1592.0;373.0;481.0;1037.0;1158.0;618.0;1520.0;1458.0;576.0;469.0;822.0;226.0;1460.0;2717.0;860.0;466.0;700.0;253.0;357.0;657.0;707.0;4287.0;720.0;547.0;1412.0;709.0;262.0;1576.0;457.0;627.0;2186.0;4425.0;385.0;707.0;869.0;617.0;409.0;9258.0;1945.0;700.0;4287.0;4185.0;1099.0;466.0;233.0;469.0;746.0;8488.0;547.0;300.0;466.0;1099.0;650.0;365.0;1037.0;134.0;226.0;498.0;4419.0;1099.0;2649.0;8488.0;1523.0;698.0;1106.0;598.0;172.0;4233.0;618.0;641.0;466.0;291.0;602.0;147.0;272.0;225.0;698.0;424.0;279.0;1541.0;2497.0;1099.0;1235.0;308.0;466.0;883.0;1458.0;253.0;802.0;421.0;126.0;8488.0;1735.0;547.0;1412.0;772.0;90.0;432.0;226.0;1520.0;4395.0;4945.0;698.0;44.0;1458.0;572.0;238.0;1458.0;8763.0;720.0;1576.0;60.0;1714.0;1262.0;1458.0;1700.0;1527.0;809.0;547.0;8718.0;440.0;1458.0;1520.0;1235.0;1425.0;487.0;617.0;1158.0;876.0;673.0;1458.0;1412.0;618.0;1290.0;573.0;576.0;1726.0;1317.0;399.0;183.0;1129.0;0.0;1099.0;496.0;1458.0;3767.0;1641.0;554.0;627.0;627.0;595.0;1197.0;2139.0;8488.0;735.0;8488.0;627.0;466.0;618.0;59.0;673.0;496.0;555.0;162.0;1099.0;420.0;1458.0;507.0;333.0;303.0;932.0;772.0;127.0;601.0;1003.0;1412.0;698.0;1197.0;711.0;859.0;618.0;8488.0;466.0;1523.0;45.0;1078.0;1520.0;1458.0;1297.0;10.0;832.0;602.0;397.0;547.0;391.0;409.0;1037.0;289.0;431.0;306.0;1328.0;293.0;173.0;1109.0;466.0;303.0;413.0;236.0;2267.0;466.0;69.0;2389.0;134.0;2300.0;8488.0;526.0;915.0;8488.0;253.0;143.0;547.0;1520.0;4275.0;466.0;1262.0;547.0;799.0;1412.0;44.0;915.0;443.0;934.0;3767.0;4908.0;8488.0;2508.0;571.0;572.0;172.0;134.0;706.0;590.0;391.0;1458.0;175.0;433.0;469.0;69.0;4314.0;201.0;618.0;1246.0;706.0;1266.0;2431.0;673.0;623.0;570.0;859.0;1304.0;556.0;598.0;253.0;3790.0;3139.0;1262.0;767.0;547.0;9500.0
275;1603.0;1333.0;2342.0;998.0;627.0;677.0;634.0;1708.0;1121.0;980.0;1555.0;654.0;9189.0;2850.0;2644.0;9402.0;1555.0;1947.0;346.0;3378.0;1092.0;1037.0;3330.0;2795.0;2224.0;625.0;1365.0;1134.0;585.0;979.0;1262.0;1266.0;1789.0;783.0;1566.0;2036.0;1337.0;1121.0;1878.0;1369.0;597.0;634.0;1882.0;897.0;364.0;3310.0;346.0;1555.0;1308.0;911.0;979.0;1748.0;1492.0;3393.0;1783.0;559.0;1262.0;731.0;1344.0;2296.0;821.0;585.0;2458.0;3366.0;1364.0;1492.0;1913.0;1708.0;1142.0;10265.0;2208.0;1308.0;3393.0;3814.0;10.0;1555.0;976.0;634.0;1838.0;9189.0;559.0;1397.0;1555.0;10.0;448.0;1164.0;2036.0;980.0;897.0;1596.0;3437.0;10.0;2911.0;9189.0;1825.0;1037.0;2088.0;1685.0;1266.0;3251.0;1121.0;1738.0;1555.0;997.0;1679.0;1218.0;1297.0;1068.0;1037.0;1511.0;1366.0;2189.0;2753.0;10.0;1630.0;874.0;1555.0;1968.0;1369.0;911.0;1562.0;1514.0;1199.0;9189.0;2597.0;559.0;1262.0;1838.0;1010.0;1388.0;905.0;1878.0;3330.0;3869.0;1037.0;1069.0;1369.0;1660.0;1330.0;1369.0;9449.0;1793.0;2296.0;1092.0;2567.0;2199.0;1369.0;1893.0;1865.0;1903.0;1639.0;9713.0;675.0;1369.0;1878.0;1910.0;2383.0;691.0;1708.0;1337.0;1930.0;473.0;1369.0;1262.0;1121.0;1815.0;627.0;533.0;2425.0;343.0;1384.0;1065.0;1039.0;1099.0;0.0;1575.0;1369.0;4730.0;2465.0;1637.0;585.0;585.0;608.0;2135.0;2412.0;9189.0;1285.0;9189.0;585.0;1555.0;1121.0;1143.0;1753.0;1575.0;1629.0;979.0;10.0;1387.0;1369.0;1028.0;768.0;1393.0;1436.0;1838.0;1130.0;1699.0;1129.0;1262.0;1037.0;2135.0;1804.0;1907.0;1121.0;9189.0;1555.0;1825.0;1144.0;2069.0;1878.0;1369.0;326.0;1099.0;1927.0;1679.0;1416.0;559.0;1479.0;1478.0;2036.0;811.0;873.0;795.0;2285.0;1389.0;1272.0;2207.0;1555.0;1393.0;759.0;1333.0;2542.0;1555.0;1167.0;2658.0;980.0;2572.0;9189.0;596.0;1976.0;9189.0;890.0;1099.0;559.0;1878.0;3271.0;1555.0;297.0;559.0;1893.0;1262.0;1069.0;1976.0;707.0;1404.0;4730.0;3834.0;9189.0;2795.0;1207.0;1660.0;1266.0;980.0;1782.0;1497.0;1479.0;1369.0;944.0;1532.0;634.0;1167.0;3246.0;1300.0;1121.0;1873.0;1782.0;1664.0;1894.0;1753.0;677.0;1647.0;320.0;1784.0;1652.0;1685.0;911.0;3441.0;2740.0;2199.0;1837.0;559.0;8800.0
276;63.0;272.0;3233.0;629.0;1068.0;1054.0;941.0;144.0;756.0;629.0;53.0;1181.0;8354.0;2769.0;1328.0;8598.0;53.0;1834.0;1301.0;4630.0;526.0;886.0;4823.0;2689.0;860.0;1207.0;1494.0;620.0;1095.0;651.0;1589.0;325.0;1879.0;867.0;31.0;576.0;1508.0;756.0;1431.0;1601.0;1072.0;941.0;329.0;722.0;1929.0;2729.0;1301.0;53.0;981.0;741.0;799.0;343.0;864.0;4617.0;227.0;1037.0;1589.0;1185.0;348.0;1263.0;934.0;1122.0;2393.0;4848.0;531.0;864.0;384.0;144.0;556.0;8764.0;2173.0;981.0;4617.0;4558.0;1575.0;53.0;609.0;941.0;270.0;8354.0;1037.0;211.0;53.0;1575.0;1130.0;502.0;576.0;629.0;722.0;130.0;4795.0;1575.0;2834.0;8354.0;1776.0;886.0;653.0;114.0;325.0;4611.0;756.0;204.0;53.0;736.0;106.0;360.0;465.0;647.0;886.0;77.0;325.0;1276.0;2693.0;1575.0;1488.0;795.0;53.0;393.0;1601.0;741.0;944.0;98.0;444.0;8354.0;1324.0;1037.0;1589.0;277.0;576.0;570.0;670.0;1431.0;4823.0;5436.0;886.0;535.0;1601.0;93.0;260.0;1601.0;8637.0;224.0;1263.0;526.0;1309.0;830.0;1601.0;1978.0;1763.0;338.0;94.0;8226.0;934.0;1601.0;1431.0;1330.0;1238.0;982.0;144.0;1508.0;384.0;1167.0;1601.0;1589.0;756.0;1467.0;1068.0;1066.0;1737.0;1811.0;525.0;619.0;1345.0;496.0;1575.0;0.0;1601.0;3286.0;1257.0;62.0;1122.0;1122.0;1090.0;769.0;2348.0;8354.0;1035.0;8354.0;1122.0;53.0;756.0;471.0;179.0;10.0;370.0;651.0;1575.0;552.0;1601.0;912.0;822.0;196.0;1196.0;277.0;446.0;187.0;1397.0;1589.0;886.0;769.0;240.0;371.0;756.0;8354.0;53.0;1776.0;454.0;619.0;1431.0;1601.0;1790.0;496.0;447.0;106.0;470.0;1037.0;109.0;99.0;576.0;771.0;898.0;785.0;1155.0;275.0;344.0;666.0;53.0;196.0;906.0;272.0;2468.0;53.0;432.0;2585.0;629.0;2500.0;8354.0;1020.0;420.0;8354.0;746.0;567.0;1037.0;1431.0;4665.0;53.0;1755.0;1037.0;427.0;1589.0;535.0;420.0;939.0;1214.0;3286.0;5399.0;8354.0;2689.0;890.0;93.0;325.0;629.0;211.0;684.0;109.0;1601.0;670.0;155.0;941.0;432.0;4744.0;311.0;756.0;1371.0;211.0;1512.0;2874.0;179.0;1110.0;367.0;1306.0;1504.0;137.0;114.0;741.0;4162.0;3536.0;830.0;271.0;1037.0;9700.0
277;1662.0;1557.0;3708.0;1500.0;1546.0;1594.0;1264.0;1731.0;866.0;1461.0;1626.0;1691.0;9928.0;3955.0;2929.0;10166.0;1626.0;2981.0;1091.0;3175.0;1508.0;762.0;3646.0;3887.0;1658.0;1684.0;2437.0;1015.0;1521.0;1500.0;113.0;1505.0;2901.0;1500.0;1618.0;1665.0;2424.0;866.0;705.0;10.0;1509.0;1264.0;1720.0;1463.0;1474.0;4173.0;1091.0;1626.0;2107.0;1524.0;1685.0;1935.0;2161.0;3144.0;1669.0;1369.0;113.0;1768.0;1665.0;1386.0;1638.0;1557.0;3551.0;3646.0;1838.0;2161.0;1694.0;1731.0;1091.0;9428.0;3299.0;2107.0;3144.0;5177.0;1369.0;1626.0;1229.0;1264.0;1823.0;9928.0;1369.0;1583.0;1626.0;1369.0;1296.0;1149.0;1665.0;1461.0;1463.0;1712.0;3425.0;1369.0;4020.0;9928.0;2877.0;762.0;1663.0;1695.0;1505.0;3251.0;866.0;1800.0;1626.0;1642.0;1651.0;1437.0;1723.0;1634.0;762.0;1595.0;1668.0;1223.0;3863.0;1369.0;2610.0;1543.0;1626.0;1874.0;10.0;1524.0;2256.0;1622.0;1574.0;9928.0;1813.0;1369.0;113.0;1711.0;1406.0;1888.0;1279.0;705.0;3646.0;4736.0;762.0;1474.0;10.0;1685.0;1527.0;10.0;10206.0;1708.0;1386.0;1508.0;1776.0;1650.0;10.0;3012.0;2896.0;1886.0;1695.0;8851.0;1410.0;10.0;705.0;2688.0;2819.0;1523.0;1731.0;2424.0;1733.0;1456.0;10.0;113.0;866.0;2712.0;1546.0;1377.0;3184.0;1703.0;1851.0;1598.0;367.0;1458.0;1369.0;1601.0;0.0;3906.0;1654.0;1646.0;1557.0;1557.0;1548.0;1609.0;3503.0;9928.0;2124.0;9928.0;1557.0;1626.0;866.0;1513.0;1707.0;1601.0;1908.0;1500.0;1369.0;1874.0;10.0;1833.0;1369.0;1549.0;2325.0;1711.0;1360.0;1788.0;2218.0;113.0;762.0;1609.0;1806.0;1703.0;866.0;9928.0;1626.0;2877.0;1480.0;1672.0;705.0;10.0;1689.0;1458.0;2044.0;1651.0;1836.0;1369.0;1581.0;1525.0;1665.0;1337.0;1662.0;1323.0;2729.0;1646.0;1554.0;2206.0;1626.0;1549.0;1520.0;1557.0;3636.0;1626.0;1491.0;3758.0;1461.0;3668.0;9928.0;1419.0;1785.0;9928.0;1495.0;1583.0;1369.0;705.0;3342.0;1626.0;1664.0;1369.0;2027.0;113.0;1474.0;1785.0;1484.0;2314.0;3906.0;4712.0;9928.0;3887.0;1971.0;1685.0;1505.0;1461.0;1708.0;2046.0;1581.0;10.0;1463.0;1689.0;1264.0;1491.0;3581.0;1556.0;866.0;2691.0;1708.0;2644.0;3262.0;1707.0;1651.0;1915.0;1126.0;2713.0;1737.0;1695.0;1524.0;4799.0;4100.0;1650.0;1724.0;1369.0;8100.0
278;3290.0;3557.0;6467.0;3906.0;4335.0;4330.0;4144.0;3200.0;3620.0;3900.0;3328.0;4461.0;9029.0;5534.0;3266.0;9326.0;3328.0;4828.0;4395.0;6905.0;3806.0;3724.0;7544.0;5453.0;2509.0;4486.0;4689.0;3596.0;4356.0;3928.0;3991.0;3604.0;4967.0;4137.0;3308.0;2731.0;4713.0;3620.0;3209.0;3906.0;4332.0;4144.0;2959.0;3990.0;5035.0;4985.0;4395.0;3328.0;4181.0;4019.0;4084.0;3325.0;3987.0;6847.0;3059.0;4266.0;3991.0;4470.0;3623.0;2534.0;4218.0;4388.0;5261.0;7540.0;3760.0;3987.0;2902.0;3200.0;3593.0;5549.0;5118.0;4181.0;6847.0;7674.0;4730.0;3328.0;3793.0;4144.0;3092.0;9029.0;4266.0;3497.0;3328.0;4730.0;4328.0;3578.0;2731.0;3900.0;3990.0;3335.0;7239.0;4730.0;5588.0;9029.0;4822.0;3724.0;2666.0;3205.0;3604.0;7078.0;3620.0;3213.0;3328.0;4022.0;3184.0;3620.0;3732.0;3933.0;3724.0;3363.0;3598.0;2688.0;5492.0;4730.0;4577.0;4074.0;3328.0;2947.0;3906.0;4019.0;4026.0;3377.0;3730.0;9029.0;2151.0;4266.0;3991.0;3012.0;3834.0;3780.0;3884.0;3209.0;7544.0;8551.0;3724.0;3810.0;3906.0;3231.0;3542.0;3906.0;9339.0;3069.0;2534.0;3806.0;2185.0;2534.0;3906.0;5040.0;4784.0;3052.0;3265.0;4987.0;4182.0;3906.0;3209.0;4218.0;3577.0;4251.0;3200.0;4713.0;2902.0;4408.0;3906.0;3991.0;3620.0;4450.0;4335.0;4296.0;4308.0;5025.0;3746.0;3905.0;3966.0;3767.0;4730.0;3286.0;3906.0;0.0;2299.0;3236.0;4388.0;4388.0;4357.0;2600.0;5229.0;9029.0;4242.0;9029.0;4388.0;3328.0;3620.0;3752.0;3123.0;3286.0;3468.0;3928.0;4730.0;3766.0;3906.0;4188.0;4065.0;3479.0;4345.0;3012.0;3681.0;3257.0;4646.0;3991.0;3724.0;2600.0;3126.0;2915.0;3620.0;9029.0;3328.0;4822.0;3730.0;2692.0;3209.0;3906.0;5005.0;3767.0;3171.0;3184.0;3687.0;4266.0;3394.0;3362.0;2731.0;4005.0;4183.0;4015.0;3591.0;3552.0;3629.0;2907.0;3328.0;3479.0;4178.0;3557.0;5312.0;3328.0;3710.0;5401.0;3900.0;5336.0;9029.0;4265.0;2871.0;9029.0;4020.0;3853.0;4266.0;3209.0;7191.0;3328.0;4969.0;4266.0;3205.0;3991.0;3810.0;2871.0;4203.0;4377.0;10.0;8521.0;9029.0;5453.0;4129.0;3231.0;3604.0;3900.0;3085.0;3819.0;3394.0;3906.0;3940.0;3402.0;4144.0;3710.0;7482.0;3596.0;3620.0;4296.0;3085.0;4588.0;6140.0;3123.0;4390.0;3450.0;4415.0;4514.0;3279.0;3205.0;4019.0;7287.0;6725.0;2534.0;3022.0;4266.0;10900.0
279;1293.0;1489.0;4453.0;1780.0;2164.0;2172.0;1926.0;1249.0;1344.0;1761.0;1310.0;2310.0;9080.0;3987.0;2097.0;9345.0;1310.0;3080.0;2122.0;4790.0;1693.0;1437.0;5295.0;3906.0;428.0;2328.0;2747.0;1348.0;2175.0;1799.0;1725.0;1510.0;3136.0;1981.0;1287.0;724.0;2759.0;1344.0;1007.0;1654.0;2151.0;1926.0;1011.0;1842.0;2750.0;3804.0;2122.0;1310.0;2236.0;1886.0;1995.0;1478.0;2114.0;4748.0;1076.0;2059.0;1725.0;2339.0;1595.0;288.0;2092.0;2211.0;3625.0;5298.0;1787.0;2114.0;935.0;1249.0;1363.0;7848.0;3416.0;2236.0;4748.0;5808.0;2465.0;1310.0;1594.0;1926.0;1208.0;9080.0;2059.0;1445.0;1310.0;2465.0;2097.0;1363.0;724.0;1761.0;1842.0;1362.0;5069.0;2465.0;4051.0;9080.0;3028.0;1437.0;645.0;1232.0;1510.0;4897.0;1344.0;1302.0;1310.0;1928.0;1187.0;1499.0;1713.0;1849.0;1437.0;1327.0;1574.0;458.0;3917.0;2465.0;2742.0;1940.0;1310.0;1111.0;1654.0;1886.0;2188.0;1353.0;1651.0;9080.0;160.0;2059.0;1725.0;1057.0;1684.0;1827.0;1692.0;1007.0;5295.0;6253.0;1437.0;1685.0;1654.0;1251.0;1462.0;1654.0;9376.0;1111.0;288.0;1693.0;122.0;456.0;1654.0;3233.0;3012.0;1214.0;1289.0;7283.0;1995.0;1654.0;1007.0;2537.0;2205.0;2085.0;1249.0;2759.0;963.0;2203.0;1654.0;1725.0;1344.0;2704.0;2164.0;2086.0;2862.0;2779.0;1782.0;1812.0;1671.0;1641.0;2465.0;1257.0;1654.0;2299.0;0.0;1234.0;2211.0;2211.0;2182.0;503.0;3583.0;9080.0;2290.0;9080.0;2211.0;1310.0;1344.0;1648.0;1162.0;1257.0;1581.0;1799.0;2465.0;1809.0;1654.0;2133.0;1881.0;1414.0;2452.0;1057.0;1528.0;1334.0;2630.0;1725.0;1437.0;503.0;1227.0;955.0;1344.0;9080.0;1310.0;3028.0;1615.0;684.0;1007.0;1654.0;2760.0;1641.0;1420.0;1187.0;1726.0;2059.0;1350.0;1292.0;724.0;1819.0;2070.0;1824.0;2155.0;1524.0;1552.0;1330.0;1310.0;1414.0;2022.0;1489.0;3697.0;1310.0;1601.0;3811.0;1761.0;3728.0;9080.0;2070.0;972.0;9080.0;1878.0;1762.0;2059.0;1007.0;4993.0;1310.0;2724.0;2059.0;1437.0;1725.0;1685.0;972.0;2033.0;2471.0;2299.0;6224.0;9080.0;3906.0;2140.0;1251.0;1510.0;1761.0;1126.0;1932.0;1350.0;1654.0;1798.0;1409.0;1926.0;1601.0;5228.0;1524.0;1344.0;2591.0;1126.0;2766.0;4069.0;1162.0;2239.0;1570.0;2146.0;2747.0;1325.0;1232.0;1886.0;5412.0;4774.0;456.0;1076.0;2059.0;9400.0
280;60.0;326.0;3273.0;685.0;1125.0;1110.0;1003.0;87.0;809.0;687.0;92.0;1235.0;8318.0;2776.0;1283.0;8564.0;92.0;1850.0;1363.0;4687.0;582.0;940.0;4885.0;2696.0;829.0;1262.0;1526.0;675.0;1152.0;707.0;1637.0;383.0;1903.0;924.0;74.0;538.0;1542.0;809.0;1454.0;1646.0;1130.0;1003.0;277.0;779.0;1991.0;2714.0;1363.0;92.0;1010.0;797.0;848.0;314.0;881.0;4674.0;178.0;1097.0;1637.0;1237.0;390.0;1254.0;987.0;1180.0;2404.0;4909.0;560.0;881.0;338.0;87.0;613.0;8708.0;2187.0;1010.0;4674.0;4589.0;1637.0;92.0;671.0;1003.0;208.0;8318.0;1097.0;263.0;92.0;1637.0;1191.0;560.0;538.0;687.0;779.0;129.0;4854.0;1637.0;2841.0;8318.0;1795.0;940.0;617.0;53.0;383.0;4670.0;809.0;154.0;92.0;787.0;52.0;420.0;505.0;697.0;940.0;131.0;366.0;1275.0;2701.0;1637.0;1508.0;850.0;92.0;332.0;1646.0;797.0;957.0;141.0;497.0;8318.0;1294.0;1097.0;1637.0;224.0;636.0;596.0;732.0;1454.0;4885.0;5496.0;940.0;593.0;1646.0;39.0;317.0;1646.0;8602.0;168.0;1254.0;582.0;1281.0;799.0;1646.0;1999.0;1780.0;277.0;62.0;8172.0;993.0;1646.0;1454.0;1332.0;1206.0;1039.0;87.0;1542.0;334.0;1226.0;1646.0;1637.0;809.0;1478.0;1125.0;1127.0;1726.0;1871.0;552.0;671.0;1397.0;554.0;1637.0;62.0;1646.0;3236.0;1234.0;0.0;1180.0;1180.0;1147.0;739.0;2360.0;8318.0;1066.0;8318.0;1180.0;92.0;809.0;527.0;119.0;62.0;365.0;707.0;1637.0;579.0;1646.0;957.0;882.0;252.0;1220.0;224.0;507.0;149.0;1436.0;1637.0;940.0;739.0;179.0;323.0;809.0;8318.0;92.0;1795.0;512.0;581.0;1454.0;1646.0;1850.0;554.0;398.0;52.0;495.0;1097.0;164.0;161.0;538.0;832.0;950.0;846.0;1125.0;318.0;397.0;606.0;92.0;252.0;963.0;326.0;2478.0;92.0;490.0;2594.0;687.0;2509.0;8318.0;1080.0;366.0;8318.0;803.0;620.0;1097.0;1454.0;4725.0;92.0;1815.0;1097.0;381.0;1637.0;593.0;366.0;997.0;1240.0;3236.0;5460.0;8318.0;2696.0;926.0;39.0;383.0;687.0;153.0;699.0;164.0;1646.0;728.0;178.0;1003.0;490.0;4806.0;365.0;809.0;1376.0;153.0;1532.0;2918.0;119.0;1165.0;359.0;1368.0;1518.0;108.0;53.0;797.0;4194.0;3572.0;799.0;215.0;1097.0;9800.0
281;1134.0;855.0;2290.0;495.0;55.0;93.0;323.0;1236.0;953.0;494.0;1090.0;135.0;8648.0;2423.0;2070.0;8867.0;1090.0;1468.0;542.0;3950.0;598.0;941.0;3909.0;2359.0;1895.0;134.0;897.0;888.0;40.0;473.0;1473.0;797.0;1357.0;255.0;1105.0;1657.0;879.0;953.0;1867.0;1557.0;61.0;323.0;1449.0;401.0;940.0;2781.0;542.0;1090.0;729.0;385.0;406.0;1223.0;907.0;3962.0;1347.0;193.0;1473.0;212.0;829.0;2102.0;240.0;10.0;2020.0;3947.0;804.0;907.0;1496.0;1236.0;856.0;9885.0;1767.0;729.0;3962.0;3718.0;585.0;1090.0;618.0;323.0;1363.0;8648.0;193.0;919.0;1090.0;585.0;270.0;849.0;1657.0;494.0;401.0;1109.0;4020.0;585.0;2487.0;8648.0;1354.0;941.0;1723.0;1221.0;797.0;3834.0;953.0;1251.0;1090.0;437.0;1228.0;771.0;757.0;520.0;941.0;1049.0;854.0;2034.0;2329.0;585.0;1117.0;335.0;1090.0;1504.0;1557.0;385.0;978.0;1043.0;693.0;8648.0;2321.0;193.0;1473.0;1399.0;555.0;822.0;519.0;1867.0;3909.0;4339.0;941.0;587.0;1557.0;1194.0;863.0;1557.0;8912.0;1346.0;2102.0;598.0;2296.0;1867.0;1557.0;1467.0;1383.0;1422.0;1166.0;9345.0;217.0;1557.0;1867.0;1342.0;1799.0;141.0;1236.0;879.0;1503.0;127.0;1557.0;1473.0;953.0;1275.0;55.0;180.0;1861.0;714.0;824.0;530.0;1189.0;627.0;585.0;1122.0;1557.0;4388.0;2211.0;1180.0;0.0;10.0;32.0;1801.0;1972.0;8648.0;712.0;8648.0;10.0;1090.0;953.0;653.0;1298.0;1122.0;1092.0;473.0;585.0;823.0;1557.0;443.0;331.0;928.0;882.0;1399.0;708.0;1208.0;667.0;1473.0;941.0;1801.0;1328.0;1486.0;953.0;8648.0;1090.0;1354.0;668.0;1696.0;1867.0;1557.0;694.0;627.0;1407.0;1228.0;864.0;193.0;1016.0;1036.0;1657.0;392.0;293.0;388.0;1702.0;888.0;785.0;1698.0;1090.0;928.0;217.0;855.0;2105.0;1090.0;690.0;2226.0;494.0;2137.0;8648.0;154.0;1542.0;8648.0;377.0;575.0;193.0;1867.0;3856.0;1090.0;661.0;193.0;1370.0;1473.0;587.0;1542.0;185.0;856.0;4388.0;4300.0;8648.0;2359.0;623.0;1194.0;797.0;494.0;1332.0;918.0;1016.0;1557.0;453.0;1041.0;323.0;690.0;3824.0;817.0;953.0;1312.0;1332.0;1152.0;1879.0;1298.0;106.0;1111.0;516.0;1254.0;1168.0;1221.0;385.0;3328.0;2649.0;1867.0;1393.0;193.0;9300.0
282;1134.0;855.0;2290.0;495.0;55.0;93.0;323.0;1236.0;953.0;494.0;1090.0;135.0;8648.0;2423.0;2070.0;8867.0;1090.0;1468.0;542.0;3950.0;598.0;941.0;3909.0;2359.0;1895.0;134.0;897.0;888.0;40.0;473.0;1473.0;797.0;1357.0;255.0;1105.0;1657.0;879.0;953.0;1867.0;1557.0;61.0;323.0;1449.0;401.0;940.0;2781.0;542.0;1090.0;729.0;385.0;406.0;1223.0;907.0;3962.0;1347.0;193.0;1473.0;212.0;829.0;2102.0;240.0;10.0;2020.0;3947.0;804.0;907.0;1496.0;1236.0;856.0;9885.0;1767.0;729.0;3962.0;3718.0;585.0;1090.0;618.0;323.0;1363.0;8648.0;193.0;919.0;1090.0;585.0;270.0;849.0;1657.0;494.0;401.0;1109.0;4020.0;585.0;2487.0;8648.0;1354.0;941.0;1723.0;1221.0;797.0;3834.0;953.0;1251.0;1090.0;437.0;1228.0;771.0;757.0;520.0;941.0;1049.0;854.0;2034.0;2329.0;585.0;1117.0;335.0;1090.0;1504.0;1557.0;385.0;978.0;1043.0;693.0;8648.0;2321.0;193.0;1473.0;1399.0;555.0;822.0;519.0;1867.0;3909.0;4339.0;941.0;587.0;1557.0;1194.0;863.0;1557.0;8912.0;1346.0;2102.0;598.0;2296.0;1867.0;1557.0;1467.0;1383.0;1422.0;1166.0;9345.0;217.0;1557.0;1867.0;1342.0;1799.0;141.0;1236.0;879.0;1503.0;127.0;1557.0;1473.0;953.0;1275.0;55.0;180.0;1861.0;714.0;824.0;530.0;1189.0;627.0;585.0;1122.0;1557.0;4388.0;2211.0;1180.0;10.0;0.0;32.0;1801.0;1972.0;8648.0;712.0;8648.0;10.0;1090.0;953.0;653.0;1298.0;1122.0;1092.0;473.0;585.0;823.0;1557.0;443.0;331.0;928.0;882.0;1399.0;708.0;1208.0;667.0;1473.0;941.0;1801.0;1328.0;1486.0;953.0;8648.0;1090.0;1354.0;668.0;1696.0;1867.0;1557.0;694.0;627.0;1407.0;1228.0;864.0;193.0;1016.0;1036.0;1657.0;392.0;293.0;388.0;1702.0;888.0;785.0;1698.0;1090.0;928.0;217.0;855.0;2105.0;1090.0;690.0;2226.0;494.0;2137.0;8648.0;154.0;1542.0;8648.0;377.0;575.0;193.0;1867.0;3856.0;1090.0;661.0;193.0;1370.0;1473.0;587.0;1542.0;185.0;856.0;4388.0;4300.0;8648.0;2359.0;623.0;1194.0;797.0;494.0;1332.0;918.0;1016.0;1557.0;453.0;1041.0;323.0;690.0;3824.0;817.0;953.0;1312.0;1332.0;1152.0;1879.0;1298.0;106.0;1111.0;516.0;1254.0;1168.0;1221.0;385.0;3328.0;2649.0;1867.0;1393.0;193.0;9300.0
283;1102.0;822.0;2314.0;462.0;23.0;70.0;304.0;1204.0;930.0;462.0;1057.0;149.0;8636.0;2425.0;2043.0;8856.0;1057.0;1466.0;548.0;3968.0;566.0;922.0;3934.0;2361.0;1864.0;154.0;898.0;862.0;30.0;441.0;1466.0;765.0;1360.0;223.0;1073.0;1626.0;882.0;930.0;1848.0;1548.0;40.0;304.0;1417.0;369.0;965.0;2772.0;548.0;1057.0;712.0;353.0;377.0;1192.0;885.0;3979.0;1315.0;180.0;1466.0;220.0;797.0;2075.0;213.0;32.0;2022.0;3972.0;774.0;885.0;1464.0;1204.0;828.0;9853.0;1768.0;712.0;3979.0;3739.0;608.0;1057.0;589.0;304.0;1330.0;8636.0;180.0;887.0;1057.0;608.0;270.0;821.0;1626.0;462.0;369.0;1077.0;4041.0;608.0;2489.0;8636.0;1353.0;922.0;1691.0;1189.0;765.0;3855.0;930.0;1218.0;1057.0;407.0;1196.0;739.0;726.0;489.0;922.0;1016.0;822.0;2008.0;2331.0;608.0;1112.0;303.0;1057.0;1472.0;1548.0;353.0;958.0;1010.0;660.0;8636.0;2291.0;180.0;1466.0;1367.0;523.0;793.0;490.0;1848.0;3934.0;4370.0;922.0;555.0;1548.0;1162.0;830.0;1548.0;8901.0;1314.0;2075.0;566.0;2267.0;1836.0;1548.0;1471.0;1381.0;1389.0;1134.0;9313.0;189.0;1548.0;1848.0;1327.0;1775.0;108.0;1204.0;882.0;1471.0;141.0;1548.0;1466.0;930.0;1265.0;23.0;172.0;1847.0;745.0;794.0;499.0;1181.0;595.0;608.0;1090.0;1548.0;4357.0;2182.0;1147.0;32.0;32.0;0.0;1770.0;1974.0;8636.0;698.0;8636.0;32.0;1057.0;930.0;620.0;1266.0;1090.0;1061.0;441.0;608.0;794.0;1548.0;422.0;301.0;895.0;871.0;1367.0;676.0;1176.0;672.0;1466.0;922.0;1770.0;1295.0;1453.0;930.0;8636.0;1057.0;1353.0;636.0;1665.0;1848.0;1548.0;725.0;595.0;1375.0;1196.0;834.0;180.0;984.0;1004.0;1626.0;363.0;266.0;359.0;1677.0;856.0;753.0;1666.0;1057.0;895.0;185.0;822.0;2107.0;1057.0;658.0;2228.0;462.0;2139.0;8636.0;135.0;1510.0;8636.0;344.0;543.0;180.0;1848.0;3878.0;1057.0;692.0;180.0;1339.0;1466.0;555.0;1510.0;154.0;846.0;4357.0;4332.0;8636.0;2361.0;603.0;1162.0;765.0;462.0;1300.0;892.0;984.0;1548.0;421.0;1009.0;304.0;658.0;3850.0;784.0;930.0;1299.0;1300.0;1147.0;1904.0;1266.0;104.0;1080.0;523.0;1246.0;1136.0;1189.0;353.0;3349.0;2671.0;1836.0;1361.0;180.0;9300.0
284;799.0;1018.0;3994.0;1338.0;1750.0;1750.0;1545.0;748.0;1048.0;1325.0;820.0;1886.0;8702.0;3484.0;1658.0;8962.0;820.0;2579.0;1807.0;4783.0;1244.0;1168.0;5166.0;3402.0;94.0;1908.0;2263.0;1002.0;1767.0;1358.0;1651.0;1049.0;2641.0;1557.0;798.0;222.0;2277.0;1048.0;1115.0;1609.0;1743.0;1545.0;507.0;1412.0;2453.0;3319.0;1807.0;820.0;1749.0;1449.0;1540.0;975.0;1616.0;4753.0;576.0;1669.0;1651.0;1905.0;1114.0;604.0;1654.0;1801.0;3122.0;5178.0;1298.0;1616.0;432.0;748.0;994.0;8131.0;2914.0;1749.0;4753.0;5326.0;2135.0;820.0;1195.0;1545.0;704.0;8702.0;1669.0;968.0;820.0;2135.0;1728.0;978.0;222.0;1325.0;1412.0;866.0;5018.0;2135.0;3548.0;8702.0;2530.0;1168.0;145.0;733.0;1049.0;4841.0;1048.0;799.0;820.0;1475.0;691.0;1050.0;1233.0;1391.0;1168.0;842.0;1092.0;699.0;3413.0;2135.0;2245.0;1504.0;820.0;614.0;1609.0;1449.0;1688.0;866.0;1187.0;8702.0;555.0;1669.0;1651.0;554.0;1253.0;1335.0;1288.0;1115.0;5166.0;5986.0;1168.0;1241.0;1609.0;753.0;994.0;1609.0;8994.0;609.0;604.0;1244.0;541.0;66.0;1609.0;2737.0;2512.0;713.0;791.0;7579.0;1590.0;1609.0;1115.0;2034.0;1728.0;1667.0;748.0;2277.0;460.0;1812.0;1609.0;1651.0;1048.0;2202.0;1750.0;1698.0;2367.0;2425.0;1291.0;1356.0;1514.0;1197.0;2135.0;769.0;1609.0;2600.0;503.0;739.0;1801.0;1801.0;1770.0;0.0;3080.0;8702.0;1803.0;8702.0;1801.0;820.0;1048.0;1194.0;661.0;769.0;1080.0;1358.0;2135.0;1318.0;1609.0;1669.0;1473.0;941.0;1959.0;554.0;1097.0;832.0;2161.0;1651.0;1168.0;10.0;724.0;451.0;1048.0;8702.0;820.0;2530.0;1165.0;184.0;1115.0;1609.0;2405.0;1197.0;922.0;691.0;1234.0;1669.0;868.0;817.0;222.0;1412.0;1626.0;1420.0;1672.0;1042.0;1086.0;868.0;820.0;941.0;1598.0;1018.0;3194.0;820.0;1148.0;3307.0;1325.0;3225.0;8702.0;1671.0;473.0;8702.0;1445.0;1305.0;1669.0;1115.0;4921.0;820.0;2369.0;1669.0;937.0;1651.0;1241.0;473.0;1617.0;1980.0;2600.0;5953.0;8702.0;3402.0;1659.0;753.0;1049.0;1325.0;624.0;1434.0;868.0;1609.0;1364.0;917.0;1545.0;1148.0;5094.0;1056.0;1048.0;2088.0;624.0;2268.0;3624.0;661.0;1814.0;1068.0;1824.0;2246.0;825.0;733.0;1449.0;4931.0;4303.0;66.0;573.0;1669.0;9600.0
285;2303.0;2175.0;1673.0;2048.0;1972.0;1919.0;2240.0;2335.0;2743.0;2085.0;2295.0;1844.0;6885.0;452.0;1997.0;7078.0;2295.0;531.0;2506.0;5670.0;2079.0;2793.0;5297.0;387.0;3161.0;1861.0;1076.0;2616.0;2003.0;2041.0;3429.0;2187.0;624.0;2004.0;2318.0;2861.0;1095.0;2743.0;3659.0;3503.0;2011.0;2240.0;2573.0;2059.0;2645.0;1120.0;2506.0;2295.0;1439.0;1996.0;1835.0;2106.0;1489.0;5703.0;2507.0;2147.0;3429.0;1762.0;2052.0;3611.0;1865.0;1972.0;48.0;5360.0;1842.0;1489.0;2649.0;2335.0;2547.0;10328.0;206.0;1439.0;5703.0;2489.0;2412.0;2295.0;2330.0;2240.0;2378.0;6885.0;2147.0;2197.0;2295.0;2412.0;2242.0;2503.0;2861.0;2085.0;2059.0;2231.0;5629.0;2412.0;517.0;6885.0;627.0;2793.0;2942.0;2354.0;2187.0;5450.0;2743.0;2281.0;2295.0;1888.0;2402.0;2232.0;1944.0;1922.0;2793.0;2289.0;2066.0;3618.0;361.0;2412.0;905.0;1969.0;2295.0;2491.0;3503.0;1996.0;1405.0;2259.0;2060.0;6885.0;3621.0;2147.0;3429.0;2525.0;2156.0;1795.0;2255.0;3659.0;5297.0;5038.0;2793.0;2107.0;3503.0;2338.0;2209.0;3503.0;7130.0;2471.0;3611.0;2079.0;3614.0;3131.0;3503.0;519.0;614.0;2382.0;2301.0;9851.0;2094.0;3503.0;3659.0;1055.0;1659.0;1983.0;2335.0;1095.0;2623.0;2090.0;3503.0;3429.0;2743.0;882.0;1972.0;2145.0;960.0;2263.0;1842.0;1963.0;3139.0;2139.0;2412.0;2348.0;3503.0;5229.0;3583.0;2360.0;1972.0;1972.0;1974.0;3080.0;0.0;6885.0;1406.0;6885.0;1972.0;2295.0;2743.0;2099.0;2421.0;2348.0;2002.0;2041.0;2412.0;1813.0;3503.0;1679.0;2137.0;2235.0;1207.0;2525.0;2263.0;2249.0;1308.0;3429.0;2793.0;3080.0;2356.0;2629.0;2743.0;6885.0;2295.0;627.0;2138.0;2902.0;3659.0;3503.0;2258.0;2139.0;2192.0;2402.0;1889.0;2147.0;2274.0;2341.0;2861.0;2175.0;1843.0;2187.0;1639.0;2112.0;2133.0;2388.0;2295.0;2235.0;1983.0;2175.0;133.0;2295.0;2138.0;255.0;2085.0;165.0;6885.0;2094.0;2621.0;6885.0;2023.0;1996.0;2147.0;3659.0;5426.0;2295.0;2252.0;2147.0;2168.0;3429.0;2107.0;2621.0;2020.0;1208.0;5229.0;4988.0;6885.0;387.0;1570.0;2338.0;2187.0;2085.0;2456.0;1665.0;2274.0;3503.0;2071.0;2193.0;2240.0;2138.0;5206.0;2151.0;2743.0;994.0;2456.0;873.0;1652.0;2421.0;1870.0;2013.0;2477.0;847.0;2262.0;2354.0;1996.0;2122.0;1724.0;3131.0;2507.0;2147.0;11100.0
286;8291.0;8370.0;8113.0;8477.0;8625.0;8568.0;8814.0;8241.0;9061.0;8514.0;8320.0;8547.0;10.0;6521.0;7069.0;311.0;8320.0;7265.0;9178.0;12537.0;8445.0;9169.0;12160.0;6546.0;8725.0;8573.0;7835.0;8913.0;8665.0;8482.0;9894.0;8423.0;7464.0;8563.0;8332.0;8523.0;7867.0;9061.0;9744.0;9928.0;8663.0;8814.0;8335.0;8541.0;9476.0;5879.0;9178.0;8320.0;7935.0;8489.0;8346.0;8011.0;7816.0;12563.0;8348.0;8774.0;9894.0;8466.0;8264.0;9289.0;8457.0;8648.0;6846.0;12227.0;8103.0;7816.0;8389.0;8241.0;8836.0;11186.0;7067.0;7935.0;12563.0;7629.0;9189.0;8320.0;8721.0;8814.0;8177.0;10.0;8774.0;8346.0;8320.0;9189.0;8895.0;8778.0;8523.0;8514.0;8541.0;8232.0;12513.0;9189.0;6476.0;10.0;7390.0;9169.0;8573.0;8276.0;8423.0;12333.0;9061.0;8167.0;8320.0;8367.0;8326.0;8493.0;8216.0;8347.0;9169.0;8346.0;8260.0;9401.0;6612.0;9189.0;7559.0;8490.0;8320.0;8177.0;9928.0;8489.0;7725.0;8317.0;8366.0;10.0;9001.0;8774.0;9894.0;8322.0;8553.0;8056.0;8693.0;9744.0;12160.0;11573.0;9169.0;8480.0;9928.0;8280.0;8401.0;9928.0;311.0;8303.0;9289.0;8445.0;9022.0;8709.0;9928.0;7378.0;7342.0;8126.0;8262.0;11036.0;8681.0;9928.0;9744.0;7316.0;7116.0;8598.0;8241.0;7867.0;8347.0;8775.0;9928.0;9894.0;9061.0;7377.0;8625.0;8784.0;6797.0;9108.0;8089.0;8376.0;9616.0;8488.0;9189.0;8354.0;9928.0;9029.0;9080.0;8318.0;8648.0;8648.0;8636.0;8702.0;6885.0;0.0;7941.0;10.0;8648.0;8320.0;9061.0;8430.0;8287.0;8354.0;8022.0;8482.0;9189.0;8068.0;9928.0;8233.0;8667.0;8380.0;7766.0;8322.0;8574.0;8170.0;8066.0;9894.0;9169.0;8702.0;8184.0;8373.0;9061.0;10.0;8320.0;7390.0;8460.0;8542.0;9744.0;9928.0;9100.0;8488.0;7934.0;8326.0;8097.0;8774.0;8356.0;8417.0;8523.0;8675.0;8414.0;8693.0;7204.0;8281.0;8376.0;7860.0;8320.0;8380.0;8562.0;8370.0;6773.0;8320.0;8446.0;6680.0;8514.0;6748.0;10.0;8718.0;8306.0;10.0;8519.0;8379.0;8774.0;9744.0;12311.0;8320.0;9088.0;8774.0;7943.0;9894.0;8480.0;8306.0;8613.0;7794.0;9029.0;11520.0;10.0;6546.0;8061.0;8280.0;8423.0;8514.0;8298.0;7900.0;8356.0;9928.0;8524.0;8247.0;8814.0;8446.0;12069.0;8372.0;9061.0;7338.0;8298.0;7526.0;8337.0;8287.0;8543.0;8017.0;9156.0;7405.0;8217.0;8276.0;8489.0;7594.0;7862.0;8709.0;8304.0;8774.0;17900.0
287;1006.0;809.0;2228.0;643.0;685.0;628.0;890.0;1073.0;1337.0;680.0;983.0;631.0;7941.0;1853.0;1485.0;8162.0;983.0;875.0;1237.0;4660.0;675.0;1393.0;4568.0;1780.0;1894.0;662.0;461.0;1210.0;726.0;637.0;2060.0;805.0;863.0;638.0;1006.0;1603.0;478.0;1337.0;2254.0;2124.0;723.0;890.0;1327.0;663.0;1621.0;2087.0;1237.0;983.0;61.0;601.0;439.0;917.0;289.0;4673.0;1238.0;834.0;2060.0;560.0;696.0;2269.0;518.0;712.0;1454.0;4611.0;506.0;289.0;1397.0;1073.0;1142.0;9628.0;1210.0;61.0;4673.0;3523.0;1285.0;983.0;925.0;890.0;1162.0;7941.0;834.0;847.0;983.0;1285.0;954.0;1100.0;1603.0;680.0;663.0;944.0;4719.0;1285.0;1919.0;7941.0;788.0;1393.0;1683.0;1080.0;805.0;4533.0;1337.0;1044.0;983.0;485.0;1116.0;840.0;578.0;516.0;1393.0;963.0;716.0;2253.0;1766.0;1285.0;501.0;582.0;983.0;1303.0;2124.0;601.0;313.0;938.0;669.0;7941.0;2358.0;834.0;2060.0;1274.0;750.0;473.0;854.0;2254.0;4568.0;4823.0;1393.0;702.0;2124.0;1056.0;840.0;2124.0;8208.0;1214.0;2269.0;675.0;2344.0;1864.0;2124.0;969.0;793.0;1194.0;1019.0;9109.0;748.0;2124.0;2254.0;629.0;1165.0;657.0;1073.0;478.0;1384.0;838.0;2124.0;2060.0;1337.0;591.0;685.0;843.0;1149.0;1319.0;514.0;557.0;1768.0;735.0;1285.0;1035.0;2124.0;4242.0;2290.0;1066.0;712.0;712.0;698.0;1803.0;1406.0;7941.0;0.0;7941.0;712.0;983.0;1337.0;700.0;1159.0;1035.0;775.0;637.0;1285.0;489.0;2124.0;298.0;760.0;880.0;202.0;1274.0;861.0;1002.0;420.0;2060.0;1393.0;1803.0;1131.0;1380.0;1337.0;7941.0;983.0;788.0;738.0;1646.0;2254.0;2124.0;1304.0;735.0;1075.0;1116.0;573.0;834.0;940.0;999.0;1603.0;787.0;479.0;802.0;1074.0;766.0;755.0;1358.0;983.0;880.0;629.0;809.0;1536.0;983.0;742.0;1658.0;680.0;1569.0;7941.0;778.0;1401.0;7941.0;629.0;592.0;834.0;2254.0;4548.0;983.0;1278.0;834.0;1040.0;2060.0;702.0;1401.0;677.0;199.0;4242.0;4781.0;7941.0;1780.0;164.0;1056.0;805.0;680.0;1198.0;426.0;940.0;2124.0;669.0;887.0;890.0;742.0;4481.0;778.0;1337.0;603.0;1198.0;533.0;1905.0;1159.0;612.0;793.0;1215.0;589.0;992.0;1080.0;601.0;3128.0;2510.0;1864.0;1259.0;834.0;10000.0
288;8291.0;8370.0;8113.0;8477.0;8625.0;8568.0;8814.0;8241.0;9061.0;8514.0;8320.0;8547.0;10.0;6521.0;7069.0;311.0;8320.0;7265.0;9178.0;12537.0;8445.0;9169.0;12160.0;6546.0;8725.0;8573.0;7835.0;8913.0;8665.0;8482.0;9894.0;8423.0;7464.0;8563.0;8332.0;8523.0;7867.0;9061.0;9744.0;9928.0;8663.0;8814.0;8335.0;8541.0;9476.0;5879.0;9178.0;8320.0;7935.0;8489.0;8346.0;8011.0;7816.0;12563.0;8348.0;8774.0;9894.0;8466.0;8264.0;9289.0;8457.0;8648.0;6846.0;12227.0;8103.0;7816.0;8389.0;8241.0;8836.0;11186.0;7067.0;7935.0;12563.0;7629.0;9189.0;8320.0;8721.0;8814.0;8177.0;10.0;8774.0;8346.0;8320.0;9189.0;8895.0;8778.0;8523.0;8514.0;8541.0;8232.0;12513.0;9189.0;6476.0;10.0;7390.0;9169.0;8573.0;8276.0;8423.0;12333.0;9061.0;8167.0;8320.0;8367.0;8326.0;8493.0;8216.0;8347.0;9169.0;8346.0;8260.0;9401.0;6612.0;9189.0;7559.0;8490.0;8320.0;8177.0;9928.0;8489.0;7725.0;8317.0;8366.0;10.0;9001.0;8774.0;9894.0;8322.0;8553.0;8056.0;8693.0;9744.0;12160.0;11573.0;9169.0;8480.0;9928.0;8280.0;8401.0;9928.0;311.0;8303.0;9289.0;8445.0;9022.0;8709.0;9928.0;7378.0;7342.0;8126.0;8262.0;11036.0;8681.0;9928.0;9744.0;7316.0;7116.0;8598.0;8241.0;7867.0;8347.0;8775.0;9928.0;9894.0;9061.0;7377.0;8625.0;8784.0;6797.0;9108.0;8089.0;8376.0;9616.0;8488.0;9189.0;8354.0;9928.0;9029.0;9080.0;8318.0;8648.0;8648.0;8636.0;8702.0;6885.0;10.0;7941.0;0.0;8648.0;8320.0;9061.0;8430.0;8287.0;8354.0;8022.0;8482.0;9189.0;8068.0;9928.0;8233.0;8667.0;8380.0;7766.0;8322.0;8574.0;8170.0;8066.0;9894.0;9169.0;8702.0;8184.0;8373.0;9061.0;10.0;8320.0;7390.0;8460.0;8542.0;9744.0;9928.0;9100.0;8488.0;7934.0;8326.0;8097.0;8774.0;8356.0;8417.0;8523.0;8675.0;8414.0;8693.0;7204.0;8281.0;8376.0;7860.0;8320.0;8380.0;8562.0;8370.0;6773.0;8320.0;8446.0;6680.0;8514.0;6748.0;10.0;8718.0;8306.0;10.0;8519.0;8379.0;8774.0;9744.0;12311.0;8320.0;9088.0;8774.0;7943.0;9894.0;8480.0;8306.0;8613.0;7794.0;9029.0;11520.0;10.0;6546.0;8061.0;8280.0;8423.0;8514.0;8298.0;7900.0;8356.0;9928.0;8524.0;8247.0;8814.0;8446.0;12069.0;8372.0;9061.0;7338.0;8298.0;7526.0;8337.0;8287.0;8543.0;8017.0;9156.0;7405.0;8217.0;8276.0;8489.0;7594.0;7862.0;8709.0;8304.0;8774.0;17900.0
289;1134.0;855.0;2290.0;495.0;55.0;93.0;323.0;1236.0;953.0;494.0;1090.0;135.0;8648.0;2423.0;2070.0;8867.0;1090.0;1468.0;542.0;3950.0;598.0;941.0;3909.0;2359.0;1895.0;134.0;897.0;888.0;40.0;473.0;1473.0;797.0;1357.0;255.0;1105.0;1657.0;879.0;953.0;1867.0;1557.0;61.0;323.0;1449.0;401.0;940.0;2781.0;542.0;1090.0;729.0;385.0;406.0;1223.0;907.0;3962.0;1347.0;193.0;1473.0;212.0;829.0;2102.0;240.0;10.0;2020.0;3947.0;804.0;907.0;1496.0;1236.0;856.0;9885.0;1767.0;729.0;3962.0;3718.0;585.0;1090.0;618.0;323.0;1363.0;8648.0;193.0;919.0;1090.0;585.0;270.0;849.0;1657.0;494.0;401.0;1109.0;4020.0;585.0;2487.0;8648.0;1354.0;941.0;1723.0;1221.0;797.0;3834.0;953.0;1251.0;1090.0;437.0;1228.0;771.0;757.0;520.0;941.0;1049.0;854.0;2034.0;2329.0;585.0;1117.0;335.0;1090.0;1504.0;1557.0;385.0;978.0;1043.0;693.0;8648.0;2321.0;193.0;1473.0;1399.0;555.0;822.0;519.0;1867.0;3909.0;4339.0;941.0;587.0;1557.0;1194.0;863.0;1557.0;8912.0;1346.0;2102.0;598.0;2296.0;1867.0;1557.0;1467.0;1383.0;1422.0;1166.0;9345.0;217.0;1557.0;1867.0;1342.0;1799.0;141.0;1236.0;879.0;1503.0;127.0;1557.0;1473.0;953.0;1275.0;55.0;180.0;1861.0;714.0;824.0;530.0;1189.0;627.0;585.0;1122.0;1557.0;4388.0;2211.0;1180.0;10.0;10.0;32.0;1801.0;1972.0;8648.0;712.0;8648.0;0.0;1090.0;953.0;653.0;1298.0;1122.0;1092.0;473.0;585.0;823.0;1557.0;443.0;331.0;928.0;882.0;1399.0;708.0;1208.0;667.0;1473.0;941.0;1801.0;1328.0;1486.0;953.0;8648.0;1090.0;1354.0;668.0;1696.0;1867.0;1557.0;694.0;627.0;1407.0;1228.0;864.0;193.0;1016.0;1036.0;1657.0;392.0;293.0;388.0;1702.0;888.0;785.0;1698.0;1090.0;928.0;217.0;855.0;2105.0;1090.0;690.0;2226.0;494.0;2137.0;8648.0;154.0;1542.0;8648.0;377.0;575.0;193.0;1867.0;3856.0;1090.0;661.0;193.0;1370.0;1473.0;587.0;1542.0;185.0;856.0;4388.0;4300.0;8648.0;2359.0;623.0;1194.0;797.0;494.0;1332.0;918.0;1016.0;1557.0;453.0;1041.0;323.0;690.0;3824.0;817.0;953.0;1312.0;1332.0;1152.0;1879.0;1298.0;106.0;1111.0;516.0;1254.0;1168.0;1221.0;385.0;3328.0;2649.0;1867.0;1393.0;193.0;9300.0
290;49.0;235.0;3185.0;595.0;1035.0;1019.0;921.0;153.0;774.0;598.0;10.0;1144.0;8320.0;2717.0;1306.0;8564.0;10.0;1781.0;1288.0;4637.0;492.0;902.0;4816.0;2637.0;911.0;1171.0;1443.0;634.0;1063.0;617.0;1611.0;294.0;1827.0;834.0;23.0;625.0;1457.0;774.0;1474.0;1626.0;1040.0;921.0;369.0;690.0;1912.0;2683.0;1288.0;10.0;929.0;706.0;756.0;310.0;810.0;4626.0;269.0;1011.0;1611.0;1145.0;300.0;1316.0;896.0;1090.0;2340.0;4842.0;478.0;810.0;428.0;153.0;566.0;8800.0;2120.0;929.0;4626.0;4506.0;1555.0;10.0;597.0;921.0;283.0;8320.0;1011.0;171.0;10.0;1555.0;1108.0;510.0;625.0;598.0;690.0;88.0;4797.0;1555.0;2782.0;8320.0;1723.0;902.0;703.0;132.0;294.0;4613.0;774.0;196.0;10.0;695.0;144.0;337.0;416.0;605.0;902.0;44.0;276.0;1328.0;2640.0;1555.0;1434.0;759.0;10.0;417.0;1626.0;706.0;891.0;49.0;405.0;8320.0;1375.0;1011.0;1611.0;316.0;550.0;517.0;652.0;1474.0;4816.0;5411.0;902.0;504.0;1626.0;106.0;229.0;1626.0;8602.0;260.0;1316.0;492.0;1361.0;881.0;1626.0;1925.0;1710.0;349.0;86.0;8263.0;906.0;1626.0;1474.0;1278.0;1204.0;949.0;153.0;1457.0;426.0;1139.0;1626.0;1611.0;774.0;1414.0;1035.0;1041.0;1690.0;1783.0;472.0;579.0;1362.0;466.0;1555.0;53.0;1626.0;3328.0;1310.0;92.0;1090.0;1090.0;1057.0;820.0;2295.0;8320.0;983.0;8320.0;1090.0;0.0;774.0;437.0;209.0;53.0;322.0;617.0;1555.0;499.0;1626.0;866.0;796.0;164.0;1143.0;316.0;428.0;169.0;1348.0;1611.0;902.0;820.0;250.0;414.0;774.0;8320.0;10.0;1723.0;423.0;668.0;1474.0;1626.0;1763.0;466.0;432.0;144.0;417.0;1011.0;76.0;103.0;625.0;747.0;858.0;762.0;1118.0;227.0;306.0;669.0;10.0;164.0;873.0;235.0;2415.0;10.0;400.0;2533.0;598.0;2447.0;8320.0;992.0;458.0;8320.0;713.0;528.0;1011.0;1474.0;4665.0;10.0;1728.0;1011.0;409.0;1611.0;504.0;458.0;907.0;1161.0;3328.0;5374.0;8320.0;2637.0;840.0;106.0;294.0;598.0;245.0;631.0;76.0;1626.0;638.0;102.0;921.0;400.0;4737.0;274.0;774.0;1319.0;245.0;1459.0;2828.0;209.0;1074.0;321.0;1292.0;1451.0;115.0;132.0;706.0;4111.0;3486.0;881.0;307.0;1011.0;9700.0
291;814.0;691.0;3243.0;695.0;917.0;946.0;634.0;895.0;10.0;658.0;774.0;1076.0;9061.0;3190.0;2080.0;9300.0;774.0;2212.0;779.0;3888.0;674.0;136.0;4155.0;3117.0;1130.0;1084.0;1718.0;149.0;914.0;702.0;841.0;641.0;2174.0;786.0;768.0;999.0;1715.0;10.0;934.0;866.0;893.0;634.0;947.0;693.0;1415.0;3329.0;779.0;774.0;1308.0;755.0;913.0;1078.0;1324.0;3872.0;872.0;771.0;841.0;1131.0;802.0;1185.0;925.0;953.0;2791.0;4172.0;985.0;1324.0;945.0;895.0;226.0;9164.0;2545.0;1308.0;3872.0;4668.0;1121.0;774.0;413.0;634.0;1004.0;9061.0;771.0;717.0;774.0;1121.0;778.0;283.0;999.0;658.0;693.0;857.0;4072.0;1121.0;3256.0;9061.0;2121.0;136.0;1032.0;860.0;641.0;3890.0;10.0;960.0;774.0;856.0;824.0;574.0;868.0;823.0;136.0;739.0;804.0;1095.0;3103.0;1121.0;1838.0;792.0;774.0;1085.0;866.0;755.0;1419.0;763.0;723.0;9061.0;1478.0;771.0;841.0;923.0;588.0;1035.0;496.0;934.0;4155.0;4942.0;136.0;643.0;866.0;846.0;660.0;866.0;9340.0;904.0;1185.0;674.0;1447.0;1109.0;866.0;2284.0;2129.0;1071.0;850.0;8607.0;746.0;866.0;934.0;1851.0;1954.0;858.0;895.0;1715.0;976.0;909.0;866.0;841.0;10.0;1906.0;917.0;794.0;2334.0;1439.0;995.0;783.0;589.0;618.0;1121.0;756.0;866.0;3620.0;1344.0;809.0;953.0;953.0;930.0;1048.0;2743.0;9061.0;1337.0;9061.0;953.0;774.0;0.0;668.0;889.0;756.0;1043.0;702.0;1121.0;1020.0;866.0;1071.0;654.0;684.0;1538.0;923.0;506.0;941.0;1531.0;841.0;136.0;1048.0;981.0;948.0;10.0;9061.0;774.0;2121.0;632.0;1023.0;934.0;866.0;1420.0;618.0;1203.0;824.0;976.0;771.0;722.0;671.0;999.0;600.0;930.0;595.0;1863.0;780.0;691.0;1402.0;774.0;684.0;820.0;691.0;2873.0;774.0;639.0;2996.0;658.0;2906.0;9061.0;799.0;1030.0;9061.0;732.0;756.0;771.0;934.0;3954.0;774.0;1385.0;771.0;1182.0;841.0;643.0;1030.0;807.0;1535.0;3620.0;4910.0;9061.0;3117.0;1175.0;846.0;641.0;658.0;900.0;1193.0;722.0;866.0;674.0;827.0;634.0;639.0;4080.0;692.0;10.0;1864.0;900.0;1870.0;2827.0;889.0;1014.0;1050.0;801.0;1917.0;888.0;860.0;755.0;4277.0;3601.0;1109.0;932.0;771.0;9000.0
292;482.0;202.0;2806.0;158.0;598.0;583.0;517.0;584.0;668.0;164.0;437.0;710.0;8430.0;2541.0;1562.0;8664.0;437.0;1569.0;913.0;4347.0;55.0;752.0;4446.0;2466.0;1288.0;736.0;1128.0;527.0;626.0;180.0;1469.0;148.0;1560.0;397.0;453.0;1027.0;1134.0;668.0;1560.0;1513.0;604.0;517.0;800.0;255.0;1505.0;2663.0;913.0;437.0;661.0;270.0;348.0;607.0;656.0;4344.0;698.0;587.0;1469.0;718.0;207.0;1593.0;466.0;653.0;2146.0;4476.0;327.0;656.0;851.0;584.0;454.0;9235.0;1907.0;661.0;4344.0;4169.0;1143.0;437.0;291.0;517.0;712.0;8430.0;587.0;267.0;437.0;1143.0;695.0;406.0;1027.0;164.0;255.0;460.0;4474.0;1143.0;2608.0;8430.0;1487.0;752.0;1098.0;568.0;148.0;4288.0;668.0;603.0;437.0;281.0;577.0;150.0;214.0;203.0;752.0;397.0;226.0;1564.0;2457.0;1143.0;1198.0;324.0;437.0;852.0;1513.0;270.0;751.0;390.0;67.0;8430.0;1738.0;587.0;1469.0;749.0;143.0;376.0;284.0;1560.0;4446.0;4981.0;752.0;74.0;1513.0;542.0;212.0;1513.0;8706.0;695.0;1593.0;55.0;1717.0;1259.0;1513.0;1667.0;1489.0;773.0;514.0;8698.0;476.0;1513.0;1560.0;1184.0;1366.0;512.0;584.0;1134.0;855.0;707.0;1513.0;1469.0;668.0;1244.0;598.0;615.0;1672.0;1352.0;341.0;165.0;1186.0;59.0;1143.0;471.0;1513.0;3752.0;1648.0;527.0;653.0;653.0;620.0;1194.0;2099.0;8430.0;700.0;8430.0;653.0;437.0;668.0;0.0;646.0;471.0;501.0;180.0;1143.0;362.0;1513.0;488.0;374.0;276.0;893.0;749.0;165.0;562.0;987.0;1469.0;752.0;1194.0;677.0;839.0;668.0;8430.0;437.0;1487.0;39.0;1068.0;1560.0;1513.0;1332.0;59.0;785.0;577.0;339.0;587.0;364.0;391.0;1027.0;336.0;434.0;354.0;1269.0;246.0;133.0;1066.0;437.0;276.0;436.0;202.0;2227.0;437.0;46.0;2349.0;164.0;2260.0;8430.0;562.0;892.0;8430.0;276.0;115.0;587.0;1560.0;4330.0;437.0;1296.0;587.0;751.0;1469.0;74.0;892.0;471.0;898.0;3752.0;4943.0;8430.0;2466.0;536.0;542.0;148.0;164.0;680.0;533.0;364.0;1513.0;204.0;394.0;517.0;46.0;4364.0;164.0;668.0;1197.0;680.0;1228.0;2430.0;646.0;639.0;517.0;910.0;1261.0;519.0;568.0;270.0;3775.0;3128.0;1259.0;742.0;587.0;9600.0
293;167.0;444.0;3376.0;804.0;1244.0;1228.0;1120.0;88.0;889.0;805.0;209.0;1353.0;8287.0;2830.0;1232.0;8535.0;209.0;1919.0;1475.0;4776.0;701.0;1024.0;4991.0;2750.0;746.0;1380.0;1620.0;764.0;1271.0;825.0;1705.0;501.0;1983.0;1043.0;193.0;448.0;1637.0;889.0;1466.0;1707.0;1248.0;1120.0;168.0;898.0;2106.0;2729.0;1475.0;209.0;1102.0;915.0;962.0;328.0;957.0;4761.0;86.0;1215.0;1705.0;1353.0;500.0;1206.0;1104.0;1298.0;2464.0;5015.0;655.0;957.0;238.0;88.0;707.0;8591.0;2254.0;1102.0;4761.0;4680.0;1753.0;209.0;784.0;1120.0;116.0;8287.0;1215.0;380.0;209.0;1753.0;1308.0;657.0;448.0;805.0;898.0;217.0;4950.0;1753.0;2895.0;8287.0;1870.0;1024.0;529.0;82.0;501.0;4766.0;889.0;145.0;209.0;903.0;75.0;538.0;611.0;812.0;1024.0;249.0;476.0;1243.0;2758.0;1753.0;1586.0;968.0;209.0;216.0;1707.0;915.0;1027.0;257.0;613.0;8287.0;1211.0;1215.0;1705.0;115.0;755.0;686.0;848.0;1466.0;4991.0;5614.0;1024.0;712.0;1707.0;108.0;436.0;1707.0;8572.0;55.0;1206.0;701.0;1200.0;716.0;1707.0;2077.0;1852.0;182.0;144.0;8055.0;1112.0;1707.0;1466.0;1381.0;1188.0;1157.0;88.0;1637.0;225.0;1345.0;1707.0;1705.0;889.0;1542.0;1244.0;1245.0;1750.0;1989.0;645.0;787.0;1475.0;673.0;1753.0;179.0;1707.0;3123.0;1162.0;119.0;1298.0;1298.0;1266.0;661.0;2421.0;8287.0;1159.0;8287.0;1298.0;209.0;889.0;646.0;0.0;179.0;419.0;825.0;1753.0;670.0;1707.0;1066.0;1001.0;371.0;1305.0;115.0;624.0;172.0;1540.0;1705.0;1024.0;661.0;103.0;220.0;889.0;8287.0;209.0;1870.0;631.0;491.0;1466.0;1707.0;1969.0;673.0;353.0;75.0;586.0;1215.0;282.0;275.0;448.0;949.0;1066.0;964.0;1113.0;430.0;515.0;513.0;209.0;371.0;1081.0;444.0;2537.0;209.0;608.0;2652.0;805.0;2568.0;8287.0;1198.0;251.0;8287.0;922.0;736.0;1215.0;1466.0;4824.0;209.0;1933.0;1215.0;347.0;1705.0;712.0;251.0;1115.0;1327.0;3123.0;5578.0;8287.0;2750.0;1025.0;108.0;501.0;805.0;39.0;774.0;282.0;1707.0;846.0;280.0;1120.0;608.0;4912.0;483.0;889.0;1431.0;39.0;1608.0;3026.0;10.0;1283.0;408.0;1481.0;1585.0;168.0;82.0;915.0;4285.0;3669.0;716.0;102.0;1215.0;9800.0
294;63.0;272.0;3233.0;629.0;1068.0;1054.0;941.0;144.0;756.0;629.0;53.0;1181.0;8354.0;2769.0;1328.0;8598.0;53.0;1834.0;1301.0;4630.0;526.0;886.0;4823.0;2689.0;860.0;1207.0;1494.0;620.0;1095.0;651.0;1589.0;325.0;1879.0;867.0;31.0;576.0;1508.0;756.0;1431.0;1601.0;1072.0;941.0;329.0;722.0;1929.0;2729.0;1301.0;53.0;981.0;741.0;799.0;343.0;864.0;4617.0;227.0;1037.0;1589.0;1185.0;348.0;1263.0;934.0;1122.0;2393.0;4848.0;531.0;864.0;384.0;144.0;556.0;8764.0;2173.0;981.0;4617.0;4558.0;1575.0;53.0;609.0;941.0;270.0;8354.0;1037.0;211.0;53.0;1575.0;1130.0;502.0;576.0;629.0;722.0;130.0;4795.0;1575.0;2834.0;8354.0;1776.0;886.0;653.0;114.0;325.0;4611.0;756.0;204.0;53.0;736.0;106.0;360.0;465.0;647.0;886.0;77.0;325.0;1276.0;2693.0;1575.0;1488.0;795.0;53.0;393.0;1601.0;741.0;944.0;98.0;444.0;8354.0;1324.0;1037.0;1589.0;277.0;576.0;570.0;670.0;1431.0;4823.0;5436.0;886.0;535.0;1601.0;93.0;260.0;1601.0;8637.0;224.0;1263.0;526.0;1309.0;830.0;1601.0;1978.0;1763.0;338.0;94.0;8226.0;934.0;1601.0;1431.0;1330.0;1238.0;982.0;144.0;1508.0;384.0;1167.0;1601.0;1589.0;756.0;1467.0;1068.0;1066.0;1737.0;1811.0;525.0;619.0;1345.0;496.0;1575.0;10.0;1601.0;3286.0;1257.0;62.0;1122.0;1122.0;1090.0;769.0;2348.0;8354.0;1035.0;8354.0;1122.0;53.0;756.0;471.0;179.0;0.0;370.0;651.0;1575.0;552.0;1601.0;912.0;822.0;196.0;1196.0;277.0;446.0;187.0;1397.0;1589.0;886.0;769.0;240.0;371.0;756.0;8354.0;53.0;1776.0;454.0;619.0;1431.0;1601.0;1790.0;496.0;447.0;106.0;470.0;1037.0;109.0;99.0;576.0;771.0;898.0;785.0;1155.0;275.0;344.0;666.0;53.0;196.0;906.0;272.0;2468.0;53.0;432.0;2585.0;629.0;2500.0;8354.0;1020.0;420.0;8354.0;746.0;567.0;1037.0;1431.0;4665.0;53.0;1755.0;1037.0;427.0;1589.0;535.0;420.0;939.0;1214.0;3286.0;5399.0;8354.0;2689.0;890.0;93.0;325.0;629.0;211.0;684.0;109.0;1601.0;670.0;155.0;941.0;432.0;4744.0;311.0;756.0;1371.0;211.0;1512.0;2874.0;179.0;1110.0;367.0;1306.0;1504.0;137.0;114.0;741.0;4162.0;3536.0;830.0;271.0;1037.0;9700.0
295;313.0;363.0;3002.0;632.0;1039.0;1006.0;1016.0;333.0;1043.0;654.0;322.0;1108.0;8022.0;2414.0;1068.0;8263.0;322.0;1500.0;1414.0;4840.0;544.0;1159.0;4944.0;2334.0;1164.0;1140.0;1230.0;895.0;1075.0;651.0;1883.0;427.0;1571.0;852.0;341.0;864.0;1250.0;1043.0;1795.0;1908.0;1056.0;1016.0;577.0;733.0;1993.0;2361.0;1414.0;322.0;715.0;720.0;698.0;145.0;544.0;4835.0;505.0;1070.0;1883.0;1086.0;294.0;1616.0;863.0;1092.0;2046.0;4976.0;308.0;544.0;652.0;333.0;820.0;8881.0;1834.0;715.0;4835.0;4277.0;1629.0;322.0;764.0;1016.0;394.0;8022.0;1070.0;327.0;322.0;1629.0;1186.0;762.0;864.0;654.0;733.0;241.0;4974.0;1629.0;2479.0;8022.0;1453.0;1159.0;945.0;353.0;427.0;4788.0;1043.0;283.0;322.0;656.0;403.0;497.0;335.0;572.0;1159.0;336.0;277.0;1640.0;2341.0;1629.0;1172.0;763.0;322.0;530.0;1908.0;720.0;610.0;304.0;438.0;8022.0;1628.0;1070.0;1883.0;527.0;644.0;317.0;781.0;1795.0;4944.0;5427.0;1159.0;573.0;1908.0;338.0;389.0;1908.0;8303.0;471.0;1616.0;544.0;1618.0;1134.0;1908.0;1663.0;1434.0;420.0;303.0;8355.0;954.0;1908.0;1795.0;968.0;911.0;958.0;333.0;1250.0;630.0;1172.0;1908.0;1883.0;1043.0;1122.0;1039.0;1096.0;1368.0;1806.0;291.0;566.0;1618.0;555.0;1629.0;370.0;1908.0;3468.0;1581.0;365.0;1092.0;1092.0;1061.0;1080.0;2002.0;8022.0;775.0;8022.0;1092.0;322.0;1043.0;501.0;419.0;370.0;0.0;651.0;1629.0;306.0;1908.0;754.0;866.0;359.0;900.0;527.0;591.0;248.0;1180.0;1883.0;1159.0;1080.0;366.0;633.0;1043.0;8022.0;322.0;1453.0;513.0;907.0;1795.0;1908.0;1786.0;555.0;323.0;403.0;237.0;1070.0;338.0;404.0;864.0;834.0;814.0;853.0;820.0;277.0;393.0;619.0;322.0;359.0;883.0;363.0;2119.0;322.0;492.0;2234.0;654.0;2150.0;8022.0;1035.0;639.0;8022.0;739.0;530.0;1070.0;1795.0;4831.0;322.0;1753.0;1070.0;286.0;1883.0;573.0;639.0;930.0;926.0;3468.0;5387.0;8022.0;2334.0;664.0;338.0;427.0;654.0;455.0;364.0;338.0;1908.0;687.0;231.0;1016.0;492.0;4862.0;377.0;1043.0;1014.0;455.0;1193.0;2674.0;419.0;1046.0;19.0;1410.0;1166.0;261.0;353.0;720.0;3883.0;3280.0;1134.0;509.0;1070.0;10000.0
296;662.0;382.0;2656.0;22.0;418.0;404.0;373.0;763.0;702.0;45.0;617.0;533.0;8482.0;2489.0;1690.0;8712.0;617.0;1511.0;776.0;4234.0;125.0;758.0;4296.0;2417.0;1453.0;558.0;1026.0;581.0;447.0;10.0;1444.0;326.0;1475.0;218.0;633.0;1199.0;1026.0;702.0;1627.0;1500.0;425.0;373.0;979.0;82.0;1343.0;2677.0;776.0;617.0;612.0;92.0;216.0;770.0;670.0;4235.0;876.0;419.0;1444.0;547.0;367.0;1726.0;295.0;473.0;2089.0;4329.0;410.0;670.0;1028.0;763.0;519.0;9415.0;1843.0;612.0;4235.0;4037.0;979.0;617.0;289.0;373.0;891.0;8482.0;419.0;446.0;617.0;979.0;535.0;485.0;1199.0;45.0;82.0;638.0;4346.0;979.0;2555.0;8482.0;1419.0;758.0;1268.0;748.0;326.0;4160.0;702.0;780.0;617.0;155.0;756.0;309.0;324.0;136.0;758.0;576.0;390.0;1683.0;2401.0;979.0;1136.0;147.0;617.0;1031.0;1500.0;92.0;763.0;570.0;224.0;8482.0;1895.0;419.0;1444.0;928.0;123.0;448.0;221.0;1627.0;4296.0;4804.0;758.0;118.0;1500.0;721.0;391.0;1500.0;8755.0;874.0;1726.0;125.0;1874.0;1424.0;1500.0;1585.0;1428.0;950.0;694.0;8876.0;305.0;1500.0;1627.0;1191.0;1467.0;332.0;763.0;1026.0;1033.0;531.0;1500.0;1444.0;702.0;1215.0;418.0;447.0;1698.0;1175.0;429.0;107.0;1154.0;162.0;979.0;651.0;1500.0;3928.0;1799.0;707.0;473.0;473.0;441.0;1358.0;2041.0;8482.0;637.0;8482.0;473.0;617.0;702.0;180.0;825.0;651.0;651.0;0.0;979.0;441.0;1500.0;374.0;218.0;455.0;838.0;928.0;272.0;738.0;860.0;1444.0;758.0;1358.0;855.0;1017.0;702.0;8482.0;617.0;1419.0;198.0;1239.0;1627.0;1500.0;1155.0;162.0;951.0;756.0;449.0;419.0;544.0;567.0;1199.0;201.0;272.0;219.0;1369.0;419.0;312.0;1237.0;617.0;455.0;256.0;382.0;2172.0;617.0;219.0;2294.0;45.0;2205.0;8482.0;389.0;1071.0;8482.0;96.0;123.0;419.0;1627.0;4197.0;617.0;1120.0;419.0;916.0;1444.0;118.0;1071.0;293.0;834.0;3928.0;4767.0;8482.0;2417.0;476.0;721.0;326.0;45.0;860.0;592.0;544.0;1500.0;42.0;570.0;373.0;219.0;4214.0;344.0;702.0;1191.0;860.0;1169.0;2271.0;825.0;462.0;668.0;769.0;1222.0;697.0;748.0;92.0;3643.0;2987.0;1424.0;921.0;419.0;9500.0
297;1603.0;1333.0;2342.0;998.0;627.0;677.0;634.0;1708.0;1121.0;980.0;1555.0;654.0;9189.0;2850.0;2644.0;9402.0;1555.0;1947.0;346.0;3378.0;1092.0;1037.0;3330.0;2795.0;2224.0;625.0;1365.0;1134.0;585.0;979.0;1262.0;1266.0;1789.0;783.0;1566.0;2036.0;1337.0;1121.0;1878.0;1369.0;597.0;634.0;1882.0;897.0;364.0;3310.0;346.0;1555.0;1308.0;911.0;979.0;1748.0;1492.0;3393.0;1783.0;559.0;1262.0;731.0;1344.0;2296.0;821.0;585.0;2458.0;3366.0;1364.0;1492.0;1913.0;1708.0;1142.0;10265.0;2208.0;1308.0;3393.0;3814.0;10.0;1555.0;976.0;634.0;1838.0;9189.0;559.0;1397.0;1555.0;10.0;448.0;1164.0;2036.0;980.0;897.0;1596.0;3437.0;10.0;2911.0;9189.0;1825.0;1037.0;2088.0;1685.0;1266.0;3251.0;1121.0;1738.0;1555.0;997.0;1679.0;1218.0;1297.0;1068.0;1037.0;1511.0;1366.0;2189.0;2753.0;10.0;1630.0;874.0;1555.0;1968.0;1369.0;911.0;1562.0;1514.0;1199.0;9189.0;2597.0;559.0;1262.0;1838.0;1010.0;1388.0;905.0;1878.0;3330.0;3869.0;1037.0;1069.0;1369.0;1660.0;1330.0;1369.0;9449.0;1793.0;2296.0;1092.0;2567.0;2199.0;1369.0;1893.0;1865.0;1903.0;1639.0;9713.0;675.0;1369.0;1878.0;1910.0;2383.0;691.0;1708.0;1337.0;1930.0;473.0;1369.0;1262.0;1121.0;1815.0;627.0;533.0;2425.0;343.0;1384.0;1065.0;1039.0;1099.0;10.0;1575.0;1369.0;4730.0;2465.0;1637.0;585.0;585.0;608.0;2135.0;2412.0;9189.0;1285.0;9189.0;585.0;1555.0;1121.0;1143.0;1753.0;1575.0;1629.0;979.0;0.0;1387.0;1369.0;1028.0;768.0;1393.0;1436.0;1838.0;1130.0;1699.0;1129.0;1262.0;1037.0;2135.0;1804.0;1907.0;1121.0;9189.0;1555.0;1825.0;1144.0;2069.0;1878.0;1369.0;326.0;1099.0;1927.0;1679.0;1416.0;559.0;1479.0;1478.0;2036.0;811.0;873.0;795.0;2285.0;1389.0;1272.0;2207.0;1555.0;1393.0;759.0;1333.0;2542.0;1555.0;1167.0;2658.0;980.0;2572.0;9189.0;596.0;1976.0;9189.0;890.0;1099.0;559.0;1878.0;3271.0;1555.0;297.0;559.0;1893.0;1262.0;1069.0;1976.0;707.0;1404.0;4730.0;3834.0;9189.0;2795.0;1207.0;1660.0;1266.0;980.0;1782.0;1497.0;1479.0;1369.0;944.0;1532.0;634.0;1167.0;3246.0;1300.0;1121.0;1873.0;1782.0;1664.0;1894.0;1753.0;677.0;1647.0;320.0;1784.0;1652.0;1685.0;911.0;3441.0;2740.0;2199.0;1837.0;559.0;8800.0
298;519.0;366.0;2711.0;429.0;772.0;733.0;812.0;584.0;1020.0;462.0;499.0;822.0;8068.0;2244.0;1259.0;8302.0;499.0;1292.0;1215.0;4675.0;379.0;1112.0;4717.0;2166.0;1408.0;854.0;950.0;874.0;812.0;441.0;1831.0;391.0;1327.0;605.0;522.0;1115.0;967.0;1020.0;1876.0;1874.0;795.0;812.0;838.0;516.0;1750.0;2309.0;1215.0;499.0;432.0;484.0;418.0;451.0;326.0;4676.0;750.0;836.0;1831.0;791.0;241.0;1806.0;585.0;823.0;1859.0;4751.0;36.0;326.0;908.0;584.0;798.0;9187.0;1631.0;432.0;4676.0;4011.0;1387.0;499.0;653.0;812.0;677.0;8068.0;836.0;384.0;499.0;1387.0;960.0;744.0;1115.0;462.0;516.0;455.0;4784.0;1387.0;2310.0;8068.0;1227.0;1112.0;1195.0;591.0;391.0;4598.0;1020.0;557.0;499.0;390.0;628.0;450.0;152.0;324.0;1112.0;484.0;253.0;1805.0;2164.0;1387.0;937.0;514.0;499.0;820.0;1874.0;484.0;417.0;457.0;300.0;8068.0;1873.0;836.0;1831.0;784.0;488.0;18.0;631.0;1876.0;4717.0;5140.0;1112.0;413.0;1874.0;568.0;401.0;1874.0;8343.0;725.0;1806.0;379.0;1859.0;1377.0;1874.0;1427.0;1217.0;714.0;530.0;8661.0;720.0;1874.0;1876.0;840.0;1026.0;698.0;584.0;967.0;894.0;918.0;1874.0;1831.0;1020.0;936.0;772.0;859.0;1314.0;1532.0;29.0;336.0;1548.0;420.0;1387.0;552.0;1874.0;3766.0;1809.0;579.0;823.0;823.0;794.0;1318.0;1813.0;8068.0;489.0;8068.0;823.0;499.0;1020.0;362.0;670.0;552.0;306.0;441.0;1387.0;0.0;1874.0;451.0;655.0;422.0;643.0;784.0;515.0;515.0;880.0;1831.0;1112.0;1318.0;645.0;890.0;1020.0;8068.0;499.0;1227.0;394.0;1158.0;1876.0;1874.0;1514.0;420.0;627.0;628.0;84.0;836.0;466.0;530.0;1115.0;641.0;534.0;660.0;928.0;299.0;337.0;921.0;499.0;422.0;629.0;366.0;1937.0;499.0;383.0;2056.0;462.0;1969.0;8068.0;793.0;913.0;8068.0;509.0;322.0;836.0;1876.0;4631.0;499.0;1481.0;836.0;590.0;1831.0;413.0;913.0;680.0;662.0;3766.0;5100.0;8068.0;2166.0;362.0;568.0;391.0;462.0;709.0;173.0;466.0;1874.0;483.0;401.0;812.0;383.0;4633.0;347.0;1020.0;864.0;709.0;963.0;2374.0;670.0;764.0;325.0;1205.0;966.0;503.0;591.0;484.0;3616.0;2999.0;1377.0;770.0;836.0;9900.0
299;1662.0;1557.0;3708.0;1500.0;1546.0;1594.0;1264.0;1731.0;866.0;1461.0;1626.0;1691.0;9928.0;3955.0;2929.0;10166.0;1626.0;2981.0;1091.0;3175.0;1508.0;762.0;3646.0;3887.0;1658.0;1684.0;2437.0;1015.0;1521.0;1500.0;113.0;1505.0;2901.0;1500.0;1618.0;1665.0;2424.0;866.0;705.0;10.0;1509.0;1264.0;1720.0;1463.0;1474.0;4173.0;1091.0;1626.0;2107.0;1524.0;1685.0;1935.0;2161.0;3144.0;1669.0;1369.0;113.0;1768.0;1665.0;1386.0;1638.0;1557.0;3551.0;3646.0;1838.0;2161.0;1694.0;1731.0;1091.0;9428.0;3299.0;2107.0;3144.0;5177.0;1369.0;1626.0;1229.0;1264.0;1823.0;9928.0;1369.0;1583.0;1626.0;1369.0;1296.0;1149.0;1665.0;1461.0;1463.0;1712.0;3425.0;1369.0;4020.0;9928.0;2877.0;762.0;1663.0;1695.0;1505.0;3251.0;866.0;1800.0;1626.0;1642.0;1651.0;1437.0;1723.0;1634.0;762.0;1595.0;1668.0;1223.0;3863.0;1369.0;2610.0;1543.0;1626.0;1874.0;10.0;1524.0;2256.0;1622.0;1574.0;9928.0;1813.0;1369.0;113.0;1711.0;1406.0;1888.0;1279.0;705.0;3646.0;4736.0;762.0;1474.0;10.0;1685.0;1527.0;10.0;10206.0;1708.0;1386.0;1508.0;1776.0;1650.0;10.0;3012.0;2896.0;1886.0;1695.0;8851.0;1410.0;10.0;705.0;2688.0;2819.0;1523.0;1731.0;2424.0;1733.0;1456.0;10.0;113.0;866.0;2712.0;1546.0;1377.0;3184.0;1703.0;1851.0;1598.0;367.0;1458.0;1369.0;1601.0;10.0;3906.0;1654.0;1646.0;1557.0;1557.0;1548.0;1609.0;3503.0;9928.0;2124.0;9928.0;1557.0;1626.0;866.0;1513.0;1707.0;1601.0;1908.0;1500.0;1369.0;1874.0;0.0;1833.0;1369.0;1549.0;2325.0;1711.0;1360.0;1788.0;2218.0;113.0;762.0;1609.0;1806.0;1703.0;866.0;9928.0;1626.0;2877.0;1480.0;1672.0;705.0;10.0;1689.0;1458.0;2044.0;1651.0;1836.0;1369.0;1581.0;1525.0;1665.0;1337.0;1662.0;1323.0;2729.0;1646.0;1554.0;2206.0;1626.0;1549.0;1520.0;1557.0;3636.0;1626.0;1491.0;3758.0;1461.0;3668.0;9928.0;1419.0;1785.0;9928.0;1495.0;1583.0;1369.0;705.0;3342.0;1626.0;1664.0;1369.0;2027.0;113.0;1474.0;1785.0;1484.0;2314.0;3906.0;4712.0;9928.0;3887.0;1971.0;1685.0;1505.0;1461.0;1708.0;2046.0;1581.0;10.0;1463.0;1689.0;1264.0;1491.0;3581.0;1556.0;866.0;2691.0;1708.0;2644.0;3262.0;1707.0;1651.0;1915.0;1126.0;2713.0;1737.0;1695.0;1524.0;4799.0;4100.0;1650.0;1724.0;1369.0;8100.0
300;900.0;651.0;2325.0;386.0;406.0;352.0;592.0;987.0;1071.0;418.0;866.0;397.0;8233.0;2130.0;1648.0;8456.0;866.0;1152.0;946.0;4390.0;448.0;1115.0;4344.0;2059.0;1762.0;430.0;652.0;954.0;449.0;374.0;1766.0;623.0;1103.0;340.0;887.0;1487.0;653.0;1071.0;2000.0;1833.0;442.0;592.0;1232.0;381.0;1379.0;2385.0;946.0;866.0;298.0;318.0;158.0;898.0;464.0;4400.0;1135.0;541.0;1766.0;350.0;566.0;2081.0;224.0;443.0;1727.0;4384.0;446.0;464.0;1294.0;987.0;892.0;9630.0;1479.0;298.0;4400.0;3681.0;1028.0;866.0;659.0;592.0;1098.0;8233.0;541.0;704.0;866.0;1028.0;664.0;858.0;1487.0;418.0;381.0;852.0;4463.0;1028.0;2196.0;8233.0;1054.0;1115.0;1562.0;984.0;623.0;4277.0;1071.0;978.0;866.0;220.0;1009.0;638.0;456.0;286.0;1115.0;835.0;591.0;2048.0;2040.0;1028.0;778.0;290.0;866.0;1244.0;1833.0;318.0;535.0;817.0;483.0;8233.0;2218.0;541.0;1766.0;1179.0;496.0;443.0;577.0;2000.0;4344.0;4698.0;1115.0;466.0;1833.0;958.0;675.0;1833.0;8500.0;1120.0;2081.0;448.0;2199.0;1732.0;1833.0;1213.0;1067.0;1145.0;923.0;9101.0;451.0;1833.0;2000.0;917.0;1362.0;366.0;987.0;653.0;1290.0;563.0;1833.0;1766.0;1071.0;888.0;406.0;553.0;1437.0;1115.0;463.0;325.0;1474.0;507.0;1028.0;912.0;1833.0;4188.0;2133.0;957.0;443.0;443.0;422.0;1669.0;1679.0;8233.0;298.0;8233.0;443.0;866.0;1071.0;488.0;1066.0;912.0;754.0;374.0;1028.0;451.0;1833.0;0.0;465.0;729.0;494.0;1179.0;632.0;934.0;498.0;1766.0;1115.0;1669.0;1064.0;1280.0;1071.0;8233.0;866.0;1054.0;524.0;1529.0;2000.0;1833.0;1098.0;507.0;1076.0;1009.0;518.0;541.0;806.0;852.0;1487.0;497.0;182.0;510.0;1266.0;639.0;583.0;1372.0;866.0;729.0;332.0;651.0;1811.0;866.0;535.0;1934.0;418.0;1844.0;8233.0;486.0;1317.0;8233.0;344.0;373.0;541.0;2000.0;4299.0;866.0;1068.0;541.0;1039.0;1766.0;466.0;1317.0;381.0;481.0;4188.0;4658.0;8233.0;2059.0;180.0;958.0;623.0;418.0;1104.0;498.0;806.0;1833.0;397.0;786.0;592.0;535.0;4259.0;613.0;1071.0;898.0;1104.0;812.0;1962.0;1066.0;355.0;773.0;927.0;883.0;908.0;984.0;318.0;3286.0;2641.0;1732.0;1168.0;541.0;9700.0
301;844.0;568.0;2606.0;235.0;283.0;299.0;157.0;948.0;654.0;213.0;796.0;435.0;8667.0;2588.0;1908.0;8894.0;796.0;1612.0;560.0;4021.0;324.0;671.0;4079.0;2519.0;1567.0;450.0;1082.0;569.0;295.0;218.0;1301.0;503.0;1545.0;136.0;809.0;1336.0;1075.0;654.0;1586.0;1369.0;271.0;157.0;1142.0;139.0;1131.0;2838.0;560.0;796.0;750.0;180.0;326.0;980.0;853.0;4023.0;1041.0;215.0;1301.0;480.0;577.0;1776.0;277.0;331.0;2185.0;4111.0;626.0;853.0;1184.0;948.0;530.0;9572.0;1934.0;750.0;4023.0;4018.0;768.0;796.0;288.0;157.0;1078.0;8667.0;215.0;632.0;796.0;768.0;321.0;520.0;1336.0;213.0;139.0;831.0;4130.0;768.0;2654.0;8667.0;1510.0;671.0;1399.0;928.0;503.0;3943.0;654.0;974.0;796.0;300.0;928.0;463.0;542.0;335.0;671.0;753.0;598.0;1714.0;2498.0;768.0;1241.0;179.0;796.0;1213.0;1369.0;180.0;941.0;753.0;431.0;8667.0;1990.0;215.0;1301.0;1095.0;246.0;661.0;189.0;1586.0;4079.0;4614.0;671.0;301.0;1369.0;902.0;568.0;1369.0;8937.0;1045.0;1776.0;324.0;1966.0;1539.0;1369.0;1656.0;1527.0;1141.0;879.0;9028.0;117.0;1369.0;1586.0;1357.0;1680.0;209.0;948.0;1075.0;1195.0;347.0;1369.0;1301.0;654.0;1351.0;283.0;244.0;1873.0;989.0;645.0;319.0;1009.0;333.0;768.0;822.0;1369.0;4065.0;1881.0;882.0;331.0;331.0;301.0;1473.0;2137.0;8667.0;760.0;8667.0;331.0;796.0;654.0;374.0;1001.0;822.0;866.0;218.0;768.0;655.0;1369.0;465.0;0.0;633.0;958.0;1095.0;387.0;933.0;882.0;1301.0;671.0;1473.0;1043.0;1175.0;654.0;8667.0;796.0;1510.0;377.0;1374.0;1586.0;1369.0;968.0;333.0;1159.0;928.0;667.0;215.0;721.0;730.0;1336.0;62.0;294.0;61.0;1582.0;621.0;505.0;1440.0;796.0;633.0;166.0;568.0;2269.0;796.0;401.0;2392.0;213.0;2302.0;8667.0;201.0;1237.0;8667.0;151.0;341.0;215.0;1586.0;3979.0;796.0;933.0;215.0;1125.0;1301.0;301.0;1237.0;157.0;946.0;4065.0;4577.0;8667.0;2519.0;616.0;902.0;503.0;213.0;1032.0;797.0;721.0;1369.0;179.0;766.0;157.0;401.0;3997.0;534.0;654.0;1348.0;1032.0;1275.0;2201.0;1001.0;367.0;883.0;552.0;1348.0;888.0;928.0;180.0;3626.0;2955.0;1539.0;1091.0;215.0;9300.0
302;211.0;79.0;3054.0;434.0;873.0;859.0;760.0;315.0;684.0;435.0;164.0;986.0;8380.0;2665.0;1410.0;8621.0;164.0;1712.0;1133.0;4510.0;331.0;802.0;4666.0;2587.0;1034.0;1012.0;1334.0;537.0;900.0;455.0;1524.0;131.0;1737.0;672.0;178.0;760.0;1345.0;684.0;1469.0;1549.0;878.0;760.0;524.0;527.0;1751.0;2690.0;1133.0;164.0;830.0;546.0;607.0;408.0;747.0;4502.0;422.0;848.0;1524.0;990.0;186.0;1391.0;739.0;928.0;2281.0;4693.0;393.0;747.0;577.0;315.0;462.0;8959.0;2052.0;830.0;4502.0;4394.0;1393.0;164.0;446.0;760.0;445.0;8380.0;848.0;39.0;164.0;1393.0;946.0;404.0;760.0;435.0;527.0;208.0;4660.0;1393.0;2731.0;8380.0;1645.0;802.0;834.0;296.0;131.0;4475.0;684.0;347.0;164.0;544.0;301.0;177.0;302.0;456.0;802.0;121.0;169.0;1385.0;2586.0;1393.0;1354.0;599.0;164.0;580.0;1549.0;546.0;836.0;120.0;252.0;8380.0;1492.0;848.0;1524.0;473.0;386.0;440.0;493.0;1469.0;4666.0;5247.0;802.0;341.0;1549.0;269.0;65.0;1549.0;8660.0;419.0;1391.0;331.0;1474.0;1004.0;1549.0;1839.0;1637.0;510.0;246.0;8422.0;742.0;1549.0;1469.0;1248.0;1270.0;787.0;315.0;1345.0;579.0;975.0;1549.0;1524.0;684.0;1358.0;873.0;877.0;1693.0;1620.0;393.0;426.0;1262.0;303.0;1393.0;196.0;1549.0;3479.0;1414.0;252.0;928.0;928.0;895.0;941.0;2235.0;8380.0;880.0;8380.0;928.0;164.0;684.0;276.0;371.0;196.0;359.0;455.0;1393.0;422.0;1549.0;729.0;633.0;0.0;1054.0;473.0;272.0;311.0;1221.0;1524.0;802.0;941.0;411.0;565.0;684.0;8380.0;164.0;1645.0;260.0;802.0;1469.0;1549.0;1600.0;303.0;563.0;301.0;349.0;848.0;88.0;123.0;760.0;584.0;704.0;599.0;1179.0;123.0;149.0;822.0;164.0;10.0;711.0;79.0;2358.0;164.0;238.0;2478.0;435.0;2391.0;8380.0;829.0;616.0;8380.0;551.0;374.0;848.0;1469.0;4524.0;164.0;1564.0;848.0;534.0;1524.0;341.0;616.0;745.0;1068.0;3479.0;5210.0;8380.0;2587.0;726.0;269.0;131.0;435.0;405.0;580.0;88.0;1549.0;476.0;155.0;760.0;238.0;4585.0;118.0;684.0;1279.0;405.0;1381.0;2689.0;371.0;915.0;366.0;1136.0;1387.0;261.0;296.0;546.0;3998.0;3364.0;1004.0;466.0;848.0;9600.0
303;1161.0;987.0;2124.0;844.0;861.0;804.0;1084.0;1217.0;1538.0;881.0;1143.0;784.0;7766.0;1653.0;1460.0;7985.0;1143.0;676.0;1417.0;4813.0;872.0;1595.0;4678.0;1579.0;2048.0;812.0;350.0;1409.0;900.0;838.0;2259.0;990.0;684.0;833.0;1165.0;1753.0;380.0;1538.0;2452.0;2325.0;900.0;1084.0;1470.0;864.0;1757.0;1902.0;1417.0;1143.0;233.0;802.0;640.0;1034.0;360.0;4829.0;1387.0;1019.0;2259.0;705.0;869.0;2445.0;707.0;882.0;1254.0;4725.0;666.0;360.0;1542.0;1217.0;1340.0;9692.0;1013.0;233.0;4829.0;3377.0;1436.0;1143.0;1126.0;1084.0;1294.0;7766.0;1019.0;1019.0;1143.0;1436.0;1135.0;1297.0;1753.0;881.0;864.0;1094.0;4857.0;1436.0;1719.0;7766.0;595.0;1595.0;1833.0;1228.0;990.0;4672.0;1538.0;1179.0;1143.0;687.0;1269.0;1030.0;754.0;715.0;1595.0;1127.0;886.0;2436.0;1566.0;1436.0;304.0;782.0;1143.0;1429.0;2325.0;802.0;326.0;1100.0;858.0;7766.0;2514.0;1019.0;2259.0;1418.0;950.0;626.0;1056.0;2452.0;4678.0;4859.0;1595.0;900.0;2325.0;1207.0;1020.0;2325.0;8031.0;1359.0;2445.0;872.0;2501.0;2018.0;2325.0;785.0;595.0;1318.0;1168.0;9179.0;940.0;2325.0;2452.0;482.0;1118.0;843.0;1217.0;380.0;1525.0;1008.0;2325.0;2259.0;1538.0;397.0;861.0;1026.0;989.0;1432.0;671.0;756.0;1967.0;932.0;1436.0;1196.0;2325.0;4345.0;2452.0;1220.0;882.0;882.0;871.0;1959.0;1207.0;7766.0;202.0;7766.0;882.0;1143.0;1538.0;893.0;1305.0;1196.0;900.0;838.0;1436.0;643.0;2325.0;494.0;958.0;1054.0;0.0;1418.0;1057.0;1140.0;421.0;2259.0;1595.0;1959.0;1265.0;1524.0;1538.0;7766.0;1143.0;595.0;932.0;1796.0;2452.0;2325.0;1419.0;932.0;1175.0;1269.0;726.0;1019.0;1107.0;1169.0;1753.0;988.0;672.0;1002.0;1034.0;936.0;938.0;1443.0;1143.0;1054.0;822.0;987.0;1336.0;1143.0;934.0;1458.0;881.0;1369.0;7766.0;963.0;1538.0;7766.0;830.0;789.0;1019.0;2452.0;4681.0;1143.0;1396.0;1019.0;1142.0;2259.0;900.0;1538.0;867.0;43.0;4345.0;4815.0;7766.0;1579.0;363.0;1207.0;990.0;881.0;1343.0;537.0;1107.0;2325.0;870.0;1043.0;1084.0;934.0;4590.0;959.0;1538.0;438.0;1343.0;334.0;1832.0;1305.0;777.0;916.0;1393.0;389.0;1137.0;1228.0;802.0;2983.0;2385.0;2018.0;1402.0;1019.0;10200.0
304;278.0;549.0;3490.0;906.0;1345.0;1331.0;1207.0;201.0;923.0;905.0;316.0;1458.0;8322.0;2931.0;1256.0;8573.0;316.0;2026.0;1550.0;4809.0;803.0;1059.0;5052.0;2850.0;637.0;1485.0;1734.0;808.0;1371.0;928.0;1716.0;602.0;2095.0;1144.0;297.0;338.0;1751.0;923.0;1423.0;1711.0;1348.0;1207.0;54.0;998.0;2188.0;2805.0;1550.0;316.0;1216.0;1018.0;1072.0;422.0;1068.0;4792.0;55.0;1308.0;1716.0;1461.0;613.0;1116.0;1211.0;1399.0;2568.0;5074.0;770.0;1068.0;125.0;201.0;759.0;8487.0;2360.0;1216.0;4792.0;4793.0;1838.0;316.0;864.0;1207.0;160.0;8322.0;1308.0;487.0;316.0;1838.0;1397.0;714.0;338.0;905.0;998.0;331.0;4994.0;1838.0;2995.0;8322.0;1980.0;1059.0;419.0;196.0;602.0;4811.0;923.0;245.0;316.0;1011.0;173.0;632.0;725.0;921.0;1059.0;353.0;588.0;1164.0;2860.0;1838.0;1697.0;1072.0;316.0;164.0;1711.0;1018.0;1136.0;365.0;720.0;8322.0;1101.0;1308.0;1716.0;10.0;850.0;801.0;935.0;1423.0;5052.0;5704.0;1059.0;812.0;1711.0;221.0;537.0;1711.0;8609.0;59.0;1116.0;803.0;1091.0;607.0;1711.0;2188.0;1961.0;197.0;258.0;7949.0;1208.0;1711.0;1423.0;1481.0;1244.0;1259.0;201.0;1751.0;111.0;1441.0;1711.0;1716.0;923.0;1648.0;1345.0;1338.0;1833.0;2083.0;760.0;895.0;1500.0;772.0;1838.0;277.0;1711.0;3012.0;1057.0;224.0;1399.0;1399.0;1367.0;554.0;2525.0;8322.0;1274.0;8322.0;1399.0;316.0;923.0;749.0;115.0;277.0;527.0;928.0;1838.0;784.0;1711.0;1179.0;1095.0;473.0;1418.0;0.0;712.0;280.0;1654.0;1716.0;1059.0;554.0;172.0;107.0;923.0;8322.0;316.0;1980.0;731.0;380.0;1423.0;1711.0;2063.0;772.0;404.0;173.0;701.0;1308.0;385.0;365.0;338.0;1041.0;1174.0;1055.0;1174.0;541.0;620.0;495.0;316.0;473.0;1183.0;549.0;2640.0;316.0;709.0;2754.0;905.0;2671.0;8322.0;1294.0;143.0;8322.0;1023.0;843.0;1308.0;1423.0;4872.0;316.0;2027.0;1308.0;408.0;1716.0;812.0;143.0;1215.0;1441.0;3012.0;5668.0;8322.0;2850.0;1140.0;221.0;602.0;905.0;76.0;885.0;385.0;1711.0;946.0;394.0;1207.0;709.0;4974.0;588.0;923.0;1534.0;76.0;1719.0;3140.0;115.0;1388.0;514.0;1559.0;1693.0;282.0;196.0;1018.0;4398.0;3783.0;607.0;20.0;1308.0;9800.0
305;477.0;233.0;2928.0;254.0;655.0;654.0;496.0;581.0;506.0;233.0;428.0;789.0;8574.0;2706.0;1659.0;8810.0;428.0;1733.0;861.0;4251.0;187.0;598.0;4393.0;2631.0;1191.0;811.0;1280.0;363.0;675.0;272.0;1321.0;165.0;1719.0;461.0;437.0;950.0;1284.0;506.0;1395.0;1360.0;652.0;496.0;758.0;316.0;1484.0;2823.0;861.0;428.0;824.0;358.0;480.0;670.0;819.0;4244.0;657.0;598.0;1321.0;812.0;313.0;1455.0;563.0;708.0;2310.0;4420.0;480.0;819.0;797.0;581.0;289.0;9184.0;2070.0;824.0;4244.0;4307.0;1130.0;428.0;176.0;496.0;711.0;8574.0;598.0;286.0;428.0;1130.0;685.0;241.0;950.0;233.0;316.0;481.0;4393.0;1130.0;2773.0;8574.0;1649.0;598.0;1015.0;557.0;165.0;4208.0;506.0;619.0;428.0;414.0;549.0;98.0;363.0;351.0;598.0;384.0;321.0;1416.0;2621.0;1130.0;1361.0;412.0;428.0;839.0;1360.0;358.0;914.0;391.0;217.0;8574.0;1627.0;598.0;1321.0;712.0;157.0;530.0;225.0;1395.0;4393.0;4993.0;598.0;166.0;1360.0;532.0;216.0;1360.0;8851.0;665.0;1455.0;187.0;1605.0;1163.0;1360.0;1827.0;1652.0;777.0;514.0;8642.0;503.0;1360.0;1395.0;1346.0;1488.0;571.0;581.0;1284.0;809.0;734.0;1360.0;1321.0;506.0;1410.0;655.0;628.0;1829.0;1373.0;491.0;310.0;1043.0;127.0;1130.0;446.0;1360.0;3681.0;1528.0;507.0;708.0;708.0;676.0;1097.0;2263.0;8574.0;861.0;8574.0;708.0;428.0;506.0;165.0;624.0;446.0;591.0;272.0;1130.0;515.0;1360.0;632.0;387.0;272.0;1057.0;712.0;0.0;583.0;1126.0;1321.0;598.0;1097.0;678.0;789.0;506.0;8574.0;428.0;1649.0;127.0;989.0;1395.0;1360.0;1352.0;127.0;833.0;549.0;477.0;598.0;353.0;349.0;950.0;331.0;543.0;343.0;1393.0;315.0;202.0;1094.0;428.0;272.0;502.0;233.0;2392.0;428.0;133.0;2513.0;233.0;2424.0;8574.0;588.0;852.0;8574.0;351.0;269.0;598.0;1395.0;4255.0;428.0;1316.0;598.0;803.0;1321.0;166.0;852.0;523.0;1060.0;3681.0;4956.0;8574.0;2631.0;697.0;532.0;165.0;233.0;653.0;688.0;353.0;1360.0;270.0;424.0;496.0;133.0;4313.0;214.0;506.0;1361.0;653.0;1391.0;2541.0;624.0;718.0;604.0;865.0;1426.0;533.0;557.0;358.0;3912.0;3258.0;1163.0;709.0;598.0;9400.0
306;127.0;366.0;3226.0;717.0;1153.0;1131.0;1067.0;87.0;941.0;726.0;169.0;1248.0;8170.0;2659.0;1141.0;8416.0;169.0;1748.0;1444.0;4806.0;615.0;1070.0;4976.0;2578.0;916.0;1278.0;1461.0;802.0;1184.0;738.0;1776.0;434.0;1816.0;955.0;173.0;617.0;1480.0;941.0;1601.0;1788.0;1163.0;1067.0;331.0;816.0;2059.0;2572.0;1444.0;169.0;943.0;823.0;846.0;167.0;789.0;4795.0;258.0;1148.0;1776.0;1240.0;382.0;1375.0;998.0;1208.0;2293.0;5003.0;504.0;789.0;405.0;87.0;735.0;8702.0;2082.0;943.0;4795.0;4517.0;1699.0;169.0;757.0;1067.0;165.0;8170.0;1148.0;303.0;169.0;1699.0;1251.0;680.0;617.0;726.0;816.0;104.0;4964.0;1699.0;2723.0;8170.0;1700.0;1070.0;698.0;115.0;434.0;4780.0;941.0;44.0;169.0;791.0;169.0;488.0;479.0;700.0;1070.0;210.0;357.0;1407.0;2586.0;1699.0;1418.0;873.0;169.0;311.0;1788.0;823.0;857.0;195.0;516.0;8170.0;1381.0;1148.0;1776.0;280.0;689.0;530.0;804.0;1601.0;4976.0;5542.0;1070.0;633.0;1788.0;112.0;371.0;1788.0;8454.0;223.0;1375.0;615.0;1371.0;886.0;1788.0;1909.0;1681.0;215.0;93.0;8170.0;1038.0;1788.0;1601.0;1210.0;1057.0;1068.0;87.0;1480.0;385.0;1268.0;1788.0;1776.0;941.0;1370.0;1153.0;1176.0;1588.0;1913.0;492.0;682.0;1529.0;601.0;1699.0;187.0;1788.0;3257.0;1334.0;149.0;1208.0;1208.0;1176.0;832.0;2249.0;8170.0;1002.0;8170.0;1208.0;169.0;941.0;562.0;172.0;187.0;248.0;738.0;1699.0;515.0;1788.0;934.0;933.0;311.0;1140.0;280.0;583.0;0.0;1393.0;1776.0;1070.0;832.0;131.0;386.0;941.0;8170.0;169.0;1700.0;556.0;660.0;1601.0;1788.0;1893.0;601.0;263.0;169.0;433.0;1148.0;236.0;271.0;617.0;889.0;955.0;905.0;976.0;320.0;429.0;511.0;169.0;311.0;991.0;366.0;2365.0;169.0;533.0;2480.0;726.0;2396.0;8170.0;1124.0;399.0;8170.0;834.0;634.0;1148.0;1601.0;4831.0;169.0;1858.0;1148.0;241.0;1776.0;633.0;399.0;1031.0;1164.0;3257.0;5505.0;8170.0;2578.0;875.0;112.0;434.0;726.0;207.0;606.0;236.0;1788.0;765.0;168.0;1067.0;533.0;4896.0;400.0;941.0;1260.0;207.0;1439.0;2884.0;172.0;1181.0;236.0;1447.0;1414.0;54.0;115.0;823.0;4122.0;3512.0;886.0;262.0;1148.0;9900.0
307;1378.0;1144.0;1837.0;875.0;673.0;624.0;957.0;1456.0;1531.0;903.0;1348.0;537.0;8066.0;1757.0;1875.0;8276.0;1348.0;820.0;1198.0;4479.0;946.0;1553.0;4286.0;1696.0;2254.0;552.0;237.0;1428.0;700.0;860.0;2137.0;1120.0;690.0;748.0;1370.0;1973.0;214.0;1531.0;2465.0;2218.0;711.0;957.0;1708.0;845.0;1412.0;2187.0;1198.0;1348.0;480.0;786.0;646.0;1324.0;706.0;4501.0;1613.0;850.0;2137.0;455.0;1049.0;2579.0;607.0;667.0;1356.0;4335.0;888.0;706.0;1774.0;1456.0;1373.0;10047.0;1102.0;480.0;4501.0;3183.0;1129.0;1348.0;1130.0;957.0;1556.0;8066.0;850.0;1193.0;1348.0;1129.0;937.0;1344.0;1973.0;903.0;845.0;1323.0;4498.0;1129.0;1821.0;8066.0;700.0;1553.0;2050.0;1458.0;1120.0;4313.0;1531.0;1436.0;1348.0;713.0;1488.0;1136.0;932.0;784.0;1553.0;1321.0;1072.0;2542.0;1663.0;1129.0;511.0;743.0;1348.0;1700.0;2218.0;786.0;711.0;1300.0;980.0;8066.0;2713.0;850.0;2137.0;1654.0;982.0;866.0;1038.0;2465.0;4286.0;4438.0;1553.0;961.0;2218.0;1433.0;1169.0;2218.0;8325.0;1595.0;2579.0;946.0;2695.0;2224.0;2218.0;800.0;737.0;1594.0;1396.0;9527.0;815.0;2218.0;2465.0;881.0;1537.0;699.0;1456.0;214.0;1765.0;783.0;2218.0;2137.0;1531.0;721.0;673.0;844.0;1356.0;1059.0;901.0;823.0;1851.0;1003.0;1129.0;1397.0;2218.0;4646.0;2630.0;1436.0;667.0;667.0;672.0;2161.0;1308.0;8066.0;420.0;8066.0;667.0;1348.0;1531.0;987.0;1540.0;1397.0;1180.0;860.0;1129.0;880.0;2218.0;498.0;882.0;1221.0;421.0;1654.0;1126.0;1393.0;0.0;2137.0;1553.0;2161.0;1523.0;1758.0;1531.0;8066.0;1348.0;700.0;1022.0;2016.0;2465.0;2218.0;1048.0;1003.0;1489.0;1488.0;961.0;850.0;1294.0;1344.0;1973.0;932.0;603.0;940.0;1452.0;1122.0;1078.0;1775.0;1348.0;1221.0;718.0;1144.0;1441.0;1348.0;1033.0;1561.0;903.0;1473.0;8066.0;799.0;1788.0;8066.0;806.0;871.0;850.0;2465.0;4314.0;1348.0;1031.0;850.0;1453.0;2137.0;961.0;1788.0;743.0;379.0;4646.0;4394.0;8066.0;1696.0;518.0;1433.0;1120.0;903.0;1578.0;844.0;1294.0;2218.0;875.0;1260.0;957.0;1033.0;4197.0;1107.0;1531.0;821.0;1578.0;543.0;1494.0;1540.0;568.0;1198.0;1168.0;676.0;1376.0;1458.0;786.0;2788.0;2144.0;2224.0;1641.0;850.0;9900.0
308;1649.0;1527.0;3603.0;1445.0;1464.0;1514.0;1189.0;1723.0;841.0;1406.0;1611.0;1607.0;9894.0;3881.0;2917.0;10131.0;1611.0;2909.0;993.0;3134.0;1460.0;726.0;3570.0;3814.0;1705.0;1598.0;2359.0;988.0;1438.0;1444.0;10.0;1471.0;2823.0;1430.0;1604.0;1693.0;2345.0;841.0;801.0;113.0;1427.0;1189.0;1729.0;1401.0;1361.0;4121.0;993.0;1611.0;2045.0;1462.0;1622.0;1918.0;2110.0;3107.0;1672.0;1287.0;10.0;1684.0;1630.0;1463.0;1566.0;1473.0;3477.0;3573.0;1796.0;2110.0;1708.0;1723.0;1063.0;9518.0;3224.0;2045.0;3107.0;5073.0;1262.0;1611.0;1180.0;1189.0;1821.0;9894.0;1287.0;1556.0;1611.0;1262.0;1208.0;1121.0;1693.0;1406.0;1401.0;1696.0;3371.0;1262.0;3946.0;9894.0;2803.0;726.0;1696.0;1687.0;1471.0;3195.0;841.0;1791.0;1611.0;1582.0;1646.0;1402.0;1681.0;1579.0;726.0;1578.0;1635.0;1303.0;3789.0;1262.0;2540.0;1478.0;1611.0;1880.0;113.0;1462.0;2204.0;1603.0;1532.0;9894.0;1884.0;1287.0;10.0;1716.0;1355.0;1844.0;1224.0;801.0;3570.0;4634.0;726.0;1425.0;113.0;1676.0;1497.0;113.0;10172.0;1709.0;1463.0;1460.0;1846.0;1695.0;113.0;2934.0;2824.0;1886.0;1683.0;8943.0;1335.0;113.0;801.0;2634.0;2794.0;1447.0;1723.0;2345.0;1745.0;1368.0;113.0;10.0;841.0;2650.0;1464.0;1294.0;3136.0;1595.0;1809.0;1545.0;292.0;1412.0;1262.0;1589.0;113.0;3991.0;1725.0;1637.0;1473.0;1473.0;1466.0;1651.0;3429.0;9894.0;2060.0;9894.0;1473.0;1611.0;841.0;1469.0;1705.0;1589.0;1883.0;1444.0;1262.0;1831.0;113.0;1766.0;1301.0;1524.0;2259.0;1716.0;1321.0;1776.0;2137.0;0.0;726.0;1651.0;1802.0;1715.0;841.0;9894.0;1611.0;2803.0;1437.0;1702.0;801.0;113.0;1581.0;1412.0;2035.0;1646.0;1798.0;1287.0;1562.0;1509.0;1693.0;1273.0;1592.0;1258.0;2702.0;1616.0;1518.0;2210.0;1611.0;1524.0;1447.0;1527.0;3562.0;1611.0;1450.0;3684.0;1406.0;3594.0;9894.0;1339.0;1798.0;9894.0;1433.0;1532.0;1287.0;801.0;3281.0;1611.0;1556.0;1287.0;2016.0;10.0;1425.0;1798.0;1409.0;2247.0;3991.0;4610.0;9894.0;3814.0;1910.0;1676.0;1471.0;1406.0;1708.0;2002.0;1562.0;113.0;1406.0;1668.0;1189.0;1450.0;3504.0;1523.0;841.0;2635.0;1708.0;2575.0;3156.0;1705.0;1569.0;1891.0;1027.0;2648.0;1724.0;1687.0;1462.0;4696.0;3997.0;1695.0;1729.0;1287.0;8100.0
309;943.0;802.0;3221.0;754.0;911.0;947.0;618.0;1027.0;136.0;716.0;902.0;1071.0;9169.0;3243.0;2205.0;9406.0;902.0;2264.0;692.0;3753.0;750.0;10.0;4022.0;3172.0;1248.0;1074.0;1751.0;268.0;902.0;758.0;726.0;746.0;2212.0;806.0;897.0;1130.0;1745.0;136.0;926.0;762.0;883.0;618.0;1083.0;734.0;1313.0;3415.0;692.0;902.0;1369.0;797.0;959.0;1202.0;1404.0;3737.0;1008.0;752.0;726.0;1133.0;905.0;1258.0;948.0;941.0;2841.0;4039.0;1077.0;1404.0;1081.0;1027.0;340.0;9271.0;2593.0;1369.0;3737.0;4658.0;1037.0;902.0;474.0;618.0;1137.0;9169.0;752.0;833.0;902.0;1037.0;736.0;398.0;1130.0;716.0;734.0;983.0;3937.0;1037.0;3309.0;9169.0;2168.0;10.0;1160.0;992.0;746.0;3754.0;136.0;1090.0;902.0;908.0;957.0;677.0;961.0;887.0;10.0;865.0;909.0;1155.0;3154.0;1037.0;1890.0;827.0;902.0;1220.0;762.0;797.0;1500.0;888.0;813.0;9169.0;1576.0;752.0;726.0;1059.0;653.0;1126.0;539.0;926.0;4022.0;4831.0;10.0;717.0;762.0;977.0;772.0;762.0;9447.0;1039.0;1258.0;750.0;1544.0;1228.0;762.0;2323.0;2181.0;1205.0;979.0;8712.0;746.0;762.0;926.0;1932.0;2070.0;862.0;1027.0;1745.0;1112.0;880.0;762.0;726.0;136.0;1972.0;911.0;771.0;2424.0;1366.0;1089.0;849.0;461.0;698.0;1037.0;886.0;762.0;3724.0;1437.0;940.0;941.0;941.0;922.0;1168.0;2793.0;9169.0;1393.0;9169.0;941.0;902.0;136.0;752.0;1024.0;886.0;1159.0;758.0;1037.0;1112.0;762.0;1115.0;671.0;802.0;1595.0;1059.0;598.0;1070.0;1553.0;726.0;0.0;1168.0;1114.0;1083.0;136.0;9169.0;902.0;2168.0;718.0;1152.0;926.0;762.0;1347.0;698.0;1332.0;957.0;1075.0;752.0;846.0;799.0;1130.0;624.0;960.0;615.0;1977.0;891.0;793.0;1537.0;902.0;802.0;835.0;802.0;2925.0;902.0;729.0;3047.0;716.0;2958.0;9169.0;787.0;1165.0;9169.0;771.0;828.0;752.0;926.0;3819.0;902.0;1313.0;752.0;1310.0;726.0;717.0;1165.0;814.0;1589.0;3724.0;4800.0;9169.0;3172.0;1234.0;977.0;746.0;716.0;1035.0;1285.0;846.0;762.0;725.0;949.0;618.0;729.0;3947.0;798.0;136.0;1940.0;1035.0;1923.0;2797.0;1024.0;1013.0;1168.0;718.0;1979.0;1016.0;992.0;797.0;4269.0;3587.0;1228.0;1067.0;752.0;8800.0
310;799.0;1018.0;3994.0;1338.0;1750.0;1750.0;1545.0;748.0;1048.0;1325.0;820.0;1886.0;8702.0;3484.0;1658.0;8962.0;820.0;2579.0;1807.0;4783.0;1244.0;1168.0;5166.0;3402.0;94.0;1908.0;2263.0;1002.0;1767.0;1358.0;1651.0;1049.0;2641.0;1557.0;798.0;222.0;2277.0;1048.0;1115.0;1609.0;1743.0;1545.0;507.0;1412.0;2453.0;3319.0;1807.0;820.0;1749.0;1449.0;1540.0;975.0;1616.0;4753.0;576.0;1669.0;1651.0;1905.0;1114.0;604.0;1654.0;1801.0;3122.0;5178.0;1298.0;1616.0;432.0;748.0;994.0;8131.0;2914.0;1749.0;4753.0;5326.0;2135.0;820.0;1195.0;1545.0;704.0;8702.0;1669.0;968.0;820.0;2135.0;1728.0;978.0;222.0;1325.0;1412.0;866.0;5018.0;2135.0;3548.0;8702.0;2530.0;1168.0;145.0;733.0;1049.0;4841.0;1048.0;799.0;820.0;1475.0;691.0;1050.0;1233.0;1391.0;1168.0;842.0;1092.0;699.0;3413.0;2135.0;2245.0;1504.0;820.0;614.0;1609.0;1449.0;1688.0;866.0;1187.0;8702.0;555.0;1669.0;1651.0;554.0;1253.0;1335.0;1288.0;1115.0;5166.0;5986.0;1168.0;1241.0;1609.0;753.0;994.0;1609.0;8994.0;609.0;604.0;1244.0;541.0;66.0;1609.0;2737.0;2512.0;713.0;791.0;7579.0;1590.0;1609.0;1115.0;2034.0;1728.0;1667.0;748.0;2277.0;460.0;1812.0;1609.0;1651.0;1048.0;2202.0;1750.0;1698.0;2367.0;2425.0;1291.0;1356.0;1514.0;1197.0;2135.0;769.0;1609.0;2600.0;503.0;739.0;1801.0;1801.0;1770.0;10.0;3080.0;8702.0;1803.0;8702.0;1801.0;820.0;1048.0;1194.0;661.0;769.0;1080.0;1358.0;2135.0;1318.0;1609.0;1669.0;1473.0;941.0;1959.0;554.0;1097.0;832.0;2161.0;1651.0;1168.0;0.0;724.0;451.0;1048.0;8702.0;820.0;2530.0;1165.0;184.0;1115.0;1609.0;2405.0;1197.0;922.0;691.0;1234.0;1669.0;868.0;817.0;222.0;1412.0;1626.0;1420.0;1672.0;1042.0;1086.0;868.0;820.0;941.0;1598.0;1018.0;3194.0;820.0;1148.0;3307.0;1325.0;3225.0;8702.0;1671.0;473.0;8702.0;1445.0;1305.0;1669.0;1115.0;4921.0;820.0;2369.0;1669.0;937.0;1651.0;1241.0;473.0;1617.0;1980.0;2600.0;5953.0;8702.0;3402.0;1659.0;753.0;1049.0;1325.0;624.0;1434.0;868.0;1609.0;1364.0;917.0;1545.0;1148.0;5094.0;1056.0;1048.0;2088.0;624.0;2268.0;3624.0;661.0;1814.0;1068.0;1824.0;2246.0;825.0;733.0;1449.0;4931.0;4303.0;66.0;573.0;1669.0;9600.0
311;202.0;476.0;3356.0;834.0;1273.0;1253.0;1170.0;97.0;981.0;840.0;250.0;1373.0;8184.0;2760.0;1129.0;8433.0;250.0;1861.0;1537.0;4864.0;731.0;1114.0;5062.0;2679.0;804.0;1401.0;1589.0;851.0;1303.0;855.0;1802.0;540.0;1937.0;1073.0;242.0;505.0;1608.0;981.0;1568.0;1806.0;1281.0;1170.0;217.0;932.0;2161.0;2636.0;1537.0;250.0;1072.0;942.0;973.0;251.0;910.0;4850.0;173.0;1258.0;1802.0;1367.0;508.0;1288.0;1123.0;1328.0;2399.0;5087.0;635.0;910.0;292.0;97.0;790.0;8574.0;2193.0;1072.0;4850.0;4642.0;1804.0;250.0;846.0;1170.0;35.0;8184.0;1258.0;411.0;250.0;1804.0;1357.0;738.0;505.0;840.0;932.0;219.0;5033.0;1804.0;2824.0;8184.0;1818.0;1114.0;585.0;126.0;540.0;4849.0;981.0;87.0;250.0;917.0;157.0;587.0;609.0;826.0;1114.0;294.0;483.0;1332.0;2689.0;1804.0;1538.0;994.0;250.0;181.0;1806.0;942.0;974.0;291.0;635.0;8184.0;1266.0;1258.0;1802.0;172.0;797.0;660.0;902.0;1568.0;5062.0;5657.0;1114.0;747.0;1806.0;148.0;475.0;1806.0;8470.0;129.0;1288.0;731.0;1258.0;775.0;1806.0;2028.0;1797.0;99.0;165.0;8042.0;1151.0;1806.0;1568.0;1310.0;1088.0;1187.0;97.0;1608.0;267.0;1383.0;1806.0;1802.0;981.0;1481.0;1273.0;1287.0;1662.0;2028.0;623.0;805.0;1568.0;711.0;1804.0;240.0;1806.0;3126.0;1227.0;179.0;1328.0;1328.0;1295.0;724.0;2356.0;8184.0;1131.0;8184.0;1328.0;250.0;981.0;677.0;103.0;240.0;366.0;855.0;1804.0;645.0;1806.0;1064.0;1043.0;411.0;1265.0;172.0;678.0;131.0;1523.0;1802.0;1114.0;724.0;0.0;273.0;981.0;8184.0;250.0;1818.0;667.0;546.0;1568.0;1806.0;2008.0;711.0;250.0;157.0;563.0;1258.0;326.0;338.0;505.0;995.0;1081.0;1011.0;1014.0;442.0;544.0;427.0;250.0;411.0;1110.0;476.0;2470.0;250.0;644.0;2583.0;840.0;2501.0;8184.0;1237.0;273.0;8184.0;952.0;756.0;1258.0;1568.0;4904.0;250.0;1972.0;1258.0;246.0;1802.0;747.0;273.0;1148.0;1290.0;3126.0;5619.0;8184.0;2679.0;1006.0;148.0;540.0;840.0;118.0;729.0;326.0;1806.0;880.0;287.0;1170.0;644.0;4983.0;513.0;981.0;1364.0;118.0;1558.0;3015.0;103.0;1304.0;351.0;1542.0;1527.0;160.0;126.0;942.0;4248.0;3640.0;775.0;153.0;1258.0;9900.0
312;380.0;642.0;3594.0;995.0;1432.0;1421.0;1280.0;307.0;948.0;992.0;414.0;1549.0;8373.0;3032.0;1304.0;8626.0;414.0;2132.0;1610.0;4825.0;893.0;1083.0;5094.0;2951.0;532.0;1575.0;1840.0;845.0;1456.0;1017.0;1715.0;691.0;2201.0;1231.0;394.0;232.0;1857.0;948.0;1373.0;1703.0;1433.0;1280.0;56.0;1084.0;2252.0;2890.0;1610.0;414.0;1322.0;1108.0;1169.0;523.0;1174.0;4805.0;145.0;1387.0;1715.0;1555.0;713.0;1025.0;1304.0;1486.0;2672.0;5114.0;875.0;1174.0;20.0;307.0;803.0;8399.0;2465.0;1322.0;4805.0;4900.0;1907.0;414.0;932.0;1280.0;254.0;8373.0;1387.0;582.0;414.0;1907.0;1470.0;763.0;232.0;992.0;1084.0;436.0;5019.0;1907.0;3096.0;8373.0;2086.0;1083.0;313.0;301.0;691.0;4837.0;948.0;350.0;414.0;1107.0;271.0;715.0;827.0;1018.0;1083.0;448.0;689.0;1082.0;2962.0;1907.0;1804.0;1162.0;414.0;196.0;1703.0;1108.0;1242.0;463.0;815.0;8373.0;996.0;1387.0;1715.0;107.0;933.0;907.0;1008.0;1373.0;5094.0;5776.0;1083.0;900.0;1703.0;325.0;628.0;1703.0;8661.0;165.0;1025.0;893.0;986.0;502.0;1703.0;2295.0;2066.0;272.0;362.0;7860.0;1290.0;1703.0;1373.0;1583.0;1317.0;1346.0;307.0;1857.0;30.0;1522.0;1703.0;1715.0;948.0;1752.0;1432.0;1416.0;1925.0;2161.0;866.0;990.0;1512.0;859.0;1907.0;371.0;1703.0;2915.0;955.0;323.0;1486.0;1486.0;1453.0;451.0;2629.0;8373.0;1380.0;8373.0;1486.0;414.0;948.0;839.0;220.0;371.0;633.0;1017.0;1907.0;890.0;1703.0;1280.0;1175.0;565.0;1524.0;107.0;789.0;386.0;1758.0;1715.0;1083.0;451.0;273.0;0.0;948.0;8373.0;414.0;2086.0;819.0;274.0;1373.0;1703.0;2141.0;859.0;485.0;271.0;807.0;1387.0;479.0;450.0;232.0;1120.0;1268.0;1132.0;1252.0;641.0;714.0;521.0;414.0;565.0;1271.0;642.0;2743.0;414.0;798.0;2856.0;992.0;2773.0;8373.0;1375.0;83.0;8373.0;1111.0;938.0;1387.0;1373.0;4902.0;414.0;2105.0;1387.0;494.0;1715.0;900.0;83.0;1301.0;1547.0;2915.0;5740.0;8373.0;2951.0;1244.0;325.0;691.0;992.0;182.0;992.0;479.0;1703.0;1033.0;497.0;1280.0;798.0;5017.0;681.0;948.0;1636.0;182.0;1825.0;3241.0;220.0;1478.0;620.0;1620.0;1798.0;388.0;301.0;1108.0;4505.0;3889.0;502.0;123.0;1387.0;9800.0
313;814.0;691.0;3243.0;695.0;917.0;946.0;634.0;895.0;10.0;658.0;774.0;1076.0;9061.0;3190.0;2080.0;9300.0;774.0;2212.0;779.0;3888.0;674.0;136.0;4155.0;3117.0;1130.0;1084.0;1718.0;149.0;914.0;702.0;841.0;641.0;2174.0;786.0;768.0;999.0;1715.0;10.0;934.0;866.0;893.0;634.0;947.0;693.0;1415.0;3329.0;779.0;774.0;1308.0;755.0;913.0;1078.0;1324.0;3872.0;872.0;771.0;841.0;1131.0;802.0;1185.0;925.0;953.0;2791.0;4172.0;985.0;1324.0;945.0;895.0;226.0;9164.0;2545.0;1308.0;3872.0;4668.0;1121.0;774.0;413.0;634.0;1004.0;9061.0;771.0;717.0;774.0;1121.0;778.0;283.0;999.0;658.0;693.0;857.0;4072.0;1121.0;3256.0;9061.0;2121.0;136.0;1032.0;860.0;641.0;3890.0;10.0;960.0;774.0;856.0;824.0;574.0;868.0;823.0;136.0;739.0;804.0;1095.0;3103.0;1121.0;1838.0;792.0;774.0;1085.0;866.0;755.0;1419.0;763.0;723.0;9061.0;1478.0;771.0;841.0;923.0;588.0;1035.0;496.0;934.0;4155.0;4942.0;136.0;643.0;866.0;846.0;660.0;866.0;9340.0;904.0;1185.0;674.0;1447.0;1109.0;866.0;2284.0;2129.0;1071.0;850.0;8607.0;746.0;866.0;934.0;1851.0;1954.0;858.0;895.0;1715.0;976.0;909.0;866.0;841.0;10.0;1906.0;917.0;794.0;2334.0;1439.0;995.0;783.0;589.0;618.0;1121.0;756.0;866.0;3620.0;1344.0;809.0;953.0;953.0;930.0;1048.0;2743.0;9061.0;1337.0;9061.0;953.0;774.0;10.0;668.0;889.0;756.0;1043.0;702.0;1121.0;1020.0;866.0;1071.0;654.0;684.0;1538.0;923.0;506.0;941.0;1531.0;841.0;136.0;1048.0;981.0;948.0;0.0;9061.0;774.0;2121.0;632.0;1023.0;934.0;866.0;1420.0;618.0;1203.0;824.0;976.0;771.0;722.0;671.0;999.0;600.0;930.0;595.0;1863.0;780.0;691.0;1402.0;774.0;684.0;820.0;691.0;2873.0;774.0;639.0;2996.0;658.0;2906.0;9061.0;799.0;1030.0;9061.0;732.0;756.0;771.0;934.0;3954.0;774.0;1385.0;771.0;1182.0;841.0;643.0;1030.0;807.0;1535.0;3620.0;4910.0;9061.0;3117.0;1175.0;846.0;641.0;658.0;900.0;1193.0;722.0;866.0;674.0;827.0;634.0;639.0;4080.0;692.0;10.0;1864.0;900.0;1870.0;2827.0;889.0;1014.0;1050.0;801.0;1917.0;888.0;860.0;755.0;4277.0;3601.0;1109.0;932.0;771.0;9000.0
314;8291.0;8370.0;8113.0;8477.0;8625.0;8568.0;8814.0;8241.0;9061.0;8514.0;8320.0;8547.0;10.0;6521.0;7069.0;311.0;8320.0;7265.0;9178.0;12537.0;8445.0;9169.0;12160.0;6546.0;8725.0;8573.0;7835.0;8913.0;8665.0;8482.0;9894.0;8423.0;7464.0;8563.0;8332.0;8523.0;7867.0;9061.0;9744.0;9928.0;8663.0;8814.0;8335.0;8541.0;9476.0;5879.0;9178.0;8320.0;7935.0;8489.0;8346.0;8011.0;7816.0;12563.0;8348.0;8774.0;9894.0;8466.0;8264.0;9289.0;8457.0;8648.0;6846.0;12227.0;8103.0;7816.0;8389.0;8241.0;8836.0;11186.0;7067.0;7935.0;12563.0;7629.0;9189.0;8320.0;8721.0;8814.0;8177.0;10.0;8774.0;8346.0;8320.0;9189.0;8895.0;8778.0;8523.0;8514.0;8541.0;8232.0;12513.0;9189.0;6476.0;10.0;7390.0;9169.0;8573.0;8276.0;8423.0;12333.0;9061.0;8167.0;8320.0;8367.0;8326.0;8493.0;8216.0;8347.0;9169.0;8346.0;8260.0;9401.0;6612.0;9189.0;7559.0;8490.0;8320.0;8177.0;9928.0;8489.0;7725.0;8317.0;8366.0;10.0;9001.0;8774.0;9894.0;8322.0;8553.0;8056.0;8693.0;9744.0;12160.0;11573.0;9169.0;8480.0;9928.0;8280.0;8401.0;9928.0;311.0;8303.0;9289.0;8445.0;9022.0;8709.0;9928.0;7378.0;7342.0;8126.0;8262.0;11036.0;8681.0;9928.0;9744.0;7316.0;7116.0;8598.0;8241.0;7867.0;8347.0;8775.0;9928.0;9894.0;9061.0;7377.0;8625.0;8784.0;6797.0;9108.0;8089.0;8376.0;9616.0;8488.0;9189.0;8354.0;9928.0;9029.0;9080.0;8318.0;8648.0;8648.0;8636.0;8702.0;6885.0;10.0;7941.0;10.0;8648.0;8320.0;9061.0;8430.0;8287.0;8354.0;8022.0;8482.0;9189.0;8068.0;9928.0;8233.0;8667.0;8380.0;7766.0;8322.0;8574.0;8170.0;8066.0;9894.0;9169.0;8702.0;8184.0;8373.0;9061.0;0.0;8320.0;7390.0;8460.0;8542.0;9744.0;9928.0;9100.0;8488.0;7934.0;8326.0;8097.0;8774.0;8356.0;8417.0;8523.0;8675.0;8414.0;8693.0;7204.0;8281.0;8376.0;7860.0;8320.0;8380.0;8562.0;8370.0;6773.0;8320.0;8446.0;6680.0;8514.0;6748.0;10.0;8718.0;8306.0;10.0;8519.0;8379.0;8774.0;9744.0;12311.0;8320.0;9088.0;8774.0;7943.0;9894.0;8480.0;8306.0;8613.0;7794.0;9029.0;11520.0;10.0;6546.0;8061.0;8280.0;8423.0;8514.0;8298.0;7900.0;8356.0;9928.0;8524.0;8247.0;8814.0;8446.0;12069.0;8372.0;9061.0;7338.0;8298.0;7526.0;8337.0;8287.0;8543.0;8017.0;9156.0;7405.0;8217.0;8276.0;8489.0;7594.0;7862.0;8709.0;8304.0;8774.0;17900.0
315;49.0;235.0;3185.0;595.0;1035.0;1019.0;921.0;153.0;774.0;598.0;10.0;1144.0;8320.0;2717.0;1306.0;8564.0;10.0;1781.0;1288.0;4637.0;492.0;902.0;4816.0;2637.0;911.0;1171.0;1443.0;634.0;1063.0;617.0;1611.0;294.0;1827.0;834.0;23.0;625.0;1457.0;774.0;1474.0;1626.0;1040.0;921.0;369.0;690.0;1912.0;2683.0;1288.0;10.0;929.0;706.0;756.0;310.0;810.0;4626.0;269.0;1011.0;1611.0;1145.0;300.0;1316.0;896.0;1090.0;2340.0;4842.0;478.0;810.0;428.0;153.0;566.0;8800.0;2120.0;929.0;4626.0;4506.0;1555.0;10.0;597.0;921.0;283.0;8320.0;1011.0;171.0;10.0;1555.0;1108.0;510.0;625.0;598.0;690.0;88.0;4797.0;1555.0;2782.0;8320.0;1723.0;902.0;703.0;132.0;294.0;4613.0;774.0;196.0;10.0;695.0;144.0;337.0;416.0;605.0;902.0;44.0;276.0;1328.0;2640.0;1555.0;1434.0;759.0;10.0;417.0;1626.0;706.0;891.0;49.0;405.0;8320.0;1375.0;1011.0;1611.0;316.0;550.0;517.0;652.0;1474.0;4816.0;5411.0;902.0;504.0;1626.0;106.0;229.0;1626.0;8602.0;260.0;1316.0;492.0;1361.0;881.0;1626.0;1925.0;1710.0;349.0;86.0;8263.0;906.0;1626.0;1474.0;1278.0;1204.0;949.0;153.0;1457.0;426.0;1139.0;1626.0;1611.0;774.0;1414.0;1035.0;1041.0;1690.0;1783.0;472.0;579.0;1362.0;466.0;1555.0;53.0;1626.0;3328.0;1310.0;92.0;1090.0;1090.0;1057.0;820.0;2295.0;8320.0;983.0;8320.0;1090.0;10.0;774.0;437.0;209.0;53.0;322.0;617.0;1555.0;499.0;1626.0;866.0;796.0;164.0;1143.0;316.0;428.0;169.0;1348.0;1611.0;902.0;820.0;250.0;414.0;774.0;8320.0;0.0;1723.0;423.0;668.0;1474.0;1626.0;1763.0;466.0;432.0;144.0;417.0;1011.0;76.0;103.0;625.0;747.0;858.0;762.0;1118.0;227.0;306.0;669.0;10.0;164.0;873.0;235.0;2415.0;10.0;400.0;2533.0;598.0;2447.0;8320.0;992.0;458.0;8320.0;713.0;528.0;1011.0;1474.0;4665.0;10.0;1728.0;1011.0;409.0;1611.0;504.0;458.0;907.0;1161.0;3328.0;5374.0;8320.0;2637.0;840.0;106.0;294.0;598.0;245.0;631.0;76.0;1626.0;638.0;102.0;921.0;400.0;4737.0;274.0;774.0;1319.0;245.0;1459.0;2828.0;209.0;1074.0;321.0;1292.0;1451.0;115.0;132.0;706.0;4111.0;3486.0;881.0;307.0;1011.0;9700.0
316;1736.0;1580.0;1735.0;1427.0;1350.0;1296.0;1615.0;1782.0;2121.0;1463.0;1723.0;1229.0;7390.0;1078.0;1718.0;7595.0;1723.0;125.0;1892.0;5147.0;1464.0;2168.0;4872.0;1011.0;2616.0;1248.0;463.0;1996.0;1383.0;1419.0;2803.0;1584.0;166.0;1377.0;1745.0;2317.0;488.0;2121.0;3042.0;2877.0;1390.0;1615.0;2030.0;1434.0;2089.0;1520.0;1892.0;1723.0;827.0;1371.0;1210.0;1574.0;914.0;5174.0;1954.0;1524.0;2803.0;1146.0;1459.0;3034.0;1239.0;1354.0;675.0;4928.0;1253.0;914.0;2105.0;1782.0;1929.0;10068.0;425.0;827.0;5174.0;2855.0;1825.0;1723.0;1708.0;1615.0;1844.0;7390.0;1524.0;1609.0;1723.0;1825.0;1623.0;1888.0;2317.0;1463.0;1434.0;1667.0;5141.0;1825.0;1144.0;7390.0;10.0;2168.0;2398.0;1797.0;1584.0;4958.0;2121.0;1736.0;1723.0;1264.0;1841.0;1625.0;1346.0;1303.0;2168.0;1711.0;1476.0;3028.0;987.0;1825.0;291.0;1343.0;1723.0;1969.0;2877.0;1371.0;844.0;1682.0;1453.0;7390.0;3081.0;1524.0;2803.0;1980.0;1536.0;1209.0;1630.0;3042.0;4872.0;4817.0;2168.0;1490.0;2877.0;1778.0;1613.0;2877.0;7644.0;1923.0;3034.0;1464.0;3070.0;2586.0;2877.0;218.0;63.0;1858.0;1740.0;9571.0;1468.0;2877.0;3042.0;620.0;1354.0;1358.0;1782.0;488.0;2083.0;1475.0;2877.0;2803.0;2121.0;375.0;1350.0;1523.0;860.0;1718.0;1256.0;1344.0;2513.0;1523.0;1825.0;1776.0;2877.0;4822.0;3028.0;1795.0;1354.0;1354.0;1353.0;2530.0;627.0;7390.0;788.0;7390.0;1354.0;1723.0;2121.0;1487.0;1870.0;1776.0;1453.0;1419.0;1825.0;1227.0;2877.0;1054.0;1510.0;1645.0;595.0;1980.0;1649.0;1700.0;700.0;2803.0;2168.0;2530.0;1818.0;2086.0;2121.0;7390.0;1723.0;0.0;1526.0;2360.0;3042.0;2877.0;1710.0;1523.0;1688.0;1841.0;1308.0;1524.0;1693.0;1757.0;2317.0;1548.0;1216.0;1560.0;1302.0;1524.0;1532.0;1923.0;1723.0;1645.0;1357.0;1580.0;759.0;1723.0;1528.0;882.0;1463.0;792.0;7390.0;1470.0;2089.0;7390.0;1397.0;1380.0;1524.0;3042.0;4948.0;1723.0;1699.0;1524.0;1659.0;2803.0;1490.0;2089.0;1394.0;589.0;4822.0;4770.0;7390.0;1011.0;953.0;1778.0;1584.0;1463.0;1907.0;1097.0;1693.0;2877.0;1447.0;1621.0;1615.0;1528.0;4782.0;1553.0;2121.0;536.0;1907.0;264.0;1547.0;1870.0;1250.0;1467.0;1864.0;308.0;1705.0;1797.0;1371.0;2466.0;1924.0;2586.0;1962.0;1524.0;10600.0
317;469.0;191.0;2838.0;177.0;614.0;602.0;514.0;573.0;632.0;175.0;423.0;732.0;8460.0;2580.0;1578.0;8695.0;423.0;1608.0;904.0;4329.0;79.0;718.0;4439.0;2505.0;1259.0;757.0;1166.0;490.0;641.0;198.0;1437.0;129.0;1599.0;413.0;438.0;1001.0;1171.0;632.0;1521.0;1480.0;618.0;514.0;781.0;268.0;1505.0;2698.0;904.0;423.0;700.0;290.0;380.0;612.0;692.0;4326.0;679.0;592.0;1437.0;743.0;220.0;1557.0;491.0;668.0;2185.0;4469.0;359.0;692.0;830.0;573.0;416.0;9217.0;1946.0;700.0;4326.0;4205.0;1144.0;423.0;264.0;514.0;702.0;8460.0;592.0;256.0;423.0;1144.0;696.0;368.0;1001.0;175.0;268.0;453.0;4461.0;1144.0;2646.0;8460.0;1526.0;718.0;1072.0;555.0;129.0;4275.0;632.0;596.0;423.0;313.0;560.0;116.0;244.0;239.0;718.0;381.0;236.0;1526.0;2496.0;1144.0;1236.0;345.0;423.0;839.0;1480.0;290.0;788.0;377.0;95.0;8460.0;1706.0;592.0;1437.0;731.0;135.0;408.0;267.0;1521.0;4439.0;4990.0;718.0;81.0;1480.0;529.0;195.0;1480.0;8736.0;678.0;1557.0;79.0;1686.0;1230.0;1480.0;1706.0;1527.0;764.0;503.0;8678.0;484.0;1480.0;1521.0;1220.0;1389.0;528.0;573.0;1171.0;835.0;716.0;1480.0;1437.0;632.0;1283.0;614.0;621.0;1706.0;1361.0;372.0;199.0;1156.0;45.0;1144.0;454.0;1480.0;3730.0;1615.0;512.0;668.0;668.0;636.0;1165.0;2138.0;8460.0;738.0;8460.0;668.0;423.0;632.0;39.0;631.0;454.0;513.0;198.0;1144.0;394.0;1480.0;524.0;377.0;260.0;932.0;731.0;127.0;556.0;1022.0;1437.0;718.0;1165.0;667.0;819.0;632.0;8460.0;423.0;1526.0;0.0;1042.0;1521.0;1480.0;1341.0;45.0;787.0;560.0;365.0;592.0;348.0;369.0;1001.0;334.0;461.0;351.0;1293.0;248.0;128.0;1063.0;423.0;260.0;453.0;191.0;2266.0;423.0;23.0;2388.0;175.0;2299.0;8460.0;570.0;874.0;8460.0;293.0;152.0;592.0;1521.0;4318.0;423.0;1306.0;592.0;754.0;1437.0;81.0;874.0;485.0;937.0;3730.0;4952.0;8460.0;2505.0;574.0;529.0;129.0;175.0;664.0;566.0;348.0;1480.0;216.0;388.0;514.0;23.0;4358.0;156.0;632.0;1234.0;664.0;1267.0;2460.0;631.0;660.0;528.0;903.0;1300.0;511.0;555.0;290.0;3810.0;3162.0;1230.0;725.0;592.0;9500.0
318;641.0;881.0;3852.0;1218.0;1643.0;1639.0;1460.0;579.0;1023.0;1209.0;668.0;1772.0;8542.0;3304.0;1487.0;8800.0;668.0;2406.0;1752.0;4834.0;1120.0;1152.0;5172.0;3222.0;258.0;1796.0;2107.0;953.0;1664.0;1239.0;1702.0;920.0;2474.0;1446.0;646.0;43.0;2123.0;1023.0;1238.0;1672.0;1640.0;1460.0;330.0;1299.0;2400.0;3136.0;1752.0;668.0;1590.0;1331.0;1409.0;796.0;1448.0;4808.0;409.0;1578.0;1702.0;1785.0;967.0;784.0;1533.0;1696.0;2945.0;5187.0;1141.0;1448.0;255.0;579.0;931.0;8204.0;2739.0;1590.0;4808.0;5169.0;2069.0;668.0;1107.0;1460.0;524.0;8542.0;1578.0;826.0;668.0;2069.0;1647.0;905.0;43.0;1209.0;1299.0;703.0;5054.0;2069.0;3367.0;8542.0;2360.0;1152.0;40.0;568.0;920.0;4874.0;1023.0;624.0;668.0;1345.0;531.0;930.0;1084.0;1258.0;1152.0;695.0;944.0;866.0;3234.0;2069.0;2077.0;1386.0;668.0;430.0;1672.0;1331.0;1516.0;716.0;1053.0;8542.0;721.0;1578.0;1702.0;380.0;1142.0;1175.0;1194.0;1238.0;5172.0;5934.0;1152.0;1121.0;1672.0;590.0;861.0;1672.0;8833.0;437.0;784.0;1120.0;712.0;229.0;1672.0;2568.0;2341.0;530.0;628.0;7657.0;1490.0;1672.0;1238.0;1854.0;1546.0;1559.0;579.0;2123.0;280.0;1718.0;1672.0;1702.0;1023.0;2027.0;1643.0;1607.0;2182.0;2345.0;1132.0;1226.0;1537.0;1078.0;2069.0;619.0;1672.0;2692.0;684.0;581.0;1696.0;1696.0;1665.0;184.0;2902.0;8542.0;1646.0;8542.0;1696.0;668.0;1023.0;1068.0;491.0;619.0;907.0;1239.0;2069.0;1158.0;1672.0;1529.0;1374.0;802.0;1796.0;380.0;989.0;660.0;2016.0;1702.0;1152.0;184.0;546.0;274.0;1023.0;8542.0;668.0;2360.0;1042.0;0.0;1238.0;1672.0;2325.0;1078.0;738.0;531.0;1074.0;1578.0;723.0;680.0;43.0;1315.0;1501.0;1324.0;1489.0;894.0;951.0;693.0;668.0;802.0;1487.0;881.0;3016.0;668.0;1024.0;3129.0;1209.0;3046.0;8542.0;1574.0;289.0;8542.0;1330.0;1174.0;1578.0;1238.0;4948.0;668.0;2289.0;1578.0;753.0;1702.0;1121.0;289.0;1511.0;1818.0;2692.0;5900.0;8542.0;3222.0;1507.0;590.0;920.0;1209.0;453.0;1265.0;723.0;1672.0;1250.0;760.0;1460.0;1024.0;5098.0;919.0;1023.0;1909.0;453.0;2099.0;3491.0;491.0;1700.0;894.0;1767.0;2072.0;658.0;568.0;1331.0;4774.0;4153.0;229.0;398.0;1578.0;9700.0
319;1492.0;1512.0;4142.0;1618.0;1837.0;1871.0;1545.0;1522.0;934.0;1583.0;1474.0;1997.0;9744.0;4102.0;2676.0;9996.0;1474.0;3128.0;1546.0;3784.0;1579.0;926.0;4336.0;4026.0;1132.0;2001.0;2651.0;1047.0;1828.0;1627.0;801.0;1486.0;3103.0;1719.0;1457.0;1248.0;2648.0;934.0;10.0;705.0;1809.0;1545.0;1410.0;1625.0;2070.0;4155.0;1546.0;1474.0;2220.0;1687.0;1842.0;1768.0;2198.0;3742.0;1399.0;1678.0;801.0;2057.0;1637.0;722.0;1859.0;1867.0;3706.0;4333.0;1842.0;2198.0;1358.0;1522.0;1113.0;8724.0;3464.0;2220.0;3742.0;5584.0;1878.0;1474.0;1342.0;1545.0;1571.0;9744.0;1678.0;1508.0;1474.0;1878.0;1653.0;1155.0;1248.0;1583.0;1625.0;1560.0;4071.0;1878.0;4168.0;9744.0;3042.0;926.0;1215.0;1488.0;1486.0;3903.0;934.0;1596.0;1474.0;1783.0;1436.0;1433.0;1731.0;1739.0;926.0;1460.0;1629.0;551.0;4017.0;1878.0;2755.0;1725.0;1474.0;1567.0;705.0;1687.0;2291.0;1491.0;1602.0;9744.0;1165.0;1678.0;801.0;1423.0;1508.0;1893.0;1429.0;10.0;4336.0;5433.0;926.0;1552.0;705.0;1490.0;1477.0;705.0;10032.0;1444.0;722.0;1579.0;1127.0;1135.0;705.0;3212.0;3047.0;1619.0;1514.0;8146.0;1670.0;705.0;10.0;2714.0;2654.0;1785.0;1522.0;2648.0;1400.0;1803.0;705.0;801.0;934.0;2801.0;1837.0;1696.0;3159.0;2221.0;1848.0;1698.0;872.0;1520.0;1878.0;1431.0;705.0;3209.0;1007.0;1454.0;1867.0;1867.0;1848.0;1115.0;3659.0;9744.0;2254.0;9744.0;1867.0;1474.0;934.0;1560.0;1466.0;1431.0;1795.0;1627.0;1878.0;1876.0;705.0;2000.0;1586.0;1469.0;2452.0;1423.0;1395.0;1601.0;2465.0;801.0;926.0;1115.0;1568.0;1373.0;934.0;9744.0;1474.0;3042.0;1521.0;1238.0;0.0;705.0;2204.0;1520.0;1818.0;1436.0;1812.0;1678.0;1461.0;1393.0;1248.0;1534.0;1864.0;1527.0;2576.0;1590.0;1540.0;1891.0;1474.0;1469.0;1752.0;1512.0;3787.0;1474.0;1522.0;3909.0;1583.0;3820.0;9744.0;1714.0;1443.0;9744.0;1664.0;1663.0;1678.0;10.0;4004.0;1474.0;2173.0;1678.0;1813.0;801.0;1552.0;1443.0;1735.0;2453.0;3209.0;5408.0;9744.0;4026.0;2090.0;1490.0;1486.0;1583.0;1451.0;2043.0;1461.0;705.0;1603.0;1565.0;1545.0;1522.0;4274.0;1528.0;934.0;2740.0;1451.0;2786.0;3712.0;1466.0;1938.0;1795.0;1578.0;2821.0;1560.0;1488.0;1687.0;5195.0;4512.0;1135.0;1441.0;1678.0;8500.0
320;1662.0;1557.0;3708.0;1500.0;1546.0;1594.0;1264.0;1731.0;866.0;1461.0;1626.0;1691.0;9928.0;3955.0;2929.0;10166.0;1626.0;2981.0;1091.0;3175.0;1508.0;762.0;3646.0;3887.0;1658.0;1684.0;2437.0;1015.0;1521.0;1500.0;113.0;1505.0;2901.0;1500.0;1618.0;1665.0;2424.0;866.0;705.0;10.0;1509.0;1264.0;1720.0;1463.0;1474.0;4173.0;1091.0;1626.0;2107.0;1524.0;1685.0;1935.0;2161.0;3144.0;1669.0;1369.0;113.0;1768.0;1665.0;1386.0;1638.0;1557.0;3551.0;3646.0;1838.0;2161.0;1694.0;1731.0;1091.0;9428.0;3299.0;2107.0;3144.0;5177.0;1369.0;1626.0;1229.0;1264.0;1823.0;9928.0;1369.0;1583.0;1626.0;1369.0;1296.0;1149.0;1665.0;1461.0;1463.0;1712.0;3425.0;1369.0;4020.0;9928.0;2877.0;762.0;1663.0;1695.0;1505.0;3251.0;866.0;1800.0;1626.0;1642.0;1651.0;1437.0;1723.0;1634.0;762.0;1595.0;1668.0;1223.0;3863.0;1369.0;2610.0;1543.0;1626.0;1874.0;10.0;1524.0;2256.0;1622.0;1574.0;9928.0;1813.0;1369.0;113.0;1711.0;1406.0;1888.0;1279.0;705.0;3646.0;4736.0;762.0;1474.0;10.0;1685.0;1527.0;10.0;10206.0;1708.0;1386.0;1508.0;1776.0;1650.0;10.0;3012.0;2896.0;1886.0;1695.0;8851.0;1410.0;10.0;705.0;2688.0;2819.0;1523.0;1731.0;2424.0;1733.0;1456.0;10.0;113.0;866.0;2712.0;1546.0;1377.0;3184.0;1703.0;1851.0;1598.0;367.0;1458.0;1369.0;1601.0;10.0;3906.0;1654.0;1646.0;1557.0;1557.0;1548.0;1609.0;3503.0;9928.0;2124.0;9928.0;1557.0;1626.0;866.0;1513.0;1707.0;1601.0;1908.0;1500.0;1369.0;1874.0;10.0;1833.0;1369.0;1549.0;2325.0;1711.0;1360.0;1788.0;2218.0;113.0;762.0;1609.0;1806.0;1703.0;866.0;9928.0;1626.0;2877.0;1480.0;1672.0;705.0;0.0;1689.0;1458.0;2044.0;1651.0;1836.0;1369.0;1581.0;1525.0;1665.0;1337.0;1662.0;1323.0;2729.0;1646.0;1554.0;2206.0;1626.0;1549.0;1520.0;1557.0;3636.0;1626.0;1491.0;3758.0;1461.0;3668.0;9928.0;1419.0;1785.0;9928.0;1495.0;1583.0;1369.0;705.0;3342.0;1626.0;1664.0;1369.0;2027.0;113.0;1474.0;1785.0;1484.0;2314.0;3906.0;4712.0;9928.0;3887.0;1971.0;1685.0;1505.0;1461.0;1708.0;2046.0;1581.0;10.0;1463.0;1689.0;1264.0;1491.0;3581.0;1556.0;866.0;2691.0;1708.0;2644.0;3262.0;1707.0;1651.0;1915.0;1126.0;2713.0;1737.0;1695.0;1524.0;4799.0;4100.0;1650.0;1724.0;1369.0;8100.0
321;1810.0;1532.0;2033.0;1176.0;748.0;782.0;865.0;1914.0;1420.0;1168.0;1763.0;701.0;9100.0;2681.0;2746.0;9305.0;1763.0;1835.0;662.0;3438.0;1278.0;1347.0;3264.0;2633.0;2496.0;668.0;1270.0;1416.0;712.0;1155.0;1581.0;1469.0;1647.0;940.0;1777.0;2289.0;1237.0;1420.0;2204.0;1689.0;732.0;865.0;2110.0;1076.0;388.0;3225.0;662.0;1763.0;1340.0;1073.0;1096.0;1917.0;1552.0;3463.0;2009.0;754.0;1581.0;754.0;1519.0;2602.0;929.0;694.0;2302.0;3309.0;1496.0;1552.0;2149.0;1914.0;1413.0;10528.0;2060.0;1340.0;3463.0;3507.0;326.0;1763.0;1218.0;865.0;2043.0;9100.0;754.0;1596.0;1763.0;326.0;678.0;1427.0;2289.0;1168.0;1076.0;1792.0;3450.0;326.0;2740.0;9100.0;1710.0;1347.0;2347.0;1895.0;1469.0;3265.0;1420.0;1934.0;1763.0;1131.0;1896.0;1431.0;1451.0;1214.0;1347.0;1721.0;1543.0;2502.0;2584.0;326.0;1559.0;1026.0;1763.0;2180.0;1689.0;1073.0;1607.0;1718.0;1378.0;9100.0;2887.0;754.0;1581.0;2063.0;1214.0;1511.0;1134.0;2204.0;3264.0;3649.0;1347.0;1261.0;1689.0;1869.0;1535.0;1689.0;9355.0;2014.0;2602.0;1278.0;2858.0;2470.0;1689.0;1743.0;1758.0;2104.0;1844.0;9981.0;857.0;1689.0;2204.0;1901.0;2455.0;830.0;1914.0;1237.0;2161.0;625.0;1689.0;1581.0;1420.0;1767.0;748.0;725.0;2397.0;21.0;1516.0;1223.0;1365.0;1297.0;326.0;1790.0;1689.0;5005.0;2760.0;1850.0;694.0;694.0;725.0;2405.0;2258.0;9100.0;1304.0;9100.0;694.0;1763.0;1420.0;1332.0;1969.0;1790.0;1786.0;1155.0;326.0;1514.0;1689.0;1098.0;968.0;1600.0;1419.0;2063.0;1352.0;1893.0;1048.0;1581.0;1347.0;2405.0;2008.0;2141.0;1420.0;9100.0;1763.0;1710.0;1341.0;2325.0;2204.0;1689.0;0.0;1297.0;2100.0;1896.0;1558.0;754.0;1688.0;1698.0;2289.0;1022.0;980.0;1009.0;2359.0;1574.0;1464.0;2390.0;1763.0;1600.0;906.0;1532.0;2384.0;1763.0;1364.0;2495.0;1168.0;2413.0;9100.0;771.0;2204.0;9100.0;1059.0;1265.0;754.0;2204.0;3268.0;1763.0;36.0;754.0;2064.0;1581.0;1261.0;2204.0;863.0;1381.0;5005.0;3612.0;9100.0;2633.0;1266.0;1869.0;1469.0;1168.0;2001.0;1594.0;1688.0;1689.0;1128.0;1725.0;865.0;1364.0;3177.0;1495.0;1420.0;1851.0;2001.0;1590.0;1582.0;1969.0;752.0;1805.0;633.0;1724.0;1850.0;1895.0;1073.0;3138.0;2435.0;2470.0;2059.0;754.0;8900.0
322;513.0;236.0;2812.0;141.0;573.0;563.0;469.0;617.0;618.0;134.0;466.0;694.0;8488.0;2583.0;1619.0;8722.0;466.0;1608.0;860.0;4290.0;60.0;698.0;4395.0;2508.0;1291.0;719.0;1154.0;480.0;599.0;162.0;1412.0;172.0;1592.0;373.0;481.0;1037.0;1158.0;618.0;1520.0;1458.0;576.0;469.0;822.0;226.0;1460.0;2717.0;860.0;466.0;700.0;253.0;357.0;657.0;707.0;4287.0;720.0;547.0;1412.0;709.0;262.0;1576.0;457.0;627.0;2186.0;4425.0;385.0;707.0;869.0;617.0;409.0;9258.0;1945.0;700.0;4287.0;4185.0;1099.0;466.0;233.0;469.0;746.0;8488.0;547.0;300.0;466.0;1099.0;650.0;365.0;1037.0;134.0;226.0;498.0;4419.0;1099.0;2649.0;8488.0;1523.0;698.0;1106.0;598.0;172.0;4233.0;618.0;641.0;466.0;291.0;602.0;147.0;272.0;225.0;698.0;424.0;279.0;1541.0;2497.0;1099.0;1235.0;308.0;466.0;883.0;1458.0;253.0;802.0;421.0;126.0;8488.0;1735.0;547.0;1412.0;772.0;90.0;432.0;226.0;1520.0;4395.0;4945.0;698.0;44.0;1458.0;572.0;238.0;1458.0;8763.0;720.0;1576.0;60.0;1714.0;1262.0;1458.0;1700.0;1527.0;809.0;547.0;8718.0;440.0;1458.0;1520.0;1235.0;1425.0;487.0;617.0;1158.0;876.0;673.0;1458.0;1412.0;618.0;1290.0;573.0;576.0;1726.0;1317.0;399.0;183.0;1129.0;10.0;1099.0;496.0;1458.0;3767.0;1641.0;554.0;627.0;627.0;595.0;1197.0;2139.0;8488.0;735.0;8488.0;627.0;466.0;618.0;59.0;673.0;496.0;555.0;162.0;1099.0;420.0;1458.0;507.0;333.0;303.0;932.0;772.0;127.0;601.0;1003.0;1412.0;698.0;1197.0;711.0;859.0;618.0;8488.0;466.0;1523.0;45.0;1078.0;1520.0;1458.0;1297.0;0.0;832.0;602.0;397.0;547.0;391.0;409.0;1037.0;289.0;431.0;306.0;1328.0;293.0;173.0;1109.0;466.0;303.0;413.0;236.0;2267.0;466.0;69.0;2389.0;134.0;2300.0;8488.0;526.0;915.0;8488.0;253.0;143.0;547.0;1520.0;4275.0;466.0;1262.0;547.0;799.0;1412.0;44.0;915.0;443.0;934.0;3767.0;4908.0;8488.0;2508.0;571.0;572.0;172.0;134.0;706.0;590.0;391.0;1458.0;175.0;433.0;469.0;69.0;4314.0;201.0;618.0;1246.0;706.0;1266.0;2431.0;673.0;623.0;570.0;859.0;1304.0;556.0;598.0;253.0;3790.0;3139.0;1262.0;767.0;547.0;9500.0
323;390.0;605.0;3296.0;931.0;1353.0;1323.0;1301.0;314.0;1203.0;947.0;432.0;1429.0;7934.0;2579.0;885.0;8182.0;432.0;1718.0;1689.0;5068.0;835.0;1332.0;5224.0;2497.0;992.0;1461.0;1518.0;1065.0;1388.0;951.0;2035.0;675.0;1820.0;1161.0;435.0;701.0;1542.0;1203.0;1818.0;2044.0;1368.0;1301.0;434.0;1032.0;2290.0;2405.0;1689.0;432.0;1014.0;1028.0;1019.0;184.0;816.0;5058.0;419.0;1369.0;2035.0;1409.0;584.0;1509.0;1182.0;1407.0;2233.0;5252.0;631.0;816.0;504.0;314.0;998.0;8563.0;2041.0;1014.0;5058.0;4537.0;1927.0;432.0;1009.0;1301.0;248.0;7934.0;1369.0;547.0;432.0;1927.0;1480.0;943.0;701.0;947.0;1032.0;358.0;5223.0;1927.0;2642.0;7934.0;1688.0;1332.0;778.0;350.0;675.0;5038.0;1203.0;244.0;432.0;974.0;396.0;736.0;651.0;887.0;1332.0;472.0;562.0;1566.0;2513.0;1927.0;1422.0;1074.0;432.0;309.0;2044.0;1028.0;860.0;454.0;729.0;7934.0;1439.0;1369.0;2035.0;404.0;922.0;637.0;1047.0;1818.0;5224.0;5745.0;1332.0;859.0;2044.0;360.0;618.0;2044.0;8219.0;374.0;1509.0;835.0;1435.0;964.0;2044.0;1904.0;1660.0;213.0;353.0;8039.0;1256.0;2044.0;1818.0;1137.0;840.0;1270.0;314.0;1542.0;468.0;1480.0;2044.0;2035.0;1203.0;1333.0;1353.0;1397.0;1444.0;2119.0;614.0;877.0;1791.0;832.0;1927.0;447.0;2044.0;3171.0;1420.0;398.0;1407.0;1407.0;1375.0;922.0;2192.0;7934.0;1075.0;7934.0;1407.0;432.0;1203.0;785.0;353.0;447.0;323.0;951.0;1927.0;627.0;2044.0;1076.0;1159.0;563.0;1175.0;404.0;833.0;263.0;1489.0;2035.0;1332.0;922.0;250.0;485.0;1203.0;7934.0;432.0;1688.0;787.0;738.0;1818.0;2044.0;2100.0;832.0;0.0;396.0;560.0;1369.0;496.0;534.0;701.0;1120.0;1134.0;1137.0;770.0;539.0;659.0;295.0;432.0;563.0;1194.0;605.0;2300.0;432.0;764.0;2409.0;947.0;2329.0;7934.0;1340.0;450.0;7934.0;1044.0;836.0;1369.0;1818.0;5088.0;432.0;2066.0;1369.0;37.0;2035.0;859.0;450.0;1239.0;1207.0;3171.0;5706.0;7934.0;2497.0;979.0;360.0;675.0;947.0;367.0;650.0;496.0;2044.0;984.0;409.0;1301.0;764.0;5143.0;633.0;1203.0;1200.0;367.0;1438.0;2980.0;353.0;1366.0;304.0;1689.0;1387.0;317.0;350.0;1028.0;4144.0;3559.0;964.0;385.0;1369.0;10200.0
324;110.0;376.0;3325.0;734.0;1174.0;1159.0;1046.0;86.0;824.0;735.0;144.0;1286.0;8326.0;2817.0;1281.0;8573.0;144.0;1894.0;1400.0;4708.0;632.0;957.0;4917.0;2736.0;780.0;1312.0;1577.0;695.0;1200.0;756.0;1646.0;431.0;1950.0;973.0;124.0;488.0;1592.0;824.0;1436.0;1651.0;1178.0;1046.0;225.0;827.0;2032.0;2741.0;1400.0;144.0;1060.0;846.0;900.0;336.0;927.0;4694.0;126.0;1142.0;1646.0;1288.0;442.0;1214.0;1038.0;1228.0;2446.0;4941.0;610.0;927.0;286.0;86.0;636.0;8659.0;2231.0;1060.0;4694.0;4639.0;1679.0;144.0;709.0;1046.0;181.0;8326.0;1142.0;314.0;144.0;1679.0;1234.0;585.0;488.0;735.0;827.0;175.0;4879.0;1679.0;2881.0;8326.0;1841.0;957.0;567.0;53.0;431.0;4696.0;824.0;160.0;144.0;839.0;10.0;465.0;556.0;749.0;957.0;180.0;418.0;1240.0;2742.0;1679.0;1555.0;900.0;144.0;291.0;1651.0;846.0;1002.0;193.0;547.0;8326.0;1245.0;1142.0;1646.0;173.0;682.0;645.0;774.0;1436.0;4917.0;5541.0;957.0;641.0;1651.0;65.0;366.0;1651.0;8611.0;118.0;1214.0;632.0;1232.0;749.0;1651.0;2046.0;1825.0;249.0;102.0;8121.0;1040.0;1651.0;1436.0;1370.0;1219.0;1088.0;86.0;1592.0;282.0;1273.0;1651.0;1646.0;824.0;1521.0;1174.0;1172.0;1756.0;1917.0;602.0;722.0;1411.0;602.0;1679.0;106.0;1651.0;3184.0;1187.0;52.0;1228.0;1228.0;1196.0;691.0;2402.0;8326.0;1116.0;8326.0;1228.0;144.0;824.0;577.0;75.0;106.0;403.0;756.0;1679.0;628.0;1651.0;1009.0;928.0;301.0;1269.0;173.0;549.0;169.0;1488.0;1646.0;957.0;691.0;157.0;271.0;824.0;8326.0;144.0;1841.0;560.0;531.0;1436.0;1651.0;1896.0;602.0;396.0;0.0;544.0;1142.0;213.0;201.0;488.0;876.0;1001.0;890.0;1140.0;370.0;448.0;581.0;144.0;301.0;1012.0;376.0;2520.0;144.0;538.0;2636.0;735.0;2551.0;8326.0;1126.0;315.0;8326.0;852.0;671.0;1142.0;1436.0;4752.0;144.0;1861.0;1142.0;384.0;1646.0;641.0;315.0;1045.0;1289.0;3184.0;5504.0;8326.0;2736.0;977.0;65.0;431.0;735.0;104.0;745.0;213.0;1651.0;776.0;229.0;1046.0;538.0;4839.0;415.0;824.0;1417.0;104.0;1578.0;2970.0;75.0;1215.0;395.0;1407.0;1562.0;141.0;53.0;846.0;4244.0;3623.0;749.0;165.0;1142.0;9800.0
325;435.0;301.0;2793.0;434.0;812.0;777.0;823.0;501.0;976.0;463.0;417.0;874.0;8097.0;2317.0;1241.0;8333.0;417.0;1370.0;1225.0;4677.0;366.0;1075.0;4742.0;2239.0;1324.0;906.0;1033.0;828.0;850.0;449.0;1798.0;337.0;1410.0;634.0;440.0;1031.0;1050.0;976.0;1812.0;1836.0;832.0;823.0;754.0;529.0;1781.0;2359.0;1225.0;417.0;516.0;506.0;465.0;380.0;400.0;4676.0;666.0;859.0;1798.0;850.0;177.0;1727.0;631.0;864.0;1934.0;4775.0;73.0;400.0;824.0;501.0;751.0;9114.0;1709.0;516.0;4676.0;4095.0;1416.0;417.0;628.0;823.0;596.0;8097.0;859.0;311.0;417.0;1416.0;981.0;696.0;1031.0;463.0;529.0;371.0;4795.0;1416.0;2383.0;8097.0;1308.0;1075.0;1111.0;507.0;337.0;4609.0;976.0;476.0;417.0;427.0;544.0;401.0;128.0;349.0;1075.0;403.0;184.0;1729.0;2238.0;1416.0;1018.0;543.0;417.0;740.0;1836.0;506.0;487.0;375.0;272.0;8097.0;1789.0;859.0;1798.0;701.0;475.0;101.0;619.0;1812.0;4742.0;5193.0;1075.0;400.0;1836.0;484.0;336.0;1836.0;8374.0;642.0;1727.0;366.0;1775.0;1294.0;1836.0;1508.0;1296.0;635.0;446.0;8586.0;743.0;1836.0;1812.0;902.0;1029.0;734.0;501.0;1050.0;811.0;952.0;1836.0;1798.0;976.0;1010.0;812.0;884.0;1362.0;1577.0;60.0;352.0;1519.0;397.0;1416.0;470.0;1836.0;3687.0;1726.0;495.0;864.0;864.0;834.0;1234.0;1889.0;8097.0;573.0;8097.0;864.0;417.0;976.0;339.0;586.0;470.0;237.0;449.0;1416.0;84.0;1836.0;518.0;667.0;349.0;726.0;701.0;477.0;433.0;961.0;1798.0;1075.0;1234.0;563.0;807.0;976.0;8097.0;417.0;1308.0;365.0;1074.0;1812.0;1836.0;1558.0;397.0;560.0;544.0;0.0;859.0;386.0;452.0;1031.0;646.0;581.0;665.0;932.0;226.0;285.0;855.0;417.0;349.0;661.0;301.0;2012.0;417.0;349.0;2131.0;463.0;2044.0;8097.0;821.0;830.0;8097.0;528.0;326.0;859.0;1812.0;4646.0;417.0;1525.0;859.0;523.0;1798.0;400.0;830.0;711.0;745.0;3687.0;5154.0;8097.0;2239.0;443.0;484.0;337.0;463.0;625.0;231.0;386.0;1836.0;490.0;317.0;823.0;349.0;4659.0;289.0;976.0;931.0;625.0;1044.0;2453.0;586.0;813.0;256.0;1219.0;1042.0;419.0;507.0;506.0;3700.0;3083.0;1294.0;686.0;859.0;9900.0
326;1059.0;783.0;2473.0;439.0;177.0;228.0;138.0;1163.0;771.0;423.0;1011.0;327.0;8774.0;2598.0;2095.0;8996.0;1011.0;1635.0;406.0;3863.0;535.0;752.0;3883.0;2533.0;1762.0;326.0;1073.0;719.0;155.0;419.0;1287.0;718.0;1536.0;232.0;1024.0;1541.0;1058.0;771.0;1678.0;1369.0;140.0;138.0;1355.0;337.0;924.0;2920.0;406.0;1011.0;839.0;353.0;447.0;1189.0;984.0;3870.0;1254.0;10.0;1287.0;399.0;786.0;1936.0;317.0;193.0;2195.0;3917.0;810.0;984.0;1395.0;1163.0;696.0;9780.0;1942.0;839.0;3870.0;3906.0;559.0;1011.0;474.0;138.0;1293.0;8774.0;10.0;847.0;1011.0;559.0;127.0;698.0;1541.0;423.0;337.0;1045.0;3955.0;559.0;2663.0;8774.0;1524.0;752.0;1602.0;1143.0;718.0;3769.0;771.0;1188.0;1011.0;450.0;1142.0;677.0;739.0;513.0;752.0;968.0;808.0;1861.0;2505.0;559.0;1275.0;322.0;1011.0;1428.0;1369.0;353.0;1065.0;968.0;641.0;8774.0;2175.0;10.0;1287.0;1308.0;461.0;838.0;383.0;1678.0;3883.0;4399.0;752.0;514.0;1369.0;1117.0;783.0;1369.0;9041.0;1260.0;1936.0;535.0;2149.0;1735.0;1369.0;1647.0;1549.0;1356.0;1094.0;9235.0;116.0;1369.0;1678.0;1458.0;1849.0;177.0;1163.0;1058.0;1407.0;144.0;1369.0;1287.0;771.0;1416.0;177.0;30.0;1978.0;775.0;830.0;507.0;1002.0;547.0;559.0;1037.0;1369.0;4266.0;2059.0;1097.0;193.0;193.0;180.0;1669.0;2147.0;8774.0;834.0;8774.0;193.0;1011.0;771.0;587.0;1215.0;1037.0;1070.0;419.0;559.0;836.0;1369.0;541.0;215.0;848.0;1019.0;1308.0;598.0;1148.0;850.0;1287.0;752.0;1669.0;1258.0;1387.0;771.0;8774.0;1011.0;1524.0;592.0;1578.0;1678.0;1369.0;754.0;547.0;1369.0;1142.0;859.0;0.0;936.0;943.0;1541.0;267.0;362.0;255.0;1750.0;833.0;718.0;1652.0;1011.0;848.0;219.0;783.0;2280.0;1011.0;615.0;2401.0;423.0;2312.0;8774.0;56.0;1450.0;8774.0;331.0;540.0;10.0;1678.0;3799.0;1011.0;719.0;10.0;1334.0;1287.0;514.0;1450.0;165.0;998.0;4266.0;4363.0;8774.0;2533.0;716.0;1117.0;718.0;423.0;1247.0;960.0;936.0;1369.0;386.0;980.0;138.0;615.0;3800.0;748.0;771.0;1437.0;1247.0;1310.0;2055.0;1215.0;282.0;1087.0;388.0;1402.0;1103.0;1143.0;353.0;3518.0;2836.0;1735.0;1305.0;10.0;9200.0
327;124.0;163.0;3129.0;522.0;961.0;947.0;845.0;229.0;722.0;523.0;76.0;1073.0;8356.0;2700.0;1359.0;8598.0;76.0;1756.0;1213.0;4573.0;419.0;846.0;4743.0;2621.0;961.0;1100.0;1398.0;578.0;989.0;544.0;1562.0;219.0;1791.0;760.0;90.0;681.0;1410.0;722.0;1461.0;1581.0;966.0;845.0;437.0;616.0;1836.0;2694.0;1213.0;76.0;887.0;634.0;690.0;356.0;786.0;4563.0;336.0;936.0;1562.0;1076.0;246.0;1341.0;826.0;1016.0;2319.0;4769.0;441.0;786.0;492.0;229.0;508.0;8872.0;2095.0;887.0;4563.0;4460.0;1479.0;76.0;523.0;845.0;359.0;8356.0;936.0;103.0;76.0;1479.0;1032.0;451.0;681.0;523.0;616.0;138.0;4729.0;1479.0;2766.0;8356.0;1693.0;846.0;757.0;208.0;219.0;4544.0;722.0;267.0;76.0;628.0;213.0;261.0;365.0;539.0;846.0;33.0;225.0;1344.0;2622.0;1479.0;1403.0;687.0;76.0;492.0;1581.0;634.0;870.0;42.0;336.0;8356.0;1422.0;936.0;1562.0;385.0;474.0;484.0;576.0;1461.0;4743.0;5335.0;846.0;429.0;1581.0;182.0;154.0;1581.0;8637.0;331.0;1341.0;419.0;1406.0;931.0;1581.0;1892.0;1682.0;425.0;161.0;8334.0;831.0;1581.0;1461.0;1270.0;1240.0;875.0;229.0;1410.0;493.0;1064.0;1581.0;1562.0;722.0;1394.0;961.0;965.0;1698.0;1708.0;437.0;511.0;1307.0;391.0;1479.0;109.0;1581.0;3394.0;1350.0;164.0;1016.0;1016.0;984.0;868.0;2274.0;8356.0;940.0;8356.0;1016.0;76.0;722.0;364.0;282.0;109.0;338.0;544.0;1479.0;466.0;1581.0;806.0;721.0;88.0;1107.0;385.0;353.0;236.0;1294.0;1562.0;846.0;868.0;326.0;479.0;722.0;8356.0;76.0;1693.0;348.0;723.0;1461.0;1581.0;1688.0;391.0;496.0;213.0;386.0;936.0;0.0;69.0;681.0;671.0;789.0;686.0;1152.0;174.0;235.0;742.0;76.0;88.0;799.0;163.0;2396.0;76.0;326.0;2514.0;523.0;2428.0;8356.0;917.0;528.0;8356.0;639.0;459.0;936.0;1461.0;4595.0;76.0;1652.0;936.0;469.0;1562.0;429.0;528.0;833.0;1123.0;3394.0;5298.0;8356.0;2621.0;791.0;182.0;219.0;523.0;317.0;611.0;10.0;1581.0;564.0;109.0;845.0;326.0;4663.0;203.0;722.0;1307.0;317.0;1429.0;2768.0;282.0;1002.0;341.0;1217.0;1428.0;183.0;208.0;634.0;4065.0;3435.0;931.0;378.0;936.0;9700.0
328;146.0;201.0;3177.0;545.0;982.0;971.0;845.0;242.0;671.0;542.0;103.0;1100.0;8417.0;2768.0;1409.0;8660.0;103.0;1821.0;1202.0;4536.0;444.0;799.0;4724.0;2689.0;911.0;1126.0;1454.0;531.0;1007.0;567.0;1509.0;242.0;1854.0;781.0;100.0;639.0;1466.0;671.0;1393.0;1525.0;984.0;845.0;414.0;635.0;1832.0;2762.0;1202.0;103.0;947.0;658.0;729.0;410.0;852.0;4525.0;312.0;943.0;1509.0;1108.0;303.0;1277.0;856.0;1036.0;2386.0;4749.0;504.0;852.0;461.0;242.0;464.0;8849.0;2161.0;947.0;4525.0;4516.0;1478.0;103.0;510.0;845.0;369.0;8417.0;943.0;153.0;103.0;1478.0;1034.0;409.0;639.0;542.0;635.0;187.0;4699.0;1478.0;2834.0;8417.0;1757.0;799.0;712.0;213.0;242.0;4514.0;671.0;295.0;103.0;665.0;201.0;267.0;421.0;577.0;799.0;71.0;284.0;1277.0;2690.0;1478.0;1467.0;713.0;103.0;491.0;1525.0;658.0;938.0;100.0;373.0;8417.0;1369.0;943.0;1509.0;365.0;485.0;548.0;573.0;1393.0;4724.0;5341.0;799.0;450.0;1525.0;191.0;181.0;1525.0;8699.0;316.0;1277.0;444.0;1352.0;881.0;1525.0;1955.0;1748.0;437.0;184.0;8310.0;843.0;1525.0;1393.0;1339.0;1300.0;896.0;242.0;1466.0;467.0;1076.0;1525.0;1509.0;671.0;1461.0;982.0;973.0;1767.0;1718.0;502.0;546.0;1259.0;409.0;1478.0;99.0;1525.0;3362.0;1292.0;161.0;1036.0;1036.0;1004.0;817.0;2341.0;8417.0;999.0;8417.0;1036.0;103.0;671.0;391.0;275.0;99.0;404.0;567.0;1478.0;530.0;1525.0;852.0;730.0;123.0;1169.0;365.0;349.0;271.0;1344.0;1509.0;799.0;817.0;338.0;450.0;671.0;8417.0;103.0;1757.0;369.0;680.0;1393.0;1525.0;1698.0;409.0;534.0;201.0;452.0;943.0;69.0;0.0;639.0;677.0;823.0;690.0;1213.0;234.0;271.0;764.0;103.0;123.0;821.0;201.0;2463.0;103.0;348.0;2582.0;542.0;2495.0;8417.0;929.0;507.0;8417.0;661.0;494.0;943.0;1393.0;4568.0;103.0;1662.0;943.0;511.0;1509.0;450.0;507.0;851.0;1185.0;3362.0;5305.0;8417.0;2689.0;847.0;191.0;242.0;542.0;304.0;678.0;69.0;1525.0;583.0;174.0;845.0;348.0;4645.0;239.0;671.0;1375.0;304.0;1493.0;2811.0;275.0;1029.0;406.0;1208.0;1494.0;218.0;213.0;658.0;4120.0;3487.0;881.0;362.0;943.0;9600.0
329;597.0;839.0;3809.0;1178.0;1604.0;1599.0;1424.0;536.0;999.0;1169.0;625.0;1732.0;8523.0;3263.0;1463.0;8779.0;625.0;2364.0;1721.0;4823.0;1079.0;1130.0;5151.0;3182.0;300.0;1756.0;2064.0;925.0;1625.0;1199.0;1693.0;879.0;2431.0;1407.0;603.0;10.0;2080.0;999.0;1248.0;1665.0;1602.0;1424.0;288.0;1260.0;2369.0;3101.0;1721.0;625.0;1547.0;1291.0;1367.0;755.0;1405.0;4798.0;366.0;1541.0;1693.0;1744.0;924.0;815.0;1492.0;1657.0;2904.0;5167.0;1098.0;1405.0;213.0;536.0;900.0;8240.0;2697.0;1547.0;4798.0;5126.0;2036.0;625.0;1071.0;1424.0;484.0;8523.0;1541.0;783.0;625.0;2036.0;1612.0;872.0;10.0;1169.0;1260.0;660.0;5039.0;2036.0;3327.0;8523.0;2317.0;1130.0;81.0;525.0;879.0;4859.0;999.0;582.0;625.0;1303.0;488.0;890.0;1041.0;1216.0;1130.0;652.0;901.0;891.0;3193.0;2036.0;2034.0;1345.0;625.0;394.0;1665.0;1291.0;1474.0;673.0;1011.0;8523.0;764.0;1541.0;1693.0;338.0;1103.0;1132.0;1158.0;1248.0;5151.0;5902.0;1130.0;1080.0;1665.0;547.0;819.0;1665.0;8813.0;395.0;815.0;1079.0;754.0;270.0;1665.0;2526.0;2298.0;491.0;585.0;7694.0;1452.0;1665.0;1248.0;1814.0;1514.0;1520.0;536.0;2080.0;239.0;1681.0;1665.0;1693.0;999.0;1985.0;1604.0;1570.0;2145.0;2310.0;1089.0;1185.0;1522.0;1037.0;2036.0;576.0;1665.0;2731.0;724.0;538.0;1657.0;1657.0;1626.0;222.0;2861.0;8523.0;1603.0;8523.0;1657.0;625.0;999.0;1027.0;448.0;576.0;864.0;1199.0;2036.0;1115.0;1665.0;1487.0;1336.0;760.0;1753.0;338.0;950.0;617.0;1973.0;1693.0;1130.0;222.0;505.0;232.0;999.0;8523.0;625.0;2317.0;1001.0;43.0;1248.0;1665.0;2289.0;1037.0;701.0;488.0;1031.0;1541.0;681.0;639.0;0.0;1277.0;1460.0;1287.0;1456.0;851.0;909.0;668.0;625.0;760.0;1447.0;839.0;2974.0;625.0;983.0;3088.0;1169.0;3005.0;8523.0;1536.0;251.0;8523.0;1290.0;1132.0;1541.0;1248.0;4932.0;625.0;2253.0;1541.0;715.0;1693.0;1080.0;251.0;1472.0;1775.0;2731.0;5868.0;8523.0;3182.0;1464.0;547.0;879.0;1169.0;411.0;1222.0;681.0;1665.0;1210.0;716.0;1424.0;983.0;5077.0;878.0;999.0;1868.0;411.0;2056.0;3448.0;448.0;1660.0;852.0;1736.0;2030.0;615.0;525.0;1291.0;4731.0;4110.0;270.0;355.0;1541.0;9700.0
330;795.0;523.0;2666.0;213.0;345.0;359.0;182.0;899.0;600.0;183.0;747.0;496.0;8675.0;2625.0;1886.0;8904.0;747.0;1648.0;581.0;4034.0;290.0;624.0;4110.0;2556.0;1506.0;511.0;1127.0;510.0;356.0;201.0;1273.0;456.0;1588.0;186.0;759.0;1277.0;1121.0;600.0;1534.0;1337.0;333.0;182.0;1088.0;134.0;1171.0;2856.0;581.0;747.0;773.0;190.0;349.0;943.0;860.0;4034.0;987.0;267.0;1273.0;539.0;542.0;1715.0;326.0;392.0;2223.0;4141.0;610.0;860.0;1128.0;899.0;469.0;9514.0;1973.0;773.0;4034.0;4076.0;811.0;747.0;226.0;182.0;1029.0;8675.0;267.0;586.0;747.0;811.0;362.0;458.0;1277.0;183.0;134.0;786.0;4149.0;811.0;2691.0;8675.0;1548.0;624.0;1339.0;878.0;456.0;3963.0;600.0;928.0;747.0;312.0;876.0;411.0;519.0;331.0;624.0;704.0;562.0;1653.0;2535.0;811.0;1275.0;206.0;747.0;1163.0;1337.0;190.0;951.0;704.0;397.0;8675.0;1929.0;267.0;1273.0;1041.0;200.0;649.0;127.0;1534.0;4110.0;4665.0;624.0;263.0;1337.0;853.0;520.0;1337.0;8947.0;993.0;1715.0;290.0;1904.0;1478.0;1337.0;1699.0;1563.0;1094.0;830.0;8971.0;178.0;1337.0;1534.0;1372.0;1667.0;270.0;899.0;1121.0;1140.0;404.0;1337.0;1273.0;600.0;1377.0;345.0;297.0;1885.0;1042.0;629.0;307.0;981.0;289.0;811.0;771.0;1337.0;4005.0;1819.0;832.0;392.0;392.0;363.0;1412.0;2175.0;8675.0;787.0;8675.0;392.0;747.0;600.0;336.0;949.0;771.0;834.0;201.0;811.0;641.0;1337.0;497.0;62.0;584.0;988.0;1041.0;331.0;889.0;932.0;1273.0;624.0;1412.0;995.0;1120.0;600.0;8675.0;747.0;1548.0;334.0;1315.0;1534.0;1337.0;1022.0;289.0;1120.0;876.0;646.0;267.0;671.0;677.0;1277.0;0.0;336.0;19.0;1569.0;581.0;462.0;1397.0;747.0;584.0;221.0;523.0;2306.0;747.0;357.0;2429.0;183.0;2339.0;8675.0;259.0;1183.0;8675.0;160.0;321.0;267.0;1534.0;4001.0;747.0;986.0;267.0;1086.0;1273.0;263.0;1183.0;217.0;977.0;4005.0;4628.0;8675.0;2556.0;637.0;853.0;456.0;183.0;980.0;791.0;671.0;1337.0;159.0;721.0;182.0;357.0;4029.0;490.0;600.0;1367.0;980.0;1309.0;2263.0;949.0;428.0;851.0;576.0;1376.0;842.0;878.0;190.0;3683.0;3014.0;1478.0;1038.0;267.0;9300.0
331;899.0;626.0;2384.0;291.0;246.0;201.0;411.0;995.0;930.0;311.0;858.0;295.0;8414.0;2294.0;1777.0;8637.0;858.0;1319.0;767.0;4219.0;382.0;960.0;4200.0;2225.0;1721.0;326.0;792.0;826.0;288.0;272.0;1592.0;581.0;1253.0;162.0;877.0;1460.0;786.0;930.0;1864.0;1662.0;276.0;411.0;1226.0;243.0;1231.0;2566.0;767.0;858.0;479.0;188.0;116.0;951.0;627.0;4227.0;1125.0;362.0;1592.0;287.0;573.0;1996.0;53.0;293.0;1891.0;4238.0;517.0;627.0;1281.0;995.0;772.0;9655.0;1640.0;479.0;4227.0;3770.0;873.0;858.0;528.0;411.0;1116.0;8414.0;362.0;687.0;858.0;873.0;486.0;746.0;1460.0;311.0;243.0;863.0;4301.0;873.0;2360.0;8414.0;1216.0;960.0;1532.0;985.0;581.0;4115.0;930.0;999.0;858.0;165.0;1001.0;576.0;485.0;255.0;960.0;821.0;599.0;1950.0;2203.0;873.0;948.0;140.0;858.0;1261.0;1662.0;188.0;705.0;809.0;454.0;8414.0;2166.0;362.0;1592.0;1174.0;390.0;531.0;436.0;1864.0;4200.0;4613.0;960.0;387.0;1662.0;959.0;642.0;1662.0;8682.0;1118.0;1996.0;382.0;2145.0;1691.0;1662.0;1364.0;1233.0;1170.0;927.0;9120.0;269.0;1662.0;1864.0;1097.0;1510.0;189.0;995.0;786.0;1282.0;401.0;1662.0;1592.0;930.0;1068.0;246.0;375.0;1617.0;999.0;536.0;279.0;1300.0;431.0;873.0;898.0;1662.0;4183.0;2070.0;950.0;293.0;293.0;266.0;1626.0;1843.0;8414.0;479.0;8414.0;293.0;858.0;930.0;434.0;1066.0;898.0;814.0;272.0;873.0;534.0;1662.0;182.0;294.0;704.0;672.0;1174.0;543.0;955.0;603.0;1592.0;960.0;1626.0;1081.0;1268.0;930.0;8414.0;858.0;1216.0;461.0;1501.0;1864.0;1662.0;980.0;431.0;1134.0;1001.0;581.0;362.0;789.0;823.0;1460.0;336.0;0.0;346.0;1412.0;640.0;555.0;1429.0;858.0;704.0;150.0;626.0;1975.0;858.0;479.0;2098.0;311.0;2008.0;8414.0;308.0;1316.0;8414.0;204.0;331.0;362.0;1864.0;4140.0;858.0;948.0;362.0;1097.0;1592.0;387.0;1316.0;200.0;656.0;4183.0;4574.0;8414.0;2225.0;355.0;959.0;581.0;311.0;1103.0;626.0;789.0;1662.0;278.0;794.0;411.0;479.0;4115.0;587.0;930.0;1079.0;1103.0;982.0;2000.0;1066.0;232.0;833.0;749.0;1060.0;921.0;985.0;188.0;3376.0;2717.0;1691.0;1165.0;362.0;9500.0
332;810.0;539.0;2666.0;232.0;342.0;359.0;164.0;914.0;595.0;202.0;762.0;495.0;8693.0;2638.0;1905.0;8921.0;762.0;1660.0;562.0;4015.0;308.0;615.0;4092.0;2568.0;1514.0;509.0;1137.0;509.0;351.0;219.0;1258.0;472.0;1598.0;192.0;774.0;1287.0;1130.0;595.0;1527.0;1323.0;328.0;164.0;1101.0;152.0;1155.0;2873.0;562.0;762.0;788.0;206.0;363.0;961.0;877.0;4015.0;1000.0;255.0;1258.0;541.0;560.0;1717.0;333.0;388.0;2235.0;4123.0;629.0;877.0;1140.0;914.0;470.0;9525.0;1985.0;788.0;4015.0;4078.0;795.0;762.0;230.0;164.0;1045.0;8693.0;255.0;602.0;762.0;795.0;347.0;461.0;1287.0;202.0;152.0;801.0;4131.0;795.0;2703.0;8693.0;1560.0;615.0;1349.0;893.0;472.0;3944.0;595.0;944.0;762.0;328.0;890.0;426.0;537.0;349.0;615.0;718.0;580.0;1653.0;2547.0;795.0;1288.0;220.0;762.0;1177.0;1323.0;206.0;968.0;720.0;415.0;8693.0;1934.0;255.0;1258.0;1055.0;216.0;668.0;132.0;1527.0;4092.0;4651.0;615.0;280.0;1323.0;867.0;536.0;1323.0;8964.0;1007.0;1717.0;308.0;1909.0;1486.0;1323.0;1709.0;1576.0;1109.0;846.0;8981.0;171.0;1323.0;1527.0;1389.0;1686.0;270.0;914.0;1130.0;1152.0;394.0;1323.0;1258.0;595.0;1391.0;342.0;285.0;1902.0;1029.0;648.0;326.0;966.0;306.0;795.0;785.0;1323.0;4015.0;1824.0;846.0;388.0;388.0;359.0;1420.0;2187.0;8693.0;802.0;8693.0;388.0;762.0;595.0;354.0;964.0;785.0;853.0;219.0;795.0;660.0;1323.0;510.0;61.0;599.0;1002.0;1055.0;343.0;905.0;940.0;1258.0;615.0;1420.0;1011.0;1132.0;595.0;8693.0;762.0;1560.0;351.0;1324.0;1527.0;1323.0;1009.0;306.0;1137.0;890.0;665.0;255.0;686.0;690.0;1287.0;19.0;346.0;0.0;1588.0;598.0;479.0;1414.0;762.0;599.0;225.0;539.0;2319.0;762.0;374.0;2441.0;202.0;2351.0;8693.0;251.0;1195.0;8693.0;176.0;340.0;255.0;1527.0;3983.0;762.0;973.0;255.0;1104.0;1258.0;280.0;1195.0;217.0;991.0;4015.0;4614.0;8693.0;2568.0;653.0;867.0;472.0;202.0;994.0;810.0;686.0;1323.0;177.0;738.0;164.0;374.0;4011.0;506.0;595.0;1383.0;994.0;1322.0;2261.0;964.0;428.0;869.0;558.0;1390.0;858.0;893.0;206.0;3686.0;3015.0;1486.0;1052.0;255.0;9300.0
333;1092.0;1176.0;3033.0;1356.0;1658.0;1609.0;1738.0;1054.0;1863.0;1389.0;1118.0;1661.0;7204.0;1960.0;430.0;7446.0;1118.0;1276.0;2140.0;5602.0;1297.0;1977.0;5609.0;1877.0;1731.0;1695.0;1357.0;1715.0;1700.0;1369.0;2702.0;1235.0;1463.0;1518.0;1131.0;1456.0;1393.0;1863.0;2576.0;2729.0;1688.0;1738.0;1202.0;1443.0;2642.0;1649.0;2140.0;1118.0;1028.0;1407.0;1308.0;812.0;808.0;5603.0;1187.0;1750.0;2702.0;1605.0;1081.0;2270.0;1464.0;1702.0;1671.0;5648.0;959.0;808.0;1271.0;1054.0;1639.0;8767.0;1537.0;1028.0;5603.0;4105.0;2285.0;1118.0;1556.0;1738.0;1016.0;7204.0;1750.0;1146.0;1118.0;2285.0;1877.0;1581.0;1456.0;1389.0;1443.0;1030.0;5706.0;2285.0;2017.0;7204.0;1302.0;1977.0;1527.0;1088.0;1235.0;5519.0;1863.0;980.0;1118.0;1300.0;1140.0;1305.0;1059.0;1247.0;1977.0;1143.0;1073.0;2334.0;1910.0;2285.0;1127.0;1429.0;1118.0;1064.0;2729.0;1407.0;761.0;1114.0;1202.0;7204.0;2150.0;1750.0;2702.0;1174.0;1407.0;921.0;1550.0;2576.0;5609.0;5889.0;1977.0;1331.0;2729.0;1088.0;1205.0;2729.0;7485.0;1142.0;2270.0;1297.0;2153.0;1706.0;2729.0;1511.0;1252.0;981.0;1066.0;8272.0;1637.0;2729.0;2576.0;685.0;98.0;1596.0;1054.0;1393.0;1232.0;1813.0;2729.0;2702.0;1863.0;935.0;1658.0;1771.0;744.0;2376.0;941.0;1263.0;2433.0;1328.0;2285.0;1155.0;2729.0;3591.0;2155.0;1125.0;1702.0;1702.0;1677.0;1672.0;1639.0;7204.0;1074.0;7204.0;1702.0;1118.0;1863.0;1269.0;1113.0;1155.0;820.0;1369.0;2285.0;928.0;2729.0;1266.0;1582.0;1179.0;1034.0;1174.0;1393.0;976.0;1452.0;2702.0;1977.0;1672.0;1014.0;1252.0;1863.0;7204.0;1118.0;1302.0;1293.0;1489.0;2576.0;2729.0;2359.0;1328.0;770.0;1140.0;932.0;1750.0;1152.0;1213.0;1456.0;1569.0;1412.0;1588.0;0.0;1087.0;1192.0;835.0;1118.0;1179.0;1535.0;1176.0;1722.0;1118.0;1275.0;1815.0;1389.0;1747.0;7204.0;1703.0;1206.0;7204.0;1434.0;1249.0;1750.0;2576.0;5549.0;1118.0;2331.0;1750.0;768.0;2702.0;1331.0;1206.0;1589.0;1076.0;3591.0;5845.0;7204.0;1877.0;1093.0;1088.0;1235.0;1389.0;1133.0;791.0;1152.0;2729.0;1411.0;1043.0;1738.0;1275.0;5524.0;1183.0;1863.0;769.0;1133.0;1124.0;2806.0;1113.0;1620.0;814.0;2129.0;1007.0;1020.0;1088.0;1407.0;3725.0;3221.0;1706.0;1155.0;1750.0;10800.0
334;263.0;89.0;2958.0;398.0;833.0;811.0;762.0;356.0;780.0;410.0;227.0;930.0;8281.0;2542.0;1344.0;8520.0;227.0;1590.0;1152.0;4564.0;298.0;891.0;4687.0;2464.0;1134.0;959.0;1223.0;632.0;864.0;419.0;1616.0;151.0;1620.0;635.0;249.0;851.0;1236.0;780.0;1590.0;1646.0;843.0;762.0;594.0;498.0;1751.0;2573.0;1152.0;227.0;714.0;503.0;534.0;364.0;624.0;4559.0;496.0;833.0;1616.0;926.0;73.0;1510.0;680.0;888.0;2158.0;4716.0;271.0;624.0;656.0;356.0;555.0;9015.0;1930.0;714.0;4559.0;4286.0;1389.0;227.0;488.0;762.0;478.0;8281.0;833.0;85.0;227.0;1389.0;941.0;497.0;851.0;410.0;498.0;224.0;4703.0;1389.0;2608.0;8281.0;1524.0;891.0;928.0;348.0;151.0;4517.0;780.0;363.0;227.0;475.0;370.0;220.0;191.0;385.0;891.0;200.0;50.0;1507.0;2463.0;1389.0;1234.0;553.0;227.0;622.0;1646.0;503.0;712.0;179.0;195.0;8281.0;1596.0;833.0;1616.0;541.0;383.0;317.0;512.0;1590.0;4687.0;5223.0;891.0;320.0;1646.0;321.0;120.0;1646.0;8560.0;483.0;1510.0;298.0;1580.0;1104.0;1646.0;1721.0;1516.0;534.0;288.0;8481.0;721.0;1646.0;1590.0;1126.0;1180.0;748.0;356.0;1236.0;651.0;950.0;1646.0;1616.0;780.0;1234.0;833.0;861.0;1576.0;1594.0;270.0;363.0;1346.0;293.0;1389.0;275.0;1646.0;3552.0;1524.0;318.0;888.0;888.0;856.0;1042.0;2112.0;8281.0;766.0;8281.0;888.0;227.0;780.0;246.0;430.0;275.0;277.0;419.0;1389.0;299.0;1646.0;639.0;621.0;123.0;936.0;541.0;315.0;320.0;1122.0;1616.0;891.0;1042.0;442.0;641.0;780.0;8281.0;227.0;1524.0;248.0;894.0;1590.0;1646.0;1574.0;293.0;539.0;370.0;226.0;833.0;174.0;234.0;851.0;581.0;640.0;598.0;1087.0;0.0;121.0;819.0;227.0;123.0;671.0;89.0;2235.0;227.0;225.0;2355.0;410.0;2268.0;8281.0;806.0;681.0;8281.0;514.0;314.0;833.0;1590.0;4562.0;227.0;1539.0;833.0;506.0;1616.0;320.0;681.0;711.0;951.0;3552.0;5185.0;8281.0;2464.0;617.0;321.0;151.0;410.0;467.0;457.0;174.0;1646.0;448.0;155.0;762.0;225.0;4606.0;101.0;780.0;1156.0;467.0;1260.0;2601.0;430.0;862.0;289.0;1151.0;1265.0;282.0;348.0;503.0;3890.0;3261.0;1104.0;531.0;833.0;9700.0
335;350.0;72.0;2909.0;290.0;730.0;713.0;643.0;451.0;691.0;297.0;306.0;838.0;8376.0;2570.0;1461.0;8613.0;306.0;1606.0;1031.0;4446.0;187.0;793.0;4566.0;2493.0;1179.0;865.0;1201.0;544.0;759.0;312.0;1518.0;54.0;1617.0;530.0;323.0;909.0;1210.0;691.0;1540.0;1554.0;737.0;643.0;672.0;388.0;1633.0;2642.0;1031.0;306.0;708.0;401.0;458.0;485.0;658.0;4441.0;570.0;718.0;1518.0;841.0;112.0;1516.0;591.0;785.0;2180.0;4596.0;303.0;658.0;726.0;451.0;467.0;9106.0;1946.0;708.0;4441.0;4256.0;1272.0;306.0;371.0;643.0;579.0;8376.0;718.0;135.0;306.0;1272.0;824.0;411.0;909.0;297.0;388.0;328.0;4583.0;1272.0;2636.0;8376.0;1532.0;793.0;983.0;436.0;54.0;4397.0;691.0;470.0;306.0;395.0;448.0;117.0;191.0;307.0;793.0;267.0;119.0;1499.0;2488.0;1272.0;1241.0;453.0;306.0;719.0;1554.0;401.0;751.0;258.0;102.0;8376.0;1635.0;718.0;1518.0;620.0;263.0;354.0;391.0;1540.0;4566.0;5114.0;793.0;204.0;1554.0;410.0;91.0;1554.0;8654.0;565.0;1516.0;187.0;1616.0;1150.0;1554.0;1721.0;1529.0;640.0;382.0;8569.0;609.0;1554.0;1540.0;1177.0;1287.0;644.0;451.0;1210.0;728.0;840.0;1554.0;1518.0;691.0;1264.0;730.0;747.0;1646.0;1485.0;310.0;276.0;1243.0;173.0;1272.0;344.0;1554.0;3629.0;1552.0;397.0;785.0;785.0;753.0;1086.0;2133.0;8376.0;755.0;8376.0;785.0;306.0;691.0;133.0;515.0;344.0;393.0;312.0;1272.0;337.0;1554.0;583.0;505.0;149.0;938.0;620.0;202.0;429.0;1078.0;1518.0;793.0;1086.0;544.0;714.0;691.0;8376.0;306.0;1532.0;128.0;951.0;1540.0;1554.0;1464.0;173.0;659.0;448.0;285.0;718.0;235.0;271.0;909.0;462.0;555.0;479.0;1192.0;121.0;0.0;935.0;306.0;149.0;568.0;72.0;2259.0;306.0;105.0;2380.0;297.0;2292.0;8376.0;695.0;763.0;8376.0;408.0;224.0;718.0;1540.0;4441.0;306.0;1429.0;718.0;626.0;1518.0;204.0;763.0;604.0;948.0;3629.0;5076.0;8376.0;2493.0;596.0;410.0;54.0;297.0;550.0;509.0;235.0;1554.0;337.0;261.0;643.0;105.0;4485.0;32.0;691.0;1200.0;550.0;1269.0;2541.0;515.0;768.0;407.0;1031.0;1288.0;386.0;436.0;401.0;3861.0;3222.0;1150.0;613.0;718.0;9600.0
336;621.0;875.0;3567.0;1216.0;1644.0;1616.0;1576.0;522.0;1402.0;1229.0;669.0;1724.0;7860.0;2752.0;796.0;8115.0;669.0;1940.0;1955.0;5289.0;1117.0;1537.0;5485.0;2669.0;915.0;1755.0;1790.0;1276.0;1678.0;1237.0;2210.0;944.0;2064.0;1450.0;665.0;668.0;1817.0;1402.0;1891.0;2206.0;1657.0;1576.0;492.0;1317.0;2568.0;2478.0;1955.0;669.0;1297.0;1317.0;1314.0;478.0;1088.0;5274.0;538.0;1652.0;2210.0;1704.0;871.0;1472.0;1476.0;1698.0;2425.0;5511.0;926.0;1088.0;534.0;522.0;1217.0;8273.0;2251.0;1297.0;5274.0;4778.0;2207.0;669.0;1266.0;1576.0;401.0;7860.0;1652.0;813.0;669.0;2207.0;1759.0;1166.0;668.0;1229.0;1317.0;614.0;5460.0;2207.0;2812.0;7860.0;1923.0;1537.0;727.0;553.0;944.0;5276.0;1402.0;475.0;669.0;1267.0;581.0;998.0;944.0;1180.0;1537.0;713.0;847.0;1558.0;2692.0;2207.0;1671.0;1364.0;669.0;333.0;2206.0;1317.0;1120.0;703.0;1013.0;7860.0;1317.0;1652.0;2210.0;495.0;1198.0;931.0;1314.0;1891.0;5485.0;6037.0;1537.0;1139.0;2206.0;573.0;882.0;2206.0;8149.0;502.0;1472.0;1117.0;1321.0;892.0;2206.0;2141.0;1890.0;332.0;583.0;7751.0;1540.0;2206.0;1891.0;1340.0;877.0;1560.0;522.0;1817.0;493.0;1768.0;2206.0;2210.0;1402.0;1557.0;1644.0;1681.0;1566.0;2409.0;909.0;1168.0;1987.0;1109.0;2207.0;666.0;2206.0;2907.0;1330.0;606.0;1698.0;1698.0;1666.0;868.0;2388.0;7860.0;1358.0;7860.0;1698.0;669.0;1402.0;1066.0;513.0;666.0;619.0;1237.0;2207.0;921.0;2206.0;1372.0;1440.0;822.0;1443.0;495.0;1094.0;511.0;1775.0;2210.0;1537.0;868.0;427.0;521.0;1402.0;7860.0;669.0;1923.0;1063.0;693.0;1891.0;2206.0;2390.0;1109.0;295.0;581.0;855.0;1652.0;742.0;764.0;668.0;1397.0;1429.0;1414.0;835.0;819.0;935.0;0.0;669.0;822.0;1484.0;875.0;2487.0;669.0;1040.0;2591.0;1229.0;2516.0;7860.0;1625.0;448.0;7860.0;1331.0;1124.0;1652.0;1891.0;5331.0;669.0;2355.0;1652.0;333.0;2210.0;1139.0;448.0;1527.0;1477.0;2907.0;5998.0;7860.0;2669.0;1270.0;573.0;944.0;1229.0;504.0;932.0;742.0;2206.0;1267.0;676.0;1576.0;1040.0;5406.0;907.0;1402.0;1411.0;504.0;1684.0;3262.0;513.0;1659.0;599.0;1957.0;1616.0;561.0;553.0;1317.0;4388.0;3819.0;892.0;482.0;1652.0;10300.0
337;49.0;235.0;3185.0;595.0;1035.0;1019.0;921.0;153.0;774.0;598.0;10.0;1144.0;8320.0;2717.0;1306.0;8564.0;10.0;1781.0;1288.0;4637.0;492.0;902.0;4816.0;2637.0;911.0;1171.0;1443.0;634.0;1063.0;617.0;1611.0;294.0;1827.0;834.0;23.0;625.0;1457.0;774.0;1474.0;1626.0;1040.0;921.0;369.0;690.0;1912.0;2683.0;1288.0;10.0;929.0;706.0;756.0;310.0;810.0;4626.0;269.0;1011.0;1611.0;1145.0;300.0;1316.0;896.0;1090.0;2340.0;4842.0;478.0;810.0;428.0;153.0;566.0;8800.0;2120.0;929.0;4626.0;4506.0;1555.0;10.0;597.0;921.0;283.0;8320.0;1011.0;171.0;10.0;1555.0;1108.0;510.0;625.0;598.0;690.0;88.0;4797.0;1555.0;2782.0;8320.0;1723.0;902.0;703.0;132.0;294.0;4613.0;774.0;196.0;10.0;695.0;144.0;337.0;416.0;605.0;902.0;44.0;276.0;1328.0;2640.0;1555.0;1434.0;759.0;10.0;417.0;1626.0;706.0;891.0;49.0;405.0;8320.0;1375.0;1011.0;1611.0;316.0;550.0;517.0;652.0;1474.0;4816.0;5411.0;902.0;504.0;1626.0;106.0;229.0;1626.0;8602.0;260.0;1316.0;492.0;1361.0;881.0;1626.0;1925.0;1710.0;349.0;86.0;8263.0;906.0;1626.0;1474.0;1278.0;1204.0;949.0;153.0;1457.0;426.0;1139.0;1626.0;1611.0;774.0;1414.0;1035.0;1041.0;1690.0;1783.0;472.0;579.0;1362.0;466.0;1555.0;53.0;1626.0;3328.0;1310.0;92.0;1090.0;1090.0;1057.0;820.0;2295.0;8320.0;983.0;8320.0;1090.0;10.0;774.0;437.0;209.0;53.0;322.0;617.0;1555.0;499.0;1626.0;866.0;796.0;164.0;1143.0;316.0;428.0;169.0;1348.0;1611.0;902.0;820.0;250.0;414.0;774.0;8320.0;10.0;1723.0;423.0;668.0;1474.0;1626.0;1763.0;466.0;432.0;144.0;417.0;1011.0;76.0;103.0;625.0;747.0;858.0;762.0;1118.0;227.0;306.0;669.0;0.0;164.0;873.0;235.0;2415.0;10.0;400.0;2533.0;598.0;2447.0;8320.0;992.0;458.0;8320.0;713.0;528.0;1011.0;1474.0;4665.0;10.0;1728.0;1011.0;409.0;1611.0;504.0;458.0;907.0;1161.0;3328.0;5374.0;8320.0;2637.0;840.0;106.0;294.0;598.0;245.0;631.0;76.0;1626.0;638.0;102.0;921.0;400.0;4737.0;274.0;774.0;1319.0;245.0;1459.0;2828.0;209.0;1074.0;321.0;1292.0;1451.0;115.0;132.0;706.0;4111.0;3486.0;881.0;307.0;1011.0;9700.0
338;211.0;79.0;3054.0;434.0;873.0;859.0;760.0;315.0;684.0;435.0;164.0;986.0;8380.0;2665.0;1410.0;8621.0;164.0;1712.0;1133.0;4510.0;331.0;802.0;4666.0;2587.0;1034.0;1012.0;1334.0;537.0;900.0;455.0;1524.0;131.0;1737.0;672.0;178.0;760.0;1345.0;684.0;1469.0;1549.0;878.0;760.0;524.0;527.0;1751.0;2690.0;1133.0;164.0;830.0;546.0;607.0;408.0;747.0;4502.0;422.0;848.0;1524.0;990.0;186.0;1391.0;739.0;928.0;2281.0;4693.0;393.0;747.0;577.0;315.0;462.0;8959.0;2052.0;830.0;4502.0;4394.0;1393.0;164.0;446.0;760.0;445.0;8380.0;848.0;39.0;164.0;1393.0;946.0;404.0;760.0;435.0;527.0;208.0;4660.0;1393.0;2731.0;8380.0;1645.0;802.0;834.0;296.0;131.0;4475.0;684.0;347.0;164.0;544.0;301.0;177.0;302.0;456.0;802.0;121.0;169.0;1385.0;2586.0;1393.0;1354.0;599.0;164.0;580.0;1549.0;546.0;836.0;120.0;252.0;8380.0;1492.0;848.0;1524.0;473.0;386.0;440.0;493.0;1469.0;4666.0;5247.0;802.0;341.0;1549.0;269.0;65.0;1549.0;8660.0;419.0;1391.0;331.0;1474.0;1004.0;1549.0;1839.0;1637.0;510.0;246.0;8422.0;742.0;1549.0;1469.0;1248.0;1270.0;787.0;315.0;1345.0;579.0;975.0;1549.0;1524.0;684.0;1358.0;873.0;877.0;1693.0;1620.0;393.0;426.0;1262.0;303.0;1393.0;196.0;1549.0;3479.0;1414.0;252.0;928.0;928.0;895.0;941.0;2235.0;8380.0;880.0;8380.0;928.0;164.0;684.0;276.0;371.0;196.0;359.0;455.0;1393.0;422.0;1549.0;729.0;633.0;10.0;1054.0;473.0;272.0;311.0;1221.0;1524.0;802.0;941.0;411.0;565.0;684.0;8380.0;164.0;1645.0;260.0;802.0;1469.0;1549.0;1600.0;303.0;563.0;301.0;349.0;848.0;88.0;123.0;760.0;584.0;704.0;599.0;1179.0;123.0;149.0;822.0;164.0;0.0;711.0;79.0;2358.0;164.0;238.0;2478.0;435.0;2391.0;8380.0;829.0;616.0;8380.0;551.0;374.0;848.0;1469.0;4524.0;164.0;1564.0;848.0;534.0;1524.0;341.0;616.0;745.0;1068.0;3479.0;5210.0;8380.0;2587.0;726.0;269.0;131.0;435.0;405.0;580.0;88.0;1549.0;476.0;155.0;760.0;238.0;4585.0;118.0;684.0;1279.0;405.0;1381.0;2689.0;371.0;915.0;366.0;1136.0;1387.0;261.0;296.0;546.0;3998.0;3364.0;1004.0;466.0;848.0;9600.0
339;917.0;638.0;2449.0;278.0;162.0;152.0;262.0;1019.0;820.0;279.0;873.0;288.0;8562.0;2435.0;1886.0;8786.0;873.0;1462.0;623.0;4082.0;381.0;835.0;4088.0;2367.0;1693.0;309.0;922.0;730.0;194.0;256.0;1447.0;581.0;1386.0;41.0;889.0;1447.0;913.0;820.0;1752.0;1520.0;174.0;262.0;1234.0;188.0;1122.0;2717.0;623.0;873.0;629.0;168.0;229.0;1011.0;766.0;4088.0;1131.0;219.0;1447.0;321.0;614.0;1929.0;118.0;217.0;2031.0;4124.0;606.0;766.0;1282.0;1019.0;686.0;9670.0;1779.0;629.0;4088.0;3855.0;759.0;873.0;440.0;262.0;1146.0;8562.0;219.0;702.0;873.0;759.0;346.0;670.0;1447.0;279.0;188.0;892.0;4172.0;759.0;2501.0;8562.0;1357.0;835.0;1515.0;1004.0;581.0;3985.0;820.0;1034.0;873.0;239.0;1012.0;558.0;548.0;312.0;835.0;832.0;638.0;1871.0;2343.0;759.0;1094.0;120.0;873.0;1287.0;1520.0;168.0;848.0;826.0;476.0;8562.0;2126.0;219.0;1447.0;1183.0;345.0;630.0;341.0;1752.0;4088.0;4553.0;835.0;371.0;1520.0;977.0;646.0;1520.0;8831.0;1130.0;1929.0;381.0;2103.0;1664.0;1520.0;1497.0;1377.0;1205.0;949.0;9131.0;119.0;1520.0;1752.0;1246.0;1633.0;77.0;1019.0;913.0;1288.0;291.0;1520.0;1447.0;820.0;1218.0;162.0;237.0;1766.0;925.0;626.0;317.0;1156.0;413.0;759.0;906.0;1520.0;4178.0;2022.0;963.0;217.0;217.0;185.0;1598.0;1983.0;8562.0;629.0;8562.0;217.0;873.0;820.0;436.0;1081.0;906.0;883.0;256.0;759.0;629.0;1520.0;332.0;166.0;711.0;822.0;1183.0;502.0;991.0;718.0;1447.0;835.0;1598.0;1110.0;1271.0;820.0;8562.0;873.0;1357.0;453.0;1487.0;1752.0;1520.0;906.0;413.0;1194.0;1012.0;661.0;219.0;799.0;821.0;1447.0;221.0;150.0;225.0;1535.0;671.0;568.0;1484.0;873.0;711.0;0.0;638.0;2116.0;873.0;474.0;2238.0;279.0;2149.0;8562.0;169.0;1326.0;8562.0;160.0;360.0;219.0;1752.0;4014.0;873.0;872.0;219.0;1158.0;1447.0;371.0;1326.0;54.0;805.0;4178.0;4515.0;8562.0;2367.0;502.0;977.0;581.0;279.0;1116.0;744.0;799.0;1520.0;238.0;824.0;262.0;474.0;4005.0;600.0;820.0;1229.0;1116.0;1128.0;2051.0;1081.0;217.0;901.0;606.0;1209.0;951.0;1004.0;168.0;3463.0;2794.0;1664.0;1177.0;219.0;9400.0
340;280.0;10.0;2976.0;360.0;800.0;784.0;701.0;382.0;691.0;364.0;235.0;909.0;8370.0;2609.0;1428.0;8609.0;235.0;1650.0;1084.0;4483.0;257.0;802.0;4619.0;2532.0;1112.0;936.0;1260.0;543.0;828.0;382.0;1527.0;70.0;1669.0;599.0;252.0;839.0;1271.0;691.0;1512.0;1557.0;806.0;701.0;601.0;456.0;1693.0;2657.0;1084.0;235.0;760.0;471.0;529.0;438.0;692.0;4476.0;499.0;783.0;1527.0;913.0;126.0;1460.0;662.0;855.0;2221.0;4647.0;334.0;692.0;655.0;382.0;466.0;9035.0;1990.0;760.0;4476.0;4319.0;1333.0;235.0;408.0;701.0;511.0;8370.0;783.0;65.0;235.0;1333.0;885.0;408.0;839.0;364.0;456.0;263.0;4625.0;1333.0;2675.0;8370.0;1580.0;802.0;913.0;366.0;70.0;4440.0;691.0;405.0;235.0;466.0;376.0;135.0;234.0;377.0;802.0;196.0;118.0;1449.0;2528.0;1333.0;1289.0;524.0;235.0;650.0;1557.0;471.0;783.0;188.0;173.0;8370.0;1569.0;783.0;1527.0;549.0;323.0;384.0;442.0;1512.0;4619.0;5181.0;802.0;271.0;1557.0;340.0;35.0;1557.0;8649.0;494.0;1460.0;257.0;1551.0;1082.0;1557.0;1772.0;1574.0;573.0;313.0;8498.0;675.0;1557.0;1512.0;1202.0;1269.0;714.0;382.0;1271.0;656.0;907.0;1557.0;1527.0;691.0;1301.0;800.0;812.0;1660.0;1552.0;338.0;348.0;1257.0;236.0;1333.0;272.0;1557.0;3557.0;1489.0;326.0;855.0;855.0;822.0;1018.0;2175.0;8370.0;809.0;8370.0;855.0;235.0;691.0;202.0;444.0;272.0;363.0;382.0;1333.0;366.0;1557.0;651.0;568.0;79.0;987.0;549.0;233.0;366.0;1144.0;1527.0;802.0;1018.0;476.0;642.0;691.0;8370.0;235.0;1580.0;191.0;881.0;1512.0;1557.0;1532.0;236.0;605.0;376.0;301.0;783.0;163.0;201.0;839.0;523.0;626.0;539.0;1176.0;89.0;72.0;875.0;235.0;79.0;638.0;0.0;2300.0;235.0;168.0;2420.0;364.0;2332.0;8370.0;761.0;691.0;8370.0;478.0;296.0;783.0;1512.0;4487.0;235.0;1496.0;783.0;573.0;1527.0;271.0;691.0;673.0;1000.0;3557.0;5143.0;8370.0;2532.0;653.0;340.0;70.0;364.0;479.0;532.0;163.0;1557.0;405.0;199.0;701.0;168.0;4538.0;39.0;691.0;1229.0;479.0;1316.0;2610.0;444.0;839.0;374.0;1085.0;1329.0;320.0;366.0;471.0;3923.0;3287.0;1082.0;541.0;783.0;9600.0
341;2421.0;2300.0;1702.0;2178.0;2105.0;2052.0;2373.0;2451.0;2873.0;2215.0;2415.0;1977.0;6773.0;319.0;2066.0;6963.0;2415.0;661.0;2638.0;5789.0;2208.0;2925.0;5401.0;255.0;3274.0;1993.0;1209.0;2745.0;2135.0;2172.0;3562.0;2312.0;755.0;2136.0;2437.0;2974.0;1227.0;2873.0;3787.0;3636.0;2144.0;2373.0;2687.0;2191.0;2771.0;1053.0;2638.0;2415.0;1568.0;2128.0;1966.0;2220.0;1611.0;5824.0;2623.0;2280.0;3562.0;1895.0;2176.0;3731.0;1998.0;2105.0;85.0;5464.0;1966.0;1611.0;2762.0;2451.0;2676.0;10375.0;339.0;1568.0;5824.0;2437.0;2542.0;2415.0;2460.0;2373.0;2491.0;6773.0;2280.0;2321.0;2415.0;2542.0;2375.0;2632.0;2974.0;2215.0;2191.0;2349.0;5743.0;2542.0;385.0;6773.0;759.0;2925.0;3055.0;2471.0;2312.0;5565.0;2873.0;2395.0;2415.0;2018.0;2520.0;2359.0;2069.0;2051.0;2925.0;2410.0;2189.0;3740.0;230.0;2542.0;1036.0;2101.0;2415.0;2601.0;3636.0;2128.0;1526.0;2380.0;2188.0;6773.0;3733.0;2280.0;3562.0;2640.0;2286.0;1919.0;2386.0;3787.0;5401.0;5105.0;2925.0;2236.0;3636.0;2455.0;2334.0;3636.0;7016.0;2586.0;3731.0;2208.0;3726.0;3245.0;3636.0;649.0;744.0;2492.0;2419.0;9903.0;2227.0;3636.0;3787.0;1163.0;1736.0;2116.0;2451.0;1227.0;2736.0;2223.0;3636.0;3562.0;2873.0;1002.0;2105.0;2278.0;1019.0;2388.0;1965.0;2092.0;3271.0;2267.0;2542.0;2468.0;3636.0;5312.0;3697.0;2478.0;2105.0;2105.0;2107.0;3194.0;133.0;6773.0;1536.0;6773.0;2105.0;2415.0;2873.0;2227.0;2537.0;2468.0;2119.0;2172.0;2542.0;1937.0;3636.0;1811.0;2269.0;2358.0;1336.0;2640.0;2392.0;2365.0;1441.0;3562.0;2925.0;3194.0;2470.0;2743.0;2873.0;6773.0;2415.0;759.0;2266.0;3016.0;3787.0;3636.0;2384.0;2267.0;2300.0;2520.0;2012.0;2280.0;2396.0;2463.0;2974.0;2306.0;1975.0;2319.0;1722.0;2235.0;2259.0;2487.0;2415.0;2358.0;2116.0;2300.0;0.0;2415.0;2266.0;123.0;2215.0;33.0;6773.0;2226.0;2733.0;6773.0;2154.0;2125.0;2280.0;3787.0;5539.0;2415.0;2378.0;2280.0;2277.0;3562.0;2236.0;2733.0;2152.0;1338.0;5312.0;5055.0;6773.0;255.0;1699.0;2455.0;2312.0;2215.0;2571.0;1786.0;2396.0;3636.0;2202.0;2313.0;2373.0;2266.0;5310.0;2276.0;2873.0;1106.0;2571.0;1003.0;1715.0;2537.0;2003.0;2129.0;2609.0;971.0;2379.0;2471.0;2128.0;2078.0;1721.0;3245.0;2621.0;2280.0;11300.0
342;49.0;235.0;3185.0;595.0;1035.0;1019.0;921.0;153.0;774.0;598.0;10.0;1144.0;8320.0;2717.0;1306.0;8564.0;10.0;1781.0;1288.0;4637.0;492.0;902.0;4816.0;2637.0;911.0;1171.0;1443.0;634.0;1063.0;617.0;1611.0;294.0;1827.0;834.0;23.0;625.0;1457.0;774.0;1474.0;1626.0;1040.0;921.0;369.0;690.0;1912.0;2683.0;1288.0;10.0;929.0;706.0;756.0;310.0;810.0;4626.0;269.0;1011.0;1611.0;1145.0;300.0;1316.0;896.0;1090.0;2340.0;4842.0;478.0;810.0;428.0;153.0;566.0;8800.0;2120.0;929.0;4626.0;4506.0;1555.0;10.0;597.0;921.0;283.0;8320.0;1011.0;171.0;10.0;1555.0;1108.0;510.0;625.0;598.0;690.0;88.0;4797.0;1555.0;2782.0;8320.0;1723.0;902.0;703.0;132.0;294.0;4613.0;774.0;196.0;10.0;695.0;144.0;337.0;416.0;605.0;902.0;44.0;276.0;1328.0;2640.0;1555.0;1434.0;759.0;10.0;417.0;1626.0;706.0;891.0;49.0;405.0;8320.0;1375.0;1011.0;1611.0;316.0;550.0;517.0;652.0;1474.0;4816.0;5411.0;902.0;504.0;1626.0;106.0;229.0;1626.0;8602.0;260.0;1316.0;492.0;1361.0;881.0;1626.0;1925.0;1710.0;349.0;86.0;8263.0;906.0;1626.0;1474.0;1278.0;1204.0;949.0;153.0;1457.0;426.0;1139.0;1626.0;1611.0;774.0;1414.0;1035.0;1041.0;1690.0;1783.0;472.0;579.0;1362.0;466.0;1555.0;53.0;1626.0;3328.0;1310.0;92.0;1090.0;1090.0;1057.0;820.0;2295.0;8320.0;983.0;8320.0;1090.0;10.0;774.0;437.0;209.0;53.0;322.0;617.0;1555.0;499.0;1626.0;866.0;796.0;164.0;1143.0;316.0;428.0;169.0;1348.0;1611.0;902.0;820.0;250.0;414.0;774.0;8320.0;10.0;1723.0;423.0;668.0;1474.0;1626.0;1763.0;466.0;432.0;144.0;417.0;1011.0;76.0;103.0;625.0;747.0;858.0;762.0;1118.0;227.0;306.0;669.0;10.0;164.0;873.0;235.0;2415.0;0.0;400.0;2533.0;598.0;2447.0;8320.0;992.0;458.0;8320.0;713.0;528.0;1011.0;1474.0;4665.0;10.0;1728.0;1011.0;409.0;1611.0;504.0;458.0;907.0;1161.0;3328.0;5374.0;8320.0;2637.0;840.0;106.0;294.0;598.0;245.0;631.0;76.0;1626.0;638.0;102.0;921.0;400.0;4737.0;274.0;774.0;1319.0;245.0;1459.0;2828.0;209.0;1074.0;321.0;1292.0;1451.0;115.0;132.0;706.0;4111.0;3486.0;881.0;307.0;1011.0;9700.0
343;446.0;168.0;2852.0;197.0;636.0;623.0;538.0;550.0;639.0;197.0;400.0;752.0;8446.0;2580.0;1558.0;8681.0;400.0;1609.0;927.0;4350.0;96.0;729.0;4462.0;2504.0;1243.0;777.0;1173.0;496.0;663.0;219.0;1450.0;107.0;1603.0;435.0;416.0;983.0;1179.0;639.0;1522.0;1491.0;640.0;538.0;760.0;290.0;1528.0;2690.0;927.0;400.0;702.0;310.0;394.0;589.0;686.0;4346.0;658.0;615.0;1450.0;762.0;199.0;1547.0;509.0;690.0;2185.0;4492.0;347.0;686.0;810.0;550.0;421.0;9196.0;1947.0;702.0;4346.0;4216.0;1167.0;400.0;281.0;538.0;679.0;8446.0;615.0;233.0;400.0;1167.0;719.0;371.0;983.0;197.0;290.0;430.0;4482.0;1167.0;2646.0;8446.0;1528.0;729.0;1053.0;532.0;107.0;4297.0;639.0;573.0;400.0;328.0;538.0;103.0;231.0;249.0;729.0;359.0;214.0;1519.0;2496.0;1167.0;1238.0;365.0;400.0;817.0;1491.0;310.0;781.0;355.0;84.0;8446.0;1691.0;615.0;1450.0;709.0;158.0;397.0;289.0;1522.0;4462.0;5013.0;729.0;103.0;1491.0;506.0;172.0;1491.0;8722.0;656.0;1547.0;96.0;1671.0;1213.0;1491.0;1710.0;1529.0;741.0;480.0;8657.0;507.0;1491.0;1522.0;1213.0;1371.0;549.0;550.0;1179.0;814.0;739.0;1491.0;1450.0;639.0;1280.0;636.0;644.0;1696.0;1384.0;359.0;211.0;1170.0;69.0;1167.0;432.0;1491.0;3710.0;1601.0;490.0;690.0;690.0;658.0;1148.0;2138.0;8446.0;742.0;8446.0;690.0;400.0;639.0;46.0;608.0;432.0;492.0;219.0;1167.0;383.0;1491.0;535.0;401.0;238.0;934.0;709.0;133.0;533.0;1033.0;1450.0;729.0;1148.0;644.0;798.0;639.0;8446.0;400.0;1528.0;23.0;1024.0;1522.0;1491.0;1364.0;69.0;764.0;538.0;349.0;615.0;326.0;348.0;983.0;357.0;479.0;374.0;1275.0;225.0;105.0;1040.0;400.0;238.0;474.0;168.0;2266.0;400.0;0.0;2388.0;197.0;2299.0;8446.0;593.0;852.0;8446.0;314.0;162.0;615.0;1522.0;4340.0;400.0;1329.0;615.0;731.0;1450.0;103.0;852.0;507.0;939.0;3710.0;4975.0;8446.0;2504.0;578.0;506.0;107.0;197.0;642.0;556.0;326.0;1491.0;238.0;365.0;538.0;10.0;4381.0;133.0;639.0;1229.0;642.0;1268.0;2476.0;608.0;681.0;506.0;926.0;1299.0;488.0;532.0;310.0;3821.0;3174.0;1213.0;703.0;615.0;9500.0
344;2538.0;2420.0;1722.0;2301.0;2226.0;2173.0;2495.0;2566.0;2996.0;2338.0;2533.0;2098.0;6680.0;197.0;2147.0;6868.0;2533.0;783.0;2759.0;5892.0;2330.0;3047.0;5487.0;139.0;3387.0;2114.0;1330.0;2867.0;2257.0;2294.0;3684.0;2433.0;874.0;2259.0;2555.0;3088.0;1348.0;2996.0;3909.0;3758.0;2265.0;2495.0;2800.0;2313.0;2882.0;1017.0;2759.0;2533.0;1690.0;2250.0;2088.0;2333.0;1730.0;5928.0;2738.0;2401.0;3684.0;2015.0;2296.0;3847.0;2120.0;2226.0;207.0;5552.0;2086.0;1730.0;2876.0;2566.0;2798.0;10435.0;460.0;1690.0;5928.0;2379.0;2658.0;2533.0;2583.0;2495.0;2604.0;6680.0;2401.0;2440.0;2533.0;2658.0;2496.0;2754.0;3088.0;2338.0;2313.0;2466.0;5840.0;2658.0;262.0;6680.0;882.0;3047.0;3168.0;2587.0;2433.0;5662.0;2996.0;2510.0;2533.0;2141.0;2636.0;2480.0;2189.0;2174.0;3047.0;2528.0;2309.0;3858.0;108.0;2658.0;1158.0;2223.0;2533.0;2712.0;3758.0;2250.0;1644.0;2498.0;2309.0;6680.0;3844.0;2401.0;3684.0;2754.0;2408.0;2038.0;2508.0;3909.0;5487.0;5155.0;3047.0;2358.0;3758.0;2571.0;2454.0;3758.0;6921.0;2701.0;3847.0;2330.0;3838.0;3358.0;3758.0;766.0;867.0;2604.0;2535.0;9967.0;2349.0;3758.0;3909.0;1275.0;1824.0;2238.0;2566.0;1348.0;2849.0;2344.0;3758.0;3684.0;2996.0;1121.0;2226.0;2399.0;1098.0;2498.0;2085.0;2214.0;3394.0;2389.0;2658.0;2585.0;3758.0;5401.0;3811.0;2594.0;2226.0;2226.0;2228.0;3307.0;255.0;6680.0;1658.0;6680.0;2226.0;2533.0;2996.0;2349.0;2652.0;2585.0;2234.0;2294.0;2658.0;2056.0;3758.0;1934.0;2392.0;2478.0;1458.0;2754.0;2513.0;2480.0;1561.0;3684.0;3047.0;3307.0;2583.0;2856.0;2996.0;6680.0;2533.0;882.0;2388.0;3129.0;3909.0;3758.0;2495.0;2389.0;2409.0;2636.0;2131.0;2401.0;2514.0;2582.0;3088.0;2429.0;2098.0;2441.0;1815.0;2355.0;2380.0;2591.0;2533.0;2478.0;2238.0;2420.0;123.0;2533.0;2388.0;0.0;2338.0;90.0;6680.0;2348.0;2845.0;6680.0;2277.0;2247.0;2401.0;3909.0;5634.0;2533.0;2490.0;2401.0;2387.0;3684.0;2358.0;2845.0;2275.0;1460.0;5401.0;5104.0;6680.0;139.0;1821.0;2571.0;2433.0;2338.0;2686.0;1904.0;2514.0;3758.0;2324.0;2430.0;2495.0;2388.0;5396.0;2397.0;2996.0;1220.0;2686.0;1126.0;1765.0;2652.0;2124.0;2244.0;2729.0;1092.0;2495.0;2587.0;2250.0;2029.0;1711.0;3358.0;2735.0;2401.0;11400.0
345;644.0;364.0;2695.0;39.0;440.0;430.0;363.0;747.0;658.0;10.0;598.0;563.0;8514.0;2533.0;1703.0;8745.0;598.0;1554.0;764.0;4215.0;112.0;716.0;4291.0;2460.0;1419.0;586.0;1071.0;536.0;466.0;45.0;1406.0;304.0;1520.0;239.0;613.0;1169.0;1071.0;658.0;1583.0;1461.0;443.0;363.0;955.0;93.0;1344.0;2714.0;764.0;598.0;654.0;125.0;261.0;768.0;705.0;4215.0;853.0;423.0;1406.0;581.0;364.0;1685.0;331.0;494.0;2133.0;4322.0;430.0;705.0;1003.0;747.0;474.0;9391.0;1887.0;654.0;4215.0;4079.0;980.0;598.0;245.0;363.0;875.0;8514.0;423.0;429.0;598.0;980.0;534.0;442.0;1169.0;10.0;93.0;625.0;4333.0;980.0;2599.0;8514.0;1463.0;716.0;1237.0;730.0;304.0;4146.0;658.0;767.0;598.0;200.0;735.0;279.0;335.0;173.0;716.0;556.0;386.0;1641.0;2445.0;980.0;1180.0;179.0;598.0;1014.0;1461.0;125.0;799.0;552.0;218.0;8514.0;1859.0;423.0;1406.0;905.0;80.0;471.0;182.0;1583.0;4291.0;4817.0;716.0;94.0;1461.0;703.0;370.0;1461.0;8787.0;853.0;1685.0;112.0;1837.0;1391.0;1461.0;1629.0;1471.0;936.0;677.0;8852.0;312.0;1461.0;1583.0;1228.0;1487.0;353.0;747.0;1071.0;1009.0;543.0;1461.0;1406.0;658.0;1257.0;440.0;451.0;1733.0;1188.0;448.0;139.0;1117.0;134.0;980.0;629.0;1461.0;3900.0;1761.0;687.0;494.0;494.0;462.0;1325.0;2085.0;8514.0;680.0;8514.0;494.0;598.0;658.0;164.0;805.0;629.0;654.0;45.0;980.0;462.0;1461.0;418.0;213.0;435.0;881.0;905.0;233.0;726.0;903.0;1406.0;716.0;1325.0;840.0;992.0;658.0;8514.0;598.0;1463.0;175.0;1209.0;1583.0;1461.0;1168.0;134.0;947.0;735.0;463.0;423.0;523.0;542.0;1169.0;183.0;311.0;202.0;1389.0;410.0;297.0;1229.0;598.0;435.0;279.0;364.0;2215.0;598.0;197.0;2338.0;0.0;2248.0;8514.0;398.0;1048.0;8514.0;121.0;140.0;423.0;1583.0;4185.0;598.0;1132.0;423.0;912.0;1406.0;94.0;1048.0;310.0;877.0;3900.0;4779.0;8514.0;2460.0;519.0;703.0;304.0;10.0;839.0;619.0;523.0;1461.0;41.0;558.0;363.0;197.0;4209.0;328.0;658.0;1230.0;839.0;1212.0;2308.0;805.0;491.0;670.0;759.0;1264.0;683.0;730.0;125.0;3685.0;3028.0;1391.0;900.0;423.0;9500.0
346;2453.0;2332.0;1705.0;2211.0;2137.0;2084.0;2406.0;2482.0;2906.0;2248.0;2447.0;2009.0;6748.0;286.0;2088.0;6938.0;2447.0;694.0;2670.0;5816.0;2241.0;2958.0;5423.0;223.0;3305.0;2025.0;1241.0;2778.0;2168.0;2205.0;3594.0;2345.0;786.0;2169.0;2469.0;3005.0;1260.0;2906.0;3820.0;3668.0;2176.0;2406.0;2717.0;2224.0;2800.0;1043.0;2670.0;2447.0;1601.0;2161.0;1999.0;2250.0;1644.0;5851.0;2654.0;2312.0;3594.0;1927.0;2208.0;3762.0;2030.0;2137.0;117.0;5487.0;1999.0;1644.0;2793.0;2482.0;2709.0;10392.0;371.0;1601.0;5851.0;2420.0;2572.0;2447.0;2493.0;2406.0;2522.0;6748.0;2312.0;2353.0;2447.0;2572.0;2407.0;2665.0;3005.0;2248.0;2224.0;2381.0;5768.0;2572.0;352.0;6748.0;792.0;2958.0;3086.0;2503.0;2345.0;5590.0;2906.0;2426.0;2447.0;2051.0;2551.0;2392.0;2101.0;2084.0;2958.0;2442.0;2221.0;3772.0;197.0;2572.0;1068.0;2133.0;2447.0;2631.0;3668.0;2161.0;1558.0;2412.0;2220.0;6748.0;3763.0;2312.0;3594.0;2671.0;2319.0;1951.0;2419.0;3820.0;5423.0;5117.0;2958.0;2269.0;3668.0;2486.0;2366.0;3668.0;6991.0;2617.0;3762.0;2241.0;3756.0;3275.0;3668.0;680.0;777.0;2523.0;2450.0;9921.0;2259.0;3668.0;3820.0;1193.0;1760.0;2148.0;2482.0;1260.0;2766.0;2255.0;3668.0;3594.0;2906.0;1034.0;2137.0;2310.0;1040.0;2417.0;1998.0;2125.0;3304.0;2300.0;2572.0;2500.0;3668.0;5336.0;3728.0;2509.0;2137.0;2137.0;2139.0;3225.0;165.0;6748.0;1569.0;6748.0;2137.0;2447.0;2906.0;2260.0;2568.0;2500.0;2150.0;2205.0;2572.0;1969.0;3668.0;1844.0;2302.0;2391.0;1369.0;2671.0;2424.0;2396.0;1473.0;3594.0;2958.0;3225.0;2501.0;2773.0;2906.0;6748.0;2447.0;792.0;2299.0;3046.0;3820.0;3668.0;2413.0;2300.0;2329.0;2551.0;2044.0;2312.0;2428.0;2495.0;3005.0;2339.0;2008.0;2351.0;1747.0;2268.0;2292.0;2516.0;2447.0;2391.0;2149.0;2332.0;33.0;2447.0;2299.0;90.0;2248.0;0.0;6748.0;2259.0;2763.0;6748.0;2187.0;2158.0;2312.0;3820.0;5563.0;2447.0;2407.0;2312.0;2307.0;3594.0;2269.0;2763.0;2185.0;1371.0;5336.0;5067.0;6748.0;223.0;1732.0;2486.0;2345.0;2248.0;2602.0;1818.0;2428.0;3668.0;2235.0;2345.0;2406.0;2299.0;5332.0;2309.0;2906.0;1137.0;2602.0;1036.0;1726.0;2568.0;2035.0;2160.0;2641.0;1004.0;2410.0;2503.0;2161.0;2064.0;1716.0;3275.0;2652.0;2312.0;11300.0
347;8291.0;8370.0;8113.0;8477.0;8625.0;8568.0;8814.0;8241.0;9061.0;8514.0;8320.0;8547.0;10.0;6521.0;7069.0;311.0;8320.0;7265.0;9178.0;12537.0;8445.0;9169.0;12160.0;6546.0;8725.0;8573.0;7835.0;8913.0;8665.0;8482.0;9894.0;8423.0;7464.0;8563.0;8332.0;8523.0;7867.0;9061.0;9744.0;9928.0;8663.0;8814.0;8335.0;8541.0;9476.0;5879.0;9178.0;8320.0;7935.0;8489.0;8346.0;8011.0;7816.0;12563.0;8348.0;8774.0;9894.0;8466.0;8264.0;9289.0;8457.0;8648.0;6846.0;12227.0;8103.0;7816.0;8389.0;8241.0;8836.0;11186.0;7067.0;7935.0;12563.0;7629.0;9189.0;8320.0;8721.0;8814.0;8177.0;10.0;8774.0;8346.0;8320.0;9189.0;8895.0;8778.0;8523.0;8514.0;8541.0;8232.0;12513.0;9189.0;6476.0;10.0;7390.0;9169.0;8573.0;8276.0;8423.0;12333.0;9061.0;8167.0;8320.0;8367.0;8326.0;8493.0;8216.0;8347.0;9169.0;8346.0;8260.0;9401.0;6612.0;9189.0;7559.0;8490.0;8320.0;8177.0;9928.0;8489.0;7725.0;8317.0;8366.0;10.0;9001.0;8774.0;9894.0;8322.0;8553.0;8056.0;8693.0;9744.0;12160.0;11573.0;9169.0;8480.0;9928.0;8280.0;8401.0;9928.0;311.0;8303.0;9289.0;8445.0;9022.0;8709.0;9928.0;7378.0;7342.0;8126.0;8262.0;11036.0;8681.0;9928.0;9744.0;7316.0;7116.0;8598.0;8241.0;7867.0;8347.0;8775.0;9928.0;9894.0;9061.0;7377.0;8625.0;8784.0;6797.0;9108.0;8089.0;8376.0;9616.0;8488.0;9189.0;8354.0;9928.0;9029.0;9080.0;8318.0;8648.0;8648.0;8636.0;8702.0;6885.0;10.0;7941.0;10.0;8648.0;8320.0;9061.0;8430.0;8287.0;8354.0;8022.0;8482.0;9189.0;8068.0;9928.0;8233.0;8667.0;8380.0;7766.0;8322.0;8574.0;8170.0;8066.0;9894.0;9169.0;8702.0;8184.0;8373.0;9061.0;10.0;8320.0;7390.0;8460.0;8542.0;9744.0;9928.0;9100.0;8488.0;7934.0;8326.0;8097.0;8774.0;8356.0;8417.0;8523.0;8675.0;8414.0;8693.0;7204.0;8281.0;8376.0;7860.0;8320.0;8380.0;8562.0;8370.0;6773.0;8320.0;8446.0;6680.0;8514.0;6748.0;0.0;8718.0;8306.0;10.0;8519.0;8379.0;8774.0;9744.0;12311.0;8320.0;9088.0;8774.0;7943.0;9894.0;8480.0;8306.0;8613.0;7794.0;9029.0;11520.0;10.0;6546.0;8061.0;8280.0;8423.0;8514.0;8298.0;7900.0;8356.0;9928.0;8524.0;8247.0;8814.0;8446.0;12069.0;8372.0;9061.0;7338.0;8298.0;7526.0;8337.0;8287.0;8543.0;8017.0;9156.0;7405.0;8217.0;8276.0;8489.0;7594.0;7862.0;8709.0;8304.0;8774.0;17900.0
348;1039.0;761.0;2444.0;409.0;128.0;175.0;169.0;1143.0;799.0;398.0;992.0;284.0;8718.0;2545.0;2052.0;8941.0;992.0;1581.0;460.0;3914.0;509.0;787.0;3924.0;2480.0;1764.0;287.0;1020.0;738.0;115.0;389.0;1339.0;698.0;1484.0;188.0;1006.0;1536.0;1006.0;799.0;1714.0;1419.0;95.0;169.0;1342.0;308.0;960.0;2864.0;460.0;992.0;784.0;316.0;397.0;1158.0;932.0;3922.0;1241.0;56.0;1339.0;352.0;756.0;1954.0;262.0;154.0;2142.0;3958.0;769.0;932.0;1385.0;1143.0;709.0;9772.0;1888.0;784.0;3922.0;3872.0;596.0;992.0;478.0;169.0;1272.0;8718.0;56.0;826.0;992.0;596.0;179.0;707.0;1536.0;398.0;308.0;1022.0;4003.0;596.0;2610.0;8718.0;1470.0;787.0;1599.0;1124.0;698.0;3817.0;799.0;1165.0;992.0;405.0;1126.0;662.0;702.0;472.0;787.0;950.0;779.0;1882.0;2452.0;596.0;1220.0;279.0;992.0;1409.0;1419.0;316.0;1012.0;947.0;612.0;8718.0;2183.0;56.0;1339.0;1294.0;444.0;795.0;383.0;1714.0;3924.0;4419.0;787.0;491.0;1419.0;1098.0;764.0;1419.0;8986.0;1244.0;1954.0;509.0;2157.0;1737.0;1419.0;1595.0;1495.0;1334.0;1073.0;9229.0;86.0;1419.0;1714.0;1403.0;1802.0;121.0;1143.0;1006.0;1395.0;147.0;1419.0;1339.0;799.0;1360.0;128.0;68.0;1923.0;791.0;788.0;470.0;1052.0;526.0;596.0;1020.0;1419.0;4265.0;2070.0;1080.0;154.0;154.0;135.0;1671.0;2094.0;8718.0;778.0;8718.0;154.0;992.0;799.0;562.0;1198.0;1020.0;1035.0;389.0;596.0;793.0;1419.0;486.0;201.0;829.0;963.0;1294.0;588.0;1124.0;799.0;1339.0;787.0;1671.0;1237.0;1375.0;799.0;8718.0;992.0;1470.0;570.0;1574.0;1714.0;1419.0;771.0;526.0;1340.0;1126.0;821.0;56.0;917.0;929.0;1536.0;259.0;308.0;251.0;1703.0;806.0;695.0;1625.0;992.0;829.0;169.0;761.0;2226.0;992.0;593.0;2348.0;398.0;2259.0;8718.0;0.0;1436.0;8718.0;296.0;506.0;56.0;1714.0;3845.0;992.0;735.0;56.0;1304.0;1339.0;491.0;1436.0;115.0;942.0;4265.0;4382.0;8718.0;2480.0;662.0;1098.0;698.0;398.0;1231.0;912.0;917.0;1419.0;358.0;956.0;169.0;593.0;3840.0;725.0;799.0;1382.0;1231.0;1255.0;2030.0;1198.0;233.0;1053.0;441.0;1346.0;1080.0;1124.0;316.0;3483.0;2803.0;1737.0;1290.0;56.0;9200.0
349;418.0;691.0;3623.0;1049.0;1488.0;1474.0;1346.0;331.0;1030.0;1048.0;458.0;1601.0;8306.0;3019.0;1238.0;8560.0;458.0;2131.0;1683.0;4908.0;946.0;1165.0;5173.0;2937.0;544.0;1628.0;1860.0;925.0;1514.0;1071.0;1798.0;745.0;2209.0;1287.0;440.0;251.0;1879.0;1030.0;1443.0;1785.0;1491.0;1346.0;94.0;1141.0;2323.0;2851.0;1683.0;458.0;1342.0;1161.0;1213.0;517.0;1183.0;4888.0;196.0;1450.0;1798.0;1603.0;752.0;1064.0;1353.0;1542.0;2663.0;5194.0;901.0;1183.0;91.0;331.0;881.0;8344.0;2461.0;1342.0;4888.0;4915.0;1976.0;458.0;1001.0;1346.0;246.0;8306.0;1450.0;629.0;458.0;1976.0;1536.0;840.0;251.0;1048.0;1141.0;466.0;5101.0;1976.0;3082.0;8306.0;2089.0;1165.0;328.0;333.0;745.0;4919.0;1030.0;358.0;458.0;1153.0;315.0;774.0;862.0;1063.0;1165.0;496.0;727.0;1131.0;2950.0;1976.0;1811.0;1215.0;458.0;143.0;1785.0;1161.0;1246.0;507.0;862.0;8306.0;1000.0;1450.0;1798.0;143.0;993.0;928.0;1074.0;1443.0;5173.0;5843.0;1165.0;955.0;1785.0;360.0;680.0;1785.0;8595.0;198.0;1064.0;946.0;994.0;516.0;1785.0;2300.0;2067.0;242.0;394.0;7806.0;1350.0;1785.0;1443.0;1570.0;1268.0;1401.0;331.0;1879.0;53.0;1583.0;1785.0;1798.0;1030.0;1749.0;1488.0;1479.0;1894.0;2224.0;889.0;1037.0;1595.0;915.0;1976.0;420.0;1785.0;2871.0;972.0;366.0;1542.0;1542.0;1510.0;473.0;2621.0;8306.0;1401.0;8306.0;1542.0;458.0;1030.0;892.0;251.0;420.0;639.0;1071.0;1976.0;913.0;1785.0;1317.0;1237.0;616.0;1538.0;143.0;852.0;399.0;1788.0;1798.0;1165.0;473.0;273.0;83.0;1030.0;8306.0;458.0;2089.0;874.0;289.0;1443.0;1785.0;2204.0;915.0;450.0;315.0;830.0;1450.0;528.0;507.0;251.0;1183.0;1316.0;1195.0;1206.0;681.0;763.0;448.0;458.0;616.0;1326.0;691.0;2733.0;458.0;852.0;2845.0;1048.0;2763.0;8306.0;1436.0;0.0;8306.0;1166.0;986.0;1450.0;1443.0;4984.0;458.0;2168.0;1450.0;465.0;1798.0;955.0;10.0;1358.0;1562.0;2871.0;5808.0;8306.0;2937.0;1272.0;360.0;745.0;1048.0;214.0;1002.0;528.0;1785.0;1089.0;531.0;1346.0;852.0;5096.0;730.0;1030.0;1627.0;214.0;1831.0;3276.0;251.0;1530.0;624.0;1693.0;1797.0;412.0;333.0;1161.0;4520.0;3911.0;516.0;151.0;1450.0;9900.0
350;8291.0;8370.0;8113.0;8477.0;8625.0;8568.0;8814.0;8241.0;9061.0;8514.0;8320.0;8547.0;10.0;6521.0;7069.0;311.0;8320.0;7265.0;9178.0;12537.0;8445.0;9169.0;12160.0;6546.0;8725.0;8573.0;7835.0;8913.0;8665.0;8482.0;9894.0;8423.0;7464.0;8563.0;8332.0;8523.0;7867.0;9061.0;9744.0;9928.0;8663.0;8814.0;8335.0;8541.0;9476.0;5879.0;9178.0;8320.0;7935.0;8489.0;8346.0;8011.0;7816.0;12563.0;8348.0;8774.0;9894.0;8466.0;8264.0;9289.0;8457.0;8648.0;6846.0;12227.0;8103.0;7816.0;8389.0;8241.0;8836.0;11186.0;7067.0;7935.0;12563.0;7629.0;9189.0;8320.0;8721.0;8814.0;8177.0;10.0;8774.0;8346.0;8320.0;9189.0;8895.0;8778.0;8523.0;8514.0;8541.0;8232.0;12513.0;9189.0;6476.0;10.0;7390.0;9169.0;8573.0;8276.0;8423.0;12333.0;9061.0;8167.0;8320.0;8367.0;8326.0;8493.0;8216.0;8347.0;9169.0;8346.0;8260.0;9401.0;6612.0;9189.0;7559.0;8490.0;8320.0;8177.0;9928.0;8489.0;7725.0;8317.0;8366.0;10.0;9001.0;8774.0;9894.0;8322.0;8553.0;8056.0;8693.0;9744.0;12160.0;11573.0;9169.0;8480.0;9928.0;8280.0;8401.0;9928.0;311.0;8303.0;9289.0;8445.0;9022.0;8709.0;9928.0;7378.0;7342.0;8126.0;8262.0;11036.0;8681.0;9928.0;9744.0;7316.0;7116.0;8598.0;8241.0;7867.0;8347.0;8775.0;9928.0;9894.0;9061.0;7377.0;8625.0;8784.0;6797.0;9108.0;8089.0;8376.0;9616.0;8488.0;9189.0;8354.0;9928.0;9029.0;9080.0;8318.0;8648.0;8648.0;8636.0;8702.0;6885.0;10.0;7941.0;10.0;8648.0;8320.0;9061.0;8430.0;8287.0;8354.0;8022.0;8482.0;9189.0;8068.0;9928.0;8233.0;8667.0;8380.0;7766.0;8322.0;8574.0;8170.0;8066.0;9894.0;9169.0;8702.0;8184.0;8373.0;9061.0;10.0;8320.0;7390.0;8460.0;8542.0;9744.0;9928.0;9100.0;8488.0;7934.0;8326.0;8097.0;8774.0;8356.0;8417.0;8523.0;8675.0;8414.0;8693.0;7204.0;8281.0;8376.0;7860.0;8320.0;8380.0;8562.0;8370.0;6773.0;8320.0;8446.0;6680.0;8514.0;6748.0;10.0;8718.0;8306.0;0.0;8519.0;8379.0;8774.0;9744.0;12311.0;8320.0;9088.0;8774.0;7943.0;9894.0;8480.0;8306.0;8613.0;7794.0;9029.0;11520.0;10.0;6546.0;8061.0;8280.0;8423.0;8514.0;8298.0;7900.0;8356.0;9928.0;8524.0;8247.0;8814.0;8446.0;12069.0;8372.0;9061.0;7338.0;8298.0;7526.0;8337.0;8287.0;8543.0;8017.0;9156.0;7405.0;8217.0;8276.0;8489.0;7594.0;7862.0;8709.0;8304.0;8774.0;17900.0
351;758.0;478.0;2582.0;118.0;322.0;310.0;306.0;860.0;732.0;121.0;713.0;442.0;8519.0;2473.0;1767.0;8746.0;713.0;1494.0;706.0;4170.0;221.0;771.0;4213.0;2402.0;1540.0;466.0;987.0;623.0;351.0;96.0;1433.0;421.0;1444.0;121.0;729.0;1290.0;984.0;732.0;1664.0;1495.0;329.0;306.0;1074.0;40.0;1255.0;2696.0;706.0;713.0;613.0;30.0;190.0;862.0;703.0;4173.0;972.0;331.0;1433.0;462.0;461.0;1796.0;215.0;377.0;2071.0;4247.0;482.0;703.0;1122.0;860.0;568.0;9510.0;1822.0;613.0;4173.0;3973.0;890.0;713.0;325.0;306.0;987.0;8519.0;331.0;543.0;713.0;890.0;452.0;543.0;1290.0;121.0;40.0;734.0;4275.0;890.0;2539.0;8519.0;1397.0;771.0;1358.0;844.0;421.0;4088.0;732.0;876.0;713.0;152.0;852.0;400.0;407.0;187.0;771.0;672.0;484.0;1747.0;2384.0;890.0;1121.0;64.0;713.0;1128.0;1495.0;30.0;793.0;666.0;319.0;8519.0;1978.0;331.0;1433.0;1023.0;194.0;514.0;236.0;1664.0;4213.0;4709.0;771.0;212.0;1495.0;818.0;486.0;1495.0;8790.0;970.0;1796.0;221.0;1956.0;1511.0;1495.0;1554.0;1410.0;1047.0;790.0;8971.0;215.0;1495.0;1664.0;1213.0;1532.0;236.0;860.0;984.0;1128.0;437.0;1495.0;1433.0;732.0;1217.0;322.0;357.0;1726.0;1079.0;501.0;176.0;1141.0;253.0;890.0;746.0;1495.0;4020.0;1878.0;803.0;377.0;377.0;344.0;1445.0;2023.0;8519.0;629.0;8519.0;377.0;713.0;732.0;276.0;922.0;746.0;739.0;96.0;890.0;509.0;1495.0;344.0;151.0;551.0;830.0;1023.0;351.0;834.0;806.0;1433.0;771.0;1445.0;952.0;1111.0;732.0;8519.0;713.0;1397.0;293.0;1330.0;1664.0;1495.0;1059.0;253.0;1044.0;852.0;528.0;331.0;639.0;661.0;1290.0;160.0;204.0;176.0;1434.0;514.0;408.0;1331.0;713.0;551.0;160.0;478.0;2154.0;713.0;314.0;2277.0;121.0;2187.0;8519.0;296.0;1166.0;8519.0;0.0;210.0;331.0;1664.0;4122.0;713.0;1025.0;331.0;1008.0;1433.0;212.0;1166.0;197.0;821.0;4020.0;4671.0;8519.0;2402.0;477.0;818.0;421.0;121.0;956.0;647.0;639.0;1495.0;81.0;667.0;306.0;314.0;4130.0;440.0;732.0;1207.0;956.0;1154.0;2191.0;922.0;370.0;757.0;696.0;1218.0;793.0;844.0;30.0;3579.0;2918.0;1511.0;1017.0;331.0;9400.0
352;569.0;296.0;2693.0;108.0;521.0;497.0;496.0;668.0;756.0;140.0;528.0;617.0;8379.0;2441.0;1567.0;8611.0;528.0;1465.0;899.0;4354.0;83.0;828.0;4419.0;2366.0;1399.0;645.0;1014.0;621.0;554.0;123.0;1532.0;255.0;1450.0;326.0;546.0;1132.0;1019.0;756.0;1663.0;1583.0;533.0;496.0;896.0;204.0;1464.0;2590.0;899.0;528.0;557.0;193.0;236.0;653.0;578.0;4355.0;794.0;540.0;1532.0;617.0;254.0;1708.0;368.0;575.0;2043.0;4452.0;290.0;578.0;951.0;668.0;551.0;9327.0;1802.0;557.0;4355.0;4054.0;1099.0;528.0;354.0;496.0;791.0;8379.0;540.0;357.0;528.0;1099.0;658.0;508.0;1132.0;140.0;204.0;537.0;4469.0;1099.0;2507.0;8379.0;1380.0;828.0;1205.0;656.0;255.0;4283.0;756.0;677.0;528.0;171.0;671.0;265.0;200.0;88.0;828.0;491.0;279.0;1678.0;2355.0;1099.0;1092.0;240.0;528.0;935.0;1583.0;193.0;673.0;479.0;123.0;8379.0;1850.0;540.0;1532.0;843.0;177.0;331.0;314.0;1663.0;4419.0;4913.0;828.0;113.0;1583.0;629.0;313.0;1583.0;8653.0;787.0;1708.0;83.0;1830.0;1369.0;1583.0;1557.0;1384.0;848.0;599.0;8791.0;424.0;1583.0;1663.0;1105.0;1347.0;436.0;668.0;1019.0;952.0;645.0;1583.0;1532.0;756.0;1150.0;521.0;566.0;1604.0;1285.0;308.0;52.0;1245.0;143.0;1099.0;567.0;1583.0;3853.0;1762.0;620.0;575.0;575.0;543.0;1305.0;1996.0;8379.0;592.0;8379.0;575.0;528.0;756.0;115.0;736.0;567.0;530.0;123.0;1099.0;322.0;1583.0;373.0;341.0;374.0;789.0;843.0;269.0;634.0;871.0;1532.0;828.0;1305.0;756.0;938.0;756.0;8379.0;528.0;1380.0;152.0;1174.0;1663.0;1583.0;1265.0;143.0;836.0;671.0;326.0;540.0;459.0;494.0;1132.0;321.0;331.0;340.0;1249.0;314.0;224.0;1124.0;528.0;374.0;360.0;296.0;2125.0;528.0;162.0;2247.0;140.0;2158.0;8379.0;506.0;986.0;8379.0;210.0;0.0;540.0;1663.0;4320.0;528.0;1231.0;540.0;800.0;1532.0;113.0;986.0;403.0;791.0;3853.0;4875.0;8379.0;2366.0;428.0;629.0;255.0;140.0;772.0;481.0;459.0;1583.0;163.0;469.0;496.0;162.0;4337.0;257.0;756.0;1113.0;772.0;1123.0;2320.0;736.0;548.0;548.0;893.0;1163.0;596.0;656.0;193.0;3659.0;3013.0;1369.0;835.0;540.0;9600.0
353;1059.0;783.0;2473.0;439.0;177.0;228.0;138.0;1163.0;771.0;423.0;1011.0;327.0;8774.0;2598.0;2095.0;8996.0;1011.0;1635.0;406.0;3863.0;535.0;752.0;3883.0;2533.0;1762.0;326.0;1073.0;719.0;155.0;419.0;1287.0;718.0;1536.0;232.0;1024.0;1541.0;1058.0;771.0;1678.0;1369.0;140.0;138.0;1355.0;337.0;924.0;2920.0;406.0;1011.0;839.0;353.0;447.0;1189.0;984.0;3870.0;1254.0;10.0;1287.0;399.0;786.0;1936.0;317.0;193.0;2195.0;3917.0;810.0;984.0;1395.0;1163.0;696.0;9780.0;1942.0;839.0;3870.0;3906.0;559.0;1011.0;474.0;138.0;1293.0;8774.0;10.0;847.0;1011.0;559.0;127.0;698.0;1541.0;423.0;337.0;1045.0;3955.0;559.0;2663.0;8774.0;1524.0;752.0;1602.0;1143.0;718.0;3769.0;771.0;1188.0;1011.0;450.0;1142.0;677.0;739.0;513.0;752.0;968.0;808.0;1861.0;2505.0;559.0;1275.0;322.0;1011.0;1428.0;1369.0;353.0;1065.0;968.0;641.0;8774.0;2175.0;10.0;1287.0;1308.0;461.0;838.0;383.0;1678.0;3883.0;4399.0;752.0;514.0;1369.0;1117.0;783.0;1369.0;9041.0;1260.0;1936.0;535.0;2149.0;1735.0;1369.0;1647.0;1549.0;1356.0;1094.0;9235.0;116.0;1369.0;1678.0;1458.0;1849.0;177.0;1163.0;1058.0;1407.0;144.0;1369.0;1287.0;771.0;1416.0;177.0;30.0;1978.0;775.0;830.0;507.0;1002.0;547.0;559.0;1037.0;1369.0;4266.0;2059.0;1097.0;193.0;193.0;180.0;1669.0;2147.0;8774.0;834.0;8774.0;193.0;1011.0;771.0;587.0;1215.0;1037.0;1070.0;419.0;559.0;836.0;1369.0;541.0;215.0;848.0;1019.0;1308.0;598.0;1148.0;850.0;1287.0;752.0;1669.0;1258.0;1387.0;771.0;8774.0;1011.0;1524.0;592.0;1578.0;1678.0;1369.0;754.0;547.0;1369.0;1142.0;859.0;10.0;936.0;943.0;1541.0;267.0;362.0;255.0;1750.0;833.0;718.0;1652.0;1011.0;848.0;219.0;783.0;2280.0;1011.0;615.0;2401.0;423.0;2312.0;8774.0;56.0;1450.0;8774.0;331.0;540.0;0.0;1678.0;3799.0;1011.0;719.0;10.0;1334.0;1287.0;514.0;1450.0;165.0;998.0;4266.0;4363.0;8774.0;2533.0;716.0;1117.0;718.0;423.0;1247.0;960.0;936.0;1369.0;386.0;980.0;138.0;615.0;3800.0;748.0;771.0;1437.0;1247.0;1310.0;2055.0;1215.0;282.0;1087.0;388.0;1402.0;1103.0;1143.0;353.0;3518.0;2836.0;1735.0;1305.0;10.0;9200.0
354;1492.0;1512.0;4142.0;1618.0;1837.0;1871.0;1545.0;1522.0;934.0;1583.0;1474.0;1997.0;9744.0;4102.0;2676.0;9996.0;1474.0;3128.0;1546.0;3784.0;1579.0;926.0;4336.0;4026.0;1132.0;2001.0;2651.0;1047.0;1828.0;1627.0;801.0;1486.0;3103.0;1719.0;1457.0;1248.0;2648.0;934.0;10.0;705.0;1809.0;1545.0;1410.0;1625.0;2070.0;4155.0;1546.0;1474.0;2220.0;1687.0;1842.0;1768.0;2198.0;3742.0;1399.0;1678.0;801.0;2057.0;1637.0;722.0;1859.0;1867.0;3706.0;4333.0;1842.0;2198.0;1358.0;1522.0;1113.0;8724.0;3464.0;2220.0;3742.0;5584.0;1878.0;1474.0;1342.0;1545.0;1571.0;9744.0;1678.0;1508.0;1474.0;1878.0;1653.0;1155.0;1248.0;1583.0;1625.0;1560.0;4071.0;1878.0;4168.0;9744.0;3042.0;926.0;1215.0;1488.0;1486.0;3903.0;934.0;1596.0;1474.0;1783.0;1436.0;1433.0;1731.0;1739.0;926.0;1460.0;1629.0;551.0;4017.0;1878.0;2755.0;1725.0;1474.0;1567.0;705.0;1687.0;2291.0;1491.0;1602.0;9744.0;1165.0;1678.0;801.0;1423.0;1508.0;1893.0;1429.0;10.0;4336.0;5433.0;926.0;1552.0;705.0;1490.0;1477.0;705.0;10032.0;1444.0;722.0;1579.0;1127.0;1135.0;705.0;3212.0;3047.0;1619.0;1514.0;8146.0;1670.0;705.0;10.0;2714.0;2654.0;1785.0;1522.0;2648.0;1400.0;1803.0;705.0;801.0;934.0;2801.0;1837.0;1696.0;3159.0;2221.0;1848.0;1698.0;872.0;1520.0;1878.0;1431.0;705.0;3209.0;1007.0;1454.0;1867.0;1867.0;1848.0;1115.0;3659.0;9744.0;2254.0;9744.0;1867.0;1474.0;934.0;1560.0;1466.0;1431.0;1795.0;1627.0;1878.0;1876.0;705.0;2000.0;1586.0;1469.0;2452.0;1423.0;1395.0;1601.0;2465.0;801.0;926.0;1115.0;1568.0;1373.0;934.0;9744.0;1474.0;3042.0;1521.0;1238.0;10.0;705.0;2204.0;1520.0;1818.0;1436.0;1812.0;1678.0;1461.0;1393.0;1248.0;1534.0;1864.0;1527.0;2576.0;1590.0;1540.0;1891.0;1474.0;1469.0;1752.0;1512.0;3787.0;1474.0;1522.0;3909.0;1583.0;3820.0;9744.0;1714.0;1443.0;9744.0;1664.0;1663.0;1678.0;0.0;4004.0;1474.0;2173.0;1678.0;1813.0;801.0;1552.0;1443.0;1735.0;2453.0;3209.0;5408.0;9744.0;4026.0;2090.0;1490.0;1486.0;1583.0;1451.0;2043.0;1461.0;705.0;1603.0;1565.0;1545.0;1522.0;4274.0;1528.0;934.0;2740.0;1451.0;2786.0;3712.0;1466.0;1938.0;1795.0;1578.0;2821.0;1560.0;1488.0;1687.0;5195.0;4512.0;1135.0;1441.0;1678.0;8500.0
355;4712.0;4487.0;4457.0;4212.0;3896.0;3948.0;3823.0;4809.0;3954.0;4185.0;4665.0;3918.0;12311.0;5800.0;5887.0;12502.0;4665.0;5072.0;3421.0;661.0;4289.0;3819.0;639.0;5770.0;4981.0;3886.0;4530.0;4064.0;3853.0;4197.0;3281.0;4417.0;4858.0;4031.0;4668.0;4932.0;4494.0;3954.0;4004.0;3342.0;3864.0;3823.0;4899.0;4117.0;2927.0;6467.0;3421.0;4665.0;4575.0;4147.0;4241.0;4924.0;4763.0;773.0;4820.0;3799.0;3281.0;3988.0;4537.0;4718.0;4088.0;3856.0;5465.0;562.0;4604.0;4763.0;4899.0;4809.0;4117.0;12626.0;5246.0;4575.0;773.0;5646.0;3271.0;4665.0;4079.0;3823.0;4932.0;12311.0;3799.0;4541.0;4665.0;3271.0;3673.0;4167.0;4932.0;4185.0;4117.0;4731.0;240.0;3271.0;5849.0;12311.0;4948.0;3819.0;4948.0;4778.0;4417.0;179.0;3954.0;4861.0;4665.0;4249.0;4752.0;4353.0;4519.0;4308.0;3819.0;4623.0;4554.0;4550.0;5706.0;3271.0;4823.0;4121.0;4665.0;5031.0;3342.0;4147.0;4832.0;4637.0;4395.0;12311.0;5153.0;3799.0;3281.0;4872.0;4187.0;4636.0;4051.0;4004.0;639.0;2551.0;3819.0;4259.0;3342.0;4758.0;4471.0;3342.0;12554.0;4847.0;4718.0;4289.0;5115.0;4969.0;3342.0;4938.0;5001.0;5001.0;4751.0;12034.0;3913.0;3342.0;4004.0;5162.0;5647.0;3953.0;4809.0;4494.0;4930.0;3739.0;3342.0;3281.0;3954.0;5034.0;3896.0;3778.0;5665.0;3256.0;4623.0;4297.0;3411.0;4275.0;3271.0;4665.0;3342.0;7191.0;4993.0;4725.0;3856.0;3856.0;3878.0;4921.0;5426.0;12311.0;4548.0;12311.0;3856.0;4665.0;3954.0;4330.0;4824.0;4665.0;4831.0;4197.0;3271.0;4631.0;3342.0;4299.0;3979.0;4524.0;4681.0;4872.0;4255.0;4831.0;4314.0;3281.0;3819.0;4921.0;4904.0;4902.0;3954.0;12311.0;4665.0;4948.0;4318.0;4948.0;4004.0;3342.0;3268.0;4275.0;5088.0;4752.0;4646.0;3799.0;4595.0;4568.0;4932.0;4001.0;4140.0;3983.0;5549.0;4562.0;4441.0;5331.0;4665.0;4524.0;4014.0;4487.0;5539.0;4665.0;4340.0;5634.0;4185.0;5563.0;12311.0;3845.0;4984.0;12311.0;4122.0;4320.0;3799.0;4004.0;0.0;4665.0;3287.0;3799.0;5058.0;3281.0;4259.0;4984.0;3960.0;4645.0;7191.0;2567.0;12311.0;5770.0;4478.0;4758.0;4417.0;4185.0;4840.0;4758.0;4595.0;3342.0;4156.0;4678.0;3823.0;4340.0;663.0;4463.0;3954.0;5116.0;4840.0;4854.0;4106.0;4824.0;3946.0;4846.0;3427.0;4990.0;4778.0;4778.0;4147.0;5412.0;4830.0;4969.0;4879.0;3799.0;5900.0
356;49.0;235.0;3185.0;595.0;1035.0;1019.0;921.0;153.0;774.0;598.0;10.0;1144.0;8320.0;2717.0;1306.0;8564.0;10.0;1781.0;1288.0;4637.0;492.0;902.0;4816.0;2637.0;911.0;1171.0;1443.0;634.0;1063.0;617.0;1611.0;294.0;1827.0;834.0;23.0;625.0;1457.0;774.0;1474.0;1626.0;1040.0;921.0;369.0;690.0;1912.0;2683.0;1288.0;10.0;929.0;706.0;756.0;310.0;810.0;4626.0;269.0;1011.0;1611.0;1145.0;300.0;1316.0;896.0;1090.0;2340.0;4842.0;478.0;810.0;428.0;153.0;566.0;8800.0;2120.0;929.0;4626.0;4506.0;1555.0;10.0;597.0;921.0;283.0;8320.0;1011.0;171.0;10.0;1555.0;1108.0;510.0;625.0;598.0;690.0;88.0;4797.0;1555.0;2782.0;8320.0;1723.0;902.0;703.0;132.0;294.0;4613.0;774.0;196.0;10.0;695.0;144.0;337.0;416.0;605.0;902.0;44.0;276.0;1328.0;2640.0;1555.0;1434.0;759.0;10.0;417.0;1626.0;706.0;891.0;49.0;405.0;8320.0;1375.0;1011.0;1611.0;316.0;550.0;517.0;652.0;1474.0;4816.0;5411.0;902.0;504.0;1626.0;106.0;229.0;1626.0;8602.0;260.0;1316.0;492.0;1361.0;881.0;1626.0;1925.0;1710.0;349.0;86.0;8263.0;906.0;1626.0;1474.0;1278.0;1204.0;949.0;153.0;1457.0;426.0;1139.0;1626.0;1611.0;774.0;1414.0;1035.0;1041.0;1690.0;1783.0;472.0;579.0;1362.0;466.0;1555.0;53.0;1626.0;3328.0;1310.0;92.0;1090.0;1090.0;1057.0;820.0;2295.0;8320.0;983.0;8320.0;1090.0;10.0;774.0;437.0;209.0;53.0;322.0;617.0;1555.0;499.0;1626.0;866.0;796.0;164.0;1143.0;316.0;428.0;169.0;1348.0;1611.0;902.0;820.0;250.0;414.0;774.0;8320.0;10.0;1723.0;423.0;668.0;1474.0;1626.0;1763.0;466.0;432.0;144.0;417.0;1011.0;76.0;103.0;625.0;747.0;858.0;762.0;1118.0;227.0;306.0;669.0;10.0;164.0;873.0;235.0;2415.0;10.0;400.0;2533.0;598.0;2447.0;8320.0;992.0;458.0;8320.0;713.0;528.0;1011.0;1474.0;4665.0;0.0;1728.0;1011.0;409.0;1611.0;504.0;458.0;907.0;1161.0;3328.0;5374.0;8320.0;2637.0;840.0;106.0;294.0;598.0;245.0;631.0;76.0;1626.0;638.0;102.0;921.0;400.0;4737.0;274.0;774.0;1319.0;245.0;1459.0;2828.0;209.0;1074.0;321.0;1292.0;1451.0;115.0;132.0;706.0;4111.0;3486.0;881.0;307.0;1011.0;9700.0
357;1775.0;1496.0;2054.0;1141.0;714.0;749.0;829.0;1878.0;1385.0;1132.0;1728.0;671.0;9088.0;2677.0;2716.0;9294.0;1728.0;1823.0;630.0;3451.0;1243.0;1313.0;3289.0;2628.0;2460.0;638.0;1255.0;1380.0;678.0;1120.0;1556.0;1434.0;1638.0;905.0;1741.0;2253.0;1222.0;1385.0;2173.0;1664.0;698.0;829.0;2074.0;1041.0;393.0;3211.0;630.0;1728.0;1314.0;1038.0;1064.0;1883.0;1524.0;3476.0;1973.0;719.0;1556.0;726.0;1485.0;2568.0;897.0;661.0;2296.0;3333.0;1464.0;1524.0;2113.0;1878.0;1377.0;10492.0;2053.0;1314.0;3476.0;3527.0;297.0;1728.0;1182.0;829.0;2007.0;9088.0;719.0;1561.0;1728.0;297.0;642.0;1391.0;2253.0;1132.0;1041.0;1757.0;3468.0;297.0;2736.0;9088.0;1699.0;1313.0;2310.0;1860.0;1434.0;3283.0;1385.0;1899.0;1728.0;1098.0;1861.0;1396.0;1418.0;1181.0;1313.0;1685.0;1508.0;2468.0;2580.0;297.0;1542.0;992.0;1728.0;2145.0;1664.0;1038.0;1580.0;1683.0;1344.0;9088.0;2851.0;719.0;1556.0;2027.0;1179.0;1479.0;1098.0;2173.0;3289.0;3684.0;1313.0;1226.0;1664.0;1834.0;1499.0;1664.0;9343.0;1978.0;2568.0;1243.0;2822.0;2434.0;1664.0;1735.0;1746.0;2069.0;1809.0;9945.0;822.0;1664.0;2173.0;1878.0;2426.0;796.0;1878.0;1222.0;2125.0;590.0;1664.0;1556.0;1385.0;1748.0;714.0;689.0;2377.0;57.0;1483.0;1189.0;1337.0;1262.0;297.0;1755.0;1664.0;4969.0;2724.0;1815.0;661.0;661.0;692.0;2369.0;2252.0;9088.0;1278.0;9088.0;661.0;1728.0;1385.0;1296.0;1933.0;1755.0;1753.0;1120.0;297.0;1481.0;1664.0;1068.0;933.0;1564.0;1396.0;2027.0;1316.0;1858.0;1031.0;1556.0;1313.0;2369.0;1972.0;2105.0;1385.0;9088.0;1728.0;1699.0;1306.0;2289.0;2173.0;1664.0;36.0;1262.0;2066.0;1861.0;1525.0;719.0;1652.0;1662.0;2253.0;986.0;948.0;973.0;2331.0;1539.0;1429.0;2355.0;1728.0;1564.0;872.0;1496.0;2378.0;1728.0;1329.0;2490.0;1132.0;2407.0;9088.0;735.0;2168.0;9088.0;1025.0;1231.0;719.0;2173.0;3287.0;1728.0;0.0;719.0;2030.0;1556.0;1226.0;2168.0;828.0;1360.0;4969.0;3647.0;9088.0;2628.0;1237.0;1834.0;1434.0;1132.0;1965.0;1564.0;1652.0;1664.0;1093.0;1690.0;829.0;1329.0;3202.0;1460.0;1385.0;1830.0;1965.0;1574.0;1603.0;1933.0;721.0;1771.0;600.0;1706.0;1815.0;1860.0;1038.0;3157.0;2455.0;2434.0;2024.0;719.0;8900.0
358;1059.0;783.0;2473.0;439.0;177.0;228.0;138.0;1163.0;771.0;423.0;1011.0;327.0;8774.0;2598.0;2095.0;8996.0;1011.0;1635.0;406.0;3863.0;535.0;752.0;3883.0;2533.0;1762.0;326.0;1073.0;719.0;155.0;419.0;1287.0;718.0;1536.0;232.0;1024.0;1541.0;1058.0;771.0;1678.0;1369.0;140.0;138.0;1355.0;337.0;924.0;2920.0;406.0;1011.0;839.0;353.0;447.0;1189.0;984.0;3870.0;1254.0;10.0;1287.0;399.0;786.0;1936.0;317.0;193.0;2195.0;3917.0;810.0;984.0;1395.0;1163.0;696.0;9780.0;1942.0;839.0;3870.0;3906.0;559.0;1011.0;474.0;138.0;1293.0;8774.0;10.0;847.0;1011.0;559.0;127.0;698.0;1541.0;423.0;337.0;1045.0;3955.0;559.0;2663.0;8774.0;1524.0;752.0;1602.0;1143.0;718.0;3769.0;771.0;1188.0;1011.0;450.0;1142.0;677.0;739.0;513.0;752.0;968.0;808.0;1861.0;2505.0;559.0;1275.0;322.0;1011.0;1428.0;1369.0;353.0;1065.0;968.0;641.0;8774.0;2175.0;10.0;1287.0;1308.0;461.0;838.0;383.0;1678.0;3883.0;4399.0;752.0;514.0;1369.0;1117.0;783.0;1369.0;9041.0;1260.0;1936.0;535.0;2149.0;1735.0;1369.0;1647.0;1549.0;1356.0;1094.0;9235.0;116.0;1369.0;1678.0;1458.0;1849.0;177.0;1163.0;1058.0;1407.0;144.0;1369.0;1287.0;771.0;1416.0;177.0;30.0;1978.0;775.0;830.0;507.0;1002.0;547.0;559.0;1037.0;1369.0;4266.0;2059.0;1097.0;193.0;193.0;180.0;1669.0;2147.0;8774.0;834.0;8774.0;193.0;1011.0;771.0;587.0;1215.0;1037.0;1070.0;419.0;559.0;836.0;1369.0;541.0;215.0;848.0;1019.0;1308.0;598.0;1148.0;850.0;1287.0;752.0;1669.0;1258.0;1387.0;771.0;8774.0;1011.0;1524.0;592.0;1578.0;1678.0;1369.0;754.0;547.0;1369.0;1142.0;859.0;10.0;936.0;943.0;1541.0;267.0;362.0;255.0;1750.0;833.0;718.0;1652.0;1011.0;848.0;219.0;783.0;2280.0;1011.0;615.0;2401.0;423.0;2312.0;8774.0;56.0;1450.0;8774.0;331.0;540.0;10.0;1678.0;3799.0;1011.0;719.0;0.0;1334.0;1287.0;514.0;1450.0;165.0;998.0;4266.0;4363.0;8774.0;2533.0;716.0;1117.0;718.0;423.0;1247.0;960.0;936.0;1369.0;386.0;980.0;138.0;615.0;3800.0;748.0;771.0;1437.0;1247.0;1310.0;2055.0;1215.0;282.0;1087.0;388.0;1402.0;1103.0;1143.0;353.0;3518.0;2836.0;1735.0;1305.0;10.0;9200.0
359;368.0;573.0;3262.0;896.0;1317.0;1287.0;1268.0;299.0;1182.0;912.0;409.0;1392.0;7943.0;2558.0;902.0;8191.0;409.0;1690.0;1656.0;5042.0;800.0;1310.0;5192.0;2476.0;1009.0;1424.0;1484.0;1042.0;1351.0;916.0;2016.0;643.0;1790.0;1125.0;413.0;715.0;1507.0;1182.0;1813.0;2027.0;1332.0;1268.0;441.0;997.0;2256.0;2397.0;1656.0;409.0;979.0;992.0;982.0;147.0;782.0;5032.0;418.0;1334.0;2016.0;1371.0;549.0;1519.0;1145.0;1370.0;2209.0;5220.0;594.0;782.0;514.0;299.0;974.0;8599.0;2015.0;979.0;5032.0;4506.0;1893.0;409.0;979.0;1268.0;249.0;7943.0;1334.0;517.0;409.0;1893.0;1446.0;918.0;715.0;912.0;997.0;331.0;5194.0;1893.0;2621.0;7943.0;1659.0;1310.0;793.0;335.0;643.0;5009.0;1182.0;227.0;409.0;937.0;384.0;705.0;614.0;850.0;1310.0;447.0;527.0;1572.0;2491.0;1893.0;1391.0;1038.0;409.0;326.0;2027.0;992.0;828.0;427.0;694.0;7943.0;1459.0;1334.0;2016.0;408.0;889.0;600.0;1015.0;1813.0;5192.0;5708.0;1310.0;824.0;2027.0;343.0;587.0;2027.0;8228.0;373.0;1519.0;800.0;1455.0;981.0;2027.0;1874.0;1632.0;224.0;333.0;8075.0;1221.0;2027.0;1813.0;1114.0;842.0;1234.0;299.0;1507.0;479.0;1445.0;2027.0;2016.0;1182.0;1306.0;1317.0;1362.0;1431.0;2083.0;576.0;841.0;1770.0;799.0;1893.0;427.0;2027.0;3205.0;1437.0;381.0;1370.0;1370.0;1339.0;937.0;2168.0;7943.0;1040.0;7943.0;1370.0;409.0;1182.0;751.0;347.0;427.0;286.0;916.0;1893.0;590.0;2027.0;1039.0;1125.0;534.0;1142.0;408.0;803.0;241.0;1453.0;2016.0;1310.0;937.0;246.0;494.0;1182.0;7943.0;409.0;1659.0;754.0;753.0;1813.0;2027.0;2064.0;799.0;37.0;384.0;523.0;1334.0;469.0;511.0;715.0;1086.0;1097.0;1104.0;768.0;506.0;626.0;333.0;409.0;534.0;1158.0;573.0;2277.0;409.0;731.0;2387.0;912.0;2307.0;7943.0;1304.0;465.0;7943.0;1008.0;800.0;1334.0;1813.0;5058.0;409.0;2030.0;1334.0;0.0;2016.0;824.0;465.0;1203.0;1173.0;3205.0;5669.0;7943.0;2476.0;942.0;343.0;643.0;912.0;364.0;615.0;469.0;2027.0;949.0;380.0;1268.0;731.0;5111.0;601.0;1182.0;1175.0;364.0;1408.0;2945.0;347.0;1329.0;267.0;1656.0;1359.0;294.0;335.0;992.0;4113.0;3526.0;981.0;388.0;1334.0;10100.0
360;1649.0;1527.0;3603.0;1445.0;1464.0;1514.0;1189.0;1723.0;841.0;1406.0;1611.0;1607.0;9894.0;3881.0;2917.0;10131.0;1611.0;2909.0;993.0;3134.0;1460.0;726.0;3570.0;3814.0;1705.0;1598.0;2359.0;988.0;1438.0;1444.0;10.0;1471.0;2823.0;1430.0;1604.0;1693.0;2345.0;841.0;801.0;113.0;1427.0;1189.0;1729.0;1401.0;1361.0;4121.0;993.0;1611.0;2045.0;1462.0;1622.0;1918.0;2110.0;3107.0;1672.0;1287.0;10.0;1684.0;1630.0;1463.0;1566.0;1473.0;3477.0;3573.0;1796.0;2110.0;1708.0;1723.0;1063.0;9518.0;3224.0;2045.0;3107.0;5073.0;1262.0;1611.0;1180.0;1189.0;1821.0;9894.0;1287.0;1556.0;1611.0;1262.0;1208.0;1121.0;1693.0;1406.0;1401.0;1696.0;3371.0;1262.0;3946.0;9894.0;2803.0;726.0;1696.0;1687.0;1471.0;3195.0;841.0;1791.0;1611.0;1582.0;1646.0;1402.0;1681.0;1579.0;726.0;1578.0;1635.0;1303.0;3789.0;1262.0;2540.0;1478.0;1611.0;1880.0;113.0;1462.0;2204.0;1603.0;1532.0;9894.0;1884.0;1287.0;10.0;1716.0;1355.0;1844.0;1224.0;801.0;3570.0;4634.0;726.0;1425.0;113.0;1676.0;1497.0;113.0;10172.0;1709.0;1463.0;1460.0;1846.0;1695.0;113.0;2934.0;2824.0;1886.0;1683.0;8943.0;1335.0;113.0;801.0;2634.0;2794.0;1447.0;1723.0;2345.0;1745.0;1368.0;113.0;10.0;841.0;2650.0;1464.0;1294.0;3136.0;1595.0;1809.0;1545.0;292.0;1412.0;1262.0;1589.0;113.0;3991.0;1725.0;1637.0;1473.0;1473.0;1466.0;1651.0;3429.0;9894.0;2060.0;9894.0;1473.0;1611.0;841.0;1469.0;1705.0;1589.0;1883.0;1444.0;1262.0;1831.0;113.0;1766.0;1301.0;1524.0;2259.0;1716.0;1321.0;1776.0;2137.0;10.0;726.0;1651.0;1802.0;1715.0;841.0;9894.0;1611.0;2803.0;1437.0;1702.0;801.0;113.0;1581.0;1412.0;2035.0;1646.0;1798.0;1287.0;1562.0;1509.0;1693.0;1273.0;1592.0;1258.0;2702.0;1616.0;1518.0;2210.0;1611.0;1524.0;1447.0;1527.0;3562.0;1611.0;1450.0;3684.0;1406.0;3594.0;9894.0;1339.0;1798.0;9894.0;1433.0;1532.0;1287.0;801.0;3281.0;1611.0;1556.0;1287.0;2016.0;0.0;1425.0;1798.0;1409.0;2247.0;3991.0;4610.0;9894.0;3814.0;1910.0;1676.0;1471.0;1406.0;1708.0;2002.0;1562.0;113.0;1406.0;1668.0;1189.0;1450.0;3504.0;1523.0;841.0;2635.0;1708.0;2575.0;3156.0;1705.0;1569.0;1891.0;1027.0;2648.0;1724.0;1687.0;1462.0;4696.0;3997.0;1695.0;1729.0;1287.0;8100.0
361;550.0;271.0;2769.0;97.0;533.0;521.0;444.0;653.0;643.0;94.0;504.0;652.0;8480.0;2552.0;1631.0;8713.0;504.0;1576.0;841.0;4280.0;35.0;717.0;4373.0;2478.0;1335.0;676.0;1115.0;509.0;559.0;118.0;1425.0;210.0;1556.0;332.0;519.0;1080.0;1118.0;643.0;1552.0;1474.0;537.0;444.0;862.0;186.0;1432.0;2700.0;841.0;504.0;668.0;210.0;315.0;681.0;688.0;4278.0;760.0;514.0;1425.0;665.0;280.0;1619.0;413.0;587.0;2154.0;4403.0;379.0;688.0;911.0;653.0;440.0;9299.0;1912.0;668.0;4278.0;4143.0;1069.0;504.0;245.0;444.0;781.0;8480.0;514.0;335.0;504.0;1069.0;621.0;399.0;1080.0;94.0;186.0;532.0;4404.0;1069.0;2618.0;8480.0;1490.0;717.0;1150.0;636.0;210.0;4218.0;643.0;674.0;504.0;248.0;641.0;191.0;272.0;187.0;717.0;462.0;300.0;1582.0;2466.0;1069.0;1203.0;265.0;504.0;920.0;1474.0;210.0;783.0;458.0;136.0;8480.0;1779.0;514.0;1425.0;812.0;75.0;425.0;219.0;1552.0;4373.0;4910.0;717.0;10.0;1474.0;609.0;276.0;1474.0;8755.0;759.0;1619.0;35.0;1758.0;1306.0;1474.0;1664.0;1494.0;843.0;583.0;8759.0;405.0;1474.0;1552.0;1216.0;1429.0;446.0;653.0;1118.0;917.0;636.0;1474.0;1425.0;643.0;1263.0;533.0;543.0;1711.0;1281.0;395.0;146.0;1139.0;44.0;1069.0;535.0;1474.0;3810.0;1685.0;593.0;587.0;587.0;555.0;1241.0;2107.0;8480.0;702.0;8480.0;587.0;504.0;643.0;74.0;712.0;535.0;573.0;118.0;1069.0;413.0;1474.0;466.0;301.0;341.0;900.0;812.0;166.0;633.0;961.0;1425.0;717.0;1241.0;747.0;900.0;643.0;8480.0;504.0;1490.0;81.0;1121.0;1552.0;1474.0;1261.0;44.0;859.0;641.0;400.0;514.0;429.0;450.0;1080.0;263.0;387.0;280.0;1331.0;320.0;204.0;1139.0;504.0;341.0;371.0;271.0;2236.0;504.0;103.0;2358.0;94.0;2269.0;8480.0;491.0;955.0;8480.0;212.0;113.0;514.0;1552.0;4259.0;504.0;1226.0;514.0;824.0;1425.0;0.0;955.0;404.0;901.0;3810.0;4873.0;8480.0;2478.0;538.0;609.0;210.0;94.0;746.0;580.0;429.0;1474.0;135.0;465.0;444.0;103.0;4291.0;234.0;643.0;1224.0;746.0;1234.0;2387.0;712.0;580.0;589.0;838.0;1275.0;589.0;636.0;210.0;3748.0;3096.0;1306.0;806.0;514.0;9500.0
362;418.0;691.0;3623.0;1049.0;1488.0;1474.0;1346.0;331.0;1030.0;1048.0;458.0;1601.0;8306.0;3019.0;1238.0;8560.0;458.0;2131.0;1683.0;4908.0;946.0;1165.0;5173.0;2937.0;544.0;1628.0;1860.0;925.0;1514.0;1071.0;1798.0;745.0;2209.0;1287.0;440.0;251.0;1879.0;1030.0;1443.0;1785.0;1491.0;1346.0;94.0;1141.0;2323.0;2851.0;1683.0;458.0;1342.0;1161.0;1213.0;517.0;1183.0;4888.0;196.0;1450.0;1798.0;1603.0;752.0;1064.0;1353.0;1542.0;2663.0;5194.0;901.0;1183.0;91.0;331.0;881.0;8344.0;2461.0;1342.0;4888.0;4915.0;1976.0;458.0;1001.0;1346.0;246.0;8306.0;1450.0;629.0;458.0;1976.0;1536.0;840.0;251.0;1048.0;1141.0;466.0;5101.0;1976.0;3082.0;8306.0;2089.0;1165.0;328.0;333.0;745.0;4919.0;1030.0;358.0;458.0;1153.0;315.0;774.0;862.0;1063.0;1165.0;496.0;727.0;1131.0;2950.0;1976.0;1811.0;1215.0;458.0;143.0;1785.0;1161.0;1246.0;507.0;862.0;8306.0;1000.0;1450.0;1798.0;143.0;993.0;928.0;1074.0;1443.0;5173.0;5843.0;1165.0;955.0;1785.0;360.0;680.0;1785.0;8595.0;198.0;1064.0;946.0;994.0;516.0;1785.0;2300.0;2067.0;242.0;394.0;7806.0;1350.0;1785.0;1443.0;1570.0;1268.0;1401.0;331.0;1879.0;53.0;1583.0;1785.0;1798.0;1030.0;1749.0;1488.0;1479.0;1894.0;2224.0;889.0;1037.0;1595.0;915.0;1976.0;420.0;1785.0;2871.0;972.0;366.0;1542.0;1542.0;1510.0;473.0;2621.0;8306.0;1401.0;8306.0;1542.0;458.0;1030.0;892.0;251.0;420.0;639.0;1071.0;1976.0;913.0;1785.0;1317.0;1237.0;616.0;1538.0;143.0;852.0;399.0;1788.0;1798.0;1165.0;473.0;273.0;83.0;1030.0;8306.0;458.0;2089.0;874.0;289.0;1443.0;1785.0;2204.0;915.0;450.0;315.0;830.0;1450.0;528.0;507.0;251.0;1183.0;1316.0;1195.0;1206.0;681.0;763.0;448.0;458.0;616.0;1326.0;691.0;2733.0;458.0;852.0;2845.0;1048.0;2763.0;8306.0;1436.0;10.0;8306.0;1166.0;986.0;1450.0;1443.0;4984.0;458.0;2168.0;1450.0;465.0;1798.0;955.0;0.0;1358.0;1562.0;2871.0;5808.0;8306.0;2937.0;1272.0;360.0;745.0;1048.0;214.0;1002.0;528.0;1785.0;1089.0;531.0;1346.0;852.0;5096.0;730.0;1030.0;1627.0;214.0;1831.0;3276.0;251.0;1530.0;624.0;1693.0;1797.0;412.0;333.0;1161.0;4520.0;3911.0;516.0;151.0;1450.0;9900.0
363;953.0;673.0;2449.0;314.0;133.0;142.0;221.0;1055.0;807.0;310.0;907.0;279.0;8613.0;2472.0;1939.0;8837.0;907.0;1501.0;570.0;4028.0;417.0;814.0;4036.0;2404.0;1712.0;295.0;953.0;726.0;156.0;293.0;1409.0;614.0;1418.0;78.0;923.0;1472.0;943.0;807.0;1735.0;1484.0;133.0;221.0;1265.0;217.0;1071.0;2765.0;570.0;907.0;679.0;211.0;283.0;1056.0;819.0;4035.0;1163.0;165.0;1409.0;325.0;656.0;1932.0;161.0;185.0;2068.0;4071.0;657.0;819.0;1311.0;1055.0;686.0;9700.0;1815.0;679.0;4035.0;3863.0;707.0;907.0;443.0;221.0;1183.0;8613.0;165.0;738.0;907.0;707.0;292.0;675.0;1472.0;310.0;217.0;931.0;4118.0;707.0;2537.0;8613.0;1394.0;814.0;1538.0;1039.0;614.0;3931.0;807.0;1073.0;907.0;291.0;1045.0;586.0;595.0;362.0;814.0;866.0;680.0;1870.0;2380.0;707.0;1135.0;168.0;907.0;1323.0;1484.0;211.0;901.0;861.0;516.0;8613.0;2140.0;165.0;1409.0;1215.0;369.0;682.0;343.0;1735.0;4036.0;4512.0;814.0;404.0;1484.0;1013.0;680.0;1484.0;8881.0;1163.0;1932.0;417.0;2116.0;1683.0;1484.0;1529.0;1415.0;1243.0;986.0;9160.0;74.0;1484.0;1735.0;1297.0;1687.0;53.0;1055.0;943.0;1319.0;242.0;1484.0;1409.0;807.0;1264.0;133.0;183.0;1817.0;883.0;677.0;363.0;1119.0;443.0;707.0;939.0;1484.0;4203.0;2033.0;997.0;185.0;185.0;154.0;1617.0;2020.0;8613.0;677.0;8613.0;185.0;907.0;807.0;471.0;1115.0;939.0;930.0;293.0;707.0;680.0;1484.0;381.0;157.0;745.0;867.0;1215.0;523.0;1031.0;743.0;1409.0;814.0;1617.0;1148.0;1301.0;807.0;8613.0;907.0;1394.0;485.0;1511.0;1735.0;1484.0;863.0;443.0;1239.0;1045.0;711.0;165.0;833.0;851.0;1472.0;217.0;200.0;217.0;1589.0;711.0;604.0;1527.0;907.0;745.0;54.0;673.0;2152.0;907.0;507.0;2275.0;310.0;2185.0;8613.0;115.0;1358.0;8613.0;197.0;403.0;165.0;1735.0;3960.0;907.0;828.0;165.0;1203.0;1409.0;404.0;1358.0;0.0;849.0;4203.0;4474.0;8613.0;2404.0;553.0;1013.0;614.0;310.0;1149.0;798.0;833.0;1484.0;269.0;863.0;221.0;507.0;3952.0;636.0;807.0;1279.0;1149.0;1169.0;2045.0;1115.0;211.0;948.0;553.0;1254.0;989.0;1039.0;211.0;3471.0;2799.0;1683.0;1210.0;165.0;9300.0
364;1181.0;1000.0;2091.0;841.0;837.0;780.0;1067.0;1240.0;1535.0;877.0;1161.0;754.0;7794.0;1655.0;1502.0;8011.0;1161.0;677.0;1393.0;4781.0;874.0;1589.0;4640.0;1583.0;2069.0;782.0;314.0;1408.0;875.0;834.0;2247.0;999.0;670.0;818.0;1184.0;1775.0;343.0;1535.0;2453.0;2314.0;876.0;1067.0;1493.0;856.0;1722.0;1926.0;1393.0;1161.0;240.0;793.0;631.0;1062.0;391.0;4797.0;1409.0;998.0;2247.0;675.0;882.0;2459.0;689.0;856.0;1255.0;4687.0;683.0;391.0;1565.0;1240.0;1341.0;9729.0;1011.0;240.0;4797.0;3353.0;1404.0;1161.0;1122.0;1067.0;1319.0;7794.0;998.0;1033.0;1161.0;1404.0;1112.0;1299.0;1775.0;877.0;856.0;1115.0;4822.0;1404.0;1721.0;7794.0;589.0;1589.0;1855.0;1250.0;999.0;4637.0;1535.0;1204.0;1161.0;681.0;1289.0;1037.0;766.0;715.0;1589.0;1144.0;901.0;2447.0;1568.0;1404.0;302.0;771.0;1161.0;1456.0;2314.0;793.0;363.0;1118.0;865.0;7794.0;2534.0;998.0;2247.0;1441.0;949.0;645.0;1049.0;2453.0;4640.0;4816.0;1589.0;901.0;2314.0;1228.0;1031.0;2314.0;8058.0;1382.0;2459.0;874.0;2521.0;2039.0;2314.0;773.0;594.0;1345.0;1190.0;9216.0;922.0;2314.0;2453.0;519.0;1160.0;823.0;1240.0;343.0;1549.0;982.0;2314.0;2247.0;1535.0;419.0;837.0;1004.0;1023.0;1395.0;689.0;756.0;1955.0;934.0;1404.0;1214.0;2314.0;4377.0;2471.0;1240.0;856.0;856.0;846.0;1980.0;1208.0;7794.0;199.0;7794.0;856.0;1161.0;1535.0;898.0;1327.0;1214.0;926.0;834.0;1404.0;662.0;2314.0;481.0;946.0;1068.0;43.0;1441.0;1060.0;1164.0;379.0;2247.0;1589.0;1980.0;1290.0;1547.0;1535.0;7794.0;1161.0;589.0;937.0;1818.0;2453.0;2314.0;1381.0;934.0;1207.0;1289.0;745.0;998.0;1123.0;1185.0;1775.0;977.0;656.0;991.0;1076.0;951.0;948.0;1477.0;1161.0;1068.0;805.0;1000.0;1338.0;1161.0;939.0;1460.0;877.0;1371.0;7794.0;942.0;1562.0;7794.0;821.0;791.0;998.0;2453.0;4645.0;1161.0;1360.0;998.0;1173.0;2247.0;901.0;1562.0;849.0;0.0;4377.0;4772.0;7794.0;1583.0;363.0;1228.0;999.0;877.0;1366.0;564.0;1123.0;2314.0;865.0;1063.0;1067.0;939.0;4552.0;970.0;1535.0;472.0;1366.0;335.0;1794.0;1327.0;750.0;942.0;1369.0;405.0;1160.0;1250.0;793.0;2958.0;2355.0;2039.0;1425.0;998.0;10200.0
365;3290.0;3557.0;6467.0;3906.0;4335.0;4330.0;4144.0;3200.0;3620.0;3900.0;3328.0;4461.0;9029.0;5534.0;3266.0;9326.0;3328.0;4828.0;4395.0;6905.0;3806.0;3724.0;7544.0;5453.0;2509.0;4486.0;4689.0;3596.0;4356.0;3928.0;3991.0;3604.0;4967.0;4137.0;3308.0;2731.0;4713.0;3620.0;3209.0;3906.0;4332.0;4144.0;2959.0;3990.0;5035.0;4985.0;4395.0;3328.0;4181.0;4019.0;4084.0;3325.0;3987.0;6847.0;3059.0;4266.0;3991.0;4470.0;3623.0;2534.0;4218.0;4388.0;5261.0;7540.0;3760.0;3987.0;2902.0;3200.0;3593.0;5549.0;5118.0;4181.0;6847.0;7674.0;4730.0;3328.0;3793.0;4144.0;3092.0;9029.0;4266.0;3497.0;3328.0;4730.0;4328.0;3578.0;2731.0;3900.0;3990.0;3335.0;7239.0;4730.0;5588.0;9029.0;4822.0;3724.0;2666.0;3205.0;3604.0;7078.0;3620.0;3213.0;3328.0;4022.0;3184.0;3620.0;3732.0;3933.0;3724.0;3363.0;3598.0;2688.0;5492.0;4730.0;4577.0;4074.0;3328.0;2947.0;3906.0;4019.0;4026.0;3377.0;3730.0;9029.0;2151.0;4266.0;3991.0;3012.0;3834.0;3780.0;3884.0;3209.0;7544.0;8551.0;3724.0;3810.0;3906.0;3231.0;3542.0;3906.0;9339.0;3069.0;2534.0;3806.0;2185.0;2534.0;3906.0;5040.0;4784.0;3052.0;3265.0;4987.0;4182.0;3906.0;3209.0;4218.0;3577.0;4251.0;3200.0;4713.0;2902.0;4408.0;3906.0;3991.0;3620.0;4450.0;4335.0;4296.0;4308.0;5025.0;3746.0;3905.0;3966.0;3767.0;4730.0;3286.0;3906.0;10.0;2299.0;3236.0;4388.0;4388.0;4357.0;2600.0;5229.0;9029.0;4242.0;9029.0;4388.0;3328.0;3620.0;3752.0;3123.0;3286.0;3468.0;3928.0;4730.0;3766.0;3906.0;4188.0;4065.0;3479.0;4345.0;3012.0;3681.0;3257.0;4646.0;3991.0;3724.0;2600.0;3126.0;2915.0;3620.0;9029.0;3328.0;4822.0;3730.0;2692.0;3209.0;3906.0;5005.0;3767.0;3171.0;3184.0;3687.0;4266.0;3394.0;3362.0;2731.0;4005.0;4183.0;4015.0;3591.0;3552.0;3629.0;2907.0;3328.0;3479.0;4178.0;3557.0;5312.0;3328.0;3710.0;5401.0;3900.0;5336.0;9029.0;4265.0;2871.0;9029.0;4020.0;3853.0;4266.0;3209.0;7191.0;3328.0;4969.0;4266.0;3205.0;3991.0;3810.0;2871.0;4203.0;4377.0;0.0;8521.0;9029.0;5453.0;4129.0;3231.0;3604.0;3900.0;3085.0;3819.0;3394.0;3906.0;3940.0;3402.0;4144.0;3710.0;7482.0;3596.0;3620.0;4296.0;3085.0;4588.0;6140.0;3123.0;4390.0;3450.0;4415.0;4514.0;3279.0;3205.0;4019.0;7287.0;6725.0;2534.0;3022.0;4266.0;10900.0
366;5421.0;5143.0;3448.0;4788.0;4355.0;4383.0;4461.0;5525.0;4910.0;4779.0;5374.0;4280.0;11520.0;5205.0;6264.0;11657.0;5374.0;4870.0;4149.0;3226.0;4890.0;4800.0;1937.0;5211.0;6039.0;4248.0;4518.0;4953.0;4321.0;4767.0;4610.0;5080.0;4621.0;4551.0;5387.0;5868.0;4480.0;4910.0;5408.0;4712.0;4342.0;4461.0;5713.0;4688.0;3502.0;6106.0;4149.0;5374.0;4833.0;4683.0;4690.0;5522.0;5064.0;3336.0;5613.0;4363.0;4610.0;4310.0;5129.0;6007.0;4525.0;4300.0;5009.0;2026.0;5088.0;5064.0;5747.0;5525.0;4969.0;14070.0;4878.0;4833.0;3336.0;4054.0;3834.0;5374.0;4809.0;4461.0;5654.0;11520.0;4363.0;5208.0;5374.0;3834.0;4272.0;4996.0;5868.0;4779.0;4688.0;5404.0;2770.0;3834.0;5229.0;11520.0;4770.0;4800.0;5917.0;5506.0;5080.0;2738.0;4910.0;5546.0;5374.0;4732.0;5504.0;5040.0;5055.0;4819.0;4800.0;5331.0;5153.0;5867.0;5132.0;3834.0;4798.0;4635.0;5374.0;5790.0;4712.0;4683.0;5092.0;5329.0;4990.0;11520.0;6370.0;4363.0;4610.0;5668.0;4824.0;5095.0;4734.0;5408.0;1937.0;54.0;4800.0;4873.0;4712.0;5480.0;5145.0;4712.0;11719.0;5621.0;6007.0;4890.0;6336.0;6016.0;4712.0;4651.0;4833.0;5716.0;5455.0;13507.0;4469.0;4712.0;5408.0;5243.0;5932.0;4439.0;5525.0;4480.0;5762.0;4237.0;4712.0;4610.0;4910.0;5027.0;4355.0;4333.0;5626.0;3592.0;5107.0;4831.0;4575.0;4908.0;3834.0;5399.0;4712.0;8521.0;6224.0;5460.0;4300.0;4300.0;4332.0;5953.0;4988.0;11520.0;4781.0;11520.0;4300.0;5374.0;4910.0;4943.0;5578.0;5399.0;5387.0;4767.0;3834.0;5100.0;4712.0;4658.0;4577.0;5210.0;4815.0;5668.0;4956.0;5505.0;4394.0;4610.0;4800.0;5953.0;5619.0;5740.0;4910.0;11520.0;5374.0;4770.0;4952.0;5900.0;5408.0;4712.0;3612.0;4908.0;5706.0;5504.0;5154.0;4363.0;5298.0;5305.0;5868.0;4628.0;4574.0;4614.0;5845.0;5185.0;5076.0;5998.0;5374.0;5210.0;4515.0;5143.0;5055.0;5374.0;4975.0;5104.0;4779.0;5067.0;11520.0;4382.0;5808.0;11520.0;4671.0;4875.0;4363.0;5408.0;2567.0;5374.0;3647.0;4363.0;5669.0;4610.0;4873.0;5808.0;4474.0;4772.0;8521.0;0.0;11520.0;5211.0;4800.0;5480.0;5080.0;4779.0;5609.0;5151.0;5298.0;4712.0;4740.0;5337.0;4461.0;4975.0;1904.0;5107.0;4910.0;5169.0;5609.0;4815.0;3340.0;5578.0;4342.0;5407.0;4133.0;4960.0;5462.0;5506.0;4683.0;3980.0;3660.0;6016.0;5666.0;4363.0;8000.0
367;8291.0;8370.0;8113.0;8477.0;8625.0;8568.0;8814.0;8241.0;9061.0;8514.0;8320.0;8547.0;10.0;6521.0;7069.0;311.0;8320.0;7265.0;9178.0;12537.0;8445.0;9169.0;12160.0;6546.0;8725.0;8573.0;7835.0;8913.0;8665.0;8482.0;9894.0;8423.0;7464.0;8563.0;8332.0;8523.0;7867.0;9061.0;9744.0;9928.0;8663.0;8814.0;8335.0;8541.0;9476.0;5879.0;9178.0;8320.0;7935.0;8489.0;8346.0;8011.0;7816.0;12563.0;8348.0;8774.0;9894.0;8466.0;8264.0;9289.0;8457.0;8648.0;6846.0;12227.0;8103.0;7816.0;8389.0;8241.0;8836.0;11186.0;7067.0;7935.0;12563.0;7629.0;9189.0;8320.0;8721.0;8814.0;8177.0;10.0;8774.0;8346.0;8320.0;9189.0;8895.0;8778.0;8523.0;8514.0;8541.0;8232.0;12513.0;9189.0;6476.0;10.0;7390.0;9169.0;8573.0;8276.0;8423.0;12333.0;9061.0;8167.0;8320.0;8367.0;8326.0;8493.0;8216.0;8347.0;9169.0;8346.0;8260.0;9401.0;6612.0;9189.0;7559.0;8490.0;8320.0;8177.0;9928.0;8489.0;7725.0;8317.0;8366.0;10.0;9001.0;8774.0;9894.0;8322.0;8553.0;8056.0;8693.0;9744.0;12160.0;11573.0;9169.0;8480.0;9928.0;8280.0;8401.0;9928.0;311.0;8303.0;9289.0;8445.0;9022.0;8709.0;9928.0;7378.0;7342.0;8126.0;8262.0;11036.0;8681.0;9928.0;9744.0;7316.0;7116.0;8598.0;8241.0;7867.0;8347.0;8775.0;9928.0;9894.0;9061.0;7377.0;8625.0;8784.0;6797.0;9108.0;8089.0;8376.0;9616.0;8488.0;9189.0;8354.0;9928.0;9029.0;9080.0;8318.0;8648.0;8648.0;8636.0;8702.0;6885.0;10.0;7941.0;10.0;8648.0;8320.0;9061.0;8430.0;8287.0;8354.0;8022.0;8482.0;9189.0;8068.0;9928.0;8233.0;8667.0;8380.0;7766.0;8322.0;8574.0;8170.0;8066.0;9894.0;9169.0;8702.0;8184.0;8373.0;9061.0;10.0;8320.0;7390.0;8460.0;8542.0;9744.0;9928.0;9100.0;8488.0;7934.0;8326.0;8097.0;8774.0;8356.0;8417.0;8523.0;8675.0;8414.0;8693.0;7204.0;8281.0;8376.0;7860.0;8320.0;8380.0;8562.0;8370.0;6773.0;8320.0;8446.0;6680.0;8514.0;6748.0;10.0;8718.0;8306.0;10.0;8519.0;8379.0;8774.0;9744.0;12311.0;8320.0;9088.0;8774.0;7943.0;9894.0;8480.0;8306.0;8613.0;7794.0;9029.0;11520.0;0.0;6546.0;8061.0;8280.0;8423.0;8514.0;8298.0;7900.0;8356.0;9928.0;8524.0;8247.0;8814.0;8446.0;12069.0;8372.0;9061.0;7338.0;8298.0;7526.0;8337.0;8287.0;8543.0;8017.0;9156.0;7405.0;8217.0;8276.0;8489.0;7594.0;7862.0;8709.0;8304.0;8774.0;17900.0
368;2641.0;2532.0;1809.0;2423.0;2359.0;2305.0;2625.0;2665.0;3117.0;2460.0;2637.0;2232.0;6546.0;83.0;2191.0;6733.0;2637.0;908.0;2893.0;6030.0;2449.0;3172.0;5618.0;10.0;3480.0;2248.0;1463.0;2987.0;2389.0;2417.0;3814.0;2547.0;1010.0;2387.0;2659.0;3182.0;1482.0;3117.0;4026.0;3887.0;2397.0;2625.0;2895.0;2438.0;3021.0;935.0;2893.0;2637.0;1810.0;2375.0;2213.0;2428.0;1840.0;6066.0;2836.0;2533.0;3814.0;2149.0;2407.0;3950.0;2249.0;2359.0;339.0;5683.0;2197.0;1840.0;2971.0;2665.0;2917.0;10444.0;593.0;1810.0;6066.0;2381.0;2795.0;2637.0;2705.0;2625.0;2698.0;6546.0;2533.0;2549.0;2637.0;2795.0;2629.0;2872.0;3182.0;2460.0;2438.0;2568.0;5976.0;2795.0;145.0;6546.0;1011.0;3172.0;3262.0;2687.0;2547.0;5799.0;3117.0;2607.0;2637.0;2264.0;2736.0;2595.0;2302.0;2295.0;3172.0;2634.0;2419.0;3965.0;81.0;2795.0;1282.0;2349.0;2637.0;2802.0;3887.0;2375.0;1752.0;2603.0;2425.0;6546.0;3935.0;2533.0;3814.0;2850.0;2530.0;2149.0;2632.0;4026.0;5618.0;5263.0;3172.0;2478.0;3887.0;2672.0;2566.0;3887.0;6786.0;2798.0;3950.0;2449.0;3930.0;3451.0;3887.0;903.0;992.0;2695.0;2636.0;9981.0;2479.0;3887.0;4026.0;1369.0;1880.0;2368.0;2665.0;1482.0;2943.0;2477.0;3887.0;3814.0;3117.0;1230.0;2359.0;2531.0;1146.0;2637.0;2195.0;2335.0;3523.0;2508.0;2795.0;2689.0;3887.0;5453.0;3906.0;2696.0;2359.0;2359.0;2361.0;3402.0;387.0;6546.0;1780.0;6546.0;2359.0;2637.0;3117.0;2466.0;2750.0;2689.0;2334.0;2417.0;2795.0;2166.0;3887.0;2059.0;2519.0;2587.0;1579.0;2850.0;2631.0;2578.0;1696.0;3814.0;3172.0;3402.0;2679.0;2951.0;3117.0;6546.0;2637.0;1011.0;2505.0;3222.0;4026.0;3887.0;2633.0;2508.0;2497.0;2736.0;2239.0;2533.0;2621.0;2689.0;3182.0;2556.0;2225.0;2568.0;1877.0;2464.0;2493.0;2669.0;2637.0;2587.0;2367.0;2532.0;255.0;2637.0;2504.0;139.0;2460.0;223.0;6546.0;2480.0;2937.0;6546.0;2402.0;2366.0;2533.0;4026.0;5770.0;2637.0;2628.0;2533.0;2476.0;3814.0;2478.0;2937.0;2404.0;1583.0;5453.0;5211.0;6546.0;0.0;1943.0;2672.0;2547.0;2460.0;2783.0;2011.0;2621.0;3887.0;2448.0;2535.0;2625.0;2504.0;5527.0;2509.0;3117.0;1320.0;2783.0;1249.0;1877.0;2750.0;2257.0;2343.0;2864.0;1206.0;2595.0;2687.0;2375.0;2044.0;1771.0;3451.0;2831.0;2533.0;11500.0
369;867.0;653.0;2351.0;481.0;587.0;532.0;755.0;941.0;1175.0;519.0;840.0;568.0;8061.0;2016.0;1484.0;8285.0;840.0;1039.0;1122.0;4570.0;511.0;1234.0;4519.0;1943.0;1751.0;602.0;607.0;1046.0;629.0;476.0;1910.0;645.0;1025.0;503.0;862.0;1464.0;619.0;1175.0;2090.0;1971.0;622.0;755.0;1193.0;508.0;1556.0;2223.0;1122.0;840.0;136.0;448.0;290.0;809.0;287.0;4579.0;1101.0;716.0;1910.0;512.0;545.0;2112.0;401.0;623.0;1617.0;4560.0;371.0;287.0;1261.0;941.0;978.0;9542.0;1374.0;136.0;4579.0;3669.0;1207.0;840.0;763.0;755.0;1039.0;8061.0;716.0;695.0;840.0;1207.0;841.0;935.0;1464.0;519.0;508.0;808.0;4643.0;1207.0;2082.0;8061.0;953.0;1234.0;1542.0;944.0;645.0;4457.0;1175.0;918.0;840.0;329.0;977.0;678.0;427.0;352.0;1234.0;816.0;567.0;2093.0;1929.0;1207.0;665.0;437.0;840.0;1183.0;1971.0;448.0;355.0;793.0;507.0;8061.0;2213.0;716.0;1910.0;1140.0;587.0;349.0;696.0;2090.0;4519.0;4841.0;1234.0;538.0;1971.0;920.0;683.0;1971.0;8329.0;1080.0;2112.0;511.0;2197.0;1720.0;1971.0;1132.0;957.0;1077.0;882.0;9018.0;620.0;1971.0;2090.0;745.0;1189.0;543.0;941.0;619.0;1251.0;743.0;1971.0;1910.0;1175.0;741.0;587.0;730.0;1264.0;1283.0;383.0;393.0;1618.0;571.0;1207.0;890.0;1971.0;4129.0;2140.0;926.0;623.0;623.0;603.0;1659.0;1570.0;8061.0;164.0;8061.0;623.0;840.0;1175.0;536.0;1025.0;890.0;664.0;476.0;1207.0;362.0;1971.0;180.0;616.0;726.0;363.0;1140.0;697.0;875.0;518.0;1910.0;1234.0;1659.0;1006.0;1244.0;1175.0;8061.0;840.0;953.0;574.0;1507.0;2090.0;1971.0;1266.0;571.0;979.0;977.0;443.0;716.0;791.0;847.0;1464.0;637.0;355.0;653.0;1093.0;617.0;596.0;1270.0;840.0;726.0;502.0;653.0;1699.0;840.0;578.0;1821.0;519.0;1732.0;8061.0;662.0;1272.0;8061.0;477.0;428.0;716.0;2090.0;4478.0;840.0;1237.0;716.0;942.0;1910.0;538.0;1272.0;553.0;363.0;4129.0;4800.0;8061.0;1943.0;0.0;920.0;645.0;519.0;1064.0;354.0;791.0;1971.0;510.0;748.0;755.0;578.0;4433.0;621.0;1175.0;732.0;1064.0;696.0;2011.0;1025.0;532.0;683.0;1104.0;746.0;860.0;944.0;448.0;3273.0;2646.0;1720.0;1126.0;716.0;9900.0
370;60.0;340.0;3269.0;700.0;1140.0;1123.0;1026.0;51.0;846.0;703.0;106.0;1246.0;8280.0;2752.0;1244.0;8526.0;106.0;1830.0;1390.0;4722.0;596.0;977.0;4915.0;2672.0;842.0;1274.0;1517.0;711.0;1168.0;721.0;1676.0;400.0;1887.0;939.0;95.0;547.0;1533.0;846.0;1490.0;1685.0;1146.0;1026.0;275.0;795.0;2016.0;2681.0;1390.0;106.0;1000.0;810.0;854.0;278.0;863.0;4710.0;182.0;1117.0;1676.0;1245.0;392.0;1278.0;997.0;1194.0;2381.0;4940.0;551.0;863.0;341.0;51.0;648.0;8697.0;2167.0;1000.0;4710.0;4578.0;1660.0;106.0;699.0;1026.0;179.0;8280.0;1117.0;275.0;106.0;1660.0;1213.0;595.0;547.0;703.0;795.0;113.0;4888.0;1660.0;2817.0;8280.0;1778.0;977.0;627.0;27.0;400.0;4704.0;846.0;116.0;106.0;795.0;65.0;442.0;503.0;704.0;977.0;149.0;367.0;1304.0;2678.0;1660.0;1492.0;863.0;106.0;311.0;1685.0;810.0;937.0;152.0;507.0;8280.0;1307.0;1117.0;1676.0;221.0;656.0;585.0;756.0;1490.0;4915.0;5516.0;977.0;609.0;1685.0;10.0;334.0;1685.0;8564.0;162.0;1278.0;596.0;1295.0;811.0;1685.0;1983.0;1761.0;247.0;38.0;8162.0;1012.0;1685.0;1490.0;1306.0;1168.0;1054.0;51.0;1533.0;332.0;1245.0;1685.0;1676.0;846.0;1456.0;1140.0;1146.0;1694.0;1889.0;542.0;680.0;1434.0;572.0;1660.0;93.0;1685.0;3231.0;1251.0;39.0;1194.0;1194.0;1162.0;753.0;2338.0;8280.0;1056.0;8280.0;1194.0;106.0;846.0;542.0;108.0;93.0;338.0;721.0;1660.0;568.0;1685.0;958.0;902.0;269.0;1207.0;221.0;532.0;112.0;1433.0;1676.0;977.0;753.0;148.0;325.0;846.0;8280.0;106.0;1778.0;529.0;590.0;1490.0;1685.0;1869.0;572.0;360.0;65.0;484.0;1117.0;182.0;191.0;547.0;853.0;959.0;867.0;1088.0;321.0;410.0;573.0;106.0;269.0;977.0;340.0;2455.0;106.0;506.0;2571.0;703.0;2486.0;8280.0;1098.0;360.0;8280.0;818.0;629.0;1117.0;1490.0;4758.0;106.0;1834.0;1117.0;343.0;1676.0;609.0;360.0;1013.0;1228.0;3231.0;5480.0;8280.0;2672.0;920.0;0.0;400.0;703.0;146.0;681.0;182.0;1685.0;744.0;173.0;1026.0;506.0;4836.0;378.0;846.0;1352.0;146.0;1515.0;2918.0;108.0;1177.0;331.0;1395.0;1497.0;77.0;27.0;810.0;4183.0;3565.0;811.0;210.0;1117.0;9800.0
371;341.0;70.0;2947.0;304.0;743.0;730.0;633.0;445.0;641.0;304.0;294.0;858.0;8423.0;2624.0;1494.0;8661.0;294.0;1659.0;1014.0;4415.0;202.0;746.0;4549.0;2547.0;1144.0;884.0;1248.0;493.0;770.0;326.0;1471.0;10.0;1667.0;542.0;309.0;879.0;1257.0;641.0;1486.0;1505.0;747.0;633.0;653.0;397.0;1625.0;2695.0;1014.0;294.0;759.0;417.0;491.0;507.0;712.0;4409.0;550.0;718.0;1471.0;866.0;161.0;1468.0;614.0;797.0;2233.0;4577.0;357.0;712.0;703.0;445.0;416.0;9089.0;1999.0;759.0;4409.0;4300.0;1266.0;294.0;339.0;633.0;575.0;8423.0;718.0;131.0;294.0;1266.0;818.0;360.0;879.0;304.0;397.0;330.0;4556.0;1266.0;2690.0;8423.0;1584.0;746.0;951.0;426.0;10.0;4371.0;641.0;472.0;294.0;426.0;431.0;70.0;245.0;341.0;746.0;252.0;163.0;1449.0;2541.0;1266.0;1293.0;471.0;294.0;711.0;1505.0;417.0;805.0;250.0;141.0;8423.0;1596.0;718.0;1471.0;602.0;257.0;408.0;372.0;1486.0;4549.0;5117.0;746.0;210.0;1505.0;400.0;66.0;1505.0;8702.0;549.0;1468.0;202.0;1577.0;1114.0;1505.0;1772.0;1581.0;638.0;376.0;8550.0;612.0;1505.0;1486.0;1231.0;1329.0;657.0;445.0;1257.0;707.0;845.0;1505.0;1471.0;641.0;1318.0;743.0;747.0;1699.0;1489.0;364.0;307.0;1199.0;172.0;1266.0;325.0;1505.0;3604.0;1510.0;383.0;797.0;797.0;765.0;1049.0;2187.0;8423.0;805.0;8423.0;797.0;294.0;641.0;148.0;501.0;325.0;427.0;326.0;1266.0;391.0;1505.0;623.0;503.0;131.0;990.0;602.0;165.0;434.0;1120.0;1471.0;746.0;1049.0;540.0;691.0;641.0;8423.0;294.0;1584.0;129.0;920.0;1486.0;1505.0;1469.0;172.0;675.0;431.0;337.0;718.0;219.0;242.0;879.0;456.0;581.0;472.0;1235.0;151.0;54.0;944.0;294.0;131.0;581.0;70.0;2312.0;294.0;107.0;2433.0;304.0;2345.0;8423.0;698.0;745.0;8423.0;421.0;255.0;718.0;1486.0;4417.0;294.0;1434.0;718.0;643.0;1471.0;210.0;745.0;614.0;999.0;3604.0;5080.0;8423.0;2547.0;645.0;400.0;0.0;304.0;535.0;562.0;219.0;1505.0;345.0;268.0;633.0;107.0;4468.0;52.0;641.0;1254.0;535.0;1322.0;2575.0;501.0;787.0;439.0;1015.0;1342.0;386.0;426.0;417.0;3905.0;3264.0;1114.0;596.0;718.0;9600.0
372;644.0;364.0;2695.0;39.0;440.0;430.0;363.0;747.0;658.0;10.0;598.0;563.0;8514.0;2533.0;1703.0;8745.0;598.0;1554.0;764.0;4215.0;112.0;716.0;4291.0;2460.0;1419.0;586.0;1071.0;536.0;466.0;45.0;1406.0;304.0;1520.0;239.0;613.0;1169.0;1071.0;658.0;1583.0;1461.0;443.0;363.0;955.0;93.0;1344.0;2714.0;764.0;598.0;654.0;125.0;261.0;768.0;705.0;4215.0;853.0;423.0;1406.0;581.0;364.0;1685.0;331.0;494.0;2133.0;4322.0;430.0;705.0;1003.0;747.0;474.0;9391.0;1887.0;654.0;4215.0;4079.0;980.0;598.0;245.0;363.0;875.0;8514.0;423.0;429.0;598.0;980.0;534.0;442.0;1169.0;10.0;93.0;625.0;4333.0;980.0;2599.0;8514.0;1463.0;716.0;1237.0;730.0;304.0;4146.0;658.0;767.0;598.0;200.0;735.0;279.0;335.0;173.0;716.0;556.0;386.0;1641.0;2445.0;980.0;1180.0;179.0;598.0;1014.0;1461.0;125.0;799.0;552.0;218.0;8514.0;1859.0;423.0;1406.0;905.0;80.0;471.0;182.0;1583.0;4291.0;4817.0;716.0;94.0;1461.0;703.0;370.0;1461.0;8787.0;853.0;1685.0;112.0;1837.0;1391.0;1461.0;1629.0;1471.0;936.0;677.0;8852.0;312.0;1461.0;1583.0;1228.0;1487.0;353.0;747.0;1071.0;1009.0;543.0;1461.0;1406.0;658.0;1257.0;440.0;451.0;1733.0;1188.0;448.0;139.0;1117.0;134.0;980.0;629.0;1461.0;3900.0;1761.0;687.0;494.0;494.0;462.0;1325.0;2085.0;8514.0;680.0;8514.0;494.0;598.0;658.0;164.0;805.0;629.0;654.0;45.0;980.0;462.0;1461.0;418.0;213.0;435.0;881.0;905.0;233.0;726.0;903.0;1406.0;716.0;1325.0;840.0;992.0;658.0;8514.0;598.0;1463.0;175.0;1209.0;1583.0;1461.0;1168.0;134.0;947.0;735.0;463.0;423.0;523.0;542.0;1169.0;183.0;311.0;202.0;1389.0;410.0;297.0;1229.0;598.0;435.0;279.0;364.0;2215.0;598.0;197.0;2338.0;10.0;2248.0;8514.0;398.0;1048.0;8514.0;121.0;140.0;423.0;1583.0;4185.0;598.0;1132.0;423.0;912.0;1406.0;94.0;1048.0;310.0;877.0;3900.0;4779.0;8514.0;2460.0;519.0;703.0;304.0;0.0;839.0;619.0;523.0;1461.0;41.0;558.0;363.0;197.0;4209.0;328.0;658.0;1230.0;839.0;1212.0;2308.0;805.0;491.0;670.0;759.0;1264.0;683.0;730.0;125.0;3685.0;3028.0;1391.0;900.0;423.0;9500.0
373;205.0;479.0;3415.0;838.0;1278.0;1263.0;1149.0;126.0;900.0;839.0;245.0;1388.0;8298.0;2864.0;1238.0;8547.0;245.0;1955.0;1500.0;4787.0;735.0;1035.0;5012.0;2783.0;709.0;1416.0;1659.0;777.0;1305.0;860.0;1708.0;535.0;2021.0;1077.0;227.0;411.0;1676.0;900.0;1451.0;1708.0;1282.0;1149.0;129.0;932.0;2134.0;2754.0;1500.0;245.0;1141.0;950.0;1000.0;358.0;994.0;4771.0;55.0;1247.0;1708.0;1389.0;539.0;1175.0;1140.0;1332.0;2499.0;5035.0;694.0;994.0;199.0;126.0;723.0;8555.0;2290.0;1141.0;4771.0;4718.0;1782.0;245.0;811.0;1149.0;121.0;8298.0;1247.0;416.0;245.0;1782.0;1338.0;675.0;411.0;839.0;932.0;256.0;4965.0;1782.0;2929.0;8298.0;1907.0;1035.0;491.0;121.0;535.0;4782.0;900.0;177.0;245.0;939.0;104.0;569.0;650.0;849.0;1035.0;284.0;514.0;1216.0;2792.0;1782.0;1624.0;1004.0;245.0;192.0;1708.0;950.0;1064.0;293.0;649.0;8298.0;1174.0;1247.0;1708.0;76.0;787.0;725.0;877.0;1451.0;5012.0;5645.0;1035.0;746.0;1708.0;146.0;470.0;1708.0;8584.0;16.0;1175.0;735.0;1163.0;679.0;1708.0;2115.0;1888.0;179.0;182.0;8019.0;1144.0;1708.0;1451.0;1415.0;1206.0;1192.0;126.0;1676.0;187.0;1378.0;1708.0;1708.0;900.0;1577.0;1278.0;1276.0;1777.0;2021.0;684.0;824.0;1483.0;706.0;1782.0;211.0;1708.0;3085.0;1126.0;153.0;1332.0;1332.0;1300.0;624.0;2456.0;8298.0;1198.0;8298.0;1332.0;245.0;900.0;680.0;39.0;211.0;455.0;860.0;1782.0;709.0;1708.0;1104.0;1032.0;405.0;1343.0;76.0;653.0;207.0;1578.0;1708.0;1035.0;624.0;118.0;182.0;900.0;8298.0;245.0;1907.0;664.0;453.0;1451.0;1708.0;2001.0;706.0;367.0;104.0;625.0;1247.0;317.0;304.0;411.0;980.0;1103.0;994.0;1133.0;467.0;550.0;504.0;245.0;405.0;1116.0;479.0;2571.0;245.0;642.0;2686.0;839.0;2602.0;8298.0;1231.0;214.0;8298.0;956.0;772.0;1247.0;1451.0;4840.0;245.0;1965.0;1247.0;364.0;1708.0;746.0;214.0;1149.0;1366.0;3085.0;5609.0;8298.0;2783.0;1064.0;146.0;535.0;839.0;0.0;812.0;317.0;1708.0;880.0;319.0;1149.0;642.0;4934.0;518.0;900.0;1466.0;10.0;1646.0;3065.0;39.0;1318.0;444.0;1507.0;1621.0;206.0;121.0;950.0;4323.0;3708.0;679.0;63.0;1247.0;9800.0
374;641.0;532.0;2648.0;583.0;872.0;825.0;953.0;686.0;1193.0;619.0;631.0;893.0;7900.0;2090.0;1153.0;8133.0;631.0;1151.0;1352.0;4816.0;545.0;1285.0;4826.0;2011.0;1520.0;927.0;871.0;1048.0;913.0;592.0;2002.0;562.0;1209.0;728.0;653.0;1222.0;893.0;1193.0;2043.0;2046.0;900.0;953.0;937.0;661.0;1857.0;2136.0;1352.0;631.0;365.0;619.0;518.0;499.0;183.0;4820.0;858.0;960.0;2002.0;848.0;407.0;1947.0;678.0;918.0;1710.0;4863.0;209.0;183.0;1011.0;686.0;971.0;9203.0;1489.0;365.0;4820.0;3914.0;1497.0;631.0;823.0;953.0;758.0;7900.0;960.0;541.0;631.0;1497.0;1086.0;917.0;1222.0;619.0;661.0;570.0;4915.0;1497.0;2155.0;7900.0;1097.0;1285.0;1303.0;700.0;562.0;4728.0;1193.0;644.0;631.0;510.0;745.0;623.0;325.0;462.0;1285.0;624.0;415.0;1954.0;2012.0;1497.0;812.0;639.0;631.0;892.0;2046.0;619.0;260.0;594.0;472.0;7900.0;1986.0;960.0;2002.0;885.0;653.0;159.0;794.0;2043.0;4826.0;5192.0;1285.0;580.0;2046.0;681.0;567.0;2046.0;8175.0;828.0;1947.0;545.0;1974.0;1490.0;2046.0;1303.0;1081.0;782.0;643.0;8683.0;847.0;2046.0;2043.0;671.0;889.0;807.0;686.0;893.0;992.0;1025.0;2046.0;2002.0;1193.0;784.0;872.0;980.0;1141.0;1612.0;199.0;484.0;1718.0;590.0;1497.0;684.0;2046.0;3819.0;1932.0;699.0;918.0;918.0;892.0;1434.0;1665.0;7900.0;426.0;7900.0;918.0;631.0;1193.0;533.0;774.0;684.0;364.0;592.0;1497.0;173.0;2046.0;498.0;797.0;580.0;537.0;885.0;688.0;606.0;844.0;2002.0;1285.0;1434.0;729.0;992.0;1193.0;7900.0;631.0;1097.0;566.0;1265.0;2043.0;2046.0;1594.0;590.0;650.0;745.0;231.0;960.0;611.0;678.0;1222.0;791.0;626.0;810.0;791.0;457.0;509.0;932.0;631.0;580.0;744.0;532.0;1786.0;631.0;556.0;1904.0;619.0;1818.0;7900.0;912.0;1002.0;7900.0;647.0;481.0;960.0;2043.0;4758.0;631.0;1564.0;960.0;615.0;2002.0;580.0;1002.0;798.0;564.0;3819.0;5151.0;7900.0;2011.0;354.0;681.0;562.0;619.0;812.0;0.0;611.0;2046.0;634.0;528.0;953.0;556.0;4741.0;517.0;1193.0;699.0;812.0;834.0;2331.0;774.0;844.0;379.0;1340.0;820.0;608.0;700.0;619.0;3519.0;2919.0;1490.0;869.0;960.0;10100.0
375;124.0;163.0;3129.0;522.0;961.0;947.0;845.0;229.0;722.0;523.0;76.0;1073.0;8356.0;2700.0;1359.0;8598.0;76.0;1756.0;1213.0;4573.0;419.0;846.0;4743.0;2621.0;961.0;1100.0;1398.0;578.0;989.0;544.0;1562.0;219.0;1791.0;760.0;90.0;681.0;1410.0;722.0;1461.0;1581.0;966.0;845.0;437.0;616.0;1836.0;2694.0;1213.0;76.0;887.0;634.0;690.0;356.0;786.0;4563.0;336.0;936.0;1562.0;1076.0;246.0;1341.0;826.0;1016.0;2319.0;4769.0;441.0;786.0;492.0;229.0;508.0;8872.0;2095.0;887.0;4563.0;4460.0;1479.0;76.0;523.0;845.0;359.0;8356.0;936.0;103.0;76.0;1479.0;1032.0;451.0;681.0;523.0;616.0;138.0;4729.0;1479.0;2766.0;8356.0;1693.0;846.0;757.0;208.0;219.0;4544.0;722.0;267.0;76.0;628.0;213.0;261.0;365.0;539.0;846.0;33.0;225.0;1344.0;2622.0;1479.0;1403.0;687.0;76.0;492.0;1581.0;634.0;870.0;42.0;336.0;8356.0;1422.0;936.0;1562.0;385.0;474.0;484.0;576.0;1461.0;4743.0;5335.0;846.0;429.0;1581.0;182.0;154.0;1581.0;8637.0;331.0;1341.0;419.0;1406.0;931.0;1581.0;1892.0;1682.0;425.0;161.0;8334.0;831.0;1581.0;1461.0;1270.0;1240.0;875.0;229.0;1410.0;493.0;1064.0;1581.0;1562.0;722.0;1394.0;961.0;965.0;1698.0;1708.0;437.0;511.0;1307.0;391.0;1479.0;109.0;1581.0;3394.0;1350.0;164.0;1016.0;1016.0;984.0;868.0;2274.0;8356.0;940.0;8356.0;1016.0;76.0;722.0;364.0;282.0;109.0;338.0;544.0;1479.0;466.0;1581.0;806.0;721.0;88.0;1107.0;385.0;353.0;236.0;1294.0;1562.0;846.0;868.0;326.0;479.0;722.0;8356.0;76.0;1693.0;348.0;723.0;1461.0;1581.0;1688.0;391.0;496.0;213.0;386.0;936.0;10.0;69.0;681.0;671.0;789.0;686.0;1152.0;174.0;235.0;742.0;76.0;88.0;799.0;163.0;2396.0;76.0;326.0;2514.0;523.0;2428.0;8356.0;917.0;528.0;8356.0;639.0;459.0;936.0;1461.0;4595.0;76.0;1652.0;936.0;469.0;1562.0;429.0;528.0;833.0;1123.0;3394.0;5298.0;8356.0;2621.0;791.0;182.0;219.0;523.0;317.0;611.0;0.0;1581.0;564.0;109.0;845.0;326.0;4663.0;203.0;722.0;1307.0;317.0;1429.0;2768.0;282.0;1002.0;341.0;1217.0;1428.0;183.0;208.0;634.0;4065.0;3435.0;931.0;378.0;936.0;9700.0
376;1662.0;1557.0;3708.0;1500.0;1546.0;1594.0;1264.0;1731.0;866.0;1461.0;1626.0;1691.0;9928.0;3955.0;2929.0;10166.0;1626.0;2981.0;1091.0;3175.0;1508.0;762.0;3646.0;3887.0;1658.0;1684.0;2437.0;1015.0;1521.0;1500.0;113.0;1505.0;2901.0;1500.0;1618.0;1665.0;2424.0;866.0;705.0;10.0;1509.0;1264.0;1720.0;1463.0;1474.0;4173.0;1091.0;1626.0;2107.0;1524.0;1685.0;1935.0;2161.0;3144.0;1669.0;1369.0;113.0;1768.0;1665.0;1386.0;1638.0;1557.0;3551.0;3646.0;1838.0;2161.0;1694.0;1731.0;1091.0;9428.0;3299.0;2107.0;3144.0;5177.0;1369.0;1626.0;1229.0;1264.0;1823.0;9928.0;1369.0;1583.0;1626.0;1369.0;1296.0;1149.0;1665.0;1461.0;1463.0;1712.0;3425.0;1369.0;4020.0;9928.0;2877.0;762.0;1663.0;1695.0;1505.0;3251.0;866.0;1800.0;1626.0;1642.0;1651.0;1437.0;1723.0;1634.0;762.0;1595.0;1668.0;1223.0;3863.0;1369.0;2610.0;1543.0;1626.0;1874.0;10.0;1524.0;2256.0;1622.0;1574.0;9928.0;1813.0;1369.0;113.0;1711.0;1406.0;1888.0;1279.0;705.0;3646.0;4736.0;762.0;1474.0;10.0;1685.0;1527.0;10.0;10206.0;1708.0;1386.0;1508.0;1776.0;1650.0;10.0;3012.0;2896.0;1886.0;1695.0;8851.0;1410.0;10.0;705.0;2688.0;2819.0;1523.0;1731.0;2424.0;1733.0;1456.0;10.0;113.0;866.0;2712.0;1546.0;1377.0;3184.0;1703.0;1851.0;1598.0;367.0;1458.0;1369.0;1601.0;10.0;3906.0;1654.0;1646.0;1557.0;1557.0;1548.0;1609.0;3503.0;9928.0;2124.0;9928.0;1557.0;1626.0;866.0;1513.0;1707.0;1601.0;1908.0;1500.0;1369.0;1874.0;10.0;1833.0;1369.0;1549.0;2325.0;1711.0;1360.0;1788.0;2218.0;113.0;762.0;1609.0;1806.0;1703.0;866.0;9928.0;1626.0;2877.0;1480.0;1672.0;705.0;10.0;1689.0;1458.0;2044.0;1651.0;1836.0;1369.0;1581.0;1525.0;1665.0;1337.0;1662.0;1323.0;2729.0;1646.0;1554.0;2206.0;1626.0;1549.0;1520.0;1557.0;3636.0;1626.0;1491.0;3758.0;1461.0;3668.0;9928.0;1419.0;1785.0;9928.0;1495.0;1583.0;1369.0;705.0;3342.0;1626.0;1664.0;1369.0;2027.0;113.0;1474.0;1785.0;1484.0;2314.0;3906.0;4712.0;9928.0;3887.0;1971.0;1685.0;1505.0;1461.0;1708.0;2046.0;1581.0;0.0;1463.0;1689.0;1264.0;1491.0;3581.0;1556.0;866.0;2691.0;1708.0;2644.0;3262.0;1707.0;1651.0;1915.0;1126.0;2713.0;1737.0;1695.0;1524.0;4799.0;4100.0;1650.0;1724.0;1369.0;8100.0
377;684.0;405.0;2660.0;56.0;399.0;389.0;333.0;787.0;674.0;41.0;638.0;523.0;8524.0;2520.0;1730.0;8754.0;638.0;1541.0;736.0;4192.0;150.0;725.0;4258.0;2448.0;1458.0;546.0;1048.0;558.0;425.0;42.0;1406.0;345.0;1500.0;198.0;654.0;1210.0;1047.0;674.0;1603.0;1463.0;402.0;333.0;996.0;52.0;1308.0;2716.0;736.0;638.0;646.0;90.0;239.0;803.0;710.0;4193.0;894.0;386.0;1406.0;543.0;400.0;1718.0;294.0;453.0;2119.0;4290.0;452.0;710.0;1044.0;787.0;499.0;9432.0;1872.0;646.0;4193.0;4048.0;944.0;638.0;261.0;333.0;915.0;8524.0;386.0;469.0;638.0;944.0;499.0;469.0;1210.0;41.0;52.0;664.0;4306.0;944.0;2586.0;8524.0;1447.0;725.0;1278.0;770.0;345.0;4119.0;674.0;807.0;638.0;183.0;776.0;320.0;363.0;177.0;725.0;597.0;422.0;1672.0;2431.0;944.0;1166.0;142.0;638.0;1054.0;1463.0;90.0;803.0;592.0;255.0;8524.0;1897.0;386.0;1406.0;946.0;113.0;490.0;186.0;1603.0;4258.0;4777.0;725.0;135.0;1463.0;744.0;410.0;1463.0;8796.0;894.0;1718.0;150.0;1875.0;1430.0;1463.0;1610.0;1457.0;976.0;717.0;8893.0;273.0;1463.0;1603.0;1230.0;1509.0;313.0;787.0;1047.0;1050.0;503.0;1463.0;1406.0;674.0;1250.0;399.0;413.0;1738.0;1148.0;471.0;150.0;1115.0;175.0;944.0;670.0;1463.0;3940.0;1798.0;728.0;453.0;453.0;421.0;1364.0;2071.0;8524.0;669.0;8524.0;453.0;638.0;674.0;204.0;846.0;670.0;687.0;42.0;944.0;483.0;1463.0;397.0;179.0;476.0;870.0;946.0;270.0;765.0;875.0;1406.0;725.0;1364.0;880.0;1033.0;674.0;8524.0;638.0;1447.0;216.0;1250.0;1603.0;1463.0;1128.0;175.0;984.0;776.0;490.0;386.0;564.0;583.0;1210.0;159.0;278.0;177.0;1411.0;448.0;337.0;1267.0;638.0;476.0;238.0;405.0;2202.0;638.0;238.0;2324.0;41.0;2235.0;8524.0;358.0;1089.0;8524.0;81.0;163.0;386.0;1603.0;4156.0;638.0;1093.0;386.0;949.0;1406.0;135.0;1089.0;269.0;865.0;3940.0;4740.0;8524.0;2448.0;510.0;744.0;345.0;41.0;880.0;634.0;564.0;1463.0;0.0;597.0;333.0;238.0;4176.0;368.0;674.0;1229.0;880.0;1199.0;2272.0;846.0;451.0;704.0;729.0;1255.0;723.0;770.0;90.0;3654.0;2995.0;1430.0;941.0;386.0;9400.0
378;119.0;199.0;3097.0;549.0;987.0;966.0;900.0;202.0;827.0;558.0;102.0;1085.0;8247.0;2614.0;1258.0;8489.0;102.0;1679.0;1282.0;4665.0;447.0;949.0;4816.0;2535.0;1007.0;1114.0;1348.0;682.0;1017.0;570.0;1668.0;268.0;1726.0;788.0;125.0;716.0;1363.0;827.0;1565.0;1689.0;996.0;900.0;448.0;648.0;1892.0;2590.0;1282.0;102.0;832.0;656.0;687.0;255.0;708.0;4656.0;353.0;980.0;1668.0;1080.0;223.0;1418.0;835.0;1041.0;2238.0;4844.0;382.0;708.0;513.0;202.0;610.0;8860.0;2017.0;832.0;4656.0;4410.0;1532.0;102.0;599.0;900.0;323.0;8247.0;980.0;138.0;102.0;1532.0;1084.0;552.0;716.0;558.0;648.0;69.0;4815.0;1532.0;2680.0;8247.0;1621.0;949.0;795.0;198.0;268.0;4630.0;827.0;210.0;102.0;630.0;229.0;327.0;331.0;539.0;949.0;105.0;197.0;1430.0;2538.0;1532.0;1333.0;707.0;102.0;467.0;1689.0;656.0;788.0;74.0;349.0;8247.0;1472.0;980.0;1668.0;394.0;522.0;418.0;640.0;1565.0;4816.0;5374.0;949.0;465.0;1689.0;173.0;208.0;1689.0;8528.0;335.0;1418.0;447.0;1458.0;977.0;1689.0;1824.0;1608.0;380.0;137.0;8327.0;870.0;1689.0;1565.0;1177.0;1132.0;901.0;202.0;1363.0;505.0;1100.0;1689.0;1668.0;827.0;1311.0;987.0;1008.0;1595.0;1745.0;374.0;518.0;1410.0;433.0;1532.0;155.0;1689.0;3402.0;1409.0;178.0;1041.0;1041.0;1009.0;917.0;2193.0;8247.0;887.0;8247.0;1041.0;102.0;827.0;394.0;280.0;155.0;231.0;570.0;1532.0;401.0;1689.0;786.0;766.0;155.0;1043.0;394.0;424.0;168.0;1260.0;1668.0;949.0;917.0;287.0;497.0;827.0;8247.0;102.0;1621.0;388.0;760.0;1565.0;1689.0;1725.0;433.0;409.0;229.0;317.0;980.0;109.0;174.0;716.0;721.0;794.0;738.0;1043.0;155.0;261.0;676.0;102.0;155.0;824.0;199.0;2313.0;102.0;365.0;2430.0;558.0;2345.0;8247.0;956.0;531.0;8247.0;667.0;469.0;980.0;1565.0;4678.0;102.0;1690.0;980.0;380.0;1668.0;465.0;531.0;863.0;1063.0;3402.0;5337.0;8247.0;2535.0;748.0;173.0;268.0;558.0;319.0;528.0;109.0;1689.0;597.0;0.0;900.0;365.0;4736.0;232.0;827.0;1217.0;319.0;1358.0;2746.0;280.0;1017.0;233.0;1283.0;1348.0;127.0;198.0;656.0;4015.0;3394.0;977.0;382.0;980.0;9800.0
379;969.0;701.0;2610.0;389.0;295.0;336.0;10.0;1074.0;634.0;363.0;921.0;453.0;8814.0;2692.0;2063.0;9039.0;921.0;1722.0;403.0;3864.0;471.0;618.0;3929.0;2625.0;1637.0;456.0;1172.0;583.0;284.0;373.0;1189.0;633.0;1637.0;253.0;932.0;1424.0;1160.0;634.0;1545.0;1264.0;265.0;10.0;1252.0;296.0;992.0;2975.0;403.0;921.0;886.0;334.0;468.0;1125.0;1003.0;3867.0;1152.0;138.0;1189.0;519.0;724.0;1799.0;379.0;323.0;2289.0;3960.0;783.0;1003.0;1287.0;1074.0;563.0;9663.0;2036.0;886.0;3867.0;4041.0;634.0;921.0;353.0;10.0;1204.0;8814.0;138.0;764.0;921.0;634.0;190.0;569.0;1424.0;363.0;296.0;963.0;3973.0;634.0;2758.0;8814.0;1615.0;618.0;1482.0;1051.0;633.0;3787.0;634.0;1105.0;921.0;451.0;1046.0;584.0;696.0;492.0;618.0;877.0;744.0;1723.0;2600.0;634.0;1355.0;324.0;921.0;1335.0;1264.0;334.0;1090.0;880.0;578.0;8814.0;2044.0;138.0;1189.0;1207.0;379.0;818.0;272.0;1545.0;3929.0;4497.0;618.0;444.0;1264.0;1026.0;697.0;1264.0;9083.0;1161.0;1799.0;471.0;2017.0;1610.0;1264.0;1748.0;1636.0;1269.0;1005.0;9117.0;146.0;1264.0;1545.0;1500.0;1837.0;259.0;1074.0;1160.0;1302.0;279.0;1264.0;1189.0;634.0;1480.0;295.0;163.0;2018.0;885.0;802.0;476.0;899.0;469.0;634.0;941.0;1264.0;4144.0;1926.0;1003.0;323.0;323.0;304.0;1545.0;2240.0;8814.0;890.0;8814.0;323.0;921.0;634.0;517.0;1120.0;941.0;1016.0;373.0;634.0;812.0;1264.0;592.0;157.0;760.0;1084.0;1207.0;496.0;1067.0;957.0;1189.0;618.0;1545.0;1170.0;1280.0;634.0;8814.0;921.0;1615.0;514.0;1460.0;1545.0;1264.0;865.0;469.0;1301.0;1046.0;823.0;138.0;845.0;845.0;1424.0;182.0;411.0;164.0;1738.0;762.0;643.0;1576.0;921.0;760.0;262.0;701.0;2373.0;921.0;538.0;2495.0;363.0;2406.0;8814.0;169.0;1346.0;8814.0;306.0;496.0;138.0;1545.0;3823.0;921.0;829.0;138.0;1268.0;1189.0;444.0;1346.0;221.0;1067.0;4144.0;4461.0;8814.0;2625.0;755.0;1026.0;633.0;363.0;1149.0;953.0;845.0;1264.0;333.0;900.0;0.0;538.0;3847.0;670.0;634.0;1486.0;1149.0;1389.0;2193.0;1120.0;399.0;1032.0;396.0;1471.0;1019.0;1051.0;334.0;3651.0;2971.0;1610.0;1205.0;138.0;9100.0
380;446.0;168.0;2852.0;197.0;636.0;623.0;538.0;550.0;639.0;197.0;400.0;752.0;8446.0;2580.0;1558.0;8681.0;400.0;1609.0;927.0;4350.0;96.0;729.0;4462.0;2504.0;1243.0;777.0;1173.0;496.0;663.0;219.0;1450.0;107.0;1603.0;435.0;416.0;983.0;1179.0;639.0;1522.0;1491.0;640.0;538.0;760.0;290.0;1528.0;2690.0;927.0;400.0;702.0;310.0;394.0;589.0;686.0;4346.0;658.0;615.0;1450.0;762.0;199.0;1547.0;509.0;690.0;2185.0;4492.0;347.0;686.0;810.0;550.0;421.0;9196.0;1947.0;702.0;4346.0;4216.0;1167.0;400.0;281.0;538.0;679.0;8446.0;615.0;233.0;400.0;1167.0;719.0;371.0;983.0;197.0;290.0;430.0;4482.0;1167.0;2646.0;8446.0;1528.0;729.0;1053.0;532.0;107.0;4297.0;639.0;573.0;400.0;328.0;538.0;103.0;231.0;249.0;729.0;359.0;214.0;1519.0;2496.0;1167.0;1238.0;365.0;400.0;817.0;1491.0;310.0;781.0;355.0;84.0;8446.0;1691.0;615.0;1450.0;709.0;158.0;397.0;289.0;1522.0;4462.0;5013.0;729.0;103.0;1491.0;506.0;172.0;1491.0;8722.0;656.0;1547.0;96.0;1671.0;1213.0;1491.0;1710.0;1529.0;741.0;480.0;8657.0;507.0;1491.0;1522.0;1213.0;1371.0;549.0;550.0;1179.0;814.0;739.0;1491.0;1450.0;639.0;1280.0;636.0;644.0;1696.0;1384.0;359.0;211.0;1170.0;69.0;1167.0;432.0;1491.0;3710.0;1601.0;490.0;690.0;690.0;658.0;1148.0;2138.0;8446.0;742.0;8446.0;690.0;400.0;639.0;46.0;608.0;432.0;492.0;219.0;1167.0;383.0;1491.0;535.0;401.0;238.0;934.0;709.0;133.0;533.0;1033.0;1450.0;729.0;1148.0;644.0;798.0;639.0;8446.0;400.0;1528.0;23.0;1024.0;1522.0;1491.0;1364.0;69.0;764.0;538.0;349.0;615.0;326.0;348.0;983.0;357.0;479.0;374.0;1275.0;225.0;105.0;1040.0;400.0;238.0;474.0;168.0;2266.0;400.0;10.0;2388.0;197.0;2299.0;8446.0;593.0;852.0;8446.0;314.0;162.0;615.0;1522.0;4340.0;400.0;1329.0;615.0;731.0;1450.0;103.0;852.0;507.0;939.0;3710.0;4975.0;8446.0;2504.0;578.0;506.0;107.0;197.0;642.0;556.0;326.0;1491.0;238.0;365.0;538.0;0.0;4381.0;133.0;639.0;1229.0;642.0;1268.0;2476.0;608.0;681.0;506.0;926.0;1299.0;488.0;532.0;310.0;3821.0;3174.0;1213.0;703.0;615.0;9500.0
381;4785.0;4538.0;4076.0;4231.0;3869.0;3916.0;3847.0;4886.0;4080.0;4209.0;4737.0;3865.0;12069.0;5549.0;5891.0;12247.0;4737.0;4903.0;3455.0;1323.0;4318.0;3947.0;91.0;5527.0;5163.0;3832.0;4395.0;4172.0;3828.0;4214.0;3504.0;4468.0;4674.0;4028.0;4742.0;5077.0;4358.0;4080.0;4274.0;3581.0;3842.0;3847.0;5007.0;4132.0;2885.0;6286.0;3455.0;4737.0;4515.0;4153.0;4224.0;4970.0;4721.0;1434.0;4920.0;3800.0;3504.0;3926.0;4571.0;4966.0;4063.0;3824.0;5242.0;171.0;4609.0;4721.0;5017.0;4886.0;4216.0;12974.0;5040.0;4515.0;1434.0;5168.0;3246.0;4737.0;4140.0;3847.0;5014.0;12069.0;3800.0;4597.0;4737.0;3246.0;3679.0;4260.0;5077.0;4209.0;4132.0;4794.0;872.0;3246.0;5593.0;12069.0;4782.0;3947.0;5103.0;4858.0;4468.0;836.0;4080.0;4931.0;4737.0;4243.0;4839.0;4410.0;4537.0;4312.0;3947.0;4693.0;4590.0;4804.0;5459.0;3246.0;4694.0;4119.0;4737.0;5126.0;3581.0;4153.0;4780.0;4703.0;4425.0;12069.0;5386.0;3800.0;3504.0;4974.0;4224.0;4634.0;4096.0;4274.0;91.0;1888.0;3947.0;4291.0;3581.0;4836.0;4527.0;3581.0;12303.0;4942.0;4966.0;4318.0;5349.0;5148.0;3581.0;4744.0;4839.0;5082.0;4823.0;12389.0;3916.0;3581.0;4274.0;5071.0;5621.0;3937.0;4886.0;4358.0;5044.0;3718.0;3581.0;3504.0;4080.0;4916.0;3869.0;3775.0;5552.0;3162.0;4628.0;4307.0;3584.0;4314.0;3246.0;4744.0;3581.0;7482.0;5228.0;4806.0;3824.0;3824.0;3850.0;5094.0;5206.0;12069.0;4481.0;12069.0;3824.0;4737.0;4080.0;4364.0;4912.0;4744.0;4862.0;4214.0;3246.0;4633.0;3581.0;4259.0;3997.0;4585.0;4590.0;4974.0;4313.0;4896.0;4197.0;3504.0;3947.0;5094.0;4983.0;5017.0;4080.0;12069.0;4737.0;4782.0;4358.0;5098.0;4274.0;3581.0;3177.0;4314.0;5143.0;4839.0;4659.0;3800.0;4663.0;4645.0;5077.0;4029.0;4115.0;4011.0;5524.0;4606.0;4485.0;5406.0;4737.0;4585.0;4005.0;4538.0;5310.0;4737.0;4381.0;5396.0;4209.0;5332.0;12069.0;3840.0;5096.0;12069.0;4130.0;4337.0;3800.0;4274.0;663.0;4737.0;3202.0;3800.0;5111.0;3504.0;4291.0;5096.0;3952.0;4552.0;7482.0;1904.0;12069.0;5527.0;4433.0;4836.0;4468.0;4209.0;4934.0;4741.0;4663.0;3581.0;4176.0;4736.0;3847.0;4381.0;0.0;4510.0;4080.0;5016.0;4934.0;4722.0;3767.0;4912.0;3904.0;4879.0;3455.0;4864.0;4845.0;4858.0;4153.0;4963.0;4424.0;5148.0;4979.0;3800.0;6400.0
382;318.0;39.0;2939.0;322.0;762.0;745.0;670.0;420.0;692.0;328.0;274.0;870.0;8372.0;2586.0;1445.0;8610.0;274.0;1625.0;1056.0;4464.0;219.0;798.0;4591.0;2509.0;1149.0;897.0;1227.0;543.0;791.0;344.0;1523.0;52.0;1640.0;562.0;291.0;878.0;1237.0;692.0;1528.0;1556.0;769.0;670.0;640.0;419.0;1661.0;2648.0;1056.0;274.0;731.0;433.0;490.0;462.0;672.0;4458.0;538.0;748.0;1523.0;874.0;112.0;1491.0;623.0;817.0;2197.0;4620.0;314.0;672.0;694.0;420.0;466.0;9073.0;1965.0;731.0;4458.0;4284.0;1300.0;274.0;388.0;670.0;548.0;8372.0;748.0;103.0;274.0;1300.0;852.0;410.0;878.0;328.0;419.0;297.0;4603.0;1300.0;2652.0;8372.0;1553.0;798.0;951.0;404.0;52.0;4417.0;692.0;440.0;274.0;427.0;415.0;122.0;207.0;338.0;798.0;235.0;112.0;1477.0;2505.0;1300.0;1261.0;486.0;274.0;687.0;1556.0;433.0;764.0;226.0;134.0;8372.0;1605.0;748.0;1523.0;588.0;290.0;365.0;414.0;1528.0;4591.0;5144.0;798.0;234.0;1556.0;378.0;63.0;1556.0;8650.0;533.0;1491.0;219.0;1587.0;1119.0;1556.0;1743.0;1548.0;609.0;350.0;8536.0;639.0;1556.0;1528.0;1187.0;1277.0;676.0;420.0;1237.0;696.0;870.0;1556.0;1523.0;692.0;1279.0;762.0;777.0;1650.0;1515.0;320.0;309.0;1250.0;201.0;1300.0;311.0;1556.0;3596.0;1524.0;365.0;817.0;817.0;784.0;1056.0;2151.0;8372.0;778.0;8372.0;817.0;274.0;692.0;164.0;483.0;311.0;377.0;344.0;1300.0;347.0;1556.0;613.0;534.0;118.0;959.0;588.0;214.0;400.0;1107.0;1523.0;798.0;1056.0;513.0;681.0;692.0;8372.0;274.0;1553.0;156.0;919.0;1528.0;1556.0;1495.0;201.0;633.0;415.0;289.0;748.0;203.0;239.0;878.0;490.0;587.0;506.0;1183.0;101.0;32.0;907.0;274.0;118.0;600.0;39.0;2276.0;274.0;133.0;2397.0;328.0;2309.0;8372.0;725.0;730.0;8372.0;440.0;257.0;748.0;1528.0;4463.0;274.0;1460.0;748.0;601.0;1523.0;234.0;730.0;636.0;970.0;3596.0;5107.0;8372.0;2509.0;621.0;378.0;52.0;328.0;518.0;517.0;203.0;1556.0;368.0;232.0;670.0;133.0;4510.0;0.0;692.0;1212.0;518.0;1289.0;2572.0;483.0;800.0;389.0;1056.0;1305.0;355.0;404.0;433.0;3889.0;3251.0;1119.0;580.0;748.0;9600.0
383;814.0;691.0;3243.0;695.0;917.0;946.0;634.0;895.0;10.0;658.0;774.0;1076.0;9061.0;3190.0;2080.0;9300.0;774.0;2212.0;779.0;3888.0;674.0;136.0;4155.0;3117.0;1130.0;1084.0;1718.0;149.0;914.0;702.0;841.0;641.0;2174.0;786.0;768.0;999.0;1715.0;10.0;934.0;866.0;893.0;634.0;947.0;693.0;1415.0;3329.0;779.0;774.0;1308.0;755.0;913.0;1078.0;1324.0;3872.0;872.0;771.0;841.0;1131.0;802.0;1185.0;925.0;953.0;2791.0;4172.0;985.0;1324.0;945.0;895.0;226.0;9164.0;2545.0;1308.0;3872.0;4668.0;1121.0;774.0;413.0;634.0;1004.0;9061.0;771.0;717.0;774.0;1121.0;778.0;283.0;999.0;658.0;693.0;857.0;4072.0;1121.0;3256.0;9061.0;2121.0;136.0;1032.0;860.0;641.0;3890.0;10.0;960.0;774.0;856.0;824.0;574.0;868.0;823.0;136.0;739.0;804.0;1095.0;3103.0;1121.0;1838.0;792.0;774.0;1085.0;866.0;755.0;1419.0;763.0;723.0;9061.0;1478.0;771.0;841.0;923.0;588.0;1035.0;496.0;934.0;4155.0;4942.0;136.0;643.0;866.0;846.0;660.0;866.0;9340.0;904.0;1185.0;674.0;1447.0;1109.0;866.0;2284.0;2129.0;1071.0;850.0;8607.0;746.0;866.0;934.0;1851.0;1954.0;858.0;895.0;1715.0;976.0;909.0;866.0;841.0;10.0;1906.0;917.0;794.0;2334.0;1439.0;995.0;783.0;589.0;618.0;1121.0;756.0;866.0;3620.0;1344.0;809.0;953.0;953.0;930.0;1048.0;2743.0;9061.0;1337.0;9061.0;953.0;774.0;10.0;668.0;889.0;756.0;1043.0;702.0;1121.0;1020.0;866.0;1071.0;654.0;684.0;1538.0;923.0;506.0;941.0;1531.0;841.0;136.0;1048.0;981.0;948.0;10.0;9061.0;774.0;2121.0;632.0;1023.0;934.0;866.0;1420.0;618.0;1203.0;824.0;976.0;771.0;722.0;671.0;999.0;600.0;930.0;595.0;1863.0;780.0;691.0;1402.0;774.0;684.0;820.0;691.0;2873.0;774.0;639.0;2996.0;658.0;2906.0;9061.0;799.0;1030.0;9061.0;732.0;756.0;771.0;934.0;3954.0;774.0;1385.0;771.0;1182.0;841.0;643.0;1030.0;807.0;1535.0;3620.0;4910.0;9061.0;3117.0;1175.0;846.0;641.0;658.0;900.0;1193.0;722.0;866.0;674.0;827.0;634.0;639.0;4080.0;692.0;0.0;1864.0;900.0;1870.0;2827.0;889.0;1014.0;1050.0;801.0;1917.0;888.0;860.0;755.0;4277.0;3601.0;1109.0;932.0;771.0;9000.0
384;1321.0;1229.0;2264.0;1191.0;1288.0;1230.0;1486.0;1346.0;1864.0;1230.0;1319.0;1220.0;7338.0;1400.0;1193.0;7559.0;1319.0;532.0;1840.0;5250.0;1192.0;1940.0;5104.0;1320.0;2168.0;1249.0;653.0;1724.0;1328.0;1191.0;2635.0;1254.0;695.0;1234.0;1340.0;1868.0;692.0;1864.0;2740.0;2691.0;1326.0;1486.0;1580.0;1235.0;2194.0;1490.0;1840.0;1319.0;601.0;1177.0;1022.0;1113.0;543.0;5266.0;1517.0;1437.0;2635.0;1142.0;1104.0;2630.0;1120.0;1312.0;1036.0;5152.0;897.0;543.0;1656.0;1346.0;1650.0;9533.0;842.0;601.0;5266.0;3378.0;1873.0;1319.0;1466.0;1486.0;1385.0;7338.0;1437.0;1241.0;1319.0;1873.0;1557.0;1599.0;1868.0;1230.0;1235.0;1249.0;5294.0;1873.0;1465.0;7338.0;536.0;1940.0;1949.0;1367.0;1254.0;5108.0;1864.0;1289.0;1319.0;1055.0;1417.0;1310.0;1009.0;1057.0;1940.0;1317.0;1114.0;2647.0;1327.0;1873.0;376.0;1169.0;1319.0;1497.0;2691.0;1177.0;449.0;1286.0;1145.0;7338.0;2627.0;1437.0;2635.0;1534.0;1288.0;847.0;1412.0;2740.0;5104.0;5214.0;1940.0;1224.0;2691.0;1352.0;1264.0;2691.0;7604.0;1480.0;2630.0;1192.0;2620.0;2138.0;2691.0;751.0;492.0;1388.0;1316.0;9035.0;1348.0;2691.0;2740.0;85.0;829.0;1261.0;1346.0;692.0;1630.0;1439.0;2691.0;2635.0;1864.0;165.0;1288.0;1447.0;552.0;1864.0;892.0;1093.0;2344.0;1246.0;1873.0;1371.0;2691.0;4296.0;2591.0;1376.0;1312.0;1312.0;1299.0;2088.0;994.0;7338.0;603.0;7338.0;1312.0;1319.0;1864.0;1197.0;1431.0;1371.0;1014.0;1191.0;1873.0;864.0;2691.0;898.0;1348.0;1279.0;438.0;1534.0;1361.0;1260.0;821.0;2635.0;1940.0;2088.0;1364.0;1636.0;1864.0;7338.0;1319.0;536.0;1234.0;1909.0;2740.0;2691.0;1851.0;1246.0;1200.0;1417.0;931.0;1437.0;1307.0;1375.0;1868.0;1367.0;1079.0;1383.0;769.0;1156.0;1200.0;1411.0;1319.0;1279.0;1229.0;1229.0;1106.0;1319.0;1229.0;1220.0;1230.0;1137.0;7338.0;1382.0;1627.0;7338.0;1207.0;1113.0;1437.0;2740.0;5116.0;1319.0;1830.0;1437.0;1175.0;2635.0;1224.0;1627.0;1279.0;472.0;4296.0;5169.0;7338.0;1320.0;732.0;1352.0;1254.0;1230.0;1466.0;699.0;1307.0;2691.0;1229.0;1217.0;1486.0;1229.0;5016.0;1212.0;1864.0;0.0;1466.0;365.0;2044.0;1431.0;1209.0;1024.0;1819.0;237.0;1276.0;1367.0;1177.0;2992.0;2461.0;2138.0;1515.0;1437.0;10600.0
385;205.0;479.0;3415.0;838.0;1278.0;1263.0;1149.0;126.0;900.0;839.0;245.0;1388.0;8298.0;2864.0;1238.0;8547.0;245.0;1955.0;1500.0;4787.0;735.0;1035.0;5012.0;2783.0;709.0;1416.0;1659.0;777.0;1305.0;860.0;1708.0;535.0;2021.0;1077.0;227.0;411.0;1676.0;900.0;1451.0;1708.0;1282.0;1149.0;129.0;932.0;2134.0;2754.0;1500.0;245.0;1141.0;950.0;1000.0;358.0;994.0;4771.0;55.0;1247.0;1708.0;1389.0;539.0;1175.0;1140.0;1332.0;2499.0;5035.0;694.0;994.0;199.0;126.0;723.0;8555.0;2290.0;1141.0;4771.0;4718.0;1782.0;245.0;811.0;1149.0;121.0;8298.0;1247.0;416.0;245.0;1782.0;1338.0;675.0;411.0;839.0;932.0;256.0;4965.0;1782.0;2929.0;8298.0;1907.0;1035.0;491.0;121.0;535.0;4782.0;900.0;177.0;245.0;939.0;104.0;569.0;650.0;849.0;1035.0;284.0;514.0;1216.0;2792.0;1782.0;1624.0;1004.0;245.0;192.0;1708.0;950.0;1064.0;293.0;649.0;8298.0;1174.0;1247.0;1708.0;76.0;787.0;725.0;877.0;1451.0;5012.0;5645.0;1035.0;746.0;1708.0;146.0;470.0;1708.0;8584.0;16.0;1175.0;735.0;1163.0;679.0;1708.0;2115.0;1888.0;179.0;182.0;8019.0;1144.0;1708.0;1451.0;1415.0;1206.0;1192.0;126.0;1676.0;187.0;1378.0;1708.0;1708.0;900.0;1577.0;1278.0;1276.0;1777.0;2021.0;684.0;824.0;1483.0;706.0;1782.0;211.0;1708.0;3085.0;1126.0;153.0;1332.0;1332.0;1300.0;624.0;2456.0;8298.0;1198.0;8298.0;1332.0;245.0;900.0;680.0;39.0;211.0;455.0;860.0;1782.0;709.0;1708.0;1104.0;1032.0;405.0;1343.0;76.0;653.0;207.0;1578.0;1708.0;1035.0;624.0;118.0;182.0;900.0;8298.0;245.0;1907.0;664.0;453.0;1451.0;1708.0;2001.0;706.0;367.0;104.0;625.0;1247.0;317.0;304.0;411.0;980.0;1103.0;994.0;1133.0;467.0;550.0;504.0;245.0;405.0;1116.0;479.0;2571.0;245.0;642.0;2686.0;839.0;2602.0;8298.0;1231.0;214.0;8298.0;956.0;772.0;1247.0;1451.0;4840.0;245.0;1965.0;1247.0;364.0;1708.0;746.0;214.0;1149.0;1366.0;3085.0;5609.0;8298.0;2783.0;1064.0;146.0;535.0;839.0;10.0;812.0;317.0;1708.0;880.0;319.0;1149.0;642.0;4934.0;518.0;900.0;1466.0;0.0;1646.0;3065.0;39.0;1318.0;444.0;1507.0;1621.0;206.0;121.0;950.0;4323.0;3708.0;679.0;63.0;1247.0;9800.0
386;1473.0;1316.0;1920.0;1175.0;1141.0;1085.0;1389.0;1520.0;1870.0;1212.0;1459.0;1036.0;7526.0;1321.0;1552.0;7738.0;1459.0;342.0;1694.0;5022.0;1207.0;1923.0;4811.0;1249.0;2354.0;1059.0;326.0;1742.0;1176.0;1169.0;2575.0;1322.0;382.0;1145.0;1482.0;2056.0;364.0;1870.0;2786.0;2644.0;1181.0;1389.0;1770.0;1190.0;1955.0;1647.0;1694.0;1459.0;567.0;1127.0;964.0;1317.0;652.0;5044.0;1693.0;1310.0;2575.0;953.0;1195.0;2769.0;1010.0;1152.0;921.0;4863.0;989.0;652.0;1844.0;1520.0;1674.0;9873.0;679.0;567.0;5044.0;3099.0;1664.0;1459.0;1457.0;1389.0;1585.0;7526.0;1310.0;1344.0;1459.0;1664.0;1417.0;1631.0;2056.0;1212.0;1190.0;1404.0;5039.0;1664.0;1387.0;7526.0;264.0;1923.0;2137.0;1535.0;1322.0;4855.0;1870.0;1476.0;1459.0;1016.0;1578.0;1364.0;1083.0;1049.0;1923.0;1447.0;1212.0;2765.0;1233.0;1664.0;35.0;1102.0;1459.0;1713.0;2644.0;1127.0;585.0;1418.0;1192.0;7526.0;2820.0;1310.0;2575.0;1719.0;1283.0;945.0;1384.0;2786.0;4811.0;4861.0;1923.0;1234.0;2644.0;1515.0;1349.0;2644.0;7785.0;1662.0;2769.0;1207.0;2809.0;2324.0;2644.0;470.0;261.0;1602.0;1477.0;9370.0;1243.0;2644.0;2786.0;448.0;1190.0;1138.0;1520.0;364.0;1824.0;1277.0;2644.0;2575.0;1870.0;213.0;1141.0;1312.0;837.0;1600.0;991.0;1089.0;2283.0;1266.0;1664.0;1512.0;2644.0;4588.0;2766.0;1532.0;1152.0;1152.0;1147.0;2268.0;873.0;7526.0;533.0;7526.0;1152.0;1459.0;1870.0;1228.0;1608.0;1512.0;1193.0;1169.0;1664.0;963.0;2644.0;812.0;1275.0;1381.0;334.0;1719.0;1391.0;1439.0;543.0;2575.0;1923.0;2268.0;1558.0;1825.0;1870.0;7526.0;1459.0;264.0;1267.0;2099.0;2786.0;2644.0;1590.0;1266.0;1438.0;1578.0;1044.0;1310.0;1429.0;1493.0;2056.0;1309.0;982.0;1322.0;1124.0;1260.0;1269.0;1684.0;1459.0;1381.0;1128.0;1316.0;1003.0;1459.0;1268.0;1126.0;1212.0;1036.0;7526.0;1255.0;1831.0;7526.0;1154.0;1123.0;1310.0;2786.0;4854.0;1459.0;1574.0;1310.0;1408.0;2575.0;1234.0;1831.0;1169.0;335.0;4588.0;4815.0;7526.0;1249.0;696.0;1515.0;1322.0;1212.0;1646.0;834.0;1429.0;2644.0;1199.0;1358.0;1389.0;1268.0;4722.0;1289.0;1870.0;365.0;1646.0;0.0;1682.0;1608.0;1046.0;1207.0;1667.0;147.0;1443.0;1535.0;1127.0;2707.0;2141.0;2324.0;1702.0;1310.0;10400.0
387;2862.0;2610.0;454.0;2291.0;1920.0;1904.0;2193.0;2945.0;2827.0;2308.0;2828.0;1767.0;8337.0;1876.0;3234.0;8503.0;2828.0;1620.0;2186.0;4477.0;2381.0;2797.0;3858.0;1877.0;3718.0;1752.0;1482.0;2766.0;1918.0;2271.0;3156.0;2575.0;1383.0;2091.0;2849.0;3448.0;1452.0;2827.0;3712.0;3262.0;1940.0;2193.0;3193.0;2228.0;1887.0;2766.0;2186.0;2828.0;1966.0;2183.0;2084.0;2818.0;2176.0;4534.0;3096.0;2055.0;3156.0;1731.0;2528.0;3978.0;1978.0;1879.0;1671.0;3932.0;2381.0;2176.0;3256.0;2945.0;2731.0;11524.0;1559.0;1966.0;4534.0;1927.0;1894.0;2828.0;2488.0;2193.0;3049.0;8337.0;2055.0;2665.0;2828.0;1894.0;2062.0;2719.0;3448.0;2308.0;2228.0;2810.0;4331.0;1894.0;1907.0;8337.0;1547.0;2797.0;3523.0;2944.0;2575.0;4167.0;2827.0;2928.0;2828.0;2149.0;2970.0;2576.0;2415.0;2234.0;2797.0;2797.0;2552.0;3912.0;1799.0;1894.0;1679.0;2129.0;2828.0;3193.0;3262.0;2183.0;2157.0;2779.0;2438.0;8337.0;4166.0;2055.0;3156.0;3140.0;2385.0;2360.0;2388.0;3712.0;3858.0;3391.0;2797.0;2387.0;3262.0;2918.0;2631.0;3262.0;8561.0;3081.0;3978.0;2381.0;4145.0;3689.0;3262.0;1380.0;1607.0;3088.0;2882.0;11009.0;2094.0;3262.0;3712.0;2128.0;2872.0;1993.0;2945.0;1452.0;3251.0;1919.0;3262.0;3156.0;2827.0;1882.0;1920.0;2032.0;2392.0;1570.0;2394.0;2268.0;2921.0;2431.0;1894.0;2874.0;3262.0;6140.0;4069.0;2918.0;1879.0;1879.0;1904.0;3624.0;1652.0;8337.0;1905.0;8337.0;1879.0;2828.0;2827.0;2430.0;3026.0;2874.0;2674.0;2271.0;1894.0;2374.0;3262.0;1962.0;2201.0;2689.0;1832.0;3140.0;2541.0;2884.0;1494.0;3156.0;2797.0;3624.0;3015.0;3241.0;2827.0;8337.0;2828.0;1547.0;2460.0;3491.0;3712.0;3262.0;1582.0;2431.0;2980.0;2970.0;2453.0;2055.0;2768.0;2811.0;3448.0;2263.0;2000.0;2261.0;2806.0;2601.0;2541.0;3262.0;2828.0;2689.0;2051.0;2610.0;1715.0;2828.0;2476.0;1765.0;2308.0;1726.0;8337.0;2030.0;3276.0;8337.0;2191.0;2320.0;2055.0;3712.0;4106.0;2828.0;1603.0;2055.0;2945.0;3156.0;2387.0;3276.0;2045.0;1794.0;6140.0;3340.0;8337.0;1877.0;2011.0;2918.0;2575.0;2308.0;3065.0;2331.0;2768.0;3262.0;2272.0;2746.0;2193.0;2476.0;3767.0;2572.0;2827.0;2044.0;3065.0;1682.0;0.0;3026.0;1836.0;2692.0;2152.0;1809.0;2865.0;2944.0;2183.0;1566.0;865.0;3689.0;3128.0;2055.0;10000.0
388;167.0;444.0;3376.0;804.0;1244.0;1228.0;1120.0;88.0;889.0;805.0;209.0;1353.0;8287.0;2830.0;1232.0;8535.0;209.0;1919.0;1475.0;4776.0;701.0;1024.0;4991.0;2750.0;746.0;1380.0;1620.0;764.0;1271.0;825.0;1705.0;501.0;1983.0;1043.0;193.0;448.0;1637.0;889.0;1466.0;1707.0;1248.0;1120.0;168.0;898.0;2106.0;2729.0;1475.0;209.0;1102.0;915.0;962.0;328.0;957.0;4761.0;86.0;1215.0;1705.0;1353.0;500.0;1206.0;1104.0;1298.0;2464.0;5015.0;655.0;957.0;238.0;88.0;707.0;8591.0;2254.0;1102.0;4761.0;4680.0;1753.0;209.0;784.0;1120.0;116.0;8287.0;1215.0;380.0;209.0;1753.0;1308.0;657.0;448.0;805.0;898.0;217.0;4950.0;1753.0;2895.0;8287.0;1870.0;1024.0;529.0;82.0;501.0;4766.0;889.0;145.0;209.0;903.0;75.0;538.0;611.0;812.0;1024.0;249.0;476.0;1243.0;2758.0;1753.0;1586.0;968.0;209.0;216.0;1707.0;915.0;1027.0;257.0;613.0;8287.0;1211.0;1215.0;1705.0;115.0;755.0;686.0;848.0;1466.0;4991.0;5614.0;1024.0;712.0;1707.0;108.0;436.0;1707.0;8572.0;55.0;1206.0;701.0;1200.0;716.0;1707.0;2077.0;1852.0;182.0;144.0;8055.0;1112.0;1707.0;1466.0;1381.0;1188.0;1157.0;88.0;1637.0;225.0;1345.0;1707.0;1705.0;889.0;1542.0;1244.0;1245.0;1750.0;1989.0;645.0;787.0;1475.0;673.0;1753.0;179.0;1707.0;3123.0;1162.0;119.0;1298.0;1298.0;1266.0;661.0;2421.0;8287.0;1159.0;8287.0;1298.0;209.0;889.0;646.0;10.0;179.0;419.0;825.0;1753.0;670.0;1707.0;1066.0;1001.0;371.0;1305.0;115.0;624.0;172.0;1540.0;1705.0;1024.0;661.0;103.0;220.0;889.0;8287.0;209.0;1870.0;631.0;491.0;1466.0;1707.0;1969.0;673.0;353.0;75.0;586.0;1215.0;282.0;275.0;448.0;949.0;1066.0;964.0;1113.0;430.0;515.0;513.0;209.0;371.0;1081.0;444.0;2537.0;209.0;608.0;2652.0;805.0;2568.0;8287.0;1198.0;251.0;8287.0;922.0;736.0;1215.0;1466.0;4824.0;209.0;1933.0;1215.0;347.0;1705.0;712.0;251.0;1115.0;1327.0;3123.0;5578.0;8287.0;2750.0;1025.0;108.0;501.0;805.0;39.0;774.0;282.0;1707.0;846.0;280.0;1120.0;608.0;4912.0;483.0;889.0;1431.0;39.0;1608.0;3026.0;0.0;1283.0;408.0;1481.0;1585.0;168.0;82.0;915.0;4285.0;3669.0;716.0;102.0;1215.0;9800.0
389;1117.0;839.0;2238.0;484.0;106.0;69.0;399.0;1216.0;1014.0;491.0;1074.0;72.0;8543.0;2321.0;1997.0;8762.0;1074.0;1363.0;648.0;4049.0;585.0;1013.0;3989.0;2257.0;1909.0;97.0;794.0;936.0;133.0;462.0;1569.0;787.0;1256.0;258.0;1091.0;1660.0;778.0;1014.0;1938.0;1651.0;142.0;399.0;1439.0;402.0;1024.0;2675.0;648.0;1074.0;632.0;370.0;348.0;1182.0;819.0;4061.0;1337.0;282.0;1569.0;120.0;799.0;2142.0;184.0;106.0;1918.0;4029.0;748.0;819.0;1490.0;1216.0;897.0;9874.0;1664.0;632.0;4061.0;3654.0;677.0;1074.0;652.0;399.0;1339.0;8543.0;282.0;902.0;1074.0;677.0;373.0;884.0;1660.0;491.0;402.0;1085.0;4113.0;677.0;2385.0;8543.0;1250.0;1013.0;1728.0;1203.0;787.0;3927.0;1014.0;1224.0;1074.0;392.0;1215.0;770.0;715.0;481.0;1013.0;1035.0;824.0;2081.0;2227.0;677.0;1011.0;316.0;1074.0;1483.0;1651.0;370.0;886.0;1025.0;670.0;8543.0;2343.0;282.0;1569.0;1388.0;561.0;760.0;553.0;1938.0;3989.0;4381.0;1013.0;580.0;1651.0;1177.0;851.0;1651.0;8808.0;1333.0;2142.0;585.0;2320.0;1880.0;1651.0;1367.0;1278.0;1395.0;1147.0;9337.0;269.0;1651.0;1938.0;1241.0;1717.0;158.0;1216.0;778.0;1494.0;232.0;1651.0;1569.0;1014.0;1169.0;106.0;276.0;1759.0;770.0;768.0;499.0;1284.0;623.0;677.0;1110.0;1651.0;4390.0;2239.0;1165.0;106.0;106.0;104.0;1814.0;1870.0;8543.0;612.0;8543.0;106.0;1074.0;1014.0;639.0;1283.0;1110.0;1046.0;462.0;677.0;764.0;1651.0;355.0;367.0;915.0;777.0;1388.0;718.0;1181.0;568.0;1569.0;1013.0;1814.0;1304.0;1478.0;1014.0;8543.0;1074.0;1250.0;660.0;1700.0;1938.0;1651.0;752.0;623.0;1366.0;1215.0;813.0;282.0;1002.0;1029.0;1660.0;428.0;232.0;428.0;1620.0;862.0;768.0;1659.0;1074.0;915.0;217.0;839.0;2003.0;1074.0;681.0;2124.0;491.0;2035.0;8543.0;233.0;1530.0;8543.0;370.0;548.0;282.0;1938.0;3946.0;1074.0;721.0;282.0;1329.0;1569.0;580.0;1530.0;211.0;750.0;4390.0;4342.0;8543.0;2257.0;532.0;1177.0;787.0;491.0;1318.0;844.0;1002.0;1651.0;451.0;1017.0;399.0;681.0;3904.0;800.0;1014.0;1209.0;1318.0;1046.0;1836.0;1283.0;0.0;1065.0;622.0;1148.0;1144.0;1203.0;370.0;3263.0;2589.0;1880.0;1380.0;282.0;9400.0
390;309.0;374.0;3020.0;649.0;1057.0;1025.0;1032.0;322.0;1050.0;670.0;321.0;1128.0;8017.0;2424.0;1055.0;8258.0;321.0;1512.0;1429.0;4853.0;561.0;1168.0;4961.0;2343.0;1151.0;1159.0;1247.0;903.0;1094.0;668.0;1891.0;439.0;1585.0;871.0;338.0;852.0;1268.0;1050.0;1795.0;1915.0;1074.0;1032.0;564.0;750.0;2011.0;2362.0;1429.0;321.0;732.0;738.0;717.0;126.0;559.0;4847.0;494.0;1087.0;1891.0;1105.0;309.0;1608.0;882.0;1111.0;2056.0;4992.0;327.0;559.0;639.0;322.0;828.0;8862.0;1846.0;732.0;4847.0;4293.0;1647.0;321.0;777.0;1032.0;379.0;8017.0;1087.0;335.0;321.0;1647.0;1203.0;770.0;852.0;670.0;750.0;237.0;4988.0;1647.0;2488.0;8017.0;1467.0;1168.0;933.0;344.0;439.0;4803.0;1050.0;270.0;321.0;675.0;395.0;508.0;354.0;590.0;1168.0;336.0;292.0;1634.0;2350.0;1647.0;1187.0;781.0;321.0;513.0;1915.0;738.0;623.0;306.0;454.0;8017.0;1615.0;1087.0;1891.0;514.0;659.0;336.0;795.0;1795.0;4961.0;5446.0;1168.0;589.0;1915.0;331.0;398.0;1915.0;8298.0;459.0;1608.0;561.0;1606.0;1122.0;1915.0;1677.0;1446.0;403.0;297.0;8336.0;972.0;1915.0;1795.0;976.0;904.0;976.0;322.0;1268.0;617.0;1190.0;1915.0;1891.0;1050.0;1134.0;1057.0;1114.0;1371.0;1824.0;310.0;585.0;1627.0;570.0;1647.0;367.0;1915.0;3450.0;1570.0;359.0;1111.0;1111.0;1080.0;1068.0;2013.0;8017.0;793.0;8017.0;1111.0;321.0;1050.0;517.0;408.0;367.0;19.0;668.0;1647.0;325.0;1915.0;773.0;883.0;366.0;916.0;514.0;604.0;236.0;1198.0;1891.0;1168.0;1068.0;351.0;620.0;1050.0;8017.0;321.0;1467.0;528.0;894.0;1795.0;1915.0;1805.0;570.0;304.0;395.0;256.0;1087.0;341.0;406.0;852.0;851.0;833.0;869.0;814.0;289.0;407.0;599.0;321.0;366.0;901.0;374.0;2129.0;321.0;506.0;2244.0;670.0;2160.0;8017.0;1053.0;624.0;8017.0;757.0;548.0;1087.0;1795.0;4846.0;321.0;1771.0;1087.0;267.0;1891.0;589.0;624.0;948.0;942.0;3450.0;5407.0;8017.0;2343.0;683.0;331.0;439.0;670.0;444.0;379.0;341.0;1915.0;704.0;233.0;1032.0;506.0;4879.0;389.0;1050.0;1024.0;444.0;1207.0;2692.0;408.0;1065.0;0.0;1427.0;1178.0;253.0;344.0;738.0;3898.0;3297.0;1122.0;496.0;1087.0;10000.0
391;1341.0;1085.0;2593.0;785.0;533.0;590.0;396.0;1445.0;801.0;759.0;1292.0;635.0;9156.0;2925.0;2459.0;9377.0;1292.0;1980.0;34.0;3478.0;866.0;718.0;3536.0;2864.0;1912.0;616.0;1403.0;822.0;494.0;769.0;1027.0;1015.0;1856.0;615.0;1301.0;1736.0;1382.0;801.0;1578.0;1126.0;494.0;396.0;1599.0;690.0;633.0;3295.0;34.0;1292.0;1224.0;723.0;834.0;1516.0;1372.0;3483.0;1503.0;388.0;1027.0;718.0;1118.0;1976.0;703.0;516.0;2524.0;3566.0;1177.0;1372.0;1625.0;1445.0;836.0;9954.0;2271.0;1224.0;3483.0;4056.0;320.0;1292.0;697.0;396.0;1574.0;9156.0;388.0;1145.0;1292.0;320.0;263.0;864.0;1736.0;759.0;690.0;1343.0;3579.0;320.0;2988.0;9156.0;1864.0;718.0;1784.0;1419.0;1015.0;3392.0;801.0;1483.0;1292.0;831.0;1407.0;959.0;1092.0;883.0;718.0;1248.0;1137.0;1871.0;2830.0;320.0;1633.0;701.0;1292.0;1698.0;1126.0;723.0;1453.0;1255.0;973.0;9156.0;2279.0;388.0;1027.0;1559.0;769.0;1210.0;643.0;1578.0;3536.0;4167.0;718.0;838.0;1126.0;1395.0;1076.0;1126.0;9423.0;1518.0;1976.0;866.0;2248.0;1888.0;1126.0;1965.0;1895.0;1641.0;1379.0;9400.0;494.0;1126.0;1578.0;1842.0;2228.0;561.0;1445.0;1382.0;1644.0;391.0;1126.0;1027.0;801.0;1789.0;533.0;374.0;2363.0;651.0;1196.0;870.0;772.0;859.0;320.0;1306.0;1126.0;4415.0;2146.0;1368.0;516.0;516.0;523.0;1824.0;2477.0;9156.0;1215.0;9156.0;516.0;1292.0;801.0;910.0;1481.0;1306.0;1410.0;769.0;320.0;1205.0;1126.0;927.0;552.0;1136.0;1393.0;1559.0;865.0;1447.0;1168.0;1027.0;718.0;1824.0;1542.0;1620.0;801.0;9156.0;1292.0;1864.0;903.0;1767.0;1578.0;1126.0;633.0;859.0;1689.0;1407.0;1219.0;388.0;1217.0;1208.0;1736.0;576.0;749.0;558.0;2129.0;1151.0;1031.0;1957.0;1292.0;1136.0;606.0;1085.0;2609.0;1292.0;926.0;2729.0;759.0;2641.0;9156.0;441.0;1693.0;9156.0;696.0;893.0;388.0;1578.0;3427.0;1292.0;600.0;388.0;1656.0;1027.0;838.0;1693.0;553.0;1369.0;4415.0;4133.0;9156.0;2864.0;1104.0;1395.0;1015.0;759.0;1507.0;1340.0;1217.0;1126.0;729.0;1283.0;396.0;926.0;3455.0;1056.0;801.0;1819.0;1507.0;1667.0;2152.0;1481.0;622.0;1427.0;0.0;1769.0;1397.0;1419.0;723.0;3676.0;2979.0;1888.0;1559.0;388.0;8800.0
392;1460.0;1329.0;2027.0;1226.0;1238.0;1181.0;1471.0;1498.0;1917.0;1264.0;1451.0;1145.0;7405.0;1282.0;1430.0;7620.0;1451.0;334.0;1794.0;5150.0;1246.0;1979.0;4953.0;1206.0;2330.0;1170.0;470.0;1784.0;1276.0;1222.0;2648.0;1342.0;461.0;1222.0;1473.0;2030.0;508.0;1917.0;2821.0;2713.0;1278.0;1471.0;1742.0;1251.0;2084.0;1529.0;1794.0;1451.0;610.0;1190.0;1028.0;1280.0;642.0;5170.0;1671.0;1402.0;2648.0;1063.0;1204.0;2766.0;1094.0;1254.0;893.0;5004.0;995.0;642.0;1817.0;1498.0;1713.0;9768.0;669.0;610.0;5170.0;3163.0;1784.0;1451.0;1508.0;1471.0;1552.0;7405.0;1402.0;1350.0;1451.0;1784.0;1514.0;1667.0;2030.0;1264.0;1251.0;1389.0;5174.0;1784.0;1348.0;7405.0;308.0;1979.0;2111.0;1515.0;1342.0;4989.0;1917.0;1448.0;1451.0;1073.0;1562.0;1389.0;1098.0;1095.0;1979.0;1443.0;1218.0;2771.0;1200.0;1784.0;171.0;1171.0;1451.0;1673.0;2713.0;1190.0;560.0;1413.0;1219.0;7405.0;2793.0;1402.0;2648.0;1693.0;1330.0;948.0;1441.0;2821.0;4953.0;5006.0;1979.0;1275.0;2713.0;1497.0;1363.0;2713.0;7667.0;1637.0;2766.0;1246.0;2784.0;2300.0;2713.0;526.0;274.0;1562.0;1460.0;9269.0;1327.0;2713.0;2821.0;322.0;1066.0;1227.0;1498.0;508.0;1794.0;1380.0;2713.0;2648.0;1917.0;73.0;1238.0;1407.0;691.0;1735.0;995.0;1134.0;2356.0;1304.0;1784.0;1504.0;2713.0;4514.0;2747.0;1518.0;1254.0;1254.0;1246.0;2246.0;847.0;7405.0;589.0;7405.0;1254.0;1451.0;1917.0;1261.0;1585.0;1504.0;1166.0;1222.0;1784.0;966.0;2713.0;883.0;1348.0;1387.0;389.0;1693.0;1426.0;1414.0;676.0;2648.0;1979.0;2246.0;1527.0;1798.0;1917.0;7405.0;1451.0;308.0;1300.0;2072.0;2821.0;2713.0;1724.0;1304.0;1387.0;1562.0;1042.0;1402.0;1428.0;1494.0;2030.0;1376.0;1060.0;1390.0;1007.0;1265.0;1288.0;1616.0;1451.0;1387.0;1209.0;1329.0;971.0;1451.0;1299.0;1092.0;1264.0;1004.0;7405.0;1346.0;1797.0;7405.0;1218.0;1163.0;1402.0;2821.0;4990.0;1451.0;1706.0;1402.0;1359.0;2648.0;1275.0;1797.0;1254.0;405.0;4514.0;4960.0;7405.0;1206.0;746.0;1497.0;1342.0;1264.0;1621.0;820.0;1428.0;2713.0;1255.0;1348.0;1471.0;1299.0;4864.0;1305.0;1917.0;237.0;1621.0;147.0;1809.0;1585.0;1148.0;1178.0;1769.0;0.0;1423.0;1515.0;1190.0;2774.0;2230.0;2300.0;1675.0;1402.0;10500.0
393;75.0;320.0;3211.0;675.0;1113.0;1093.0;1019.0;81.0;888.0;683.0;115.0;1213.0;8217.0;2676.0;1193.0;8463.0;115.0;1756.0;1394.0;4752.0;573.0;1016.0;4925.0;2595.0;912.0;1241.0;1452.0;749.0;1144.0;697.0;1724.0;386.0;1817.0;914.0;120.0;615.0;1470.0;888.0;1560.0;1737.0;1122.0;1019.0;335.0;774.0;2011.0;2606.0;1394.0;115.0;935.0;783.0;814.0;208.0;791.0;4741.0;250.0;1103.0;1724.0;1207.0;349.0;1355.0;963.0;1168.0;2306.0;4951.0;489.0;791.0;406.0;81.0;681.0;8734.0;2092.0;935.0;4741.0;4512.0;1652.0;115.0;705.0;1019.0;195.0;8217.0;1103.0;256.0;115.0;1652.0;1204.0;626.0;615.0;683.0;774.0;59.0;4911.0;1652.0;2740.0;8217.0;1705.0;1016.0;696.0;93.0;386.0;4726.0;888.0;86.0;115.0;757.0;141.0;438.0;453.0;666.0;1016.0;156.0;323.0;1381.0;2602.0;1652.0;1420.0;834.0;115.0;340.0;1737.0;783.0;863.0;142.0;476.0;8217.0;1378.0;1103.0;1724.0;282.0;643.0;519.0;754.0;1560.0;4925.0;5499.0;1016.0;589.0;1737.0;77.0;323.0;1737.0;8501.0;222.0;1355.0;573.0;1366.0;882.0;1737.0;1911.0;1688.0;254.0;46.0;8200.0;994.0;1737.0;1560.0;1229.0;1103.0;1028.0;81.0;1470.0;392.0;1225.0;1737.0;1724.0;888.0;1381.0;1113.0;1132.0;1618.0;1870.0;479.0;645.0;1476.0;556.0;1652.0;137.0;1737.0;3279.0;1325.0;108.0;1168.0;1168.0;1136.0;825.0;2262.0;8217.0;992.0;8217.0;1168.0;115.0;888.0;519.0;168.0;137.0;261.0;697.0;1652.0;503.0;1737.0;908.0;888.0;261.0;1137.0;282.0;533.0;54.0;1376.0;1724.0;1016.0;825.0;160.0;388.0;888.0;8217.0;115.0;1705.0;511.0;658.0;1560.0;1737.0;1850.0;556.0;317.0;141.0;419.0;1103.0;183.0;218.0;615.0;842.0;921.0;858.0;1020.0;282.0;386.0;561.0;115.0;261.0;951.0;320.0;2379.0;115.0;488.0;2495.0;683.0;2410.0;8217.0;1080.0;412.0;8217.0;793.0;596.0;1103.0;1560.0;4778.0;115.0;1815.0;1103.0;294.0;1724.0;589.0;412.0;989.0;1160.0;3279.0;5462.0;8217.0;2595.0;860.0;77.0;386.0;683.0;206.0;608.0;183.0;1737.0;723.0;127.0;1019.0;488.0;4845.0;355.0;888.0;1276.0;206.0;1443.0;2865.0;168.0;1144.0;253.0;1397.0;1423.0;0.0;93.0;783.0;4117.0;3502.0;882.0;267.0;1103.0;9800.0
394;87.0;366.0;3294.0;726.0;1166.0;1149.0;1051.0;36.0;860.0;730.0;132.0;1273.0;8276.0;2767.0;1235.0;8523.0;132.0;1848.0;1414.0;4740.0;623.0;992.0;4937.0;2687.0;821.0;1301.0;1540.0;728.0;1194.0;748.0;1687.0;426.0;1908.0;966.0;119.0;525.0;1557.0;860.0;1488.0;1695.0;1172.0;1051.0;250.0;822.0;2041.0;2687.0;1414.0;132.0;1023.0;837.0;881.0;283.0;883.0;4727.0;159.0;1143.0;1687.0;1272.0;418.0;1264.0;1024.0;1221.0;2398.0;4962.0;575.0;883.0;317.0;36.0;666.0;8670.0;2184.0;1023.0;4727.0;4601.0;1685.0;132.0;722.0;1051.0;156.0;8276.0;1143.0;302.0;132.0;1685.0;1239.0;613.0;525.0;730.0;822.0;136.0;4907.0;1685.0;2832.0;8276.0;1797.0;992.0;605.0;10.0;426.0;4723.0;860.0;109.0;132.0;822.0;53.0;467.0;529.0;731.0;992.0;175.0;393.0;1293.0;2694.0;1685.0;1512.0;890.0;132.0;285.0;1695.0;837.0;956.0;178.0;533.0;8276.0;1286.0;1143.0;1687.0;196.0;682.0;607.0;781.0;1488.0;4937.0;5542.0;992.0;636.0;1695.0;27.0;361.0;1695.0;8560.0;137.0;1264.0;623.0;1274.0;790.0;1695.0;2003.0;1780.0;224.0;62.0;8135.0;1038.0;1695.0;1488.0;1320.0;1167.0;1080.0;36.0;1557.0;307.0;1271.0;1695.0;1687.0;860.0;1474.0;1166.0;1172.0;1703.0;1915.0;565.0;707.0;1448.0;598.0;1685.0;114.0;1695.0;3205.0;1232.0;53.0;1221.0;1221.0;1189.0;733.0;2354.0;8276.0;1080.0;8276.0;1221.0;132.0;860.0;568.0;82.0;114.0;353.0;748.0;1685.0;591.0;1695.0;984.0;928.0;296.0;1228.0;196.0;557.0;115.0;1458.0;1687.0;992.0;733.0;126.0;301.0;860.0;8276.0;132.0;1797.0;555.0;568.0;1488.0;1695.0;1895.0;598.0;350.0;53.0;507.0;1143.0;208.0;213.0;525.0;878.0;985.0;893.0;1088.0;348.0;436.0;553.0;132.0;296.0;1004.0;366.0;2471.0;132.0;532.0;2587.0;730.0;2503.0;8276.0;1124.0;333.0;8276.0;844.0;656.0;1143.0;1488.0;4778.0;132.0;1860.0;1143.0;335.0;1687.0;636.0;333.0;1039.0;1250.0;3205.0;5506.0;8276.0;2687.0;944.0;27.0;426.0;730.0;121.0;700.0;208.0;1695.0;770.0;198.0;1051.0;532.0;4858.0;404.0;860.0;1367.0;121.0;1535.0;2944.0;82.0;1203.0;344.0;1419.0;1515.0;93.0;0.0;837.0;4206.0;3588.0;790.0;184.0;1143.0;9800.0
395;750.0;471.0;2570.0;113.0;331.0;313.0;334.0;851.0;755.0;125.0;706.0;442.0;8489.0;2446.0;1742.0;8716.0;706.0;1468.0;733.0;4197.0;215.0;797.0;4236.0;2375.0;1544.0;467.0;964.0;643.0;362.0;92.0;1462.0;417.0;1419.0;133.0;723.0;1291.0;962.0;755.0;1687.0;1524.0;341.0;334.0;1069.0;63.0;1275.0;2667.0;733.0;706.0;584.0;10.0;162.0;846.0;673.0;4201.0;967.0;353.0;1462.0;456.0;446.0;1808.0;205.0;385.0;2044.0;4270.0;457.0;673.0;1120.0;851.0;587.0;9505.0;1796.0;584.0;4201.0;3958.0;911.0;706.0;345.0;334.0;978.0;8489.0;353.0;535.0;706.0;911.0;476.0;559.0;1291.0;125.0;63.0;724.0;4301.0;911.0;2512.0;8489.0;1371.0;797.0;1360.0;837.0;417.0;4114.0;755.0;865.0;706.0;122.0;846.0;401.0;387.0;161.0;797.0;666.0;470.0;1762.0;2357.0;911.0;1093.0;55.0;706.0;1119.0;1524.0;10.0;763.0;659.0;307.0;8489.0;1985.0;353.0;1462.0;1018.0;203.0;488.0;260.0;1687.0;4236.0;4721.0;797.0;210.0;1524.0;810.0;481.0;1524.0;8760.0;964.0;1808.0;215.0;1963.0;1515.0;1524.0;1530.0;1383.0;1036.0;782.0;8967.0;237.0;1524.0;1687.0;1183.0;1505.0;245.0;851.0;962.0;1124.0;453.0;1524.0;1462.0;755.0;1188.0;331.0;378.0;1696.0;1093.0;477.0;155.0;1170.0;253.0;911.0;741.0;1524.0;4019.0;1886.0;797.0;385.0;385.0;353.0;1449.0;1996.0;8489.0;601.0;8489.0;385.0;706.0;755.0;270.0;915.0;741.0;720.0;92.0;911.0;484.0;1524.0;318.0;180.0;546.0;802.0;1018.0;358.0;823.0;786.0;1462.0;797.0;1449.0;942.0;1108.0;755.0;8489.0;706.0;1371.0;290.0;1331.0;1687.0;1524.0;1073.0;253.0;1028.0;846.0;506.0;353.0;634.0;658.0;1291.0;190.0;188.0;206.0;1407.0;503.0;401.0;1317.0;706.0;546.0;168.0;471.0;2128.0;706.0;310.0;2250.0;125.0;2161.0;8489.0;316.0;1161.0;8489.0;30.0;193.0;353.0;1687.0;4147.0;706.0;1038.0;353.0;992.0;1462.0;210.0;1161.0;211.0;793.0;4019.0;4683.0;8489.0;2375.0;448.0;810.0;417.0;125.0;950.0;619.0;634.0;1524.0;90.0;656.0;334.0;310.0;4153.0;433.0;755.0;1177.0;950.0;1127.0;2183.0;915.0;370.0;738.0;723.0;1190.0;783.0;837.0;0.0;3564.0;2905.0;1515.0;1012.0;353.0;9500.0
396;4134.0;3923.0;1113.0;3659.0;3361.0;3331.0;3651.0;4197.0;4277.0;3685.0;4111.0;3201.0;7594.0;1983.0;4108.0;7714.0;4111.0;2461.0;3710.0;5867.0;3734.0;4269.0;5049.0;2044.0;5022.0;3195.0;2668.0;4193.0;3368.0;3643.0;4696.0;3905.0;2325.0;3500.0;4133.0;4731.0;2654.0;4277.0;5195.0;4799.0;3388.0;3651.0;4451.0;3619.0;3453.0;2918.0;3710.0;4111.0;3184.0;3564.0;3433.0;4015.0;3340.0;5937.0;4365.0;3518.0;4696.0;3146.0;3819.0;5367.0;3368.0;3328.0;2102.0;5134.0;3634.0;3340.0;4523.0;4197.0;4146.0;12450.0;2191.0;3184.0;5937.0;395.0;3441.0;4111.0;3899.0;3651.0;4277.0;7594.0;3518.0;3968.0;4111.0;3441.0;3549.0;4122.0;4731.0;3685.0;3619.0;4071.0;5649.0;3441.0;1960.0;7594.0;2466.0;4269.0;4810.0;4206.0;3905.0;5502.0;4277.0;4162.0;4111.0;3500.0;4244.0;3924.0;3700.0;3572.0;4269.0;4089.0;3840.0;5326.0;1975.0;3441.0;2722.0;3516.0;4111.0;4411.0;4799.0;3564.0;3286.0;4065.0;3765.0;7594.0;5486.0;3518.0;4696.0;4398.0;3765.0;3599.0;3802.0;5195.0;5049.0;4033.0;4269.0;3748.0;4799.0;4183.0;3951.0;4799.0;7778.0;4339.0;5367.0;3734.0;5470.0;4992.0;4799.0;2248.0;2502.0;4300.0;4145.0;11972.0;3531.0;4799.0;5195.0;3071.0;3758.0;3419.0;4197.0;2654.0;4507.0;3395.0;4799.0;4696.0;4277.0;2837.0;3361.0;3499.0;3081.0;3128.0;3642.0;3611.0;4448.0;3790.0;3441.0;4162.0;4799.0;7287.0;5412.0;4194.0;3328.0;3328.0;3349.0;4931.0;2122.0;7594.0;3128.0;7594.0;3328.0;4111.0;4277.0;3775.0;4285.0;4162.0;3883.0;3643.0;3441.0;3616.0;4799.0;3286.0;3626.0;3998.0;2983.0;4398.0;3912.0;4122.0;2788.0;4696.0;4269.0;4931.0;4248.0;4505.0;4277.0;7594.0;4111.0;2466.0;3810.0;4774.0;5195.0;4799.0;3138.0;3790.0;4144.0;4244.0;3700.0;3518.0;4065.0;4120.0;4731.0;3683.0;3376.0;3686.0;3725.0;3890.0;3861.0;4388.0;4111.0;3998.0;3463.0;3923.0;2078.0;4111.0;3821.0;2029.0;3685.0;2064.0;7594.0;3483.0;4520.0;7594.0;3579.0;3659.0;3518.0;5195.0;5412.0;4111.0;3157.0;3518.0;4113.0;4696.0;3748.0;4520.0;3471.0;2958.0;7287.0;3980.0;7594.0;2044.0;3273.0;4183.0;3905.0;3685.0;4323.0;3519.0;4065.0;4799.0;3654.0;4015.0;3651.0;3821.0;4963.0;3889.0;4277.0;2992.0;4323.0;2707.0;1566.0;4285.0;3263.0;3898.0;3676.0;2774.0;4117.0;4206.0;3564.0;0.0;703.0;4992.0;4383.0;3518.0;11300.0
397;3513.0;3287.0;415.0;3004.0;2684.0;2657.0;2971.0;3583.0;3601.0;3028.0;3486.0;2525.0;7862.0;1732.0;3628.0;8004.0;3486.0;1946.0;3014.0;5250.0;3084.0;3587.0;4512.0;1771.0;4395.0;2517.0;2051.0;3524.0;2688.0;2987.0;3997.0;3264.0;1769.0;2832.0;3508.0;4110.0;2032.0;3601.0;4512.0;4100.0;2709.0;2971.0;3837.0;2957.0;2751.0;2703.0;3014.0;3486.0;2569.0;2905.0;2782.0;3417.0;2745.0;5315.0;3747.0;2836.0;3997.0;2474.0;3189.0;4713.0;2704.0;2649.0;1718.0;4593.0;3014.0;2745.0;3906.0;3583.0;3480.0;11986.0;1734.0;2569.0;5315.0;1077.0;2740.0;3486.0;3233.0;2971.0;3671.0;7862.0;2836.0;3335.0;3486.0;2740.0;2861.0;3460.0;4110.0;3028.0;2957.0;3453.0;5062.0;2740.0;1733.0;7862.0;1924.0;3587.0;4188.0;3588.0;3264.0;4907.0;3601.0;3553.0;3486.0;2849.0;3623.0;3277.0;3071.0;2925.0;3587.0;3461.0;3211.0;4664.0;1691.0;2740.0;2151.0;2855.0;3486.0;3810.0;4100.0;2905.0;2701.0;3438.0;3123.0;7862.0;4856.0;2836.0;3997.0;3783.0;3107.0;2983.0;3135.0;4512.0;4512.0;3714.0;3587.0;3096.0;4100.0;3565.0;3313.0;4100.0;8066.0;3724.0;4713.0;3084.0;4838.0;4365.0;4100.0;1711.0;1971.0;3700.0;3527.0;11493.0;2856.0;4100.0;4512.0;2544.0;3267.0;2746.0;3583.0;2032.0;3894.0;2709.0;4100.0;3997.0;3601.0;2298.0;2684.0;2816.0;2648.0;2425.0;3023.0;2963.0;3752.0;3139.0;2740.0;3536.0;4100.0;6725.0;4774.0;3572.0;2649.0;2649.0;2671.0;4303.0;1724.0;7862.0;2510.0;7862.0;2649.0;3486.0;3601.0;3128.0;3669.0;3536.0;3280.0;2987.0;2740.0;2999.0;4100.0;2641.0;2955.0;3364.0;2385.0;3783.0;3258.0;3512.0;2144.0;3997.0;3587.0;4303.0;3640.0;3889.0;3601.0;7862.0;3486.0;1924.0;3162.0;4153.0;4512.0;4100.0;2435.0;3139.0;3559.0;3623.0;3083.0;2836.0;3435.0;3487.0;4110.0;3014.0;2717.0;3015.0;3221.0;3261.0;3222.0;3819.0;3486.0;3364.0;2794.0;3287.0;1721.0;3486.0;3174.0;1711.0;3028.0;1716.0;7862.0;2803.0;3911.0;7862.0;2918.0;3013.0;2836.0;4512.0;4830.0;3486.0;2455.0;2836.0;3526.0;3997.0;3096.0;3911.0;2799.0;2355.0;6725.0;3660.0;7862.0;1771.0;2646.0;3565.0;3264.0;3028.0;3708.0;2919.0;3435.0;4100.0;2995.0;3394.0;2971.0;3174.0;4424.0;3251.0;3601.0;2461.0;3708.0;2141.0;865.0;3669.0;2589.0;3297.0;2979.0;2230.0;3502.0;3588.0;2905.0;703.0;0.0;4365.0;3769.0;2836.0;10700.0
398;858.0;1082.0;4058.0;1403.0;1816.0;1816.0;1610.0;804.0;1109.0;1391.0;881.0;1952.0;8709.0;3533.0;1677.0;8970.0;881.0;2634.0;1870.0;4825.0;1309.0;1228.0;5220.0;3451.0;30.0;1974.0;2324.0;1066.0;1833.0;1424.0;1695.0;1114.0;2698.0;1623.0;859.0;270.0;2338.0;1109.0;1135.0;1650.0;1810.0;1610.0;559.0;1478.0;2516.0;3354.0;1870.0;881.0;1809.0;1515.0;1605.0;1025.0;1673.0;4794.0;632.0;1735.0;1695.0;1971.0;1177.0;585.0;1719.0;1867.0;3174.0;5231.0;1358.0;1673.0;483.0;804.0;1059.0;8066.0;2967.0;1809.0;4794.0;5387.0;2199.0;881.0;1261.0;1610.0;754.0;8709.0;1735.0;1031.0;881.0;2199.0;1794.0;1043.0;270.0;1391.0;1478.0;924.0;5065.0;2199.0;3597.0;8709.0;2586.0;1228.0;190.0;790.0;1114.0;4888.0;1109.0;852.0;881.0;1539.0;749.0;1115.0;1295.0;1455.0;1228.0;904.0;1154.0;693.0;3463.0;2199.0;2302.0;1569.0;881.0;655.0;1650.0;1515.0;1743.0;927.0;1251.0;8709.0;496.0;1735.0;1695.0;607.0;1319.0;1394.0;1354.0;1135.0;5220.0;6049.0;1228.0;1306.0;1650.0;811.0;1059.0;1650.0;9002.0;663.0;585.0;1309.0;484.0;10.0;1650.0;2793.0;2567.0;758.0;849.0;7514.0;1656.0;1650.0;1135.0;2083.0;1759.0;1733.0;804.0;2338.0;509.0;1878.0;1650.0;1695.0;1109.0;2255.0;1816.0;1764.0;2407.0;2491.0;1351.0;1421.0;1566.0;1262.0;2199.0;830.0;1650.0;2534.0;456.0;799.0;1867.0;1867.0;1836.0;66.0;3131.0;8709.0;1864.0;8709.0;1867.0;881.0;1109.0;1259.0;716.0;830.0;1134.0;1424.0;2199.0;1377.0;1650.0;1732.0;1539.0;1004.0;2018.0;607.0;1163.0;886.0;2224.0;1695.0;1228.0;66.0;775.0;502.0;1109.0;8709.0;881.0;2586.0;1230.0;229.0;1135.0;1650.0;2470.0;1262.0;964.0;749.0;1294.0;1735.0;931.0;881.0;270.0;1478.0;1691.0;1486.0;1706.0;1104.0;1150.0;892.0;881.0;1004.0;1664.0;1082.0;3245.0;881.0;1213.0;3358.0;1391.0;3275.0;8709.0;1737.0;516.0;8709.0;1511.0;1369.0;1735.0;1135.0;4969.0;881.0;2434.0;1735.0;981.0;1695.0;1306.0;516.0;1683.0;2039.0;2534.0;6016.0;8709.0;3451.0;1720.0;811.0;1114.0;1391.0;679.0;1490.0;931.0;1650.0;1430.0;977.0;1610.0;1213.0;5148.0;1119.0;1109.0;2138.0;679.0;2324.0;3689.0;716.0;1880.0;1122.0;1888.0;2300.0;882.0;790.0;1515.0;4992.0;4365.0;0.0;625.0;1735.0;9600.0
399;268.0;541.0;3477.0;900.0;1339.0;1325.0;1205.0;186.0;932.0;900.0;307.0;1451.0;8304.0;2912.0;1238.0;8555.0;307.0;2009.0;1551.0;4819.0;797.0;1067.0;5056.0;2831.0;655.0;1478.0;1719.0;815.0;1365.0;921.0;1729.0;596.0;2078.0;1138.0;289.0;355.0;1737.0;932.0;1441.0;1724.0;1343.0;1205.0;68.0;992.0;2188.0;2785.0;1551.0;307.0;1201.0;1012.0;1063.0;403.0;1051.0;4802.0;60.0;1305.0;1729.0;1452.0;602.0;1136.0;1203.0;1393.0;2549.0;5079.0;756.0;1051.0;142.0;186.0;764.0;8493.0;2342.0;1201.0;4802.0;4778.0;1837.0;307.0;864.0;1205.0;140.0;8304.0;1305.0;478.0;307.0;1837.0;1395.0;719.0;355.0;900.0;992.0;318.0;5002.0;1837.0;2976.0;8304.0;1962.0;1067.0;436.0;184.0;596.0;4819.0;932.0;227.0;307.0;1002.0;165.0;628.0;713.0;912.0;1067.0;346.0;577.0;1184.0;2841.0;1837.0;1680.0;1065.0;307.0;153.0;1724.0;1012.0;1119.0;356.0;712.0;8304.0;1119.0;1305.0;1729.0;20.0;846.0;786.0;933.0;1441.0;5056.0;5702.0;1067.0;806.0;1724.0;210.0;531.0;1724.0;8591.0;48.0;1136.0;797.0;1109.0;625.0;1724.0;2171.0;1943.0;178.0;245.0;7956.0;1204.0;1724.0;1441.0;1462.0;1224.0;1253.0;186.0;1737.0;125.0;1437.0;1724.0;1729.0;932.0;1629.0;1339.0;1335.0;1813.0;2080.0;746.0;886.0;1510.0;767.0;1837.0;271.0;1724.0;3022.0;1076.0;215.0;1393.0;1393.0;1361.0;573.0;2507.0;8304.0;1259.0;8304.0;1393.0;307.0;932.0;742.0;102.0;271.0;509.0;921.0;1837.0;770.0;1724.0;1168.0;1091.0;466.0;1402.0;20.0;709.0;262.0;1641.0;1729.0;1067.0;573.0;153.0;123.0;932.0;8304.0;307.0;1962.0;725.0;398.0;1441.0;1724.0;2059.0;767.0;385.0;165.0;686.0;1305.0;378.0;362.0;355.0;1038.0;1165.0;1052.0;1155.0;531.0;613.0;482.0;307.0;466.0;1177.0;541.0;2621.0;307.0;703.0;2735.0;900.0;2652.0;8304.0;1290.0;151.0;8304.0;1017.0;835.0;1305.0;1441.0;4879.0;307.0;2024.0;1305.0;388.0;1729.0;806.0;151.0;1210.0;1425.0;3022.0;5666.0;8304.0;2831.0;1126.0;210.0;596.0;900.0;63.0;869.0;378.0;1724.0;941.0;382.0;1205.0;703.0;4979.0;580.0;932.0;1515.0;63.0;1702.0;3128.0;102.0;1380.0;496.0;1559.0;1675.0;267.0;184.0;1012.0;4383.0;3769.0;625.0;0.0;1305.0;9800.0
400;1059.0;783.0;2473.0;439.0;177.0;228.0;138.0;1163.0;771.0;423.0;1011.0;327.0;8774.0;2598.0;2095.0;8996.0;1011.0;1635.0;406.0;3863.0;535.0;752.0;3883.0;2533.0;1762.0;326.0;1073.0;719.0;155.0;419.0;1287.0;718.0;1536.0;232.0;1024.0;1541.0;1058.0;771.0;1678.0;1369.0;140.0;138.0;1355.0;337.0;924.0;2920.0;406.0;1011.0;839.0;353.0;447.0;1189.0;984.0;3870.0;1254.0;10.0;1287.0;399.0;786.0;1936.0;317.0;193.0;2195.0;3917.0;810.0;984.0;1395.0;1163.0;696.0;9780.0;1942.0;839.0;3870.0;3906.0;559.0;1011.0;474.0;138.0;1293.0;8774.0;10.0;847.0;1011.0;559.0;127.0;698.0;1541.0;423.0;337.0;1045.0;3955.0;559.0;2663.0;8774.0;1524.0;752.0;1602.0;1143.0;718.0;3769.0;771.0;1188.0;1011.0;450.0;1142.0;677.0;739.0;513.0;752.0;968.0;808.0;1861.0;2505.0;559.0;1275.0;322.0;1011.0;1428.0;1369.0;353.0;1065.0;968.0;641.0;8774.0;2175.0;10.0;1287.0;1308.0;461.0;838.0;383.0;1678.0;3883.0;4399.0;752.0;514.0;1369.0;1117.0;783.0;1369.0;9041.0;1260.0;1936.0;535.0;2149.0;1735.0;1369.0;1647.0;1549.0;1356.0;1094.0;9235.0;116.0;1369.0;1678.0;1458.0;1849.0;177.0;1163.0;1058.0;1407.0;144.0;1369.0;1287.0;771.0;1416.0;177.0;30.0;1978.0;775.0;830.0;507.0;1002.0;547.0;559.0;1037.0;1369.0;4266.0;2059.0;1097.0;193.0;193.0;180.0;1669.0;2147.0;8774.0;834.0;8774.0;193.0;1011.0;771.0;587.0;1215.0;1037.0;1070.0;419.0;559.0;836.0;1369.0;541.0;215.0;848.0;1019.0;1308.0;598.0;1148.0;850.0;1287.0;752.0;1669.0;1258.0;1387.0;771.0;8774.0;1011.0;1524.0;592.0;1578.0;1678.0;1369.0;754.0;547.0;1369.0;1142.0;859.0;10.0;936.0;943.0;1541.0;267.0;362.0;255.0;1750.0;833.0;718.0;1652.0;1011.0;848.0;219.0;783.0;2280.0;1011.0;615.0;2401.0;423.0;2312.0;8774.0;56.0;1450.0;8774.0;331.0;540.0;10.0;1678.0;3799.0;1011.0;719.0;10.0;1334.0;1287.0;514.0;1450.0;165.0;998.0;4266.0;4363.0;8774.0;2533.0;716.0;1117.0;718.0;423.0;1247.0;960.0;936.0;1369.0;386.0;980.0;138.0;615.0;3800.0;748.0;771.0;1437.0;1247.0;1310.0;2055.0;1215.0;282.0;1087.0;388.0;1402.0;1103.0;1143.0;353.0;3518.0;2836.0;1735.0;1305.0;0.0;9200.0
WH;9800.0;9600.0;10400.0;9500.0;9300.0;9400.0;9100.0;9800.0;9000.0;9500.0;9700.0;9400.0;17900.0;11600.0;11000.0;18200.0;9700.0;10700.0;8800.0;5500.0;9500.0;8800.0;6300.0;11500.0;9600.0;9400.0;10100.0;9100.0;9300.0;9500.0;8100.0;9600.0;10500.0;9400.0;9700.0;9700.0;10100.0;9000.0;8500.0;8100.0;9300.0;9100.0;9800.0;9400.0;8500.0;12100.0;8800.0;9700.0;10000.0;9500.0;9600.0;10000.0;10100.0;5500.0;9800.0;9200.0;8100.0;9500.0;9700.0;9100.0;9500.0;9300.0;11200.0;6200.0;9900.0;10100.0;9800.0;9800.0;9200.0;15300.0;10900.0;10000.0;5500.0;11600.0;8800.0;9700.0;9300.0;9100.0;9900.0;17900.0;9200.0;9700.0;9700.0;8800.0;9100.0;9200.0;9700.0;9500.0;9400.0;9800.0;5700.0;8800.0;11600.0;17900.0;10600.0;8800.0;9700.0;9800.0;9600.0;5800.0;9000.0;9900.0;9700.0;9600.0;9800.0;9500.0;9800.0;9600.0;8800.0;9700.0;9700.0;9000.0;11500.0;8800.0;10400.0;9500.0;9700.0;10000.0;8100.0;9500.0;10200.0;9700.0;9600.0;17900.0;9500.0;9200.0;8100.0;9800.0;9400.0;9900.0;9300.0;8500.0;6300.0;7900.0;8800.0;9500.0;8100.0;9800.0;9600.0;8100.0;18200.0;9800.0;9100.0;9500.0;9500.0;9600.0;8100.0;10600.0;10600.0;10000.0;9800.0;14700.0;9300.0;8100.0;8500.0;10600.0;10900.0;9400.0;9800.0;10100.0;9800.0;9200.0;8100.0;8100.0;9000.0;10600.0;9300.0;9200.0;11200.0;8900.0;9900.0;9600.0;8400.0;9500.0;8800.0;9700.0;8100.0;10900.0;9400.0;9800.0;9300.0;9300.0;9300.0;9600.0;11100.0;17900.0;10000.0;17900.0;9300.0;9700.0;9000.0;9600.0;9800.0;9700.0;10000.0;9500.0;8800.0;9900.0;8100.0;9700.0;9300.0;9600.0;10200.0;9800.0;9400.0;9900.0;9900.0;8100.0;8800.0;9600.0;9900.0;9800.0;9000.0;17900.0;9700.0;10600.0;9500.0;9700.0;8500.0;8100.0;8900.0;9500.0;10200.0;9800.0;9900.0;9200.0;9700.0;9600.0;9700.0;9300.0;9500.0;9300.0;10800.0;9700.0;9600.0;10300.0;9700.0;9600.0;9400.0;9600.0;11300.0;9700.0;9500.0;11400.0;9500.0;11300.0;17900.0;9200.0;9900.0;17900.0;9400.0;9600.0;9200.0;8500.0;5900.0;9700.0;8900.0;9200.0;10100.0;8100.0;9500.0;9900.0;9300.0;10200.0;10900.0;8000.0;17900.0;11500.0;9900.0;9800.0;9600.0;9500.0;9800.0;10100.0;9700.0;8100.0;9400.0;9800.0;9100.0;9500.0;6400.0;9600.0;9000.0;10600.0;9800.0;10400.0;10000.0;9800.0;9400.0;10000.0;8800.0;10500.0;9800.0;9800.0;9500.0;11300.0;10700.0;9600.0;9800.0;9200.0;0.0
