;101;102;103;104;105;106;107;108;109;110;111;112;113;114;115;116;117;118;119;120;121;122;123;124;125;126;127;128;129;130;131;132;133;134;135;136;137;138;139;140;141;142;143;144;145;146;147;148;149;150;151;152;153;154;155;156;157;158;159;160;161;162;163;164;165;166;167;168;169;170;171;172;173;174;175;176;177;178;179;180;181;182;183;184;185;186;187;188;189;190;191;192;193;194;195;196;197;198;199;200;201;202;203;204;205;206;207;208;209;210;211;212;213;214;215;216;217;218;219;220;221;222;223;224;225;226;227;228;229;230;231;232;233;234;235;236;237;238;239;240;241;242;243;244;245;246;247;248;249;250;251;252;253;254;255;256;257;258;259;260;261;262;263;264;265;266;267;268;269;270;271;272;273;274;275;276;277;278;279;280;281;282;283;284;285;286;287;288;289;290;291;292;293;294;295;296;297;298;299;300;301;302;303;304;305;306;307;308;309;310;311;312;313;314;315;316;317;318;319;320;321;322;323;324;325;326;327;328;329;330;331;332;333;334;335;336;337;338;339;340;341;342;343;344;345;346;347;348;349;350;351;352;353;354;355;356;357;358;359;360;361;362;363;364;365;366;367;368;369;370;371;372;373;374;375;376;377;378;379;380;381;382;383;384;385;386;387;388;389;390;391;392;393;394;395;396;397;398;399;400;WH
101;0.0;24.0;278.0;55.0;93.0;92.0;84.0;9.0;70.0;56.0;4.0;102.0;716.0;235.0;110.0;737.0;4.0;155.0;115.0;405.0;46.0;81.0;420.0;228.0;77.0;105.0;127.0;58.0;96.0;57.0;142.0;29.0;159.0;76.0;4.0;52.0;128.0;70.0;129.0;144.0;94.0;84.0;29.0;64.0;169.0;231.0;115.0;4.0;82.0;65.0;69.0;24.0;71.0;404.0;20.0;91.0;142.0;102.0;29.0;113.0;81.0;98.0;203.0;422.0;43.0;71.0;34.0;9.0;53.0;757.0;184.0;82.0;404.0;391.0;138.0;4.0;56.0;84.0;20.0;716.0;91.0;19.0;4.0;138.0;100.0;48.0;52.0;56.0;64.0;6.0;418.0;138.0;241.0;716.0;150.0;81.0;58.0;7.0;29.0;403.0;70.0;13.0;4.0;64.0;10.0;33.0;39.0;56.0;81.0;8.0;27.0;115.0;229.0;138.0;125.0;69.0;4.0;32.0;144.0;65.0;78.0;8.0;39.0;716.0;117.0;91.0;142.0;24.0;52.0;46.0;61.0;129.0;420.0;472.0;81.0;47.0;144.0;5.0;24.0;144.0;741.0;19.0;113.0;46.0;116.0;74.0;144.0;168.0;149.0;26.0;3.0;710.0;82.0;144.0;129.0;110.0;102.0;86.0;9.0;128.0;34.0;102.0;144.0;142.0;70.0;123.0;93.0;94.0;145.0;158.0;43.0;54.0;121.0;44.0;138.0;5.0;144.0;284.0;112.0;5.0;98.0;98.0;95.0;69.0;199.0;716.0;87.0;716.0;98.0;4.0;70.0;42.0;14.0;5.0;27.0;57.0;138.0;45.0;144.0;78.0;73.0;18.0;100.0;24.0;41.0;11.0;119.0;142.0;81.0;69.0;17.0;33.0;70.0;716.0;4.0;150.0;41.0;55.0;129.0;144.0;156.0;44.0;34.0;10.0;38.0;91.0;11.0;13.0;52.0;69.0;78.0;70.0;94.0;23.0;30.0;54.0;4.0;18.0;79.0;24.0;209.0;4.0;39.0;219.0;56.0;212.0;716.0;90.0;36.0;716.0;65.0;49.0;91.0;129.0;407.0;4.0;153.0;91.0;32.0;142.0;47.0;36.0;82.0;102.0;284.0;468.0;716.0;228.0;75.0;5.0;29.0;56.0;18.0;55.0;11.0;144.0;59.0;10.0;84.0;39.0;413.0;27.0;70.0;114.0;18.0;127.0;247.0;14.0;96.0;27.0;116.0;126.0;6.0;7.0;65.0;357.0;303.0;74.0;23.0;91.0;702.0
102;24.0;0.0;257.0;31.0;69.0;68.0;61.0;33.0;60.0;31.0;20.0;79.0;723.0;225.0;123.0;744.0;20.0;143.0;94.0;387.0;22.0;69.0;399.0;219.0;96.0;81.0;109.0;47.0;72.0;33.0;132.0;6.0;144.0;52.0;22.0;72.0;110.0;60.0;131.0;135.0;70.0;61.0;52.0;39.0;146.0;230.0;94.0;20.0;66.0;41.0;46.0;38.0;60.0;387.0;43.0;68.0;132.0;79.0;11.0;126.0;57.0;74.0;192.0;401.0;29.0;60.0;57.0;33.0;40.0;781.0;172.0;66.0;387.0;373.0;115.0;20.0;35.0;61.0;44.0;723.0;68.0;6.0;20.0;115.0;76.0;35.0;72.0;31.0;39.0;23.0;400.0;115.0;231.0;723.0;136.0;69.0;79.0;32.0;6.0;384.0;60.0;35.0;20.0;40.0;32.0;12.0;20.0;33.0;69.0;17.0;10.0;125.0;218.0;115.0;111.0;45.0;20.0;56.0;135.0;41.0;68.0;16.0;15.0;723.0;136.0;68.0;132.0;47.0;28.0;33.0;38.0;131.0;399.0;448.0;69.0;23.0;135.0;29.0;3.0;135.0;747.0;43.0;126.0;22.0;134.0;93.0;135.0;153.0;136.0;49.0;27.0;734.0;58.0;135.0;131.0;104.0;110.0;62.0;33.0;110.0;57.0;78.0;135.0;132.0;60.0;112.0;69.0;70.0;143.0;134.0;29.0;30.0;109.0;20.0;115.0;23.0;135.0;307.0;129.0;28.0;74.0;74.0;71.0;88.0;188.0;723.0;70.0;723.0;74.0;20.0;60.0;17.0;38.0;23.0;31.0;33.0;115.0;32.0;135.0;56.0;49.0;7.0;85.0;47.0;20.0;32.0;99.0;132.0;69.0;88.0;41.0;55.0;60.0;723.0;20.0;136.0;17.0;76.0;131.0;135.0;132.0;20.0;52.0;32.0;26.0;68.0;14.0;17.0;72.0;45.0;54.0;47.0;102.0;8.0;6.0;76.0;20.0;7.0;55.0;1.0;199.0;20.0;15.0;209.0;31.0;201.0;723.0;66.0;60.0;723.0;41.0;26.0;68.0;131.0;388.0;20.0;129.0;68.0;50.0;132.0;23.0;60.0;58.0;86.0;307.0;444.0;723.0;219.0;56.0;29.0;6.0;31.0;41.0;46.0;14.0;135.0;35.0;17.0;61.0;15.0;392.0;3.0;60.0;106.0;41.0;114.0;225.0;38.0;72.0;32.0;94.0;115.0;28.0;32.0;41.0;339.0;284.0;93.0;47.0;68.0;696.0
103;278.0;257.0;0.0;231.0;201.0;199.0;225.0;284.0;280.0;233.0;275.0;188.0;701.0;155.0;298.0;714.0;275.0;154.0;227.0;420.0;238.0;278.0;360.0;156.0;353.0;187.0;154.0;274.0;201.0;229.0;311.0;255.0;136.0;215.0;277.0;329.0;152.0;280.0;358.0;320.0;203.0;225.0;306.0;226.0;202.0;237.0;227.0;275.0;198.0;222.0;212.0;272.0;214.0;425.0;298.0;214.0;311.0;184.0;249.0;378.0;204.0;198.0;145.0;367.0;235.0;214.0;312.0;284.0;271.0;1019.0;141.0;198.0;425.0;127.0;202.0;275.0;250.0;225.0;293.0;701.0;214.0;262.0;275.0;202.0;215.0;269.0;329.0;233.0;226.0;273.0;405.0;202.0;156.0;701.0;150.0;278.0;336.0;285.0;255.0;391.0;280.0;282.0;275.0;218.0;287.0;255.0;239.0;225.0;278.0;273.0;251.0;373.0;149.0;202.0;166.0;218.0;275.0;305.0;320.0;222.0;212.0;271.0;243.0;701.0;392.0;214.0;311.0;302.0;240.0;233.0;241.0;358.0;360.0;302.0;278.0;239.0;320.0;282.0;259.0;320.0;719.0;296.0;378.0;238.0;391.0;351.0;320.0;133.0;155.0;296.0;279.0;975.0;216.0;320.0;358.0;203.0;267.0;207.0;284.0;152.0;311.0;202.0;320.0;311.0;280.0;181.0;201.0;212.0;219.0;175.0;236.0;228.0;291.0;243.0;202.0;279.0;320.0;559.0;385.0;283.0;198.0;198.0;200.0;345.0;145.0;701.0;192.0;701.0;198.0;275.0;280.0;242.0;292.0;279.0;259.0;229.0;202.0;234.0;320.0;201.0;225.0;264.0;184.0;302.0;253.0;279.0;159.0;311.0;278.0;345.0;290.0;311.0;280.0;701.0;275.0;150.0;245.0;333.0;358.0;320.0;176.0;243.0;285.0;287.0;241.0;214.0;270.0;274.0;329.0;230.0;206.0;230.0;262.0;256.0;251.0;308.0;275.0;264.0;212.0;257.0;147.0;275.0;246.0;149.0;233.0;147.0;701.0;211.0;313.0;701.0;223.0;233.0;214.0;358.0;385.0;275.0;177.0;214.0;282.0;311.0;239.0;313.0;212.0;181.0;559.0;298.0;701.0;156.0;203.0;282.0;255.0;233.0;295.0;229.0;270.0;320.0;230.0;268.0;225.0;246.0;352.0;254.0;280.0;196.0;295.0;166.0;39.0;292.0;193.0;261.0;224.0;175.0;277.0;285.0;222.0;96.0;36.0;351.0;300.0;214.0;744.0
104;55.0;31.0;231.0;0.0;38.0;37.0;34.0;64.0;60.0;3.0;51.0;48.0;732.0;216.0;145.0;752.0;51.0;131.0;68.0;367.0;9.0;65.0;373.0;209.0;124.0;50.0;90.0;49.0;41.0;2.0;125.0;26.0;128.0;21.0;53.0;102.0;90.0;60.0;140.0;130.0;39.0;34.0;83.0;9.0;118.0;231.0;68.0;51.0;53.0;10.0;20.0;65.0;58.0;367.0;74.0;38.0;125.0;49.0;30.0;148.0;27.0;43.0;181.0;375.0;34.0;58.0;87.0;64.0;44.0;811.0;160.0;53.0;367.0;350.0;86.0;51.0;24.0;34.0;75.0;732.0;38.0;37.0;51.0;86.0;48.0;41.0;102.0;3.0;9.0;53.0;377.0;86.0;221.0;732.0;123.0;65.0;108.0;63.0;26.0;361.0;60.0;66.0;51.0;14.0;63.0;25.0;27.0;12.0;65.0;48.0;32.0;144.0;208.0;86.0;99.0;15.0;51.0;87.0;130.0;10.0;66.0;47.0;18.0;732.0;162.0;38.0;125.0;78.0;10.0;38.0;19.0;140.0;373.0;417.0;65.0;8.0;130.0;60.0;32.0;130.0;756.0;74.0;148.0;9.0;160.0;121.0;130.0;138.0;124.0;80.0;58.0;765.0;28.0;130.0;140.0;103.0;126.0;31.0;64.0;90.0;87.0;48.0;130.0;125.0;60.0;105.0;38.0;40.0;146.0;103.0;36.0;9.0;100.0;12.0;86.0;54.0;130.0;337.0;154.0;59.0;43.0;43.0;40.0;116.0;177.0;732.0;56.0;732.0;43.0;51.0;60.0;14.0;69.0;54.0;55.0;2.0;86.0;37.0;130.0;33.0;20.0;37.0;73.0;78.0;22.0;62.0;76.0;125.0;65.0;116.0;72.0;86.0;60.0;732.0;51.0;123.0;15.0;105.0;140.0;130.0;102.0;12.0;80.0;63.0;37.0;38.0;45.0;47.0;102.0;18.0;25.0;20.0;117.0;34.0;25.0;105.0;51.0;37.0;24.0;31.0;188.0;51.0;17.0;199.0;3.0;191.0;732.0;35.0;91.0;732.0;10.0;9.0;38.0;140.0;364.0;51.0;99.0;38.0;77.0;125.0;8.0;91.0;27.0;73.0;337.0;414.0;732.0;209.0;42.0;60.0;26.0;3.0;72.0;50.0;45.0;130.0;5.0;47.0;34.0;17.0;366.0;28.0;60.0;103.0;72.0;102.0;198.0;69.0;42.0;56.0;68.0;106.0;58.0;63.0;10.0;316.0;260.0;121.0;78.0;38.0;684.0
105;93.0;69.0;201.0;38.0;0.0;5.0;25.0;102.0;79.0;38.0;89.0;14.0;745.0;209.0;175.0;764.0;89.0;126.0;48.0;344.0;47.0;79.0;342.0;204.0;159.0;15.0;78.0;73.0;4.0;36.0;126.0;64.0;117.0;17.0;91.0;139.0;76.0;79.0;159.0;134.0;3.0;25.0;121.0;30.0;85.0;239.0;48.0;89.0;60.0;29.0;31.0;101.0;75.0;345.0;112.0;15.0;126.0;19.0;67.0;178.0;17.0;5.0;175.0;345.0;65.0;75.0;125.0;102.0;70.0;849.0;153.0;60.0;345.0;324.0;54.0;89.0;49.0;25.0;113.0;745.0;15.0;75.0;89.0;54.0;24.0;69.0;139.0;38.0;30.0;91.0;351.0;54.0;215.0;745.0;117.0;79.0;144.0;101.0;64.0;335.0;79.0;103.0;89.0;33.0;101.0;62.0;61.0;40.0;79.0;86.0;69.0;172.0;201.0;54.0;96.0;24.0;89.0;125.0;134.0;29.0;81.0;85.0;55.0;745.0;196.0;15.0;126.0;116.0;43.0;67.0;41.0;159.0;342.0;380.0;79.0;46.0;134.0;98.0;70.0;134.0;768.0;112.0;178.0;47.0;194.0;157.0;134.0;127.0;119.0;118.0;96.0;803.0;15.0;134.0;159.0;114.0;152.0;7.0;102.0;76.0;125.0;14.0;134.0;126.0;79.0;109.0;1.0;15.0;158.0;66.0;67.0;41.0;102.0;50.0;54.0;92.0;134.0;375.0;187.0;97.0;5.0;5.0;2.0;151.0;170.0;745.0;59.0;745.0;5.0;89.0;79.0;52.0;107.0;92.0;90.0;36.0;54.0;67.0;134.0;35.0;24.0;75.0;74.0;116.0;57.0;100.0;58.0;126.0;79.0;151.0;110.0;124.0;79.0;745.0;89.0;117.0;53.0;142.0;159.0;134.0;65.0;50.0;117.0;101.0;70.0;15.0;83.0;85.0;139.0;30.0;21.0;30.0;143.0;72.0;63.0;142.0;89.0;75.0;14.0;69.0;182.0;89.0;55.0;192.0;38.0;185.0;745.0;11.0;129.0;745.0;28.0;45.0;15.0;159.0;337.0;89.0;62.0;15.0;114.0;126.0;46.0;129.0;11.0;72.0;375.0;376.0;745.0;204.0;51.0;98.0;64.0;38.0;110.0;75.0;83.0;134.0;34.0;85.0;25.0;55.0;334.0;66.0;79.0;111.0;110.0;99.0;166.0;107.0;9.0;91.0;46.0;107.0;96.0;101.0;29.0;290.0;232.0;157.0;116.0;15.0;672.0
106;92.0;68.0;199.0;37.0;5.0;0.0;29.0;100.0;82.0;37.0;88.0;12.0;740.0;205.0;171.0;759.0;88.0;122.0;53.0;349.0;46.0;82.0;346.0;199.0;159.0;14.0;73.0;75.0;8.0;35.0;131.0;63.0;113.0;17.0;89.0;138.0;72.0;82.0;162.0;138.0;8.0;29.0;119.0;29.0;89.0;234.0;53.0;88.0;55.0;27.0;27.0;98.0;70.0;350.0;111.0;20.0;131.0;16.0;65.0;179.0;13.0;8.0;170.0;349.0;62.0;70.0;124.0;100.0;72.0;848.0;148.0;55.0;350.0;322.0;59.0;88.0;50.0;29.0;111.0;740.0;20.0;73.0;88.0;59.0;29.0;70.0;138.0;37.0;29.0;89.0;355.0;59.0;210.0;740.0;112.0;82.0;144.0;99.0;63.0;339.0;82.0;101.0;88.0;30.0;100.0;61.0;58.0;38.0;82.0;85.0;67.0;174.0;197.0;59.0;91.0;22.0;88.0;124.0;138.0;27.0;77.0;84.0;53.0;740.0;197.0;20.0;131.0;115.0;43.0;63.0;42.0;162.0;346.0;382.0;82.0;45.0;138.0;97.0;69.0;138.0;763.0;110.0;179.0;46.0;195.0;157.0;138.0;123.0;114.0;116.0;94.0;802.0;17.0;138.0;162.0;109.0;147.0;8.0;100.0;72.0;124.0;18.0;138.0;131.0;82.0;104.0;5.0;20.0;154.0;69.0;63.0;39.0;106.0;49.0;59.0;91.0;138.0;374.0;188.0;96.0;8.0;8.0;6.0;151.0;166.0;740.0;54.0;740.0;8.0;88.0;82.0;50.0;106.0;91.0;87.0;35.0;59.0;63.0;138.0;30.0;26.0;74.0;69.0;115.0;56.0;98.0;54.0;131.0;82.0;151.0;108.0;123.0;82.0;740.0;88.0;112.0;52.0;142.0;162.0;138.0;68.0;49.0;114.0;100.0;67.0;20.0;82.0;84.0;138.0;31.0;17.0;31.0;139.0;70.0;62.0;140.0;88.0;74.0;13.0;68.0;177.0;88.0;54.0;188.0;37.0;180.0;740.0;15.0;127.0;740.0;27.0;43.0;20.0;162.0;341.0;88.0;65.0;20.0;111.0;131.0;45.0;127.0;12.0;67.0;374.0;379.0;740.0;199.0;46.0;97.0;63.0;37.0;109.0;71.0;82.0;138.0;34.0;83.0;29.0;54.0;338.0;64.0;82.0;106.0;109.0;94.0;164.0;106.0;6.0;89.0;51.0;102.0;94.0;99.0;27.0;288.0;230.0;157.0;114.0;20.0;678.0
107;84.0;61.0;225.0;34.0;25.0;29.0;0.0;93.0;55.0;31.0;80.0;39.0;761.0;233.0;178.0;781.0;80.0;149.0;35.0;334.0;41.0;53.0;339.0;227.0;141.0;39.0;101.0;50.0;25.0;32.0;103.0;55.0;141.0;22.0;80.0;123.0;100.0;55.0;133.0;109.0;23.0;1.0;108.0;26.0;86.0;257.0;35.0;80.0;77.0;29.0;40.0;97.0;87.0;334.0;100.0;12.0;103.0;45.0;63.0;155.0;33.0;28.0;198.0;342.0;68.0;87.0;111.0;93.0;49.0;835.0;176.0;77.0;334.0;349.0;55.0;80.0;31.0;1.0;104.0;761.0;12.0;66.0;80.0;55.0;16.0;49.0;123.0;31.0;26.0;83.0;343.0;55.0;238.0;761.0;139.0;53.0;128.0;91.0;55.0;327.0;55.0;95.0;80.0;39.0;90.0;50.0;60.0;42.0;53.0;76.0;64.0;149.0;225.0;55.0;117.0;28.0;80.0;115.0;109.0;29.0;94.0;76.0;50.0;761.0;177.0;12.0;103.0;104.0;33.0;71.0;24.0;133.0;339.0;389.0;53.0;38.0;109.0;89.0;60.0;109.0;785.0;100.0;155.0;41.0;174.0;139.0;109.0;151.0;141.0;110.0;87.0;788.0;13.0;109.0;133.0;130.0;159.0;22.0;93.0;100.0;112.0;24.0;109.0;103.0;55.0;128.0;25.0;14.0;174.0;76.0;69.0;41.0;78.0;41.0;55.0;81.0;109.0;358.0;166.0;87.0;28.0;28.0;26.0;133.0;194.0;761.0;77.0;761.0;28.0;80.0;55.0;45.0;97.0;81.0;88.0;32.0;55.0;70.0;109.0;51.0;14.0;66.0;94.0;104.0;43.0;92.0;83.0;103.0;53.0;133.0;101.0;111.0;55.0;761.0;80.0;139.0;44.0;126.0;133.0;109.0;75.0;41.0;112.0;90.0;71.0;12.0;73.0;73.0;123.0;16.0;36.0;14.0;150.0;66.0;56.0;136.0;80.0;66.0;23.0;61.0;205.0;80.0;46.0;216.0;31.0;208.0;761.0;15.0;116.0;761.0;26.0;43.0;12.0;133.0;330.0;80.0;72.0;12.0;110.0;103.0;38.0;116.0;19.0;92.0;358.0;385.0;761.0;227.0;65.0;89.0;55.0;31.0;99.0;82.0;73.0;109.0;29.0;78.0;1.0;46.0;332.0;58.0;55.0;128.0;99.0;120.0;189.0;97.0;34.0;89.0;34.0;127.0;88.0;91.0;29.0;315.0;257.0;139.0;104.0;12.0;660.0
108;9.0;33.0;284.0;64.0;102.0;100.0;93.0;0.0;77.0;65.0;13.0;111.0;712.0;237.0;104.0;733.0;13.0;158.0;124.0;412.0;55.0;89.0;429.0;230.0;72.0;113.0;132.0;66.0;105.0;66.0;149.0;38.0;164.0;85.0;12.0;46.0;134.0;77.0;132.0;150.0;103.0;93.0;22.0;72.0;178.0;230.0;124.0;13.0;88.0;74.0;77.0;22.0;75.0;411.0;15.0;100.0;149.0;111.0;37.0;111.0;89.0;107.0;205.0;431.0;49.0;75.0;28.0;1.0;60.0;748.0;187.0;88.0;411.0;397.0;148.0;13.0;65.0;93.0;11.0;712.0;100.0;27.0;13.0;148.0;109.0;56.0;46.0;65.0;72.0;12.0;427.0;148.0;243.0;712.0;154.0;89.0;53.0;3.0;38.0;411.0;77.0;6.0;13.0;72.0;7.0;42.0;46.0;64.0;89.0;17.0;34.0;114.0;231.0;148.0;129.0;78.0;13.0;23.0;150.0;74.0;81.0;17.0;47.0;712.0;112.0;100.0;149.0;17.0;61.0;52.0;70.0;132.0;429.0;481.0;89.0;56.0;150.0;4.0;33.0;150.0;736.0;12.0;111.0;55.0;111.0;69.0;150.0;172.0;152.0;17.0;6.0;702.0;91.0;150.0;132.0;112.0;98.0;95.0;1.0;134.0;27.0;111.0;150.0;149.0;77.0;126.0;102.0;103.0;145.0;167.0;48.0;62.0;128.0;53.0;148.0;12.0;150.0;276.0;108.0;7.0;107.0;107.0;104.0;65.0;202.0;712.0;93.0;712.0;107.0;13.0;77.0;50.0;8.0;12.0;29.0;66.0;148.0;50.0;150.0;85.0;82.0;27.0;105.0;17.0;50.0;8.0;126.0;149.0;89.0;65.0;8.0;27.0;77.0;712.0;13.0;154.0;49.0;50.0;132.0;150.0;165.0;53.0;27.0;7.0;43.0;100.0;20.0;21.0;46.0;78.0;86.0;79.0;91.0;31.0;39.0;45.0;13.0;27.0;88.0;33.0;212.0;13.0;47.0;222.0;65.0;214.0;712.0;99.0;29.0;712.0;74.0;58.0;100.0;132.0;416.0;13.0;162.0;100.0;26.0;149.0;56.0;29.0;91.0;107.0;276.0;477.0;712.0;230.0;81.0;4.0;38.0;65.0;11.0;59.0;20.0;150.0;68.0;17.0;93.0;47.0;422.0;36.0;77.0;116.0;11.0;131.0;254.0;8.0;105.0;28.0;125.0;129.0;7.0;3.0;74.0;363.0;310.0;69.0;16.0;100.0;708.0
109;70.0;60.0;280.0;60.0;79.0;82.0;55.0;77.0;0.0;57.0;67.0;93.0;783.0;276.0;180.0;803.0;67.0;191.0;67.0;336.0;58.0;12.0;359.0;269.0;98.0;94.0;148.0;13.0;79.0;61.0;73.0;55.0;188.0;68.0;66.0;86.0;148.0;1.0;81.0;75.0;77.0;55.0;82.0;60.0;122.0;288.0;67.0;67.0;113.0;65.0;79.0;93.0;114.0;334.0;75.0;67.0;73.0;98.0;69.0;102.0;80.0;82.0;241.0;360.0;85.0;114.0;82.0;77.0;19.0;792.0;220.0;113.0;334.0;403.0;97.0;67.0;36.0;55.0;87.0;783.0;67.0;62.0;67.0;97.0;67.0;24.0;86.0;57.0;60.0;74.0;352.0;97.0;281.0;783.0;183.0;12.0;89.0;74.0;55.0;336.0;1.0;83.0;67.0;74.0;71.0;50.0;75.0;71.0;12.0;64.0;69.0;95.0;268.0;97.0;159.0;68.0;67.0;94.0;75.0;65.0;123.0;66.0;62.0;783.0;128.0;67.0;73.0;80.0;51.0;89.0;43.0;81.0;359.0;427.0;12.0;56.0;75.0;73.0;57.0;75.0;807.0;78.0;102.0;58.0;125.0;96.0;75.0;197.0;184.0;93.0;73.0;744.0;64.0;75.0;81.0;160.0;169.0;74.0;77.0;148.0;84.0;78.0;75.0;73.0;1.0;165.0;79.0;69.0;202.0;124.0;86.0;68.0;51.0;53.0;97.0;65.0;75.0;313.0;116.0;70.0;82.0;82.0;80.0;91.0;237.0;783.0;116.0;783.0;82.0;67.0;1.0;58.0;77.0;65.0;90.0;61.0;97.0;88.0;75.0;93.0;57.0;59.0;133.0;80.0;44.0;81.0;132.0;73.0;12.0;91.0;85.0;82.0;1.0;783.0;67.0;183.0;55.0;88.0;81.0;75.0;123.0;53.0;104.0;71.0;84.0;67.0;62.0;58.0;86.0;52.0;80.0;51.0;161.0;67.0;60.0;121.0;67.0;59.0;71.0;60.0;248.0;67.0;55.0;259.0;57.0;251.0;783.0;69.0;89.0;783.0;63.0;65.0;67.0;81.0;342.0;67.0;120.0;67.0;102.0;73.0;56.0;89.0;70.0;133.0;313.0;424.0;783.0;269.0;101.0;73.0;55.0;57.0;78.0;103.0;62.0;75.0;58.0;71.0;55.0;55.0;352.0;60.0;1.0;161.0;78.0;162.0;244.0;77.0;88.0;91.0;69.0;166.0;77.0;74.0;65.0;369.0;311.0;96.0;80.0;67.0;648.0
110;56.0;31.0;233.0;3.0;38.0;37.0;31.0;65.0;57.0;0.0;52.0;49.0;736.0;219.0;147.0;755.0;52.0;134.0;66.0;364.0;10.0;62.0;371.0;213.0;123.0;51.0;92.0;46.0;40.0;4.0;121.0;26.0;131.0;21.0;53.0;101.0;93.0;57.0;137.0;126.0;38.0;31.0;83.0;8.0;116.0;235.0;66.0;52.0;56.0;11.0;23.0;66.0;61.0;364.0;74.0;37.0;121.0;50.0;31.0;146.0;29.0;43.0;184.0;373.0;37.0;61.0;87.0;65.0;41.0;811.0;163.0;56.0;364.0;352.0;85.0;52.0;21.0;31.0;76.0;736.0;37.0;37.0;52.0;85.0;46.0;38.0;101.0;1.0;8.0;54.0;374.0;85.0;225.0;736.0;126.0;62.0;107.0;63.0;26.0;358.0;57.0;66.0;52.0;17.0;63.0;24.0;29.0;15.0;62.0;48.0;33.0;142.0;211.0;85.0;102.0;15.0;52.0;88.0;126.0;11.0;69.0;48.0;19.0;736.0;161.0;37.0;121.0;78.0;7.0;41.0;16.0;137.0;371.0;416.0;62.0;8.0;126.0;61.0;32.0;126.0;759.0;74.0;146.0;10.0;159.0;120.0;126.0;141.0;127.0;81.0;58.0;765.0;27.0;126.0;137.0;106.0;128.0;31.0;65.0;93.0;87.0;47.0;126.0;121.0;57.0;109.0;38.0;39.0;150.0;103.0;39.0;12.0;96.0;12.0;85.0;54.0;126.0;337.0;152.0;59.0;43.0;43.0;40.0;114.0;180.0;736.0;59.0;736.0;43.0;52.0;57.0;14.0;70.0;54.0;56.0;4.0;85.0;40.0;126.0;36.0;18.0;38.0;76.0;78.0;20.0;63.0;78.0;121.0;62.0;114.0;73.0;86.0;57.0;736.0;52.0;126.0;15.0;104.0;137.0;126.0;101.0;12.0;82.0;63.0;40.0;37.0;45.0;47.0;101.0;16.0;27.0;17.0;120.0;35.0;26.0;106.0;52.0;38.0;24.0;31.0;191.0;52.0;17.0;202.0;1.0;194.0;736.0;34.0;91.0;736.0;10.0;12.0;37.0;137.0;362.0;52.0;98.0;37.0;79.0;121.0;8.0;91.0;27.0;76.0;337.0;413.0;736.0;213.0;45.0;61.0;26.0;1.0;72.0;53.0;45.0;126.0;4.0;48.0;31.0;17.0;364.0;28.0;57.0;106.0;72.0;105.0;199.0;70.0;42.0;58.0;66.0;109.0;59.0;63.0;11.0;318.0;262.0;120.0;78.0;37.0;678.0
111;4.0;20.0;275.0;51.0;89.0;88.0;80.0;13.0;67.0;52.0;0.0;99.0;719.0;235.0;113.0;740.0;1.0;154.0;111.0;401.0;42.0;78.0;416.0;228.0;79.0;101.0;125.0;55.0;92.0;53.0;139.0;25.0;158.0;72.0;2.0;54.0;126.0;67.0;127.0;140.0;90.0;80.0;32.0;60.0;165.0;232.0;111.0;1.0;80.0;61.0;65.0;27.0;70.0;400.0;23.0;87.0;139.0;99.0;26.0;114.0;77.0;94.0;202.0;418.0;41.0;70.0;37.0;13.0;49.0;760.0;183.0;80.0;400.0;389.0;134.0;1.0;52.0;80.0;24.0;719.0;87.0;15.0;1.0;134.0;96.0;44.0;54.0;52.0;60.0;8.0;414.0;134.0;240.0;719.0;149.0;78.0;61.0;11.0;25.0;398.0;67.0;17.0;1.0;60.0;12.0;29.0;36.0;52.0;78.0;4.0;24.0;115.0;228.0;134.0;124.0;66.0;1.0;36.0;140.0;61.0;77.0;4.0;35.0;719.0;119.0;87.0;139.0;27.0;48.0;45.0;56.0;127.0;416.0;467.0;78.0;44.0;140.0;9.0;20.0;140.0;743.0;22.0;114.0;42.0;118.0;76.0;140.0;166.0;148.0;30.0;7.0;714.0;78.0;140.0;127.0;110.0;104.0;82.0;13.0;126.0;37.0;98.0;140.0;139.0;67.0;122.0;89.0;90.0;146.0;154.0;41.0;50.0;118.0;40.0;134.0;5.0;140.0;287.0;113.0;8.0;94.0;94.0;91.0;71.0;198.0;719.0;85.0;719.0;94.0;1.0;67.0;38.0;18.0;5.0;28.0;53.0;134.0;43.0;140.0;75.0;69.0;14.0;99.0;27.0;37.0;15.0;116.0;139.0;78.0;71.0;22.0;36.0;67.0;719.0;1.0;149.0;37.0;58.0;127.0;140.0;152.0;40.0;37.0;12.0;36.0;87.0;7.0;9.0;54.0;65.0;74.0;66.0;97.0;20.0;26.0;58.0;1.0;14.0;75.0;20.0;209.0;1.0;35.0;219.0;52.0;211.0;719.0;86.0;40.0;719.0;62.0;46.0;87.0;127.0;403.0;1.0;149.0;87.0;35.0;139.0;44.0;40.0;78.0;100.0;287.0;464.0;719.0;228.0;73.0;9.0;25.0;52.0;21.0;54.0;7.0;140.0;55.0;9.0;80.0;35.0;409.0;24.0;67.0;114.0;21.0;126.0;244.0;18.0;93.0;28.0;112.0;125.0;10.0;11.0;61.0;355.0;301.0;76.0;27.0;87.0;702.0
112;102.0;79.0;188.0;48.0;14.0;12.0;39.0;111.0;93.0;49.0;99.0;0.0;738.0;198.0;177.0;757.0;99.0;116.0;57.0;348.0;57.0;92.0;341.0;193.0;171.0;3.0;66.0;87.0;15.0;46.0;139.0;74.0;106.0;28.0;100.0;150.0;65.0;93.0;172.0;146.0;16.0;39.0;130.0;41.0;86.0;231.0;57.0;99.0;57.0;38.0;35.0;108.0;74.0;350.0;122.0;28.0;139.0;7.0;75.0;191.0;22.0;12.0;163.0;345.0;70.0;74.0;135.0;111.0;83.0;859.0;142.0;57.0;350.0;310.0;57.0;99.0;62.0;39.0;122.0;738.0;28.0;84.0;99.0;57.0;35.0;82.0;150.0;49.0;41.0;100.0;353.0;57.0;204.0;738.0;106.0;92.0;156.0;110.0;74.0;337.0;93.0;112.0;99.0;40.0;111.0;73.0;67.0;47.0;92.0;95.0;77.0;186.0;190.0;57.0;87.0;33.0;99.0;134.0;146.0;38.0;79.0;95.0;64.0;738.0;209.0;28.0;139.0;126.0;55.0;71.0;54.0;172.0;341.0;373.0;92.0;56.0;146.0;108.0;80.0;146.0;761.0;121.0;191.0;57.0;207.0;169.0;146.0;115.0;109.0;126.0;105.0;813.0;29.0;146.0;172.0;108.0;152.0;20.0;111.0;65.0;135.0;21.0;146.0;139.0;93.0;101.0;14.0;27.0;153.0;62.0;71.0;49.0;114.0;60.0;57.0;102.0;146.0;385.0;200.0;107.0;12.0;12.0;13.0;163.0;159.0;738.0;55.0;738.0;12.0;99.0;93.0;61.0;117.0;102.0;96.0;46.0;57.0;71.0;146.0;34.0;38.0;85.0;68.0;126.0;68.0;108.0;46.0;139.0;92.0;163.0;119.0;134.0;93.0;738.0;99.0;106.0;63.0;153.0;172.0;146.0;61.0;60.0;123.0;111.0;76.0;28.0;93.0;95.0;150.0;43.0;26.0;43.0;144.0;80.0;72.0;149.0;99.0;85.0;25.0;79.0;171.0;99.0;65.0;181.0;49.0;174.0;738.0;25.0;138.0;738.0;38.0;53.0;28.0;172.0;339.0;99.0;58.0;28.0;120.0;139.0;56.0;138.0;24.0;65.0;385.0;370.0;738.0;193.0;49.0;108.0;74.0;49.0;120.0;77.0;93.0;146.0;45.0;94.0;39.0;65.0;334.0;75.0;93.0;105.0;120.0;90.0;153.0;117.0;6.0;97.0;55.0;99.0;105.0;110.0;38.0;277.0;218.0;169.0;125.0;28.0;678.0
113;716.0;723.0;701.0;732.0;745.0;740.0;761.0;712.0;783.0;736.0;719.0;738.0;0.0;563.0;611.0;27.0;719.0;628.0;793.0;1083.0;730.0;792.0;1051.0;566.0;754.0;741.0;677.0;770.0;749.0;733.0;855.0;728.0;645.0;740.0;720.0;736.0;680.0;783.0;842.0;858.0;748.0;761.0;720.0;738.0;819.0;508.0;793.0;719.0;686.0;733.0;721.0;692.0;675.0;1085.0;721.0;758.0;855.0;731.0;714.0;803.0;731.0;747.0;591.0;1056.0;700.0;675.0;725.0;712.0;763.0;966.0;611.0;686.0;1085.0;659.0;794.0;719.0;753.0;761.0;706.0;1.0;758.0;721.0;719.0;794.0;768.0;758.0;736.0;736.0;738.0;711.0;1081.0;794.0;559.0;1.0;638.0;792.0;741.0;715.0;728.0;1066.0;783.0;706.0;719.0;723.0;719.0;734.0;710.0;721.0;792.0;721.0;714.0;812.0;571.0;794.0;653.0;733.0;719.0;706.0;858.0;733.0;667.0;719.0;723.0;1.0;778.0;758.0;855.0;719.0;739.0;696.0;751.0;842.0;1051.0;1000.0;792.0;733.0;858.0;715.0;726.0;858.0;27.0;717.0;803.0;730.0;779.0;752.0;858.0;637.0;634.0;702.0;714.0;953.0;750.0;858.0;842.0;632.0;615.0;743.0;712.0;680.0;721.0;758.0;858.0;855.0;783.0;637.0;745.0;759.0;587.0;787.0;699.0;724.0;831.0;733.0;794.0;722.0;858.0;780.0;784.0;719.0;747.0;747.0;746.0;752.0;595.0;1.0;686.0;1.0;747.0;719.0;783.0;728.0;716.0;722.0;693.0;733.0;794.0;697.0;858.0;711.0;749.0;724.0;671.0;719.0;741.0;706.0;697.0;855.0;792.0;752.0;707.0;723.0;783.0;1.0;719.0;638.0;731.0;738.0;842.0;858.0;786.0;733.0;685.0;719.0;700.0;758.0;722.0;727.0;736.0;749.0;727.0;751.0;622.0;715.0;724.0;679.0;719.0;724.0;740.0;723.0;585.0;719.0;730.0;577.0;736.0;583.0;1.0;753.0;718.0;1.0;736.0;724.0;758.0;842.0;1064.0;719.0;785.0;758.0;686.0;855.0;733.0;718.0;744.0;673.0;780.0;995.0;1.0;566.0;696.0;715.0;728.0;736.0;717.0;683.0;722.0;858.0;736.0;712.0;761.0;730.0;1043.0;723.0;783.0;634.0;717.0;650.0;720.0;716.0;738.0;693.0;791.0;640.0;710.0;715.0;733.0;656.0;679.0;752.0;717.0;758.0;1290.0
114;235.0;225.0;155.0;216.0;209.0;205.0;233.0;237.0;276.0;219.0;235.0;198.0;563.0;0.0;196.0;579.0;235.0;85.0;255.0;524.0;218.0;280.0;487.0;7.0;308.0;200.0;132.0;264.0;212.0;215.0;335.0;227.0;92.0;212.0;237.0;282.0;133.0;276.0;354.0;342.0;213.0;233.0;257.0;217.0;265.0;84.0;255.0;235.0;163.0;211.0;197.0;217.0;166.0;527.0;252.0;224.0;335.0;191.0;215.0;348.0;200.0;209.0;35.0;493.0;197.0;166.0;264.0;237.0;258.0;909.0;57.0;163.0;527.0;200.0;246.0;235.0;240.0;233.0;240.0;563.0;224.0;227.0;235.0;246.0;233.0;255.0;282.0;219.0;217.0;229.0;519.0;246.0;6.0;563.0;93.0;280.0;289.0;239.0;227.0;504.0;276.0;232.0;235.0;202.0;243.0;231.0;206.0;205.0;280.0;234.0;216.0;349.0;8.0;246.0;117.0;209.0;235.0;249.0;342.0;211.0;158.0;232.0;216.0;563.0;347.0;224.0;335.0;253.0;225.0;192.0;234.0;354.0;487.0;454.0;280.0;220.0;342.0;238.0;228.0;342.0;584.0;249.0;348.0;218.0;347.0;305.0;342.0;83.0;92.0;240.0;235.0;869.0;220.0;342.0;354.0;125.0;169.0;210.0;237.0;133.0;261.0;219.0;342.0;335.0;276.0;113.0;209.0;224.0;106.0;232.0;196.0;208.0;310.0;223.0;246.0;239.0;342.0;478.0;344.0;240.0;209.0;209.0;209.0;301.0;39.0;563.0;160.0;563.0;209.0;235.0;276.0;220.0;245.0;239.0;209.0;215.0;246.0;194.0;342.0;184.0;224.0;230.0;143.0;253.0;234.0;230.0;152.0;335.0;280.0;301.0;238.0;262.0;276.0;563.0;235.0;93.0;223.0;285.0;354.0;342.0;232.0;223.0;223.0;243.0;200.0;224.0;233.0;239.0;282.0;227.0;198.0;228.0;169.0;220.0;222.0;238.0;235.0;230.0;210.0;225.0;28.0;235.0;223.0;17.0;219.0;25.0;563.0;220.0;261.0;563.0;214.0;211.0;224.0;354.0;501.0;235.0;231.0;224.0;221.0;335.0;220.0;261.0;214.0;143.0;478.0;450.0;563.0;7.0;174.0;238.0;227.0;219.0;247.0;181.0;233.0;342.0;218.0;226.0;233.0;223.0;479.0;223.0;276.0;121.0;247.0;114.0;162.0;245.0;200.0;209.0;253.0;111.0;231.0;239.0;211.0;171.0;150.0;305.0;252.0;224.0;834.0
115;110.0;123.0;298.0;145.0;175.0;171.0;178.0;104.0;180.0;147.0;113.0;177.0;611.0;196.0;0.0;633.0;113.0;145.0;213.0;510.0;138.0;191.0;516.0;189.0;147.0;180.0;154.0;167.0;178.0;146.0;252.0;129.0;163.0;161.0;113.0;126.0;157.0;180.0;231.0;253.0;177.0;178.0;109.0;153.0;260.0;155.0;213.0;113.0;124.0;151.0;144.0;87.0;104.0;510.0;111.0;181.0;252.0;172.0;117.0;195.0;158.0;179.0;175.0;519.0;111.0;104.0;114.0;104.0;161.0;722.0;166.0;124.0;510.0;387.0;228.0;113.0;158.0;178.0;97.0;611.0;181.0;120.0;113.0;228.0;192.0;156.0;126.0;147.0;153.0;106.0;521.0;228.0;201.0;611.0;148.0;191.0;131.0;107.0;129.0;505.0;180.0;97.0;113.0;142.0;111.0;135.0;118.0;137.0;191.0;116.0;116.0;203.0;193.0;228.0;134.0;153.0;113.0;96.0;253.0;151.0;101.0;114.0;129.0;611.0;178.0;181.0;252.0;108.0;147.0;109.0;159.0;231.0;516.0;545.0;191.0;141.0;253.0;107.0;125.0;253.0;636.0;107.0;195.0;138.0;179.0;145.0;253.0;166.0;144.0;92.0;107.0;680.0;171.0;253.0;231.0;96.0;31.0;169.0;104.0;157.0;110.0;188.0;253.0;252.0;180.0;117.0;175.0;183.0;91.0;239.0;109.0;137.0;230.0;140.0;228.0;115.0;253.0;282.0;181.0;111.0;179.0;179.0;177.0;143.0;173.0;611.0;128.0;611.0;179.0;113.0;180.0;135.0;106.0;115.0;92.0;146.0;228.0;109.0;253.0;142.0;165.0;122.0;126.0;108.0;143.0;99.0;162.0;252.0;191.0;143.0;98.0;113.0;180.0;611.0;113.0;148.0;136.0;128.0;231.0;253.0;237.0;140.0;76.0;111.0;107.0;181.0;117.0;122.0;126.0;163.0;154.0;165.0;37.0;116.0;126.0;69.0;113.0;122.0;163.0;123.0;178.0;113.0;135.0;185.0;147.0;180.0;611.0;177.0;107.0;611.0;153.0;135.0;181.0;231.0;509.0;113.0;235.0;181.0;78.0;252.0;141.0;107.0;167.0;130.0;282.0;541.0;611.0;189.0;128.0;107.0;129.0;147.0;107.0;100.0;117.0;253.0;149.0;109.0;178.0;135.0;509.0;125.0;180.0;103.0;107.0;134.0;279.0;106.0;173.0;91.0;212.0;124.0;103.0;107.0;151.0;355.0;313.0;145.0;107.0;181.0;792.0
116;737.0;744.0;714.0;752.0;764.0;759.0;781.0;733.0;803.0;755.0;740.0;757.0;27.0;579.0;633.0;0.0;740.0;645.0;812.0;1101.0;750.0;813.0;1066.0;582.0;776.0;759.0;695.0;791.0;768.0;753.0;875.0;748.0;662.0;759.0;741.0;758.0;698.0;803.0;864.0;878.0;767.0;781.0;742.0;758.0;837.0;526.0;812.0;740.0;705.0;753.0;741.0;713.0;695.0;1103.0;743.0;777.0;875.0;750.0;734.0;825.0;750.0;766.0;608.0;1072.0;720.0;695.0;747.0;733.0;784.0;993.0;627.0;705.0;1103.0;668.0;812.0;740.0;774.0;781.0;728.0;27.0;777.0;742.0;740.0;812.0;788.0;779.0;758.0;755.0;758.0;732.0;1098.0;812.0;575.0;27.0;656.0;813.0;763.0;736.0;748.0;1082.0;803.0;727.0;740.0;743.0;741.0;754.0;730.0;741.0;813.0;742.0;734.0;835.0;587.0;812.0;671.0;753.0;740.0;728.0;878.0;753.0;687.0;740.0;743.0;27.0;801.0;777.0;875.0;741.0;759.0;716.0;771.0;864.0;1066.0;1012.0;813.0;753.0;878.0;737.0;746.0;878.0;7.0;739.0;825.0;750.0;803.0;775.0;878.0;655.0;652.0;724.0;735.0;980.0;769.0;878.0;864.0;651.0;636.0;762.0;733.0;698.0;743.0;777.0;878.0;875.0;803.0;656.0;764.0;778.0;607.0;805.0;719.0;744.0;851.0;753.0;812.0;743.0;878.0;806.0;807.0;740.0;766.0;766.0;765.0;774.0;611.0;27.0;705.0;27.0;766.0;740.0;803.0;749.0;737.0;743.0;714.0;753.0;812.0;717.0;878.0;731.0;768.0;745.0;690.0;741.0;761.0;727.0;715.0;875.0;813.0;774.0;729.0;745.0;803.0;27.0;740.0;656.0;751.0;760.0;864.0;878.0;804.0;753.0;707.0;741.0;720.0;777.0;743.0;748.0;758.0;769.0;746.0;771.0;643.0;736.0;744.0;701.0;740.0;745.0;759.0;744.0;602.0;740.0;750.0;593.0;755.0;599.0;27.0;772.0;740.0;27.0;756.0;744.0;777.0;864.0;1080.0;740.0;803.0;777.0;708.0;875.0;753.0;740.0;763.0;692.0;806.0;1007.0;27.0;582.0;716.0;737.0;748.0;755.0;738.0;703.0;743.0;878.0;756.0;733.0;781.0;750.0;1058.0;744.0;803.0;653.0;738.0;668.0;735.0;737.0;757.0;713.0;810.0;658.0;731.0;736.0;753.0;666.0;692.0;775.0;739.0;777.0;1308.0
117;4.0;20.0;275.0;51.0;89.0;88.0;80.0;13.0;67.0;52.0;1.0;99.0;719.0;235.0;113.0;740.0;0.0;154.0;111.0;401.0;42.0;78.0;416.0;228.0;79.0;101.0;125.0;55.0;92.0;53.0;139.0;25.0;158.0;72.0;2.0;54.0;126.0;67.0;127.0;140.0;90.0;80.0;32.0;60.0;165.0;232.0;111.0;1.0;80.0;61.0;65.0;27.0;70.0;400.0;23.0;87.0;139.0;99.0;26.0;114.0;77.0;94.0;202.0;418.0;41.0;70.0;37.0;13.0;49.0;760.0;183.0;80.0;400.0;389.0;134.0;1.0;52.0;80.0;24.0;719.0;87.0;15.0;1.0;134.0;96.0;44.0;54.0;52.0;60.0;8.0;414.0;134.0;240.0;719.0;149.0;78.0;61.0;11.0;25.0;398.0;67.0;17.0;1.0;60.0;12.0;29.0;36.0;52.0;78.0;4.0;24.0;115.0;228.0;134.0;124.0;66.0;1.0;36.0;140.0;61.0;77.0;4.0;35.0;719.0;119.0;87.0;139.0;27.0;48.0;45.0;56.0;127.0;416.0;467.0;78.0;44.0;140.0;9.0;20.0;140.0;743.0;22.0;114.0;42.0;118.0;76.0;140.0;166.0;148.0;30.0;7.0;714.0;78.0;140.0;127.0;110.0;104.0;82.0;13.0;126.0;37.0;98.0;140.0;139.0;67.0;122.0;89.0;90.0;146.0;154.0;41.0;50.0;118.0;40.0;134.0;5.0;140.0;287.0;113.0;8.0;94.0;94.0;91.0;71.0;198.0;719.0;85.0;719.0;94.0;1.0;67.0;38.0;18.0;5.0;28.0;53.0;134.0;43.0;140.0;75.0;69.0;14.0;99.0;27.0;37.0;15.0;116.0;139.0;78.0;71.0;22.0;36.0;67.0;719.0;1.0;149.0;37.0;58.0;127.0;140.0;152.0;40.0;37.0;12.0;36.0;87.0;7.0;9.0;54.0;65.0;74.0;66.0;97.0;20.0;26.0;58.0;1.0;14.0;75.0;20.0;209.0;1.0;35.0;219.0;52.0;211.0;719.0;86.0;40.0;719.0;62.0;46.0;87.0;127.0;403.0;1.0;149.0;87.0;35.0;139.0;44.0;40.0;78.0;100.0;287.0;464.0;719.0;228.0;73.0;9.0;25.0;52.0;21.0;54.0;7.0;140.0;55.0;9.0;80.0;35.0;409.0;24.0;67.0;114.0;21.0;126.0;244.0;18.0;93.0;28.0;112.0;125.0;10.0;11.0;61.0;355.0;301.0;76.0;27.0;87.0;702.0
118;155.0;143.0;154.0;131.0;126.0;122.0;149.0;158.0;191.0;134.0;154.0;116.0;628.0;85.0;145.0;645.0;154.0;0.0;173.0;455.0;134.0;196.0;431.0;78.0;230.0;118.0;50.0;180.0;129.0;131.0;251.0;143.0;21.0;128.0;156.0;204.0;53.0;191.0;270.0;258.0;130.0;149.0;179.0;132.0;191.0;121.0;173.0;154.0;78.0;127.0;113.0;139.0;84.0;458.0;173.0;141.0;251.0;109.0;132.0;267.0;116.0;127.0;50.0;436.0;114.0;84.0;186.0;158.0;174.0;867.0;29.0;78.0;458.0;246.0;168.0;154.0;155.0;149.0;163.0;628.0;141.0;145.0;154.0;168.0;150.0;170.0;204.0;134.0;132.0;149.0;455.0;168.0;90.0;628.0;11.0;196.0;211.0;160.0;143.0;439.0;191.0;154.0;154.0;117.0;164.0;147.0;122.0;120.0;196.0;153.0;133.0;268.0;77.0;168.0;32.0;125.0;154.0;173.0;258.0;127.0;77.0;151.0;132.0;628.0;270.0;141.0;251.0;175.0;140.0;110.0;149.0;270.0;431.0;425.0;196.0;136.0;258.0;158.0;145.0;258.0;650.0;170.0;267.0;134.0;269.0;228.0;258.0;21.0;7.0;164.0;155.0;825.0;136.0;258.0;270.0;53.0;114.0;127.0;158.0;53.0;184.0;137.0;258.0;251.0;191.0;33.0;126.0;141.0;67.0;159.0;114.0;124.0;226.0;139.0;168.0;158.0;258.0;417.0;266.0;160.0;127.0;127.0;127.0;223.0;46.0;628.0;76.0;628.0;127.0;154.0;191.0;136.0;166.0;158.0;130.0;131.0;168.0;112.0;258.0;99.0;139.0;148.0;58.0;175.0;150.0;151.0;71.0;251.0;196.0;223.0;161.0;184.0;191.0;628.0;154.0;11.0;139.0;208.0;270.0;258.0;159.0;139.0;148.0;164.0;118.0;141.0;152.0;157.0;204.0;142.0;114.0;143.0;110.0;137.0;139.0;168.0;154.0;148.0;126.0;143.0;57.0;154.0;139.0;68.0;134.0;60.0;628.0;137.0;184.0;628.0;129.0;127.0;141.0;270.0;438.0;154.0;158.0;141.0;146.0;251.0;136.0;184.0;130.0;58.0;417.0;421.0;628.0;78.0;90.0;158.0;143.0;134.0;169.0;99.0;152.0;258.0;133.0;145.0;149.0;139.0;424.0;140.0;191.0;46.0;169.0;30.0;140.0;166.0;118.0;131.0;171.0;29.0;152.0;160.0;127.0;213.0;168.0;228.0;174.0;141.0;774.0
119;115.0;94.0;227.0;68.0;48.0;53.0;35.0;124.0;67.0;66.0;111.0;57.0;793.0;255.0;213.0;812.0;111.0;173.0;0.0;299.0;75.0;60.0;305.0;250.0;164.0;56.0;124.0;69.0;45.0;67.0;86.0;88.0;163.0;54.0;112.0;149.0;122.0;67.0;134.0;94.0;45.0;35.0;137.0;60.0;56.0;287.0;1.0;111.0;107.0;63.0;73.0;131.0;120.0;300.0;129.0;35.0;86.0;64.0;97.0;168.0;62.0;47.0;221.0;308.0;102.0;120.0;139.0;124.0;71.0;858.0;199.0;107.0;300.0;353.0;30.0;111.0;60.0;35.0;136.0;793.0;35.0;99.0;111.0;30.0;24.0;74.0;149.0;66.0;60.0;116.0;308.0;30.0;261.0;793.0;163.0;60.0;153.0;122.0;88.0;292.0;67.0;128.0;111.0;73.0;121.0;83.0;95.0;77.0;60.0;107.0;98.0;159.0;247.0;30.0;143.0;62.0;111.0;146.0;94.0;63.0;127.0;108.0;84.0;793.0;195.0;35.0;86.0;134.0;67.0;105.0;55.0;134.0;305.0;361.0;60.0;73.0;94.0;120.0;93.0;94.0;816.0;130.0;168.0;75.0;192.0;162.0;94.0;172.0;166.0;141.0;119.0;810.0;44.0;94.0;134.0;161.0;193.0;50.0;124.0;122.0;141.0;36.0;94.0;86.0;67.0;157.0;48.0;34.0;206.0;59.0;104.0;76.0;64.0;74.0;30.0;112.0;94.0;380.0;183.0;118.0;47.0;47.0;47.0;156.0;217.0;793.0;107.0;793.0;47.0;111.0;67.0;79.0;127.0;112.0;122.0;67.0;30.0;105.0;94.0;82.0;48.0;98.0;122.0;134.0;74.0;125.0;103.0;86.0;60.0;156.0;133.0;139.0;67.0;793.0;111.0;163.0;78.0;151.0;134.0;94.0;57.0;74.0;146.0;121.0;106.0;35.0;105.0;104.0;149.0;50.0;66.0;49.0;185.0;100.0;89.0;169.0;111.0;98.0;54.0;94.0;228.0;111.0;80.0;238.0;66.0;231.0;793.0;40.0;145.0;793.0;61.0;78.0;35.0;134.0;296.0;111.0;54.0;35.0;143.0;86.0;73.0;145.0;49.0;120.0;380.0;358.0;793.0;250.0;97.0;120.0;88.0;66.0;130.0;117.0;105.0;94.0;64.0;111.0;35.0;80.0;298.0;91.0;67.0;159.0;130.0;146.0;189.0;127.0;56.0;123.0;3.0;155.0;120.0;122.0;63.0;321.0;260.0;162.0;134.0;35.0;630.0
120;405.0;387.0;420.0;367.0;344.0;349.0;334.0;412.0;336.0;364.0;401.0;348.0;1083.0;524.0;510.0;1101.0;401.0;455.0;299.0;0.0;373.0;324.0;112.0;521.0;418.0;346.0;407.0;347.0;340.0;366.0;271.0;381.0;438.0;354.0;401.0;417.0;404.0;336.0;327.0;274.0;341.0;334.0;417.0;359.0;265.0;576.0;299.0;401.0;404.0;363.0;372.0;425.0;419.0;10.0;411.0;334.0;271.0;355.0;393.0;389.0;360.0;341.0;493.0;105.0;401.0;419.0;416.0;412.0;352.0;1059.0;473.0;404.0;10.0;529.0;292.0;401.0;352.0;334.0;422.0;1083.0;334.0;392.0;401.0;292.0;323.0;357.0;417.0;364.0;359.0;407.0;43.0;292.0;529.0;1083.0;445.0;324.0;417.0;409.0;381.0;42.0;336.0;417.0;401.0;372.0;407.0;376.0;393.0;376.0;324.0;397.0;394.0;375.0;516.0;292.0;431.0;361.0;401.0;430.0;274.0;363.0;425.0;399.0;381.0;1083.0;427.0;334.0;271.0;415.0;363.0;404.0;351.0;327.0;112.0;277.0;324.0;370.0;274.0;408.0;386.0;274.0;1105.0;414.0;389.0;373.0;424.0;417.0;274.0;446.0;449.0;428.0;408.0;1008.0;343.0;274.0;327.0;457.0;492.0;348.0;412.0;404.0;419.0;331.0;274.0;271.0;336.0;448.0;344.0;332.0;501.0;296.0;403.0;375.0;286.0;371.0;292.0;400.0;274.0;597.0;414.0;405.0;341.0;341.0;343.0;413.0;490.0;1083.0;403.0;1083.0;341.0;401.0;336.0;376.0;413.0;400.0;418.0;366.0;292.0;404.0;274.0;379.0;347.0;390.0;416.0;415.0;367.0;415.0;387.0;271.0;324.0;413.0;420.0;417.0;336.0;1083.0;401.0;445.0;374.0;418.0;327.0;274.0;297.0;371.0;438.0;407.0;404.0;334.0;395.0;392.0;417.0;348.0;365.0;347.0;484.0;394.0;384.0;457.0;401.0;390.0;353.0;387.0;500.0;401.0;376.0;509.0;364.0;502.0;1083.0;338.0;424.0;1083.0;360.0;376.0;334.0;327.0;57.0;401.0;298.0;334.0;436.0;271.0;370.0;424.0;348.0;413.0;597.0;279.0;1083.0;521.0;395.0;408.0;381.0;364.0;414.0;416.0;395.0;274.0;362.0;403.0;334.0;376.0;114.0;386.0;336.0;454.0;414.0;434.0;387.0;413.0;350.0;419.0;300.0;445.0;411.0;409.0;363.0;507.0;454.0;417.0;416.0;334.0;396.0
121;46.0;22.0;238.0;9.0;47.0;46.0;41.0;55.0;58.0;10.0;42.0;57.0;730.0;218.0;138.0;750.0;42.0;134.0;75.0;373.0;0.0;65.0;380.0;212.0;116.0;59.0;95.0;47.0;49.0;11.0;126.0;17.0;132.0;30.0;44.0;93.0;95.0;58.0;136.0;130.0;47.0;41.0;74.0;17.0;126.0;230.0;75.0;42.0;55.0;19.0;26.0;57.0;57.0;372.0;65.0;46.0;126.0;57.0;22.0;141.0;36.0;52.0;184.0;383.0;30.0;57.0;78.0;55.0;40.0;803.0;163.0;55.0;372.0;357.0;94.0;42.0;24.0;41.0;66.0;730.0;46.0;28.0;42.0;94.0;56.0;37.0;93.0;10.0;17.0;44.0;383.0;94.0;224.0;730.0;126.0;65.0;99.0;54.0;17.0;367.0;58.0;57.0;42.0;20.0;55.0;17.0;21.0;14.0;65.0;39.0;24.0;138.0;211.0;94.0;102.0;23.0;42.0;78.0;130.0;19.0;65.0;38.0;9.0;730.0;154.0;46.0;126.0;69.0;9.0;34.0;22.0;136.0;380.0;426.0;65.0;3.0;130.0;52.0;23.0;130.0;753.0;65.0;141.0;1.0;152.0;113.0;130.0;142.0;127.0;71.0;49.0;756.0;37.0;130.0;136.0;102.0;120.0;39.0;55.0;95.0;79.0;56.0;130.0;126.0;58.0;106.0;47.0;49.0;145.0;112.0;31.0;11.0;101.0;5.0;94.0;45.0;130.0;329.0;146.0;50.0;52.0;52.0;49.0;107.0;180.0;730.0;58.0;730.0;52.0;42.0;58.0;5.0;61.0;45.0;47.0;11.0;94.0;33.0;130.0;39.0;28.0;29.0;75.0;69.0;16.0;53.0;82.0;126.0;65.0;107.0;63.0;77.0;58.0;730.0;42.0;126.0;7.0;97.0;136.0;130.0;110.0;5.0;72.0;55.0;32.0;46.0;36.0;38.0;93.0;25.0;33.0;27.0;112.0;26.0;16.0;97.0;42.0;29.0;33.0;22.0;191.0;42.0;8.0;201.0;10.0;194.0;730.0;44.0;82.0;730.0;19.0;7.0;46.0;136.0;371.0;42.0;107.0;46.0;69.0;126.0;3.0;82.0;36.0;76.0;329.0;422.0;730.0;212.0;44.0;52.0;17.0;10.0;64.0;47.0;36.0;130.0;13.0;39.0;41.0;8.0;373.0;19.0;58.0;103.0;64.0;104.0;206.0;61.0;51.0;48.0;75.0;108.0;49.0;54.0;19.0;323.0;266.0;113.0;69.0;46.0;684.0
122;81.0;69.0;278.0;65.0;79.0;82.0;53.0;89.0;12.0;62.0;78.0;92.0;792.0;280.0;191.0;813.0;78.0;196.0;60.0;324.0;65.0;0.0;347.0;274.0;108.0;93.0;151.0;23.0;78.0;65.0;63.0;64.0;191.0;70.0;78.0;98.0;151.0;12.0;80.0;66.0;76.0;53.0;94.0;63.0;113.0;295.0;60.0;78.0;118.0;69.0;83.0;104.0;121.0;323.0;87.0;65.0;63.0;98.0;78.0;109.0;82.0;81.0;245.0;349.0;93.0;121.0;93.0;89.0;29.0;801.0;224.0;118.0;323.0;402.0;90.0;78.0;41.0;53.0;98.0;792.0;65.0;72.0;78.0;90.0;64.0;34.0;98.0;62.0;63.0;85.0;340.0;90.0;286.0;792.0;187.0;1.0;100.0;86.0;64.0;324.0;12.0;94.0;78.0;78.0;83.0;58.0;83.0;77.0;1.0;75.0;79.0;100.0;273.0;90.0;163.0;71.0;78.0;105.0;66.0;69.0;130.0;77.0;70.0;792.0;136.0;65.0;63.0;91.0;56.0;97.0;47.0;80.0;347.0;417.0;1.0;62.0;66.0;84.0;67.0;66.0;816.0;90.0;109.0;65.0;133.0;106.0;66.0;201.0;188.0;104.0;85.0;753.0;64.0;66.0;80.0;167.0;179.0;75.0;89.0;151.0;96.0;76.0;66.0;63.0;12.0;170.0;79.0;67.0;209.0;118.0;94.0;73.0;40.0;60.0;90.0;77.0;66.0;322.0;124.0;81.0;81.0;81.0;80.0;101.0;241.0;792.0;120.0;792.0;81.0;78.0;12.0;65.0;88.0;77.0;100.0;65.0;90.0;96.0;66.0;96.0;58.0;69.0;138.0;91.0;52.0;92.0;134.0;63.0;1.0;101.0;96.0;94.0;12.0;792.0;78.0;187.0;62.0;100.0;80.0;66.0;116.0;60.0;115.0;83.0;93.0;65.0;73.0;69.0;98.0;54.0;83.0;53.0;171.0;77.0;69.0;133.0;78.0;69.0;72.0;69.0;253.0;78.0;63.0;263.0;62.0;256.0;792.0;68.0;101.0;792.0;67.0;72.0;65.0;80.0;330.0;78.0;113.0;65.0;113.0;63.0;62.0;101.0;70.0;137.0;322.0;415.0;792.0;274.0;107.0;84.0;64.0;62.0;89.0;111.0;73.0;66.0;63.0;82.0;53.0;63.0;341.0;69.0;12.0;168.0;89.0;166.0;242.0;88.0;88.0;101.0;62.0;171.0;88.0;86.0;69.0;369.0;310.0;106.0;92.0;65.0;636.0
123;420.0;399.0;360.0;373.0;342.0;346.0;339.0;429.0;359.0;371.0;416.0;341.0;1051.0;487.0;516.0;1066.0;416.0;431.0;305.0;112.0;380.0;347.0;0.0;485.0;452.0;338.0;387.0;367.0;338.0;371.0;308.0;393.0;412.0;355.0;417.0;445.0;384.0;359.0;375.0;315.0;339.0;339.0;439.0;364.0;257.0;551.0;305.0;416.0;398.0;366.0;372.0;436.0;415.0;122.0;432.0;335.0;308.0;347.0;402.0;435.0;358.0;338.0;461.0;8.0;405.0;415.0;440.0;429.0;371.0;1126.0;443.0;398.0;122.0;454.0;288.0;416.0;365.0;339.0;440.0;1051.0;335.0;404.0;416.0;288.0;325.0;375.0;445.0;371.0;364.0;421.0;72.0;288.0;491.0;1051.0;421.0;347.0;447.0;427.0;393.0;70.0;359.0;433.0;416.0;374.0;425.0;388.0;399.0;380.0;347.0;412.0;404.0;421.0;479.0;288.0;413.0;363.0;416.0;450.0;315.0;366.0;420.0;413.0;389.0;1051.0;471.0;335.0;308.0;436.0;372.0;408.0;361.0;375.0;1.0;166.0;347.0;378.0;315.0;425.0;398.0;315.0;1071.0;434.0;435.0;380.0;468.0;451.0;315.0;418.0;426.0;446.0;424.0;1075.0;345.0;315.0;375.0;446.0;493.0;347.0;429.0;384.0;442.0;328.0;315.0;308.0;359.0;432.0;342.0;333.0;487.0;281.0;407.0;379.0;316.0;380.0;288.0;417.0;315.0;652.0;457.0;422.0;338.0;338.0;340.0;446.0;458.0;1051.0;395.0;1051.0;338.0;416.0;359.0;384.0;431.0;417.0;427.0;371.0;288.0;407.0;315.0;375.0;352.0;403.0;404.0;436.0;380.0;430.0;370.0;308.0;347.0;446.0;437.0;440.0;359.0;1051.0;416.0;421.0;384.0;447.0;375.0;315.0;282.0;380.0;451.0;425.0;410.0;335.0;410.0;408.0;445.0;355.0;363.0;354.0;485.0;405.0;395.0;474.0;416.0;403.0;353.0;399.0;467.0;416.0;385.0;474.0;371.0;469.0;1051.0;339.0;447.0;1051.0;364.0;382.0;335.0;375.0;55.0;416.0;284.0;335.0;449.0;308.0;378.0;447.0;349.0;401.0;652.0;167.0;1051.0;485.0;390.0;425.0;393.0;371.0;433.0;417.0;410.0;315.0;368.0;416.0;339.0;385.0;8.0;397.0;359.0;441.0;433.0;416.0;333.0;431.0;345.0;429.0;305.0;428.0;425.0;427.0;366.0;436.0;390.0;451.0;437.0;335.0;456.0
124;228.0;219.0;156.0;209.0;204.0;199.0;227.0;230.0;269.0;213.0;228.0;193.0;566.0;7.0;189.0;582.0;228.0;78.0;250.0;521.0;212.0;274.0;485.0;0.0;301.0;194.0;126.0;258.0;206.0;209.0;329.0;220.0;87.0;206.0;230.0;275.0;128.0;269.0;348.0;336.0;207.0;227.0;250.0;211.0;261.0;81.0;250.0;228.0;156.0;205.0;191.0;210.0;159.0;524.0;245.0;219.0;329.0;186.0;208.0;341.0;194.0;204.0;29.0;491.0;190.0;159.0;257.0;230.0;252.0;902.0;51.0;156.0;524.0;206.0;241.0;228.0;234.0;227.0;233.0;566.0;219.0;220.0;228.0;241.0;227.0;248.0;275.0;213.0;211.0;222.0;516.0;241.0;13.0;566.0;87.0;274.0;282.0;232.0;220.0;501.0;269.0;225.0;228.0;196.0;236.0;224.0;199.0;198.0;274.0;228.0;209.0;343.0;7.0;241.0;111.0;203.0;228.0;242.0;336.0;205.0;151.0;225.0;209.0;566.0;340.0;219.0;329.0;246.0;219.0;186.0;227.0;348.0;485.0;455.0;274.0;214.0;336.0;231.0;222.0;336.0;586.0;242.0;341.0;212.0;340.0;298.0;336.0;78.0;86.0;233.0;228.0;862.0;214.0;336.0;348.0;118.0;162.0;205.0;230.0;128.0;254.0;214.0;336.0;329.0;269.0;106.0;204.0;219.0;99.0;228.0;190.0;202.0;304.0;217.0;241.0;232.0;336.0;471.0;337.0;233.0;204.0;204.0;204.0;294.0;33.0;566.0;154.0;566.0;204.0;228.0;269.0;213.0;238.0;232.0;202.0;209.0;241.0;187.0;336.0;178.0;218.0;224.0;136.0;246.0;227.0;223.0;146.0;329.0;274.0;294.0;231.0;255.0;269.0;566.0;228.0;87.0;216.0;278.0;348.0;336.0;228.0;217.0;216.0;236.0;193.0;219.0;226.0;232.0;275.0;221.0;192.0;222.0;162.0;213.0;215.0;231.0;228.0;224.0;205.0;219.0;22.0;228.0;216.0;12.0;213.0;19.0;566.0;214.0;254.0;566.0;208.0;204.0;219.0;348.0;498.0;228.0;227.0;219.0;214.0;329.0;214.0;254.0;208.0;137.0;471.0;450.0;566.0;1.0;168.0;231.0;220.0;213.0;240.0;174.0;226.0;336.0;211.0;219.0;227.0;216.0;478.0;217.0;269.0;114.0;240.0;108.0;162.0;238.0;195.0;202.0;247.0;104.0;224.0;232.0;205.0;177.0;153.0;298.0;245.0;219.0;828.0
125;77.0;96.0;353.0;124.0;159.0;159.0;141.0;72.0;98.0;123.0;79.0;171.0;754.0;308.0;147.0;776.0;79.0;230.0;164.0;418.0;116.0;108.0;452.0;301.0;0.0;173.0;203.0;94.0;161.0;126.0;147.0;99.0;236.0;143.0;77.0;26.0;205.0;98.0;98.0;143.0;159.0;141.0;51.0;130.0;219.0;292.0;164.0;79.0;159.0;133.0;141.0;91.0;147.0;415.0;57.0;152.0;147.0;173.0;104.0;49.0;151.0;164.0;277.0;453.0;120.0;147.0;44.0;72.0;94.0;695.0;259.0;159.0;415.0;468.0;192.0;79.0;111.0;141.0;68.0;754.0;152.0;92.0;79.0;192.0;157.0;92.0;26.0;123.0;130.0;82.0;438.0;192.0;313.0;754.0;226.0;108.0;19.0;71.0;99.0;423.0;98.0;76.0;79.0;136.0;67.0;99.0;114.0;128.0;108.0;81.0;102.0;59.0;302.0;192.0;201.0;138.0;79.0;59.0;143.0;133.0;153.0;83.0;111.0;754.0;40.0;152.0;147.0;55.0;116.0;123.0;119.0;98.0;452.0;524.0;108.0;115.0;143.0;73.0;94.0;143.0;779.0;60.0;49.0;116.0;39.0;3.0;143.0;244.0;224.0;68.0;76.0;647.0;145.0;143.0;98.0;183.0;154.0;152.0;72.0;205.0;47.0;165.0;143.0;147.0;98.0;197.0;159.0;155.0;210.0;217.0;119.0;125.0;137.0;112.0;192.0;74.0;143.0;217.0;37.0;72.0;164.0;164.0;161.0;8.0;273.0;754.0;164.0;754.0;164.0;79.0;98.0;111.0;64.0;74.0;101.0;126.0;192.0;122.0;143.0;152.0;135.0;89.0;177.0;55.0;103.0;79.0;195.0;147.0;108.0;8.0;69.0;46.0;98.0;754.0;79.0;226.0;109.0;22.0;98.0;143.0;216.0;112.0;86.0;67.0;114.0;152.0;83.0;79.0;26.0;130.0;149.0;131.0;150.0;98.0;102.0;79.0;79.0;89.0;146.0;96.0;283.0;79.0;107.0;293.0;123.0;285.0;754.0;152.0;47.0;754.0;133.0;121.0;152.0;98.0;430.0;79.0;213.0;152.0;87.0;147.0;115.0;47.0;148.0;179.0;217.0;522.0;754.0;301.0;151.0;73.0;99.0;123.0;61.0;131.0;83.0;143.0;126.0;87.0;141.0;107.0;446.0;99.0;98.0;187.0;61.0;203.0;321.0;64.0;165.0;99.0;165.0;201.0;79.0;71.0;133.0;434.0;380.0;3.0;57.0;152.0;690.0
126;105.0;81.0;187.0;50.0;15.0;14.0;39.0;113.0;94.0;51.0;101.0;3.0;741.0;200.0;180.0;759.0;101.0;118.0;56.0;346.0;59.0;93.0;338.0;194.0;173.0;0.0;68.0;88.0;15.0;48.0;138.0;76.0;107.0;30.0;103.0;152.0;66.0;94.0;173.0;145.0;17.0;39.0;133.0;43.0;83.0;233.0;56.0;101.0;60.0;40.0;38.0;110.0;77.0;347.0;124.0;28.0;138.0;9.0;77.0;192.0;24.0;12.0;165.0;342.0;73.0;77.0;137.0;113.0;85.0;861.0;143.0;60.0;347.0;310.0;54.0;101.0;64.0;39.0;124.0;741.0;28.0;86.0;101.0;54.0;34.0;84.0;152.0;51.0;43.0;102.0;350.0;54.0;205.0;741.0;108.0;93.0;158.0;112.0;76.0;334.0;94.0;114.0;101.0;42.0;113.0;75.0;70.0;50.0;93.0;98.0;80.0;187.0;191.0;54.0;89.0;36.0;101.0;137.0;145.0;40.0;82.0;97.0;66.0;741.0;210.0;28.0;138.0;128.0;57.0;73.0;55.0;173.0;338.0;370.0;93.0;58.0;145.0;110.0;82.0;145.0;763.0;124.0;192.0;59.0;208.0;171.0;145.0;117.0;111.0;129.0;107.0;815.0;30.0;145.0;173.0;111.0;155.0;21.0;113.0;66.0;137.0;20.0;145.0;138.0;94.0;103.0;15.0;27.0;156.0;59.0;74.0;52.0;114.0;62.0;54.0;104.0;145.0;388.0;201.0;109.0;12.0;12.0;13.0;165.0;161.0;741.0;57.0;741.0;12.0;101.0;94.0;64.0;119.0;104.0;98.0;48.0;54.0;74.0;145.0;37.0;39.0;87.0;70.0;128.0;70.0;110.0;48.0;138.0;93.0;165.0;121.0;136.0;94.0;741.0;101.0;108.0;65.0;155.0;173.0;145.0;58.0;62.0;126.0;113.0;78.0;28.0;95.0;97.0;152.0;44.0;28.0;44.0;146.0;83.0;75.0;152.0;101.0;87.0;27.0;81.0;172.0;101.0;67.0;183.0;51.0;175.0;741.0;25.0;141.0;741.0;40.0;56.0;28.0;173.0;336.0;101.0;55.0;28.0;123.0;138.0;58.0;141.0;25.0;68.0;388.0;367.0;741.0;194.0;52.0;110.0;76.0;51.0;122.0;80.0;95.0;145.0;47.0;96.0;39.0;67.0;331.0;78.0;94.0;108.0;122.0;92.0;151.0;119.0;8.0;100.0;53.0;101.0;107.0;112.0;40.0;276.0;217.0;171.0;128.0;28.0;678.0
127;127.0;109.0;154.0;90.0;78.0;73.0;101.0;132.0;148.0;92.0;125.0;66.0;677.0;132.0;154.0;695.0;125.0;50.0;124.0;407.0;95.0;151.0;387.0;126.0;203.0;68.0;0.0;139.0;80.0;89.0;204.0;108.0;40.0;82.0;127.0;178.0;3.0;148.0;229.0;210.0;81.0;101.0;154.0;89.0;142.0;169.0;124.0;125.0;45.0;83.0;70.0;118.0;61.0;409.0;147.0;93.0;204.0;59.0;100.0;235.0;70.0;77.0;97.0;392.0;83.0;61.0;160.0;132.0;133.0;868.0;75.0;45.0;409.0;265.0;118.0;125.0;113.0;101.0;140.0;677.0;93.0;112.0;125.0;118.0;101.0;130.0;178.0;92.0;89.0;121.0;407.0;118.0;137.0;677.0;40.0;151.0;185.0;133.0;108.0;392.0;148.0;130.0;125.0;75.0;136.0;110.0;89.0;80.0;151.0;123.0;101.0;233.0;124.0;118.0;26.0;80.0;125.0;152.0;210.0;83.0;58.0;121.0;96.0;677.0;243.0;93.0;204.0;150.0;99.0;81.0;106.0;229.0;387.0;394.0;151.0;96.0;210.0;131.0;111.0;210.0;699.0;145.0;235.0;95.0;242.0;201.0;210.0;50.0;43.0;143.0;128.0;823.0;89.0;210.0;229.0;63.0;124.0;79.0;132.0;3.0;159.0;88.0;210.0;204.0;148.0;45.0;78.0;92.0;100.0;111.0;84.0;84.0;179.0;100.0;118.0;129.0;210.0;405.0;237.0;132.0;77.0;77.0;78.0;196.0;93.0;677.0;40.0;677.0;77.0;125.0;148.0;97.0;140.0;129.0;106.0;89.0;118.0;82.0;210.0;56.0;94.0;115.0;30.0;150.0;111.0;126.0;21.0;204.0;151.0;196.0;137.0;159.0;148.0;677.0;125.0;40.0;101.0;182.0;229.0;210.0;110.0;100.0;131.0;136.0;89.0;93.0;121.0;126.0;178.0;97.0;68.0;98.0;117.0;106.0;104.0;155.0;125.0;115.0;80.0;109.0;104.0;125.0;101.0;115.0;92.0;107.0;677.0;88.0;161.0;677.0;85.0;88.0;93.0;229.0;391.0;125.0;108.0;93.0;128.0;204.0;96.0;161.0;82.0;27.0;405.0;390.0;677.0;126.0;52.0;131.0;108.0;92.0;143.0;75.0;121.0;210.0;91.0;116.0;101.0;101.0;380.0;106.0;148.0;56.0;143.0;28.0;128.0;140.0;69.0;108.0;121.0;41.0;125.0;133.0;83.0;230.0;177.0;201.0;149.0;93.0;732.0
128;58.0;47.0;274.0;49.0;73.0;75.0;50.0;66.0;13.0;46.0;55.0;87.0;770.0;264.0;167.0;791.0;55.0;180.0;69.0;347.0;47.0;23.0;367.0;258.0;94.0;88.0;139.0;0.0;73.0;50.0;85.0;43.0;178.0;60.0;54.0;80.0;139.0;13.0;90.0;88.0;71.0;50.0;72.0;50.0;125.0;275.0;69.0;55.0;102.0;56.0;69.0;81.0;102.0;346.0;65.0;62.0;85.0;91.0;56.0;105.0;72.0;77.0;230.0;369.0;72.0;102.0;73.0;66.0;7.0;789.0;209.0;102.0;346.0;396.0;98.0;55.0;26.0;50.0;76.0;770.0;62.0;49.0;55.0;98.0;65.0;12.0;80.0;46.0;50.0;62.0;362.0;98.0;270.0;770.0;172.0;23.0;84.0;63.0;43.0;346.0;13.0;71.0;55.0;64.0;60.0;37.0;62.0;60.0;23.0;52.0;57.0;99.0;257.0;98.0;148.0;59.0;55.0;84.0;88.0;56.0;110.0;54.0;50.0;770.0;127.0;62.0;85.0;70.0;40.0;77.0;34.0;90.0;367.0;431.0;23.0;44.0;88.0;61.0;44.0;88.0;794.0;68.0;105.0;47.0;125.0;92.0;88.0;187.0;173.0;82.0;62.0;741.0;58.0;88.0;90.0;148.0;156.0;67.0;66.0;139.0;75.0;74.0;88.0;85.0;13.0;153.0;73.0;64.0;189.0;124.0;73.0;56.0;63.0;42.0;98.0;54.0;88.0;311.0;116.0;58.0;77.0;77.0;74.0;87.0;226.0;770.0;105.0;770.0;77.0;55.0;13.0;46.0;66.0;54.0;77.0;50.0;98.0;76.0;88.0;82.0;49.0;46.0;122.0;70.0;31.0;69.0;123.0;85.0;23.0;87.0;74.0;73.0;13.0;770.0;55.0;172.0;42.0;82.0;90.0;88.0;122.0;42.0;92.0;60.0;72.0;62.0;50.0;46.0;80.0;44.0;71.0;44.0;148.0;55.0;47.0;110.0;55.0;46.0;63.0;47.0;237.0;55.0;43.0;248.0;46.0;240.0;770.0;64.0;80.0;770.0;54.0;54.0;62.0;90.0;351.0;55.0;119.0;62.0;90.0;85.0;44.0;80.0;63.0;122.0;311.0;428.0;770.0;258.0;90.0;61.0;43.0;46.0;67.0;91.0;50.0;88.0;48.0;59.0;50.0;43.0;360.0;47.0;13.0;149.0;67.0;151.0;239.0;66.0;81.0;78.0;71.0;154.0;65.0;63.0;56.0;362.0;304.0;92.0;70.0;62.0;654.0
129;96.0;72.0;201.0;41.0;4.0;8.0;25.0;105.0;79.0;40.0;92.0;15.0;749.0;212.0;178.0;768.0;92.0;129.0;45.0;340.0;49.0;78.0;338.0;206.0;161.0;15.0;80.0;73.0;0.0;39.0;124.0;66.0;120.0;20.0;93.0;140.0;79.0;79.0;158.0;131.0;2.0;25.0;123.0;32.0;81.0;242.0;45.0;92.0;64.0;31.0;34.0;104.0;79.0;341.0;114.0;13.0;124.0;21.0;70.0;178.0;20.0;3.0;177.0;341.0;68.0;79.0;127.0;105.0;71.0;851.0;155.0;64.0;341.0;325.0;51.0;92.0;50.0;25.0;116.0;749.0;13.0;77.0;92.0;51.0;21.0;70.0;140.0;40.0;32.0;94.0;347.0;51.0;218.0;749.0;119.0;78.0;146.0;103.0;66.0;331.0;79.0;106.0;92.0;37.0;104.0;64.0;64.0;43.0;78.0;88.0;72.0;172.0;204.0;51.0;99.0;27.0;92.0;128.0;131.0;31.0;85.0;88.0;58.0;749.0;197.0;13.0;124.0;118.0;45.0;70.0;42.0;158.0;338.0;377.0;78.0;48.0;131.0;101.0;72.0;131.0;772.0;114.0;178.0;49.0;195.0;158.0;131.0;130.0;122.0;121.0;99.0;805.0;16.0;131.0;158.0;117.0;155.0;10.0;105.0;79.0;127.0;10.0;131.0;124.0;79.0;112.0;4.0;13.0;162.0;63.0;70.0;44.0;100.0;52.0;51.0;95.0;131.0;376.0;188.0;100.0;3.0;3.0;3.0;153.0;173.0;749.0;63.0;749.0;3.0;92.0;79.0;54.0;110.0;95.0;93.0;39.0;51.0;70.0;131.0;39.0;25.0;78.0;78.0;118.0;58.0;102.0;60.0;124.0;78.0;153.0;113.0;126.0;79.0;749.0;92.0;119.0;55.0;144.0;158.0;131.0;62.0;52.0;120.0;104.0;73.0;13.0;85.0;87.0;140.0;31.0;25.0;30.0;147.0;75.0;66.0;145.0;92.0;78.0;17.0;72.0;184.0;92.0;57.0;195.0;40.0;187.0;749.0;10.0;131.0;749.0;30.0;48.0;13.0;158.0;333.0;92.0;59.0;13.0;117.0;124.0;48.0;131.0;13.0;76.0;376.0;373.0;749.0;206.0;54.0;101.0;66.0;40.0;113.0;79.0;85.0;131.0;37.0;88.0;25.0;57.0;331.0;68.0;79.0;115.0;113.0;102.0;166.0;110.0;11.0;94.0;43.0;110.0;99.0;103.0;31.0;291.0;232.0;158.0;118.0;13.0;666.0
130;57.0;33.0;229.0;2.0;36.0;35.0;32.0;66.0;61.0;4.0;53.0;46.0;733.0;215.0;146.0;753.0;53.0;131.0;67.0;366.0;11.0;65.0;371.0;209.0;126.0;48.0;89.0;50.0;39.0;0.0;125.0;28.0;127.0;19.0;55.0;104.0;89.0;61.0;141.0;130.0;37.0;32.0;85.0;7.0;116.0;231.0;67.0;53.0;53.0;8.0;19.0;67.0;58.0;366.0;76.0;36.0;125.0;47.0;32.0;149.0;26.0;41.0;180.0;374.0;35.0;58.0;89.0;66.0;45.0;813.0;159.0;53.0;366.0;349.0;85.0;53.0;25.0;32.0;77.0;733.0;36.0;39.0;53.0;85.0;46.0;42.0;104.0;4.0;7.0;55.0;376.0;85.0;221.0;733.0;123.0;65.0;110.0;65.0;28.0;359.0;61.0;67.0;53.0;13.0;65.0;27.0;28.0;12.0;65.0;50.0;34.0;145.0;207.0;85.0;98.0;13.0;53.0;89.0;130.0;8.0;66.0;49.0;19.0;733.0;164.0;36.0;125.0;80.0;11.0;39.0;19.0;141.0;371.0;415.0;65.0;10.0;130.0;62.0;34.0;130.0;756.0;76.0;149.0;11.0;162.0;123.0;130.0;137.0;123.0;82.0;60.0;767.0;26.0;130.0;141.0;103.0;127.0;29.0;66.0;89.0;89.0;46.0;130.0;125.0;61.0;105.0;36.0;39.0;147.0;102.0;37.0;9.0;100.0;14.0;85.0;56.0;130.0;339.0;155.0;61.0;41.0;41.0;38.0;117.0;176.0;733.0;55.0;733.0;41.0;53.0;61.0;16.0;71.0;56.0;56.0;1.0;85.0;38.0;130.0;32.0;19.0;39.0;72.0;80.0;23.0;64.0;74.0;125.0;65.0;117.0;74.0;88.0;61.0;733.0;53.0;123.0;17.0;107.0;141.0;130.0;100.0;14.0;82.0;65.0;39.0;36.0;47.0;49.0;104.0;17.0;23.0;19.0;118.0;36.0;27.0;107.0;53.0;39.0;22.0;33.0;188.0;53.0;19.0;198.0;4.0;190.0;733.0;34.0;93.0;733.0;8.0;11.0;36.0;141.0;363.0;53.0;97.0;36.0;79.0;125.0;10.0;93.0;25.0;72.0;339.0;412.0;733.0;209.0;41.0;62.0;28.0;4.0;74.0;51.0;47.0;130.0;4.0;49.0;32.0;19.0;364.0;30.0;61.0;103.0;74.0;101.0;196.0;71.0;40.0;58.0;66.0;106.0;60.0;65.0;8.0;315.0;258.0;123.0;80.0;36.0;684.0
131;142.0;132.0;311.0;125.0;126.0;131.0;103.0;149.0;73.0;121.0;139.0;139.0;855.0;335.0;252.0;875.0;139.0;251.0;86.0;271.0;126.0;63.0;308.0;329.0;147.0;138.0;204.0;85.0;124.0;125.0;0.0;127.0;244.0;124.0;139.0;146.0;203.0;73.0;69.0;10.0;123.0;103.0;149.0;121.0;118.0;356.0;86.0;139.0;177.0;126.0;140.0;166.0;182.0;268.0;144.0;111.0;1.0;146.0;141.0;126.0;135.0;127.0;300.0;309.0;155.0;182.0;148.0;149.0;92.0;822.0;279.0;177.0;268.0;438.0;109.0;139.0;102.0;103.0;157.0;855.0;111.0;134.0;139.0;109.0;104.0;97.0;146.0;121.0;121.0;146.0;291.0;109.0;341.0;855.0;242.0;63.0;146.0;146.0;127.0;276.0;73.0;155.0;139.0;137.0;142.0;121.0;145.0;136.0;63.0;136.0;141.0;113.0;327.0;109.0;219.0;128.0;139.0;162.0;10.0;126.0;190.0;139.0;132.0;855.0;163.0;111.0;1.0;148.0;117.0;159.0;106.0;69.0;308.0;400.0;63.0;123.0;10.0;145.0;129.0;10.0;879.0;148.0;126.0;126.0;160.0;146.0;10.0;253.0;244.0;163.0;145.0;773.0;115.0;10.0;69.0;228.0;241.0;125.0;149.0;203.0;151.0;118.0;10.0;1.0;73.0;229.0;126.0;112.0;271.0;138.0;156.0;133.0;25.0;122.0;109.0;137.0;10.0;345.0;149.0;141.0;127.0;127.0;127.0;143.0;296.0;855.0;178.0;855.0;127.0;139.0;73.0;127.0;147.0;137.0;163.0;125.0;109.0;158.0;10.0;153.0;112.0;132.0;195.0;148.0;114.0;153.0;185.0;1.0;63.0;143.0;156.0;148.0;73.0;855.0;139.0;242.0;124.0;147.0;69.0;10.0;137.0;122.0;176.0;142.0;155.0;111.0;135.0;130.0;146.0;110.0;138.0;109.0;233.0;140.0;131.0;191.0;139.0;132.0;125.0;132.0;308.0;139.0;125.0;318.0;121.0;311.0;855.0;116.0;155.0;855.0;124.0;132.0;111.0;69.0;283.0;139.0;134.0;111.0;174.0;1.0;123.0;155.0;122.0;194.0;345.0;398.0;855.0;329.0;165.0;145.0;127.0;121.0;148.0;173.0;135.0;10.0;121.0;144.0;103.0;125.0;303.0;132.0;73.0;228.0;148.0;222.0;273.0;147.0;136.0;163.0;89.0;229.0;149.0;146.0;126.0;406.0;345.0;146.0;149.0;111.0;582.0
132;29.0;6.0;255.0;26.0;64.0;63.0;55.0;38.0;55.0;26.0;25.0;74.0;728.0;227.0;129.0;748.0;25.0;143.0;88.0;381.0;17.0;64.0;393.0;220.0;99.0;76.0;108.0;43.0;66.0;28.0;127.0;0.0;144.0;47.0;27.0;76.0;109.0;55.0;128.0;130.0;65.0;55.0;56.0;34.0;140.0;233.0;88.0;25.0;66.0;36.0;42.0;44.0;62.0;381.0;48.0;62.0;127.0;75.0;14.0;127.0;53.0;69.0;193.0;395.0;31.0;62.0;61.0;38.0;36.0;785.0;173.0;66.0;381.0;372.0;109.0;25.0;29.0;55.0;50.0;728.0;62.0;11.0;25.0;109.0;71.0;31.0;76.0;26.0;34.0;29.0;394.0;109.0;232.0;728.0;137.0;64.0;82.0;37.0;1.0;378.0;55.0;41.0;25.0;37.0;37.0;6.0;21.0;29.0;64.0;22.0;14.0;125.0;220.0;109.0;112.0;41.0;25.0;61.0;130.0;36.0;70.0;22.0;12.0;728.0;138.0;62.0;127.0;52.0;22.0;35.0;32.0;128.0;393.0;442.0;64.0;18.0;130.0;35.0;6.0;130.0;752.0;47.0;127.0;17.0;136.0;96.0;130.0;153.0;137.0;55.0;32.0;739.0;53.0;130.0;128.0;106.0;115.0;57.0;38.0;109.0;61.0;73.0;130.0;127.0;55.0;114.0;64.0;65.0;147.0;129.0;31.0;27.0;104.0;15.0;109.0;28.0;130.0;311.0;130.0;33.0;69.0;69.0;66.0;91.0;189.0;728.0;70.0;728.0;69.0;25.0;55.0;13.0;43.0;28.0;37.0;28.0;109.0;34.0;130.0;54.0;43.0;11.0;86.0;52.0;14.0;37.0;97.0;127.0;64.0;91.0;47.0;60.0;55.0;728.0;25.0;137.0;11.0;79.0;128.0;130.0;127.0;15.0;58.0;37.0;29.0;62.0;19.0;21.0;76.0;39.0;50.0;41.0;107.0;13.0;5.0;82.0;25.0;11.0;50.0;6.0;200.0;25.0;9.0;210.0;26.0;203.0;728.0;60.0;64.0;728.0;36.0;22.0;62.0;128.0;382.0;25.0;124.0;62.0;56.0;127.0;18.0;64.0;53.0;86.0;311.0;439.0;728.0;220.0;56.0;35.0;1.0;26.0;46.0;49.0;19.0;130.0;30.0;23.0;55.0;9.0;386.0;4.0;55.0;108.0;46.0;114.0;222.0;43.0;68.0;38.0;88.0;116.0;33.0;37.0;36.0;337.0;282.0;96.0;51.0;62.0;690.0
133;159.0;144.0;136.0;128.0;117.0;113.0;141.0;164.0;188.0;131.0;158.0;106.0;645.0;92.0;163.0;662.0;158.0;21.0;163.0;438.0;132.0;191.0;412.0;87.0;236.0;107.0;40.0;178.0;120.0;127.0;244.0;144.0;0.0;122.0;160.0;210.0;41.0;188.0;268.0;251.0;121.0;141.0;185.0;128.0;175.0;139.0;163.0;158.0;79.0;123.0;109.0;147.0;89.0;441.0;179.0;133.0;244.0;99.0;134.0;270.0;110.0;117.0;58.0;417.0;117.0;89.0;192.0;164.0;172.0;884.0;36.0;79.0;441.0;235.0;155.0;158.0;152.0;141.0;170.0;645.0;133.0;147.0;158.0;155.0;140.0;169.0;210.0;131.0;128.0;153.0;437.0;155.0;98.0;645.0;14.0;191.0;217.0;165.0;144.0;421.0;188.0;160.0;158.0;114.0;168.0;147.0;124.0;118.0;191.0;157.0;136.0;269.0;84.0;155.0;34.0;120.0;158.0;181.0;251.0;123.0;83.0;154.0;132.0;645.0;276.0;133.0;244.0;181.0;138.0;113.0;145.0;268.0;412.0;403.0;191.0;134.0;251.0;163.0;147.0;251.0;667.0;176.0;270.0;132.0;275.0;233.0;251.0;10.0;19.0;171.0;160.0;841.0;129.0;251.0;268.0;67.0;131.0;119.0;164.0;41.0;190.0;127.0;251.0;244.0;188.0;46.0;117.0;132.0;88.0;143.0;117.0;122.0;219.0;138.0;155.0;162.0;251.0;429.0;271.0;164.0;117.0;117.0;117.0;228.0;54.0;645.0;75.0;645.0;117.0;158.0;188.0;135.0;171.0;162.0;136.0;127.0;155.0;115.0;251.0;95.0;133.0;150.0;59.0;181.0;148.0;157.0;60.0;244.0;191.0;228.0;167.0;190.0;188.0;645.0;158.0;14.0;138.0;214.0;268.0;251.0;142.0;138.0;157.0;168.0;122.0;133.0;155.0;160.0;210.0;137.0;108.0;138.0;126.0;140.0;140.0;178.0;158.0;150.0;120.0;144.0;65.0;158.0;139.0;75.0;131.0;68.0;645.0;128.0;191.0;645.0;125.0;125.0;133.0;268.0;420.0;158.0;142.0;133.0;155.0;244.0;134.0;191.0;122.0;58.0;429.0;399.0;645.0;87.0;89.0;163.0;144.0;131.0;175.0;104.0;155.0;251.0;130.0;149.0;141.0;139.0;404.0;142.0;188.0;60.0;175.0;33.0;119.0;171.0;108.0;137.0;160.0;40.0;157.0;165.0;123.0;201.0;153.0;233.0;180.0;133.0;756.0
134;76.0;52.0;215.0;21.0;17.0;17.0;22.0;85.0;68.0;21.0;72.0;28.0;740.0;212.0;161.0;759.0;72.0;128.0;54.0;354.0;30.0;70.0;355.0;206.0;143.0;30.0;82.0;60.0;20.0;19.0;124.0;47.0;122.0;0.0;73.0;122.0;81.0;68.0;149.0;130.0;18.0;22.0;103.0;13.0;99.0;235.0;54.0;72.0;55.0;12.0;19.0;85.0;66.0;354.0;94.0;20.0;124.0;31.0;50.0;163.0;12.0;22.0;177.0;358.0;50.0;66.0;107.0;85.0;56.0;832.0;156.0;55.0;354.0;336.0;68.0;72.0;35.0;22.0;96.0;740.0;20.0;57.0;72.0;68.0;31.0;54.0;122.0;21.0;13.0;74.0;362.0;68.0;218.0;740.0;119.0;70.0;127.0;83.0;47.0;346.0;68.0;86.0;72.0;19.0;84.0;45.0;45.0;25.0;70.0;69.0;52.0;158.0;204.0;68.0;96.0;8.0;72.0;108.0;130.0;12.0;73.0;68.0;38.0;740.0;180.0;20.0;124.0;99.0;26.0;52.0;26.0;149.0;355.0;396.0;70.0;29.0;130.0;81.0;52.0;130.0;763.0;94.0;163.0;30.0;178.0;140.0;130.0;131.0;121.0;101.0;79.0;785.0;10.0;130.0;149.0;108.0;140.0;10.0;85.0;81.0;108.0;28.0;130.0;124.0;68.0;106.0;17.0;22.0;153.0;83.0;52.0;25.0;98.0;32.0;68.0;75.0;130.0;357.0;171.0;80.0;22.0;22.0;19.0;135.0;173.0;740.0;55.0;740.0;22.0;72.0;68.0;34.0;90.0;75.0;74.0;19.0;68.0;52.0;130.0;29.0;12.0;58.0;72.0;99.0;40.0;82.0;65.0;124.0;70.0;135.0;93.0;106.0;68.0;740.0;72.0;119.0;36.0;125.0;149.0;130.0;81.0;32.0;100.0;84.0;55.0;20.0;66.0;67.0;122.0;16.0;14.0;17.0;131.0;55.0;46.0;125.0;72.0;58.0;4.0;52.0;185.0;72.0;38.0;195.0;21.0;187.0;740.0;16.0;111.0;740.0;10.0;28.0;20.0;149.0;348.0;72.0;78.0;20.0;97.0;124.0;29.0;111.0;7.0;71.0;357.0;393.0;740.0;206.0;43.0;81.0;47.0;21.0;93.0;63.0;66.0;130.0;17.0;68.0;22.0;38.0;348.0;49.0;68.0;107.0;93.0;99.0;181.0;90.0;22.0;75.0;53.0;106.0;79.0;83.0;12.0;302.0;245.0;140.0;98.0;20.0;678.0
135;4.0;22.0;277.0;53.0;91.0;89.0;80.0;12.0;66.0;53.0;2.0;100.0;720.0;237.0;113.0;741.0;2.0;156.0;112.0;401.0;44.0;78.0;417.0;230.0;77.0;103.0;127.0;54.0;93.0;55.0;139.0;27.0;160.0;73.0;0.0;52.0;128.0;66.0;126.0;140.0;91.0;80.0;30.0;61.0;166.0;233.0;112.0;2.0;82.0;62.0;67.0;28.0;72.0;400.0;22.0;88.0;139.0;101.0;28.0;112.0;79.0;95.0;204.0;419.0;43.0;72.0;35.0;12.0;49.0;759.0;185.0;82.0;400.0;391.0;135.0;2.0;52.0;80.0;24.0;720.0;88.0;16.0;2.0;135.0;97.0;44.0;52.0;53.0;61.0;9.0;415.0;135.0;242.0;720.0;151.0;78.0;59.0;10.0;27.0;399.0;66.0;17.0;2.0;62.0;11.0;30.0;38.0;54.0;78.0;5.0;26.0;113.0;230.0;135.0;126.0;67.0;2.0;35.0;140.0;62.0;79.0;6.0;37.0;720.0;117.0;88.0;139.0;26.0;49.0;47.0;57.0;126.0;417.0;469.0;78.0;45.0;140.0;8.0;21.0;140.0;744.0;21.0;112.0;44.0;116.0;74.0;140.0;168.0;150.0;29.0;7.0;712.0;79.0;140.0;126.0;112.0;105.0;83.0;12.0;128.0;35.0;100.0;140.0;139.0;66.0;124.0;91.0;91.0;148.0;155.0;43.0;52.0;117.0;42.0;135.0;3.0;140.0;286.0;111.0;6.0;95.0;95.0;93.0;69.0;200.0;720.0;87.0;720.0;95.0;2.0;66.0;39.0;17.0;3.0;29.0;55.0;135.0;45.0;140.0;77.0;70.0;15.0;101.0;26.0;38.0;15.0;118.0;139.0;78.0;69.0;21.0;34.0;66.0;720.0;2.0;151.0;38.0;56.0;126.0;140.0;154.0;42.0;38.0;11.0;38.0;88.0;8.0;9.0;52.0;66.0;76.0;67.0;98.0;21.0;28.0;57.0;2.0;15.0;77.0;22.0;211.0;2.0;36.0;221.0;53.0;213.0;720.0;87.0;38.0;720.0;63.0;47.0;88.0;126.0;403.0;2.0;150.0;88.0;36.0;139.0;45.0;38.0;80.0;102.0;286.0;465.0;720.0;230.0;74.0;8.0;27.0;53.0;20.0;56.0;8.0;140.0;56.0;11.0;80.0;36.0;410.0;25.0;66.0;116.0;20.0;128.0;246.0;17.0;94.0;29.0;112.0;127.0;10.0;10.0;62.0;357.0;303.0;74.0;25.0;88.0;702.0
136;52.0;72.0;329.0;102.0;139.0;138.0;123.0;46.0;86.0;101.0;54.0;150.0;736.0;282.0;126.0;758.0;54.0;204.0;149.0;417.0;93.0;98.0;445.0;275.0;26.0;152.0;178.0;80.0;140.0;104.0;146.0;76.0;210.0;122.0;52.0;0.0;180.0;86.0;108.0;144.0;138.0;123.0;25.0;109.0;205.0;268.0;149.0;54.0;134.0;111.0;118.0;65.0;121.0;415.0;32.0;133.0;146.0;151.0;80.0;70.0;129.0;143.0;251.0;446.0;95.0;121.0;18.0;46.0;78.0;712.0;233.0;134.0;415.0;443.0;176.0;54.0;93.0;123.0;42.0;736.0;133.0;68.0;54.0;176.0;139.0;75.0;1.0;101.0;109.0;57.0;435.0;176.0;287.0;736.0;200.0;98.0;7.0;45.0;76.0;420.0;86.0;50.0;54.0;113.0;42.0;77.0;90.0;105.0;98.0;56.0;78.0;77.0;276.0;176.0;176.0;116.0;54.0;34.0;144.0;111.0;127.0;58.0;87.0;736.0;66.0;133.0;146.0;29.0;95.0;98.0;100.0;108.0;445.0;510.0;98.0;93.0;144.0;47.0;71.0;144.0;761.0;34.0;70.0;93.0;65.0;23.0;144.0;218.0;199.0;42.0;51.0;665.0;125.0;144.0;108.0;157.0;131.0;131.0;46.0;180.0;21.0;145.0;144.0;146.0;86.0;171.0;139.0;136.0;185.0;200.0;94.0;102.0;131.0;90.0;176.0;50.0;144.0;236.0;63.0;47.0;143.0;143.0;140.0;19.0;247.0;736.0;139.0;736.0;143.0;54.0;86.0;89.0;39.0;50.0;75.0;104.0;176.0;96.0;144.0;128.0;115.0;66.0;151.0;29.0;82.0;53.0;170.0;146.0;98.0;19.0;44.0;20.0;86.0;736.0;54.0;200.0;87.0;4.0;108.0;144.0;198.0;90.0;61.0;42.0;89.0;133.0;59.0;55.0;1.0;110.0;126.0;111.0;126.0;74.0;79.0;58.0;54.0;66.0;125.0;72.0;257.0;54.0;85.0;267.0;101.0;260.0;736.0;133.0;22.0;736.0;111.0;98.0;133.0;108.0;426.0;54.0;195.0;133.0;62.0;146.0;93.0;22.0;127.0;153.0;236.0;507.0;736.0;275.0;126.0;47.0;76.0;101.0;35.0;106.0;59.0;144.0;105.0;62.0;123.0;85.0;439.0;76.0;86.0;161.0;35.0;178.0;298.0;39.0;143.0;74.0;150.0;175.0;53.0;45.0;111.0;409.0;355.0;23.0;31.0;133.0;696.0
137;128.0;110.0;152.0;90.0;76.0;72.0;100.0;134.0;148.0;93.0;126.0;65.0;680.0;133.0;157.0;698.0;126.0;53.0;122.0;404.0;95.0;151.0;384.0;128.0;205.0;66.0;3.0;139.0;79.0;89.0;203.0;109.0;41.0;81.0;128.0;180.0;0.0;148.0;229.0;209.0;79.0;100.0;156.0;88.0;139.0;172.0;122.0;126.0;46.0;83.0;70.0;120.0;63.0;406.0;148.0;91.0;203.0;58.0;101.0;235.0;69.0;76.0;99.0;389.0;85.0;63.0;162.0;134.0;133.0;870.0;77.0;46.0;406.0;263.0;116.0;126.0;113.0;100.0;142.0;680.0;91.0;113.0;126.0;116.0;99.0;131.0;180.0;93.0;88.0;123.0;404.0;116.0;139.0;680.0;42.0;151.0;186.0;134.0;109.0;389.0;148.0;131.0;126.0;75.0;138.0;111.0;90.0;81.0;151.0;124.0;102.0;233.0;125.0;116.0;29.0;80.0;126.0;154.0;209.0;83.0;61.0;122.0;96.0;680.0;245.0;91.0;203.0;151.0;99.0;82.0;105.0;229.0;384.0;391.0;151.0;97.0;209.0;132.0;112.0;209.0;702.0;146.0;235.0;95.0;243.0;202.0;209.0;51.0;46.0;144.0;129.0;826.0;88.0;209.0;229.0;66.0;127.0;78.0;134.0;1.0;161.0;86.0;209.0;203.0;148.0;49.0;76.0;91.0;104.0;108.0;86.0;84.0;178.0;100.0;116.0;130.0;209.0;407.0;238.0;133.0;76.0;76.0;76.0;197.0;95.0;680.0;41.0;680.0;76.0;126.0;148.0;98.0;141.0;130.0;108.0;89.0;116.0;84.0;209.0;56.0;93.0;116.0;33.0;151.0;111.0;128.0;18.0;203.0;151.0;197.0;139.0;160.0;148.0;680.0;126.0;42.0;101.0;183.0;229.0;209.0;107.0;100.0;133.0;138.0;91.0;91.0;122.0;127.0;180.0;97.0;68.0;98.0;120.0;107.0;105.0;157.0;126.0;116.0;79.0;110.0;106.0;126.0;102.0;116.0;93.0;109.0;680.0;87.0;162.0;680.0;85.0;88.0;91.0;229.0;388.0;126.0;106.0;91.0;130.0;203.0;97.0;162.0;81.0;30.0;407.0;387.0;680.0;128.0;53.0;132.0;109.0;93.0;145.0;77.0;122.0;209.0;90.0;118.0;100.0;102.0;376.0;107.0;148.0;60.0;145.0;31.0;125.0;141.0;67.0;110.0;119.0;44.0;127.0;134.0;83.0;229.0;176.0;202.0;150.0;91.0;726.0
138;70.0;60.0;280.0;60.0;79.0;82.0;55.0;77.0;1.0;57.0;67.0;93.0;783.0;276.0;180.0;803.0;67.0;191.0;67.0;336.0;58.0;12.0;359.0;269.0;98.0;94.0;148.0;13.0;79.0;61.0;73.0;55.0;188.0;68.0;66.0;86.0;148.0;0.0;81.0;75.0;77.0;55.0;82.0;60.0;122.0;288.0;67.0;67.0;113.0;65.0;79.0;93.0;114.0;334.0;75.0;67.0;73.0;98.0;69.0;102.0;80.0;82.0;241.0;360.0;85.0;114.0;82.0;77.0;19.0;792.0;220.0;113.0;334.0;403.0;97.0;67.0;36.0;55.0;87.0;783.0;67.0;62.0;67.0;97.0;67.0;24.0;86.0;57.0;60.0;74.0;352.0;97.0;281.0;783.0;183.0;12.0;89.0;74.0;55.0;336.0;1.0;83.0;67.0;74.0;71.0;50.0;75.0;71.0;12.0;64.0;69.0;95.0;268.0;97.0;159.0;68.0;67.0;94.0;75.0;65.0;123.0;66.0;62.0;783.0;128.0;67.0;73.0;80.0;51.0;89.0;43.0;81.0;359.0;427.0;12.0;56.0;75.0;73.0;57.0;75.0;807.0;78.0;102.0;58.0;125.0;96.0;75.0;197.0;184.0;93.0;73.0;744.0;64.0;75.0;81.0;160.0;169.0;74.0;77.0;148.0;84.0;78.0;75.0;73.0;1.0;165.0;79.0;69.0;202.0;124.0;86.0;68.0;51.0;53.0;97.0;65.0;75.0;313.0;116.0;70.0;82.0;82.0;80.0;91.0;237.0;783.0;116.0;783.0;82.0;67.0;1.0;58.0;77.0;65.0;90.0;61.0;97.0;88.0;75.0;93.0;57.0;59.0;133.0;80.0;44.0;81.0;132.0;73.0;12.0;91.0;85.0;82.0;1.0;783.0;67.0;183.0;55.0;88.0;81.0;75.0;123.0;53.0;104.0;71.0;84.0;67.0;62.0;58.0;86.0;52.0;80.0;51.0;161.0;67.0;60.0;121.0;67.0;59.0;71.0;60.0;248.0;67.0;55.0;259.0;57.0;251.0;783.0;69.0;89.0;783.0;63.0;65.0;67.0;81.0;342.0;67.0;120.0;67.0;102.0;73.0;56.0;89.0;70.0;133.0;313.0;424.0;783.0;269.0;101.0;73.0;55.0;57.0;78.0;103.0;62.0;75.0;58.0;71.0;55.0;55.0;352.0;60.0;1.0;161.0;78.0;162.0;244.0;77.0;88.0;91.0;69.0;166.0;77.0;74.0;65.0;369.0;311.0;96.0;80.0;67.0;648.0
139;129.0;131.0;358.0;140.0;159.0;162.0;133.0;132.0;81.0;137.0;127.0;172.0;842.0;354.0;231.0;864.0;127.0;270.0;134.0;327.0;136.0;80.0;375.0;348.0;98.0;173.0;229.0;90.0;158.0;141.0;69.0;128.0;268.0;149.0;126.0;108.0;229.0;81.0;0.0;61.0;156.0;133.0;122.0;140.0;179.0;359.0;134.0;127.0;192.0;146.0;159.0;153.0;190.0;323.0;121.0;145.0;69.0;178.0;141.0;62.0;161.0;161.0;320.0;374.0;159.0;190.0;117.0;132.0;96.0;754.0;299.0;192.0;323.0;482.0;162.0;127.0;116.0;133.0;136.0;842.0;145.0;130.0;127.0;162.0;143.0;100.0;108.0;137.0;140.0;135.0;352.0;162.0;360.0;842.0;263.0;80.0;105.0;129.0;128.0;337.0;81.0;138.0;127.0;154.0;124.0;124.0;150.0;150.0;80.0;126.0;141.0;48.0;347.0;162.0;238.0;149.0;127.0;135.0;61.0;146.0;198.0;129.0;138.0;842.0;101.0;145.0;69.0;123.0;130.0;164.0;123.0;1.0;375.0;469.0;80.0;134.0;61.0;129.0;128.0;61.0;867.0;125.0;62.0;136.0;97.0;98.0;61.0;278.0;263.0;140.0;131.0;704.0;144.0;61.0;1.0;234.0;229.0;154.0;132.0;229.0;121.0;156.0;61.0;69.0;81.0;242.0;159.0;147.0;273.0;192.0;160.0;147.0;75.0;131.0;162.0;124.0;61.0;277.0;87.0;126.0;161.0;161.0;160.0;96.0;316.0;842.0;195.0;842.0;161.0;127.0;81.0;135.0;127.0;124.0;155.0;141.0;162.0;162.0;61.0;173.0;137.0;127.0;212.0;123.0;121.0;138.0;213.0;69.0;80.0;96.0;135.0;119.0;81.0;842.0;127.0;263.0;131.0;107.0;1.0;61.0;190.0;131.0;157.0;124.0;157.0;145.0;126.0;120.0;108.0;132.0;161.0;132.0;223.0;137.0;133.0;163.0;127.0;127.0;151.0;131.0;327.0;127.0;131.0;338.0;137.0;330.0;842.0;148.0;125.0;842.0;144.0;144.0;145.0;1.0;346.0;127.0;188.0;145.0;157.0;69.0;134.0;125.0;150.0;212.0;277.0;467.0;842.0;348.0;181.0;129.0;128.0;137.0;125.0;177.0;126.0;61.0;139.0;135.0;133.0;131.0;369.0;132.0;81.0;237.0;125.0;241.0;321.0;127.0;167.0;155.0;136.0;244.0;135.0;129.0;146.0;449.0;390.0;98.0;125.0;145.0;612.0
140;144.0;135.0;320.0;130.0;134.0;138.0;109.0;150.0;75.0;126.0;140.0;146.0;858.0;342.0;253.0;878.0;140.0;258.0;94.0;274.0;130.0;66.0;315.0;336.0;143.0;145.0;210.0;88.0;131.0;130.0;10.0;130.0;251.0;130.0;140.0;144.0;209.0;75.0;61.0;0.0;130.0;109.0;149.0;126.0;127.0;361.0;94.0;140.0;182.0;132.0;146.0;167.0;187.0;272.0;144.0;118.0;10.0;153.0;144.0;120.0;142.0;134.0;307.0;315.0;159.0;187.0;146.0;150.0;94.0;815.0;285.0;182.0;272.0;447.0;118.0;140.0;106.0;109.0;158.0;858.0;118.0;137.0;140.0;118.0;112.0;99.0;144.0;126.0;126.0;148.0;296.0;118.0;347.0;858.0;249.0;66.0;144.0;146.0;130.0;281.0;75.0;156.0;140.0;142.0;143.0;124.0;149.0;141.0;66.0;138.0;144.0;106.0;334.0;118.0;225.0;133.0;140.0;162.0;1.0;132.0;195.0;140.0;136.0;858.0;157.0;118.0;10.0;148.0;121.0;163.0;111.0;61.0;315.0;409.0;66.0;127.0;1.0;146.0;132.0;1.0;882.0;148.0;120.0;130.0;153.0;143.0;1.0;260.0;250.0;163.0;146.0;765.0;122.0;1.0;61.0;232.0;244.0;132.0;150.0;209.0;150.0;126.0;1.0;10.0;75.0;234.0;134.0;119.0;275.0;147.0;160.0;138.0;32.0;126.0;118.0;138.0;1.0;337.0;143.0;142.0;134.0;134.0;134.0;139.0;303.0;858.0;184.0;858.0;134.0;140.0;75.0;131.0;147.0;138.0;165.0;130.0;118.0;162.0;1.0;158.0;118.0;134.0;201.0;148.0;118.0;154.0;192.0;10.0;66.0;139.0;156.0;147.0;75.0;858.0;140.0;249.0;128.0;144.0;61.0;1.0;146.0;126.0;177.0;143.0;159.0;118.0;137.0;132.0;144.0;116.0;144.0;114.0;236.0;142.0;134.0;191.0;140.0;134.0;131.0;135.0;314.0;140.0;129.0;325.0;126.0;317.0;858.0;123.0;154.0;858.0;129.0;137.0;118.0;61.0;289.0;140.0;144.0;118.0;175.0;10.0;127.0;154.0;128.0;200.0;337.0;407.0;858.0;336.0;170.0;146.0;130.0;126.0;148.0;177.0;137.0;1.0;126.0;146.0;109.0;129.0;309.0;134.0;75.0;233.0;148.0;228.0;282.0;147.0;143.0;165.0;97.0;234.0;150.0;146.0;132.0;415.0;354.0;143.0;149.0;118.0;582.0
141;94.0;70.0;203.0;39.0;3.0;8.0;23.0;103.0;77.0;38.0;90.0;16.0;748.0;213.0;177.0;767.0;90.0;130.0;45.0;341.0;47.0;76.0;339.0;207.0;159.0;17.0;81.0;71.0;2.0;37.0;123.0;65.0;121.0;18.0;91.0;138.0;79.0;77.0;156.0;130.0;0.0;23.0;121.0;30.0;83.0;242.0;45.0;90.0;64.0;29.0;33.0;102.0;78.0;342.0;112.0;12.0;123.0;22.0;68.0;176.0;19.0;5.0;178.0;342.0;67.0;78.0;125.0;103.0;69.0;849.0;156.0;64.0;342.0;326.0;52.0;90.0;48.0;23.0;114.0;748.0;12.0;75.0;90.0;52.0;20.0;68.0;138.0;38.0;30.0;92.0;348.0;52.0;218.0;748.0;120.0;76.0;144.0;101.0;65.0;332.0;77.0;104.0;90.0;35.0;102.0;62.0;62.0;42.0;76.0;86.0;70.0;170.0;205.0;52.0;99.0;25.0;90.0;126.0;130.0;29.0;84.0;86.0;56.0;748.0;195.0;12.0;123.0;116.0;43.0;69.0;40.0;156.0;339.0;378.0;76.0;46.0;130.0;99.0;70.0;130.0;771.0;112.0;176.0;47.0;193.0;156.0;130.0;130.0;122.0;119.0;97.0;803.0;14.0;130.0;156.0;117.0;154.0;8.0;103.0;79.0;125.0;11.0;130.0;123.0;77.0;112.0;3.0;12.0;162.0;65.0;69.0;42.0;99.0;50.0;52.0;93.0;130.0;374.0;186.0;98.0;5.0;5.0;3.0;151.0;174.0;748.0;62.0;748.0;5.0;90.0;77.0;52.0;108.0;93.0;91.0;37.0;52.0;69.0;130.0;38.0;23.0;76.0;78.0;116.0;56.0;100.0;61.0;123.0;76.0;151.0;111.0;124.0;77.0;748.0;90.0;120.0;53.0;142.0;156.0;130.0;63.0;50.0;118.0;102.0;72.0;12.0;83.0;85.0;138.0;29.0;24.0;28.0;146.0;73.0;64.0;143.0;90.0;76.0;15.0;70.0;185.0;90.0;55.0;196.0;38.0;188.0;748.0;8.0;129.0;748.0;28.0;46.0;12.0;156.0;334.0;90.0;60.0;12.0;115.0;123.0;46.0;129.0;11.0;76.0;374.0;375.0;748.0;207.0;54.0;99.0;65.0;38.0;111.0;78.0;83.0;130.0;35.0;86.0;23.0;55.0;332.0;66.0;77.0;115.0;111.0;102.0;168.0;108.0;12.0;93.0;43.0;110.0;97.0;101.0;29.0;293.0;234.0;156.0;116.0;12.0;666.0
142;84.0;61.0;225.0;34.0;25.0;29.0;1.0;93.0;55.0;31.0;80.0;39.0;761.0;233.0;178.0;781.0;80.0;149.0;35.0;334.0;41.0;53.0;339.0;227.0;141.0;39.0;101.0;50.0;25.0;32.0;103.0;55.0;141.0;22.0;80.0;123.0;100.0;55.0;133.0;109.0;23.0;0.0;108.0;26.0;86.0;257.0;35.0;80.0;77.0;29.0;40.0;97.0;87.0;334.0;100.0;12.0;103.0;45.0;63.0;155.0;33.0;28.0;198.0;342.0;68.0;87.0;111.0;93.0;49.0;835.0;176.0;77.0;334.0;349.0;55.0;80.0;31.0;1.0;104.0;761.0;12.0;66.0;80.0;55.0;16.0;49.0;123.0;31.0;26.0;83.0;343.0;55.0;238.0;761.0;139.0;53.0;128.0;91.0;55.0;327.0;55.0;95.0;80.0;39.0;90.0;50.0;60.0;42.0;53.0;76.0;64.0;149.0;225.0;55.0;117.0;28.0;80.0;115.0;109.0;29.0;94.0;76.0;50.0;761.0;177.0;12.0;103.0;104.0;33.0;71.0;24.0;133.0;339.0;389.0;53.0;38.0;109.0;89.0;60.0;109.0;785.0;100.0;155.0;41.0;174.0;139.0;109.0;151.0;141.0;110.0;87.0;788.0;13.0;109.0;133.0;130.0;159.0;22.0;93.0;100.0;112.0;24.0;109.0;103.0;55.0;128.0;25.0;14.0;174.0;76.0;69.0;41.0;78.0;41.0;55.0;81.0;109.0;358.0;166.0;87.0;28.0;28.0;26.0;133.0;194.0;761.0;77.0;761.0;28.0;80.0;55.0;45.0;97.0;81.0;88.0;32.0;55.0;70.0;109.0;51.0;14.0;66.0;94.0;104.0;43.0;92.0;83.0;103.0;53.0;133.0;101.0;111.0;55.0;761.0;80.0;139.0;44.0;126.0;133.0;109.0;75.0;41.0;112.0;90.0;71.0;12.0;73.0;73.0;123.0;16.0;36.0;14.0;150.0;66.0;56.0;136.0;80.0;66.0;23.0;61.0;205.0;80.0;46.0;216.0;31.0;208.0;761.0;15.0;116.0;761.0;26.0;43.0;12.0;133.0;330.0;80.0;72.0;12.0;110.0;103.0;38.0;116.0;19.0;92.0;358.0;385.0;761.0;227.0;65.0;89.0;55.0;31.0;99.0;82.0;73.0;109.0;29.0;78.0;1.0;46.0;332.0;58.0;55.0;128.0;99.0;120.0;189.0;97.0;34.0;89.0;34.0;127.0;88.0;91.0;29.0;315.0;257.0;139.0;104.0;12.0;660.0
143;29.0;52.0;306.0;83.0;121.0;119.0;108.0;22.0;82.0;83.0;32.0;130.0;720.0;257.0;109.0;742.0;32.0;179.0;137.0;417.0;74.0;94.0;439.0;250.0;51.0;133.0;154.0;72.0;123.0;85.0;149.0;56.0;185.0;103.0;30.0;25.0;156.0;82.0;122.0;149.0;121.0;108.0;0.0;91.0;193.0;245.0;137.0;32.0;110.0;92.0;97.0;40.0;97.0;416.0;9.0;117.0;149.0;131.0;58.0;93.0;109.0;125.0;226.0;441.0;71.0;97.0;7.0;22.0;68.0;729.0;208.0;110.0;416.0;419.0;163.0;32.0;78.0;108.0;17.0;720.0;117.0;47.0;32.0;163.0;125.0;65.0;25.0;83.0;91.0;33.0;434.0;163.0;263.0;720.0;175.0;94.0;32.0;22.0;56.0;418.0;82.0;25.0;32.0;92.0;19.0;59.0;67.0;84.0;94.0;35.0;55.0;98.0;251.0;163.0;151.0;97.0;32.0;14.0;149.0;92.0;103.0;36.0;67.0;720.0;91.0;117.0;149.0;5.0;78.0;74.0;85.0;122.0;439.0;497.0;94.0;74.0;149.0;24.0;51.0;149.0;745.0;10.0;93.0;74.0;90.0;48.0;149.0;193.0;174.0;19.0;27.0;682.0;109.0;149.0;122.0;132.0;110.0;113.0;22.0;156.0;5.0;129.0;149.0;149.0;82.0;147.0;121.0;120.0;162.0;184.0;70.0;82.0;131.0;71.0;163.0;28.0;149.0;256.0;87.0;24.0;125.0;125.0;122.0;44.0;222.0;720.0;115.0;720.0;125.0;32.0;82.0;69.0;15.0;28.0;50.0;85.0;163.0;72.0;149.0;106.0;99.0;45.0;127.0;5.0;65.0;29.0;148.0;149.0;94.0;44.0;19.0;5.0;82.0;720.0;32.0;175.0;67.0;29.0;122.0;149.0;182.0;71.0;37.0;19.0;65.0;117.0;38.0;36.0;25.0;94.0;106.0;95.0;104.0;51.0;58.0;42.0;32.0;45.0;107.0;52.0;232.0;32.0;66.0;242.0;83.0;235.0;720.0;116.0;8.0;720.0;93.0;77.0;117.0;122.0;423.0;32.0;179.0;117.0;38.0;149.0;74.0;8.0;109.0;129.0;256.0;494.0;720.0;250.0;103.0;24.0;56.0;83.0;11.0;81.0;38.0;149.0;86.0;39.0;108.0;66.0;433.0;55.0;82.0;137.0;11.0;153.0;276.0;15.0;124.0;49.0;138.0;150.0;29.0;22.0;92.0;385.0;331.0;48.0;6.0;117.0;708.0
144;64.0;39.0;226.0;9.0;30.0;29.0;26.0;72.0;60.0;8.0;60.0;41.0;738.0;217.0;153.0;758.0;60.0;132.0;60.0;359.0;17.0;63.0;364.0;211.0;130.0;43.0;89.0;50.0;32.0;7.0;121.0;34.0;128.0;13.0;61.0;109.0;88.0;60.0;140.0;126.0;30.0;26.0;91.0;0.0;109.0;235.0;60.0;60.0;56.0;5.0;19.0;74.0;63.0;359.0;82.0;29.0;121.0;43.0;39.0;152.0;22.0;35.0;182.0;367.0;42.0;63.0;95.0;72.0;46.0;819.0;161.0;56.0;359.0;347.0;77.0;60.0;25.0;26.0;84.0;738.0;29.0;45.0;60.0;77.0;39.0;44.0;109.0;8.0;1.0;62.0;369.0;77.0;222.0;738.0;124.0;63.0;115.0;71.0;34.0;353.0;60.0;74.0;60.0;16.0;71.0;32.0;35.0;17.0;63.0;56.0;41.0;148.0;209.0;77.0;100.0;9.0;60.0;96.0;126.0;5.0;71.0;56.0;26.0;738.0;168.0;29.0;121.0;86.0;14.0;45.0;17.0;140.0;364.0;408.0;63.0;16.0;126.0;69.0;40.0;126.0;761.0;82.0;152.0;17.0;166.0;128.0;126.0;138.0;125.0;89.0;66.0;773.0;19.0;126.0;140.0;107.0;133.0;23.0;72.0;88.0;95.0;39.0;126.0;121.0;60.0;108.0;30.0;32.0;151.0;95.0;44.0;16.0;96.0;20.0;77.0;62.0;126.0;345.0;159.0;67.0;35.0;35.0;32.0;122.0;178.0;738.0;57.0;738.0;35.0;60.0;60.0;22.0;78.0;62.0;63.0;7.0;77.0;45.0;126.0;33.0;12.0;46.0;75.0;86.0;27.0;71.0;73.0;121.0;63.0;122.0;81.0;94.0;60.0;738.0;60.0;124.0;23.0;112.0;140.0;126.0;93.0;20.0;89.0;71.0;46.0;29.0;53.0;55.0;109.0;12.0;21.0;13.0;125.0;43.0;34.0;114.0;60.0;46.0;16.0;39.0;189.0;60.0;25.0;200.0;8.0;192.0;738.0;27.0;99.0;738.0;3.0;18.0;29.0;140.0;356.0;60.0;90.0;29.0;86.0;121.0;16.0;99.0;19.0;74.0;345.0;405.0;738.0;211.0;44.0;69.0;34.0;8.0;81.0;57.0;53.0;126.0;4.0;56.0;26.0;25.0;357.0;36.0;60.0;107.0;81.0;103.0;192.0;78.0;35.0;65.0;60.0;108.0;67.0;71.0;5.0;313.0;255.0;128.0;86.0;29.0;678.0
145;169.0;146.0;202.0;118.0;85.0;89.0;86.0;178.0;122.0;116.0;165.0;86.0;819.0;265.0;260.0;837.0;165.0;191.0;56.0;265.0;126.0;113.0;257.0;261.0;219.0;83.0;142.0;125.0;81.0;116.0;118.0;140.0;175.0;99.0;166.0;205.0;139.0;122.0;179.0;127.0;83.0;86.0;193.0;109.0;0.0;311.0;56.0;165.0;142.0;110.0;116.0;182.0;159.0;267.0;184.0;80.0;118.0;92.0;148.0;221.0;102.0;81.0;232.0;260.0;149.0;159.0;195.0;178.0;127.0;914.0;211.0;142.0;267.0;329.0;31.0;165.0;114.0;86.0;190.0;819.0;80.0;152.0;165.0;31.0;70.0;129.0;205.0;116.0;109.0;169.0;268.0;31.0;270.0;819.0;180.0;113.0;209.0;176.0;140.0;252.0;122.0;181.0;165.0;118.0;176.0;136.0;144.0;124.0;113.0;161.0;149.0;211.0;257.0;31.0;166.0;107.0;165.0;201.0;127.0;110.0;165.0;162.0;135.0;819.0;250.0;80.0;118.0;189.0;118.0;151.0;109.0;179.0;257.0;305.0;113.0;124.0;127.0;174.0;146.0;127.0;841.0;185.0;221.0;126.0;247.0;217.0;127.0;184.0;184.0;195.0;173.0;866.0;90.0;127.0;179.0;193.0;237.0;91.0;178.0;139.0;197.0;72.0;127.0;118.0;122.0;183.0;85.0;78.0;237.0;33.0;151.0;124.0;104.0;126.0;31.0;167.0;127.0;435.0;238.0;172.0;81.0;81.0;83.0;212.0;228.0;819.0;140.0;819.0;81.0;165.0;122.0;130.0;182.0;167.0;172.0;116.0;31.0;151.0;127.0;119.0;98.0;151.0;152.0;189.0;128.0;178.0;122.0;118.0;113.0;212.0;187.0;195.0;122.0;819.0;165.0;180.0;130.0;207.0;179.0;127.0;34.0;126.0;198.0;176.0;154.0;80.0;159.0;158.0;205.0;101.0;106.0;100.0;228.0;151.0;141.0;222.0;165.0;151.0;97.0;146.0;239.0;165.0;132.0;249.0;116.0;242.0;819.0;83.0;201.0;819.0;108.0;126.0;80.0;179.0;253.0;165.0;34.0;80.0;195.0;118.0;124.0;201.0;92.0;149.0;435.0;303.0;819.0;261.0;134.0;174.0;140.0;116.0;184.0;160.0;159.0;127.0;113.0;163.0;86.0;132.0;249.0;144.0;122.0;190.0;184.0;169.0;163.0;182.0;88.0;174.0;55.0;180.0;174.0;176.0;110.0;298.0;238.0;217.0;189.0;80.0;612.0
146;231.0;230.0;237.0;231.0;239.0;234.0;257.0;230.0;288.0;235.0;232.0;231.0;508.0;84.0;155.0;526.0;232.0;121.0;287.0;576.0;230.0;295.0;551.0;81.0;292.0;233.0;169.0;275.0;242.0;231.0;356.0;233.0;139.0;235.0;233.0;268.0;172.0;288.0;359.0;361.0;242.0;257.0;245.0;235.0;311.0;0.0;287.0;232.0;181.0;230.0;217.0;208.0;174.0;578.0;243.0;252.0;356.0;224.0;219.0;338.0;225.0;240.0;95.0;556.0;203.0;174.0;251.0;230.0;268.0;839.0;109.0;181.0;578.0;278.0;286.0;232.0;254.0;257.0;228.0;508.0;252.0;229.0;232.0;286.0;262.0;264.0;268.0;235.0;235.0;225.0;575.0;286.0;84.0;508.0;131.0;295.0;274.0;232.0;233.0;560.0;288.0;223.0;232.0;220.0;237.0;238.0;213.0;220.0;295.0;233.0;219.0;343.0;88.0;286.0;145.0;230.0;232.0;234.0;361.0;230.0;166.0;230.0;225.0;508.0;328.0;252.0;356.0;242.0;239.0;198.0;250.0;359.0;551.0;532.0;295.0;233.0;361.0;232.0;233.0;361.0;530.0;239.0;338.0;230.0;328.0;290.0;361.0;133.0;127.0;226.0;229.0;801.0;245.0;361.0;359.0;128.0;138.0;237.0;230.0;172.0;248.0;251.0;361.0;356.0;288.0;130.0;239.0;253.0;86.0;279.0;202.0;223.0;331.0;235.0;286.0;236.0;361.0;431.0;329.0;234.0;240.0;240.0;239.0;287.0;97.0;508.0;180.0;508.0;240.0;232.0;288.0;230.0;236.0;236.0;204.0;231.0;286.0;199.0;361.0;206.0;245.0;232.0;164.0;242.0;244.0;222.0;189.0;356.0;295.0;287.0;228.0;250.0;288.0;508.0;232.0;131.0;233.0;271.0;359.0;361.0;279.0;235.0;208.0;237.0;204.0;252.0;233.0;239.0;268.0;247.0;222.0;248.0;142.0;222.0;228.0;214.0;232.0;232.0;235.0;230.0;91.0;232.0;232.0;88.0;235.0;90.0;508.0;247.0;246.0;508.0;233.0;224.0;252.0;359.0;559.0;232.0;277.0;252.0;207.0;356.0;233.0;246.0;239.0;166.0;431.0;528.0;508.0;81.0;192.0;232.0;233.0;235.0;238.0;184.0;233.0;361.0;235.0;224.0;257.0;232.0;543.0;229.0;288.0;129.0;238.0;142.0;239.0;236.0;231.0;204.0;285.0;132.0;225.0;232.0;230.0;252.0;234.0;290.0;241.0;252.0;870.0
147;115.0;94.0;227.0;68.0;48.0;53.0;35.0;124.0;67.0;66.0;111.0;57.0;793.0;255.0;213.0;812.0;111.0;173.0;1.0;299.0;75.0;60.0;305.0;250.0;164.0;56.0;124.0;69.0;45.0;67.0;86.0;88.0;163.0;54.0;112.0;149.0;122.0;67.0;134.0;94.0;45.0;35.0;137.0;60.0;56.0;287.0;0.0;111.0;107.0;63.0;73.0;131.0;120.0;300.0;129.0;35.0;86.0;64.0;97.0;168.0;62.0;47.0;221.0;308.0;102.0;120.0;139.0;124.0;71.0;858.0;199.0;107.0;300.0;353.0;30.0;111.0;60.0;35.0;136.0;793.0;35.0;99.0;111.0;30.0;24.0;74.0;149.0;66.0;60.0;116.0;308.0;30.0;261.0;793.0;163.0;60.0;153.0;122.0;88.0;292.0;67.0;128.0;111.0;73.0;121.0;83.0;95.0;77.0;60.0;107.0;98.0;159.0;247.0;30.0;143.0;62.0;111.0;146.0;94.0;63.0;127.0;108.0;84.0;793.0;195.0;35.0;86.0;134.0;67.0;105.0;55.0;134.0;305.0;361.0;60.0;73.0;94.0;120.0;93.0;94.0;816.0;130.0;168.0;75.0;192.0;162.0;94.0;172.0;166.0;141.0;119.0;810.0;44.0;94.0;134.0;161.0;193.0;50.0;124.0;122.0;141.0;36.0;94.0;86.0;67.0;157.0;48.0;34.0;206.0;59.0;104.0;76.0;64.0;74.0;30.0;112.0;94.0;380.0;183.0;118.0;47.0;47.0;47.0;156.0;217.0;793.0;107.0;793.0;47.0;111.0;67.0;79.0;127.0;112.0;122.0;67.0;30.0;105.0;94.0;82.0;48.0;98.0;122.0;134.0;74.0;125.0;103.0;86.0;60.0;156.0;133.0;139.0;67.0;793.0;111.0;163.0;78.0;151.0;134.0;94.0;57.0;74.0;146.0;121.0;106.0;35.0;105.0;104.0;149.0;50.0;66.0;49.0;185.0;100.0;89.0;169.0;111.0;98.0;54.0;94.0;228.0;111.0;80.0;238.0;66.0;231.0;793.0;40.0;145.0;793.0;61.0;78.0;35.0;134.0;296.0;111.0;54.0;35.0;143.0;86.0;73.0;145.0;49.0;120.0;380.0;358.0;793.0;250.0;97.0;120.0;88.0;66.0;130.0;117.0;105.0;94.0;64.0;111.0;35.0;80.0;298.0;91.0;67.0;159.0;130.0;146.0;189.0;127.0;56.0;123.0;3.0;155.0;120.0;122.0;63.0;321.0;260.0;162.0;134.0;35.0;630.0
148;4.0;20.0;275.0;51.0;89.0;88.0;80.0;13.0;67.0;52.0;1.0;99.0;719.0;235.0;113.0;740.0;1.0;154.0;111.0;401.0;42.0;78.0;416.0;228.0;79.0;101.0;125.0;55.0;92.0;53.0;139.0;25.0;158.0;72.0;2.0;54.0;126.0;67.0;127.0;140.0;90.0;80.0;32.0;60.0;165.0;232.0;111.0;0.0;80.0;61.0;65.0;27.0;70.0;400.0;23.0;87.0;139.0;99.0;26.0;114.0;77.0;94.0;202.0;418.0;41.0;70.0;37.0;13.0;49.0;760.0;183.0;80.0;400.0;389.0;134.0;1.0;52.0;80.0;24.0;719.0;87.0;15.0;1.0;134.0;96.0;44.0;54.0;52.0;60.0;8.0;414.0;134.0;240.0;719.0;149.0;78.0;61.0;11.0;25.0;398.0;67.0;17.0;1.0;60.0;12.0;29.0;36.0;52.0;78.0;4.0;24.0;115.0;228.0;134.0;124.0;66.0;1.0;36.0;140.0;61.0;77.0;4.0;35.0;719.0;119.0;87.0;139.0;27.0;48.0;45.0;56.0;127.0;416.0;467.0;78.0;44.0;140.0;9.0;20.0;140.0;743.0;22.0;114.0;42.0;118.0;76.0;140.0;166.0;148.0;30.0;7.0;714.0;78.0;140.0;127.0;110.0;104.0;82.0;13.0;126.0;37.0;98.0;140.0;139.0;67.0;122.0;89.0;90.0;146.0;154.0;41.0;50.0;118.0;40.0;134.0;5.0;140.0;287.0;113.0;8.0;94.0;94.0;91.0;71.0;198.0;719.0;85.0;719.0;94.0;1.0;67.0;38.0;18.0;5.0;28.0;53.0;134.0;43.0;140.0;75.0;69.0;14.0;99.0;27.0;37.0;15.0;116.0;139.0;78.0;71.0;22.0;36.0;67.0;719.0;1.0;149.0;37.0;58.0;127.0;140.0;152.0;40.0;37.0;12.0;36.0;87.0;7.0;9.0;54.0;65.0;74.0;66.0;97.0;20.0;26.0;58.0;1.0;14.0;75.0;20.0;209.0;1.0;35.0;219.0;52.0;211.0;719.0;86.0;40.0;719.0;62.0;46.0;87.0;127.0;403.0;1.0;149.0;87.0;35.0;139.0;44.0;40.0;78.0;100.0;287.0;464.0;719.0;228.0;73.0;9.0;25.0;52.0;21.0;54.0;7.0;140.0;55.0;9.0;80.0;35.0;409.0;24.0;67.0;114.0;21.0;126.0;244.0;18.0;93.0;28.0;112.0;125.0;10.0;11.0;61.0;355.0;301.0;76.0;27.0;87.0;702.0
149;82.0;66.0;198.0;53.0;60.0;55.0;77.0;88.0;113.0;56.0;80.0;57.0;686.0;163.0;124.0;705.0;80.0;78.0;107.0;404.0;55.0;118.0;398.0;156.0;159.0;60.0;45.0;102.0;64.0;53.0;177.0;66.0;79.0;55.0;82.0;134.0;46.0;113.0;192.0;182.0;64.0;77.0;110.0;56.0;142.0;181.0;107.0;80.0;0.0;50.0;37.0;74.0;20.0;405.0;102.0;72.0;177.0;51.0;56.0;192.0;45.0;63.0;128.0;401.0;39.0;20.0;116.0;88.0;96.0;827.0;108.0;1.0;405.0;309.0;113.0;80.0;78.0;77.0;95.0;686.0;72.0;69.0;80.0;113.0;83.0;92.0;134.0;56.0;56.0;77.0;410.0;113.0;168.0;686.0;71.0;118.0;141.0;88.0;66.0;394.0;113.0;85.0;80.0;40.0;92.0;69.0;46.0;42.0;118.0;79.0;57.0;191.0;155.0;113.0;46.0;49.0;80.0;107.0;182.0;50.0;23.0;76.0;54.0;686.0;199.0;72.0;177.0;105.0;62.0;36.0;72.0;192.0;398.0;421.0;118.0;58.0;182.0;86.0;68.0;182.0;709.0;100.0;192.0;55.0;198.0;156.0;182.0;88.0;72.0;98.0;83.0;782.0;65.0;182.0;192.0;53.0;97.0;57.0;88.0;46.0;115.0;74.0;182.0;177.0;113.0;52.0;60.0;73.0;98.0;117.0;40.0;45.0;151.0;60.0;113.0;85.0;182.0;361.0;193.0;87.0;63.0;63.0;62.0;151.0;124.0;686.0;5.0;686.0;63.0;80.0;113.0;57.0;95.0;85.0;62.0;53.0;113.0;37.0;182.0;26.0;65.0;72.0;20.0;105.0;71.0;82.0;41.0;177.0;118.0;151.0;93.0;114.0;113.0;686.0;80.0;71.0;60.0;137.0;192.0;182.0;116.0;60.0;88.0;92.0;45.0;72.0;77.0;82.0;134.0;67.0;41.0;68.0;89.0;62.0;61.0;112.0;80.0;72.0;54.0;66.0;135.0;80.0;61.0;146.0;56.0;138.0;686.0;68.0;116.0;686.0;53.0;48.0;72.0;192.0;395.0;80.0;113.0;72.0;85.0;177.0;58.0;116.0;59.0;21.0;361.0;417.0;686.0;156.0;12.0;86.0;66.0;56.0;99.0;32.0;77.0;182.0;56.0;72.0;77.0;61.0;390.0;63.0;113.0;52.0;99.0;49.0;170.0;95.0;55.0;63.0;106.0;53.0;81.0;88.0;50.0;275.0;222.0;156.0;104.0;72.0;720.0
150;65.0;41.0;222.0;10.0;29.0;27.0;29.0;74.0;65.0;11.0;61.0;38.0;733.0;211.0;151.0;753.0;61.0;127.0;63.0;363.0;19.0;69.0;366.0;205.0;133.0;40.0;83.0;56.0;31.0;8.0;126.0;36.0;123.0;12.0;62.0;111.0;83.0;65.0;146.0;132.0;29.0;29.0;92.0;5.0;110.0;230.0;63.0;61.0;50.0;0.0;14.0;73.0;58.0;363.0;84.0;31.0;126.0;39.0;39.0;156.0;18.0;33.0;177.0;369.0;40.0;58.0;97.0;74.0;51.0;821.0;155.0;50.0;363.0;342.0;79.0;61.0;30.0;29.0;84.0;733.0;31.0;46.0;61.0;79.0;41.0;48.0;111.0;11.0;5.0;63.0;372.0;79.0;217.0;733.0;118.0;69.0;117.0;72.0;36.0;355.0;65.0;75.0;61.0;11.0;73.0;35.0;33.0;14.0;69.0;58.0;41.0;152.0;204.0;79.0;94.0;5.0;61.0;97.0;132.0;1.0;66.0;57.0;27.0;733.0;171.0;31.0;126.0;88.0;18.0;42.0;22.0;146.0;366.0;408.0;69.0;18.0;132.0;70.0;42.0;132.0;757.0;83.0;156.0;19.0;170.0;131.0;132.0;132.0;120.0;90.0;68.0;775.0;20.0;132.0;146.0;102.0;130.0;21.0;74.0;83.0;97.0;39.0;132.0;126.0;65.0;103.0;29.0;33.0;147.0;94.0;41.0;13.0;101.0;22.0;79.0;64.0;132.0;347.0;163.0;69.0;33.0;33.0;31.0;125.0;172.0;733.0;52.0;733.0;33.0;61.0;65.0;23.0;79.0;64.0;62.0;8.0;79.0;42.0;132.0;27.0;16.0;47.0;69.0;88.0;31.0;71.0;68.0;126.0;69.0;125.0;81.0;96.0;65.0;733.0;61.0;118.0;25.0;115.0;146.0;132.0;93.0;22.0;89.0;73.0;44.0;31.0;55.0;57.0;111.0;16.0;16.0;18.0;122.0;43.0;35.0;114.0;61.0;47.0;15.0;41.0;184.0;61.0;27.0;194.0;11.0;187.0;733.0;27.0;100.0;733.0;3.0;17.0;31.0;146.0;358.0;61.0;90.0;31.0;86.0;126.0;18.0;100.0;18.0;69.0;347.0;405.0;733.0;205.0;39.0;70.0;36.0;11.0;82.0;53.0;55.0;132.0;8.0;57.0;29.0;27.0;359.0;37.0;65.0;102.0;82.0;97.0;189.0;79.0;32.0;64.0;62.0;103.0;68.0;72.0;1.0;308.0;251.0;131.0;87.0;31.0;684.0
151;69.0;46.0;212.0;20.0;31.0;27.0;40.0;77.0;79.0;23.0;65.0;35.0;721.0;197.0;144.0;741.0;65.0;113.0;73.0;372.0;26.0;83.0;372.0;191.0;141.0;38.0;70.0;69.0;34.0;19.0;140.0;42.0;109.0;19.0;67.0;118.0;70.0;79.0;159.0;146.0;33.0;40.0;97.0;19.0;116.0;217.0;73.0;65.0;37.0;14.0;0.0;72.0;47.0;373.0;89.0;39.0;140.0;34.0;40.0;167.0;14.0;35.0;163.0;375.0;35.0;47.0;102.0;77.0;63.0;825.0;141.0;37.0;373.0;331.0;85.0;65.0;43.0;40.0;87.0;721.0;39.0;51.0;65.0;85.0;50.0;61.0;118.0;23.0;19.0;65.0;380.0;85.0;203.0;721.0;105.0;83.0;124.0;76.0;42.0;364.0;79.0;77.0;65.0;6.0;78.0;43.0;32.0;13.0;83.0;62.0;42.0;164.0;190.0;85.0;80.0;13.0;65.0;100.0;146.0;14.0;54.0;61.0;31.0;721.0;180.0;39.0;140.0;93.0;29.0;36.0;36.0;159.0;372.0;409.0;83.0;27.0;146.0;74.0;47.0;146.0;744.0;88.0;167.0;26.0;178.0;139.0;146.0;118.0;106.0;92.0;71.0;779.0;29.0;146.0;159.0;89.0;121.0;25.0;77.0;70.0;102.0;44.0;146.0;140.0;79.0;89.0;31.0;40.0;134.0;96.0;36.0;16.0;115.0;31.0;85.0;69.0;146.0;353.0;172.0;73.0;35.0;35.0;33.0;133.0;158.0;721.0;38.0;721.0;35.0;65.0;79.0;30.0;83.0;69.0;60.0;19.0;85.0;36.0;146.0;14.0;28.0;52.0;55.0;93.0;41.0;73.0;56.0;140.0;83.0;133.0;84.0;101.0;79.0;721.0;65.0;105.0;33.0;122.0;159.0;146.0;95.0;31.0;88.0;78.0;40.0;39.0;60.0;63.0;118.0;30.0;10.0;31.0;113.0;46.0;40.0;113.0;65.0;52.0;20.0;46.0;170.0;65.0;34.0;180.0;23.0;173.0;721.0;34.0;105.0;721.0;16.0;20.0;39.0;159.0;366.0;65.0;92.0;39.0;85.0;140.0;27.0;105.0;24.0;55.0;353.0;405.0;721.0;191.0;25.0;74.0;42.0;23.0;86.0;45.0;60.0;146.0;21.0;59.0;40.0;34.0;365.0;42.0;79.0;88.0;86.0;83.0;180.0;83.0;30.0;62.0;72.0;89.0;70.0;76.0;14.0;297.0;240.0;139.0;92.0;39.0;690.0
152;24.0;38.0;272.0;65.0;101.0;98.0;97.0;22.0;93.0;66.0;27.0;108.0;692.0;217.0;87.0;713.0;27.0;139.0;131.0;425.0;57.0;104.0;436.0;210.0;91.0;110.0;118.0;81.0;104.0;67.0;166.0;44.0;147.0;85.0;28.0;65.0;120.0;93.0;153.0;167.0;102.0;97.0;40.0;74.0;182.0;208.0;131.0;27.0;74.0;73.0;72.0;0.0;58.0;424.0;36.0;103.0;166.0;106.0;35.0;132.0;86.0;106.0;186.0;439.0;39.0;58.0;47.0;22.0;75.0;755.0;168.0;74.0;424.0;381.0;151.0;27.0;73.0;97.0;24.0;692.0;103.0;33.0;27.0;151.0;112.0;70.0;65.0;66.0;74.0;19.0;437.0;151.0;222.0;692.0;136.0;104.0;72.0;24.0;44.0;421.0;93.0;16.0;27.0;68.0;29.0;49.0;40.0;61.0;104.0;29.0;33.0;136.0;211.0;151.0;112.0;77.0;27.0;34.0;167.0;73.0;63.0;27.0;47.0;692.0;131.0;103.0;166.0;36.0;65.0;40.0;76.0;153.0;436.0;480.0;104.0;59.0;167.0;24.0;39.0;167.0;717.0;32.0;132.0;57.0;130.0;89.0;167.0;154.0;134.0;25.0;22.0;709.0;93.0;167.0;153.0;92.0;77.0;94.0;22.0;120.0;45.0;112.0;167.0;166.0;93.0;106.0;101.0;105.0;123.0;167.0;38.0;60.0;144.0;57.0;151.0;30.0;167.0;287.0;128.0;27.0;106.0;106.0;103.0;84.0;182.0;692.0;79.0;692.0;106.0;27.0;93.0;52.0;28.0;30.0;13.0;67.0;151.0;39.0;167.0;78.0;85.0;35.0;89.0;36.0;58.0;14.0;114.0;166.0;104.0;84.0;22.0;45.0;93.0;692.0;27.0;136.0;53.0;69.0;153.0;167.0;166.0;57.0;16.0;29.0;33.0;103.0;31.0;35.0;65.0;82.0;82.0;83.0;70.0;31.0;42.0;41.0;27.0;35.0;87.0;38.0;192.0;27.0;51.0;202.0;66.0;194.0;692.0;100.0;45.0;692.0;74.0;56.0;103.0;153.0;425.0;27.0;163.0;103.0;13.0;166.0;59.0;45.0;91.0;92.0;287.0;477.0;692.0;210.0;70.0;24.0;44.0;66.0;31.0;43.0;31.0;167.0;69.0;22.0;97.0;51.0;429.0;40.0;93.0;96.0;31.0;114.0;243.0;28.0;102.0;11.0;131.0;111.0;18.0;24.0;73.0;347.0;295.0;89.0;35.0;103.0;720.0
153;71.0;60.0;214.0;58.0;75.0;70.0;87.0;75.0;114.0;61.0;70.0;74.0;675.0;166.0;104.0;695.0;70.0;84.0;120.0;419.0;57.0;121.0;415.0;159.0;147.0;77.0;61.0;102.0;79.0;58.0;182.0;62.0;89.0;66.0;72.0;121.0;63.0;114.0;190.0;187.0;78.0;87.0;97.0;63.0;159.0;174.0;120.0;70.0;20.0;58.0;47.0;58.0;0.0;419.0;90.0;85.0;182.0;69.0;49.0;184.0;59.0;78.0;133.0;419.0;31.0;1.0;103.0;75.0;96.0;808.0;113.0;20.0;419.0;323.0;129.0;70.0;81.0;87.0;81.0;675.0;85.0;61.0;70.0;129.0;96.0;91.0;121.0;61.0;63.0;65.0;426.0;129.0;171.0;675.0;79.0;121.0;128.0;76.0;62.0;410.0;114.0;71.0;70.0;48.0;80.0;66.0;40.0;46.0;121.0;69.0;50.0;184.0;159.0;129.0;54.0;59.0;70.0;93.0;187.0;58.0;8.0;67.0;52.0;675.0;187.0;85.0;182.0;92.0;65.0;27.0;77.0;190.0;415.0;441.0;121.0;59.0;187.0;75.0;63.0;187.0;699.0;87.0;184.0;57.0;186.0;144.0;187.0;97.0;78.0;83.0;71.0;763.0;76.0;187.0;190.0;46.0;78.0;71.0;75.0;63.0;101.0;89.0;187.0;182.0;114.0;53.0;75.0;86.0;89.0;135.0;31.0;49.0;157.0;61.0;129.0;75.0;187.0;344.0;183.0;76.0;78.0;78.0;76.0;140.0;129.0;675.0;25.0;675.0;78.0;70.0;114.0;57.0;83.0;75.0;47.0;58.0;129.0;28.0;187.0;40.0;74.0;65.0;31.0;92.0;71.0;68.0;61.0;182.0;121.0;140.0;79.0;101.0;114.0;675.0;70.0;79.0;60.0;125.0;190.0;187.0;134.0;61.0;71.0;80.0;35.0;85.0;68.0;74.0;121.0;74.0;54.0;76.0;70.0;54.0;57.0;94.0;70.0;65.0;66.0;60.0;139.0;70.0;59.0;150.0;61.0;142.0;675.0;81.0;102.0;675.0;61.0;50.0;85.0;190.0;411.0;70.0;132.0;85.0;68.0;182.0;59.0;102.0;71.0;34.0;344.0;437.0;675.0;159.0;25.0;75.0;62.0;61.0;86.0;16.0;68.0;187.0;61.0;61.0;87.0;59.0;408.0;58.0;114.0;47.0;86.0;56.0;188.0;83.0;71.0;48.0;119.0;55.0;68.0;76.0;58.0;289.0;237.0;144.0;91.0;85.0;732.0
154;404.0;387.0;425.0;367.0;345.0;350.0;334.0;411.0;334.0;364.0;400.0;350.0;1085.0;527.0;510.0;1103.0;400.0;458.0;300.0;10.0;372.0;323.0;122.0;524.0;415.0;347.0;409.0;346.0;341.0;366.0;268.0;381.0;441.0;354.0;400.0;415.0;406.0;334.0;323.0;272.0;342.0;334.0;416.0;359.0;267.0;578.0;300.0;400.0;405.0;363.0;373.0;424.0;419.0;0.0;410.0;334.0;268.0;356.0;393.0;386.0;361.0;342.0;496.0;115.0;401.0;419.0;415.0;411.0;351.0;1053.0;476.0;405.0;1.0;536.0;293.0;400.0;352.0;334.0;421.0;1085.0;334.0;391.0;400.0;293.0;323.0;356.0;415.0;364.0;359.0;406.0;53.0;293.0;532.0;1085.0;447.0;323.0;415.0;408.0;381.0;52.0;334.0;416.0;400.0;373.0;405.0;375.0;393.0;377.0;323.0;396.0;394.0;371.0;519.0;293.0;433.0;361.0;400.0;428.0;272.0;363.0;426.0;398.0;381.0;1085.0;424.0;334.0;268.0;414.0;363.0;405.0;351.0;323.0;122.0;287.0;323.0;370.0;272.0;407.0;385.0;272.0;1107.0;413.0;386.0;372.0;421.0;414.0;272.0;449.0;451.0;427.0;407.0;1001.0;344.0;272.0;323.0;458.0;493.0;349.0;411.0;406.0;418.0;332.0;272.0;268.0;334.0;450.0;345.0;333.0;503.0;299.0;403.0;375.0;285.0;370.0;293.0;399.0;272.0;592.0;410.0;404.0;342.0;342.0;344.0;411.0;493.0;1085.0;404.0;1085.0;342.0;400.0;334.0;375.0;411.0;399.0;418.0;366.0;293.0;404.0;272.0;380.0;348.0;389.0;417.0;414.0;367.0;414.0;389.0;268.0;323.0;411.0;419.0;415.0;334.0;1085.0;400.0;447.0;374.0;415.0;323.0;272.0;299.0;370.0;437.0;405.0;404.0;334.0;394.0;391.0;415.0;349.0;365.0;347.0;484.0;394.0;384.0;456.0;400.0;389.0;353.0;387.0;503.0;400.0;375.0;512.0;364.0;505.0;1085.0;339.0;422.0;1085.0;360.0;376.0;334.0;323.0;67.0;400.0;300.0;334.0;435.0;268.0;370.0;422.0;349.0;414.0;592.0;288.0;1085.0;524.0;396.0;407.0;381.0;364.0;412.0;416.0;394.0;272.0;362.0;402.0;334.0;375.0;124.0;385.0;334.0;455.0;412.0;436.0;392.0;411.0;351.0;419.0;301.0;447.0;410.0;408.0;363.0;513.0;459.0;414.0;415.0;334.0;396.0
155;20.0;43.0;298.0;74.0;112.0;111.0;100.0;15.0;75.0;74.0;23.0;122.0;721.0;252.0;111.0;743.0;23.0;173.0;129.0;411.0;65.0;87.0;432.0;245.0;57.0;124.0;147.0;65.0;114.0;76.0;144.0;48.0;179.0;94.0;22.0;32.0;148.0;75.0;121.0;144.0;112.0;100.0;9.0;82.0;184.0;243.0;129.0;23.0;102.0;84.0;89.0;36.0;90.0;410.0;0.0;108.0;144.0;122.0;49.0;97.0;100.0;116.0;220.0;434.0;63.0;90.0;14.0;15.0;61.0;738.0;202.0;102.0;410.0;411.0;154.0;23.0;70.0;100.0;15.0;721.0;108.0;38.0;23.0;154.0;116.0;57.0;32.0;74.0;82.0;25.0;427.0;154.0;258.0;721.0;169.0;87.0;39.0;14.0;48.0;411.0;75.0;20.0;23.0;83.0;11.0;50.0;59.0;75.0;87.0;26.0;47.0;100.0;246.0;154.0;144.0;88.0;23.0;18.0;144.0;84.0;96.0;28.0;58.0;721.0;97.0;108.0;144.0;5.0;69.0;66.0;76.0;121.0;432.0;488.0;87.0;66.0;144.0;16.0;42.0;144.0;746.0;4.0;97.0;65.0;96.0;55.0;144.0;187.0;167.0;19.0;19.0;691.0;100.0;144.0;121.0;127.0;109.0;104.0;15.0;148.0;14.0;120.0;144.0;144.0;75.0;141.0;112.0;111.0;158.0;175.0;63.0;73.0;125.0;62.0;154.0;20.0;144.0;264.0;93.0;15.0;116.0;116.0;114.0;50.0;217.0;721.0;107.0;721.0;116.0;23.0;75.0;60.0;7.0;20.0;44.0;76.0;154.0;65.0;144.0;98.0;90.0;36.0;120.0;5.0;57.0;22.0;139.0;144.0;87.0;50.0;15.0;13.0;75.0;721.0;23.0;169.0;59.0;35.0;121.0;144.0;174.0;62.0;36.0;11.0;58.0;108.0;29.0;27.0;32.0;85.0;97.0;86.0;103.0;43.0;49.0;47.0;23.0;36.0;98.0;43.0;227.0;23.0;57.0;237.0;74.0;229.0;721.0;107.0;17.0;721.0;84.0;69.0;108.0;121.0;416.0;23.0;170.0;108.0;36.0;144.0;66.0;17.0;100.0;122.0;264.0;485.0;721.0;245.0;95.0;16.0;48.0;74.0;5.0;74.0;29.0;144.0;77.0;31.0;100.0;57.0;425.0;46.0;75.0;131.0;5.0;146.0;268.0;7.0;116.0;43.0;130.0;144.0;22.0;14.0;84.0;377.0;324.0;55.0;5.0;108.0;702.0
156;91.0;68.0;214.0;38.0;15.0;20.0;12.0;100.0;67.0;37.0;87.0;28.0;758.0;224.0;181.0;777.0;87.0;141.0;35.0;334.0;46.0;65.0;335.0;219.0;152.0;28.0;93.0;62.0;13.0;36.0;111.0;62.0;133.0;20.0;88.0;133.0;91.0;67.0;145.0;118.0;12.0;12.0;117.0;29.0;80.0;252.0;35.0;87.0;72.0;31.0;39.0;103.0;85.0;334.0;108.0;0.0;111.0;35.0;68.0;167.0;27.0;17.0;190.0;338.0;70.0;85.0;121.0;100.0;60.0;845.0;168.0;72.0;334.0;337.0;48.0;87.0;41.0;12.0;112.0;758.0;1.0;73.0;87.0;48.0;11.0;60.0;133.0;37.0;29.0;90.0;342.0;48.0;230.0;758.0;132.0;65.0;138.0;99.0;62.0;326.0;67.0;103.0;87.0;39.0;99.0;59.0;64.0;44.0;65.0;84.0;70.0;161.0;216.0;48.0;110.0;28.0;87.0;123.0;118.0;31.0;92.0;84.0;55.0;758.0;188.0;1.0;111.0;113.0;40.0;72.0;33.0;145.0;335.0;380.0;65.0;44.0;118.0;97.0;68.0;118.0;781.0;109.0;167.0;46.0;186.0;150.0;118.0;142.0;134.0;117.0;94.0;798.0;10.0;118.0;145.0;126.0;160.0;15.0;100.0;91.0;122.0;12.0;118.0;111.0;67.0;122.0;15.0;3.0;171.0;67.0;72.0;44.0;87.0;47.0;48.0;90.0;118.0;369.0;178.0;95.0;17.0;17.0;16.0;144.0;185.0;758.0;72.0;758.0;17.0;87.0;67.0;51.0;105.0;90.0;92.0;36.0;48.0;72.0;118.0;47.0;19.0;73.0;88.0;113.0;52.0;99.0;73.0;111.0;65.0;144.0;109.0;120.0;67.0;758.0;87.0;132.0;51.0;136.0;145.0;118.0;65.0;47.0;118.0;99.0;74.0;1.0;81.0;82.0;133.0;23.0;31.0;22.0;151.0;72.0;62.0;143.0;87.0;73.0;19.0;68.0;197.0;87.0;53.0;207.0;37.0;200.0;758.0;5.0;125.0;758.0;29.0;47.0;1.0;145.0;328.0;87.0;62.0;1.0;115.0;111.0;44.0;125.0;14.0;86.0;369.0;377.0;758.0;219.0;62.0;97.0;62.0;37.0;108.0;83.0;81.0;118.0;33.0;85.0;12.0;53.0;328.0;65.0;67.0;124.0;108.0;113.0;178.0;105.0;24.0;94.0;34.0;121.0;95.0;99.0;31.0;304.0;245.0;150.0;113.0;1.0;660.0
157;142.0;132.0;311.0;125.0;126.0;131.0;103.0;149.0;73.0;121.0;139.0;139.0;855.0;335.0;252.0;875.0;139.0;251.0;86.0;271.0;126.0;63.0;308.0;329.0;147.0;138.0;204.0;85.0;124.0;125.0;1.0;127.0;244.0;124.0;139.0;146.0;203.0;73.0;69.0;10.0;123.0;103.0;149.0;121.0;118.0;356.0;86.0;139.0;177.0;126.0;140.0;166.0;182.0;268.0;144.0;111.0;0.0;146.0;141.0;126.0;135.0;127.0;300.0;309.0;155.0;182.0;148.0;149.0;92.0;822.0;279.0;177.0;268.0;438.0;109.0;139.0;102.0;103.0;157.0;855.0;111.0;134.0;139.0;109.0;104.0;97.0;146.0;121.0;121.0;146.0;291.0;109.0;341.0;855.0;242.0;63.0;146.0;146.0;127.0;276.0;73.0;155.0;139.0;137.0;142.0;121.0;145.0;136.0;63.0;136.0;141.0;113.0;327.0;109.0;219.0;128.0;139.0;162.0;10.0;126.0;190.0;139.0;132.0;855.0;163.0;111.0;1.0;148.0;117.0;159.0;106.0;69.0;308.0;400.0;63.0;123.0;10.0;145.0;129.0;10.0;879.0;148.0;126.0;126.0;160.0;146.0;10.0;253.0;244.0;163.0;145.0;773.0;115.0;10.0;69.0;228.0;241.0;125.0;149.0;203.0;151.0;118.0;10.0;1.0;73.0;229.0;126.0;112.0;271.0;138.0;156.0;133.0;25.0;122.0;109.0;137.0;10.0;345.0;149.0;141.0;127.0;127.0;127.0;143.0;296.0;855.0;178.0;855.0;127.0;139.0;73.0;127.0;147.0;137.0;163.0;125.0;109.0;158.0;10.0;153.0;112.0;132.0;195.0;148.0;114.0;153.0;185.0;1.0;63.0;143.0;156.0;148.0;73.0;855.0;139.0;242.0;124.0;147.0;69.0;10.0;137.0;122.0;176.0;142.0;155.0;111.0;135.0;130.0;146.0;110.0;138.0;109.0;233.0;140.0;131.0;191.0;139.0;132.0;125.0;132.0;308.0;139.0;125.0;318.0;121.0;311.0;855.0;116.0;155.0;855.0;124.0;132.0;111.0;69.0;283.0;139.0;134.0;111.0;174.0;1.0;123.0;155.0;122.0;194.0;345.0;398.0;855.0;329.0;165.0;145.0;127.0;121.0;148.0;173.0;135.0;10.0;121.0;144.0;103.0;125.0;303.0;132.0;73.0;228.0;148.0;222.0;273.0;147.0;136.0;163.0;89.0;229.0;149.0;146.0;126.0;406.0;345.0;146.0;149.0;111.0;582.0
158;102.0;79.0;184.0;49.0;19.0;16.0;45.0;111.0;98.0;50.0;99.0;7.0;731.0;191.0;172.0;750.0;99.0;109.0;64.0;355.0;57.0;98.0;347.0;186.0;173.0;9.0;59.0;91.0;21.0;47.0;146.0;75.0;99.0;31.0;101.0;151.0;58.0;98.0;178.0;153.0;22.0;45.0;131.0;43.0;92.0;224.0;64.0;99.0;51.0;39.0;34.0;106.0;69.0;356.0;122.0;35.0;146.0;0.0;74.0;194.0;22.0;18.0;156.0;350.0;67.0;69.0;135.0;111.0;87.0;859.0;134.0;51.0;356.0;306.0;63.0;99.0;66.0;45.0;121.0;731.0;35.0;84.0;99.0;63.0;42.0;86.0;151.0;50.0;43.0;99.0;359.0;63.0;197.0;731.0;99.0;98.0;157.0;110.0;75.0;343.0;98.0;111.0;99.0;39.0;111.0;74.0;66.0;47.0;98.0;96.0;76.0;189.0;183.0;63.0;79.0;35.0;99.0;134.0;153.0;39.0;74.0;95.0;64.0;731.0;211.0;35.0;146.0;126.0;57.0;68.0;57.0;178.0;347.0;376.0;98.0;57.0;153.0;108.0;80.0;153.0;754.0;121.0;194.0;57.0;209.0;170.0;153.0;108.0;102.0;126.0;105.0;813.0;33.0;153.0;178.0;102.0;147.0;24.0;111.0;58.0;136.0;28.0;153.0;146.0;98.0;94.0;19.0;34.0;146.0;67.0;69.0;49.0;121.0;61.0;63.0;102.0;153.0;386.0;202.0;107.0;18.0;18.0;19.0;165.0;152.0;731.0;48.0;731.0;18.0;99.0;98.0;62.0;117.0;102.0;94.0;47.0;63.0;68.0;153.0;30.0;42.0;86.0;61.0;126.0;70.0;107.0;39.0;146.0;98.0;165.0;118.0;134.0;98.0;731.0;99.0;99.0;64.0;154.0;178.0;153.0;65.0;61.0;122.0;111.0;73.0;35.0;93.0;96.0;151.0;47.0;25.0;47.0;139.0;80.0;73.0;147.0;99.0;86.0;28.0;79.0;164.0;99.0;66.0;174.0;50.0;166.0;731.0;30.0;138.0;731.0;40.0;53.0;35.0;178.0;345.0;99.0;63.0;35.0;118.0;146.0;57.0;138.0;28.0;58.0;386.0;372.0;731.0;186.0;44.0;108.0;75.0;50.0;120.0;73.0;93.0;153.0;47.0;93.0;45.0;66.0;339.0;75.0;98.0;99.0;120.0;82.0;150.0;117.0;10.0;95.0;62.0;92.0;104.0;110.0;39.0;272.0;214.0;170.0;125.0;35.0;684.0
159;29.0;11.0;249.0;30.0;67.0;65.0;63.0;37.0;69.0;31.0;26.0;75.0;714.0;215.0;117.0;734.0;26.0;132.0;97.0;393.0;22.0;78.0;402.0;208.0;104.0;77.0;100.0;56.0;70.0;32.0;141.0;14.0;134.0;50.0;28.0;80.0;101.0;69.0;141.0;144.0;68.0;63.0;58.0;39.0;148.0;219.0;97.0;26.0;56.0;39.0;40.0;35.0;49.0;393.0;49.0;68.0;141.0;74.0;0.0;136.0;53.0;72.0;181.0;405.0;18.0;49.0;63.0;37.0;50.0;785.0;161.0;56.0;393.0;364.0;116.0;26.0;41.0;63.0;47.0;714.0;68.0;13.0;26.0;116.0;78.0;45.0;80.0;31.0;39.0;25.0;404.0;116.0;220.0;714.0;126.0;78.0;86.0;36.0;14.0;388.0;69.0;37.0;26.0;35.0;38.0;20.0;10.0;27.0;78.0;24.0;2.0;136.0;208.0;116.0;101.0;43.0;26.0;59.0;144.0;39.0;57.0;22.0;13.0;714.0;144.0;68.0;141.0;53.0;30.0;22.0;42.0;141.0;402.0;446.0;78.0;24.0;144.0;34.0;14.0;144.0;738.0;48.0;136.0;22.0;143.0;102.0;144.0;143.0;125.0;52.0;31.0;739.0;58.0;144.0;141.0;93.0;102.0;60.0;37.0;101.0;62.0;78.0;144.0;141.0;69.0;102.0;67.0;70.0;133.0;133.0;18.0;26.0;117.0;23.0;116.0;30.0;144.0;313.0;138.0;34.0;72.0;72.0;69.0;96.0;177.0;714.0;60.0;714.0;72.0;26.0;69.0;18.0;43.0;30.0;25.0;32.0;116.0;21.0;144.0;49.0;50.0;16.0;75.0;53.0;27.0;33.0;91.0;141.0;78.0;96.0;44.0;62.0;69.0;714.0;26.0;126.0;19.0;84.0;141.0;144.0;131.0;23.0;50.0;38.0;15.0;68.0;21.0;26.0;80.0;47.0;50.0;48.0;93.0;6.0;10.0;75.0;26.0;16.0;53.0;11.0;188.0;26.0;17.0;198.0;31.0;191.0;714.0;65.0;65.0;714.0;40.0;22.0;68.0;141.0;392.0;26.0;128.0;68.0;47.0;141.0;24.0;65.0;57.0;76.0;313.0;443.0;714.0;208.0;47.0;34.0;14.0;31.0;47.0;35.0;21.0;144.0;35.0;19.0;63.0;17.0;395.0;10.0;69.0;95.0;47.0;103.0;218.0;43.0;69.0;27.0;97.0;104.0;30.0;36.0;39.0;330.0;275.0;102.0;52.0;68.0;702.0
160;113.0;126.0;378.0;148.0;178.0;179.0;155.0;111.0;102.0;146.0;114.0;191.0;803.0;348.0;195.0;825.0;114.0;267.0;168.0;389.0;141.0;109.0;435.0;341.0;49.0;192.0;235.0;105.0;178.0;149.0;126.0;127.0;270.0;163.0;112.0;70.0;235.0;102.0;62.0;120.0;176.0;155.0;93.0;152.0;221.0;338.0;168.0;114.0;192.0;156.0;167.0;132.0;184.0;386.0;97.0;167.0;126.0;194.0;136.0;0.0;174.0;182.0;316.0;435.0;154.0;184.0;87.0;111.0;108.0;698.0;297.0;192.0;386.0;498.0;198.0;114.0;129.0;155.0;110.0;803.0;167.0;123.0;114.0;198.0;169.0;109.0;70.0;146.0;152.0;119.0;414.0;198.0;354.0;803.0;262.0;109.0;65.0;109.0;127.0;399.0;102.0;117.0;114.0;161.0;105.0;125.0;146.0;155.0;109.0;114.0;135.0;15.0;342.0;198.0;237.0;161.0;114.0;104.0;120.0;156.0;191.0;117.0;139.0;803.0;38.0;167.0;126.0;96.0;139.0;158.0;137.0;62.0;435.0;521.0;109.0;140.0;120.0;110.0;123.0;120.0;828.0;100.0;1.0;141.0;35.0;51.0;120.0;279.0;261.0;112.0;113.0;648.0;163.0;120.0;62.0;223.0;201.0;171.0;111.0;235.0;90.0;180.0;120.0;126.0;102.0;236.0;178.0;169.0;255.0;226.0;154.0;152.0;124.0;136.0;198.0;109.0;120.0;219.0;25.0;108.0;182.0;182.0;179.0;52.0;312.0;803.0;196.0;803.0;182.0;114.0;102.0;138.0;104.0;109.0;140.0;149.0;198.0;156.0;120.0;180.0;153.0;120.0;211.0;96.0;126.0;119.0;223.0;126.0;109.0;52.0;111.0;89.0;102.0;803.0;114.0;262.0;135.0;68.0;62.0;120.0;225.0;136.0;130.0;105.0;149.0;167.0;116.0;110.0;70.0;148.0;172.0;148.0;196.0;130.0;131.0;127.0;114.0;120.0;167.0;126.0;322.0;114.0;134.0;332.0;146.0;325.0;803.0;169.0;92.0;803.0;155.0;148.0;167.0;62.0;408.0;114.0;222.0;167.0;131.0;126.0;140.0;92.0;167.0;212.0;219.0;519.0;803.0;341.0;182.0;110.0;127.0;146.0;102.0;168.0;116.0;120.0;148.0;123.0;155.0;134.0;429.0;129.0;102.0;227.0;102.0;239.0;344.0;104.0;185.0;139.0;171.0;239.0;117.0;109.0;156.0;464.0;407.0;51.0;98.0;167.0;654.0
161;81.0;57.0;204.0;27.0;17.0;13.0;33.0;89.0;80.0;29.0;77.0;22.0;731.0;200.0;158.0;750.0;77.0;116.0;62.0;360.0;36.0;82.0;358.0;194.0;151.0;24.0;70.0;72.0;20.0;26.0;135.0;53.0;110.0;12.0;79.0;129.0;69.0;80.0;161.0;142.0;19.0;33.0;109.0;22.0;102.0;225.0;62.0;77.0;45.0;18.0;14.0;86.0;59.0;361.0;100.0;27.0;135.0;22.0;53.0;174.0;0.0;21.0;165.0;362.0;49.0;59.0;114.0;89.0;67.0;838.0;144.0;45.0;361.0;325.0;71.0;77.0;46.0;33.0;100.0;731.0;27.0;63.0;77.0;71.0;38.0;65.0;129.0;29.0;22.0;78.0;367.0;71.0;206.0;731.0;107.0;82.0;135.0;88.0;53.0;351.0;80.0;90.0;77.0;18.0;90.0;52.0;46.0;26.0;82.0;74.0;55.0;169.0;192.0;71.0;84.0;13.0;77.0;112.0;142.0;18.0;65.0;73.0;42.0;731.0;189.0;27.0;135.0;105.0;35.0;50.0;38.0;161.0;358.0;394.0;82.0;36.0;142.0;86.0;58.0;142.0;754.0;100.0;174.0;36.0;187.0;149.0;142.0;119.0;109.0;105.0;83.0;791.0;20.0;142.0;161.0;99.0;135.0;12.0;89.0;69.0;114.0;30.0;142.0;135.0;80.0;95.0;17.0;28.0;144.0;82.0;51.0;27.0;110.0;39.0;71.0;81.0;142.0;364.0;181.0;85.0;21.0;21.0;18.0;143.0;161.0;731.0;45.0;731.0;21.0;77.0;80.0;40.0;95.0;81.0;75.0;26.0;71.0;51.0;142.0;19.0;24.0;64.0;61.0;105.0;49.0;86.0;52.0;135.0;82.0;143.0;97.0;113.0;80.0;731.0;77.0;107.0;42.0;132.0;161.0;142.0;80.0;39.0;102.0;90.0;54.0;27.0;71.0;74.0;129.0;28.0;5.0;29.0;127.0;59.0;51.0;127.0;77.0;64.0;10.0;57.0;173.0;77.0;44.0;183.0;29.0;175.0;731.0;23.0;117.0;731.0;19.0;32.0;27.0;161.0;353.0;77.0;77.0;27.0;99.0;135.0;36.0;117.0;14.0;60.0;364.0;391.0;731.0;194.0;35.0;86.0;53.0;29.0;99.0;59.0;71.0;142.0;25.0;72.0;33.0;44.0;351.0;54.0;80.0;97.0;99.0;87.0;171.0;95.0;16.0;76.0;61.0;94.0;83.0;88.0;18.0;291.0;234.0;149.0;104.0;27.0;684.0
162;98.0;74.0;198.0;43.0;5.0;8.0;28.0;107.0;82.0;43.0;94.0;12.0;747.0;209.0;179.0;766.0;94.0;127.0;47.0;341.0;52.0;81.0;338.0;204.0;164.0;12.0;77.0;77.0;3.0;41.0;127.0;69.0;117.0;22.0;95.0;143.0;76.0;82.0;161.0;134.0;5.0;28.0;125.0;35.0;81.0;240.0;47.0;94.0;63.0;33.0;35.0;106.0;78.0;342.0;116.0;17.0;127.0;18.0;72.0;182.0;21.0;0.0;175.0;341.0;69.0;78.0;129.0;107.0;74.0;854.0;153.0;63.0;342.0;321.0;51.0;94.0;53.0;28.0;118.0;747.0;17.0;79.0;94.0;51.0;23.0;73.0;143.0;43.0;35.0;96.0;347.0;51.0;215.0;747.0;117.0;81.0;149.0;105.0;69.0;331.0;82.0;108.0;94.0;38.0;106.0;67.0;65.0;45.0;81.0;91.0;74.0;176.0;201.0;51.0;97.0;29.0;94.0;130.0;134.0;33.0;84.0;90.0;60.0;747.0;201.0;17.0;127.0;121.0;48.0;71.0;45.0;161.0;338.0;375.0;81.0;51.0;134.0;103.0;75.0;134.0;770.0;116.0;182.0;52.0;198.0;161.0;134.0;127.0;119.0;123.0;101.0;807.0;19.0;134.0;161.0;116.0;155.0;12.0;107.0;76.0;130.0;11.0;134.0;127.0;82.0;110.0;5.0;16.0;161.0;62.0;71.0;46.0;103.0;54.0;51.0;97.0;134.0;379.0;191.0;102.0;1.0;1.0;3.0;156.0;170.0;747.0;62.0;747.0;1.0;94.0;82.0;56.0;112.0;97.0;94.0;41.0;51.0;71.0;134.0;38.0;29.0;80.0;76.0;121.0;61.0;104.0;58.0;127.0;81.0;156.0;115.0;128.0;82.0;747.0;94.0;117.0;58.0;147.0;161.0;134.0;60.0;54.0;122.0;106.0;75.0;17.0;88.0;89.0;143.0;34.0;25.0;34.0;147.0;77.0;68.0;147.0;94.0;80.0;19.0;74.0;182.0;94.0;60.0;192.0;43.0;185.0;747.0;13.0;133.0;747.0;33.0;50.0;17.0;161.0;333.0;94.0;57.0;17.0;118.0;127.0;51.0;133.0;16.0;74.0;379.0;372.0;747.0;204.0;54.0;103.0;69.0;43.0;115.0;79.0;88.0;134.0;39.0;90.0;28.0;60.0;330.0;71.0;82.0;113.0;115.0;100.0;162.0;112.0;9.0;96.0;45.0;108.0;101.0;105.0;33.0;288.0;229.0;161.0;120.0;17.0;672.0
163;203.0;192.0;145.0;181.0;175.0;170.0;198.0;205.0;241.0;184.0;202.0;163.0;591.0;35.0;175.0;608.0;202.0;50.0;221.0;493.0;184.0;245.0;461.0;29.0;277.0;165.0;97.0;230.0;177.0;180.0;300.0;193.0;58.0;177.0;204.0;251.0;99.0;241.0;320.0;307.0;178.0;198.0;226.0;182.0;232.0;95.0;221.0;202.0;128.0;177.0;163.0;186.0;133.0;496.0;220.0;190.0;300.0;156.0;181.0;316.0;165.0;175.0;0.0;466.0;163.0;133.0;233.0;205.0;224.0;894.0;22.0;128.0;496.0;213.0;212.0;202.0;205.0;198.0;209.0;591.0;190.0;194.0;202.0;212.0;198.0;220.0;251.0;184.0;182.0;197.0;490.0;212.0;41.0;591.0;58.0;245.0;258.0;207.0;193.0;474.0;241.0;201.0;202.0;167.0;211.0;197.0;172.0;170.0;245.0;202.0;182.0;316.0;27.0;212.0;82.0;174.0;202.0;219.0;307.0;177.0;125.0;199.0;182.0;591.0;316.0;190.0;300.0;222.0;190.0;159.0;199.0;320.0;461.0;437.0;245.0;186.0;307.0;206.0;195.0;307.0;613.0;217.0;316.0;184.0;316.0;274.0;307.0;49.0;57.0;209.0;203.0;853.0;185.0;307.0;320.0;95.0;146.0;175.0;205.0;99.0;230.0;185.0;307.0;300.0;241.0;80.0;175.0;189.0;85.0;199.0;163.0;174.0;275.0;189.0;212.0;207.0;307.0;455.0;313.0;208.0;175.0;175.0;175.0;270.0;4.0;591.0;126.0;591.0;175.0;202.0;241.0;185.0;213.0;207.0;177.0;180.0;212.0;161.0;307.0;149.0;189.0;197.0;108.0;222.0;200.0;198.0;117.0;300.0;245.0;270.0;207.0;231.0;241.0;591.0;202.0;58.0;189.0;254.0;320.0;307.0;199.0;189.0;193.0;211.0;167.0;190.0;200.0;206.0;251.0;192.0;163.0;193.0;144.0;186.0;188.0;210.0;202.0;197.0;176.0;192.0;7.0;202.0;189.0;18.0;184.0;10.0;591.0;185.0;230.0;591.0;179.0;177.0;190.0;320.0;472.0;202.0;198.0;190.0;191.0;300.0;186.0;230.0;179.0;108.0;455.0;433.0;591.0;29.0;140.0;206.0;193.0;184.0;216.0;148.0;200.0;307.0;183.0;193.0;198.0;189.0;453.0;190.0;241.0;89.0;216.0;80.0;144.0;213.0;166.0;178.0;218.0;77.0;199.0;207.0;177.0;182.0;148.0;274.0;220.0;190.0;804.0
164;422.0;401.0;367.0;375.0;345.0;349.0;342.0;431.0;360.0;373.0;418.0;345.0;1056.0;493.0;519.0;1072.0;418.0;436.0;308.0;105.0;383.0;349.0;8.0;491.0;453.0;342.0;392.0;369.0;341.0;374.0;309.0;395.0;417.0;358.0;419.0;446.0;389.0;360.0;374.0;315.0;342.0;342.0;441.0;367.0;260.0;556.0;308.0;418.0;401.0;369.0;375.0;439.0;419.0;115.0;434.0;338.0;309.0;350.0;405.0;435.0;362.0;341.0;466.0;0.0;408.0;419.0;442.0;431.0;373.0;1125.0;448.0;401.0;115.0;461.0;291.0;418.0;367.0;342.0;442.0;1056.0;338.0;407.0;418.0;291.0;328.0;377.0;446.0;373.0;367.0;423.0;64.0;291.0;497.0;1056.0;426.0;349.0;448.0;429.0;395.0;64.0;360.0;435.0;418.0;377.0;427.0;390.0;402.0;383.0;349.0;415.0;406.0;421.0;485.0;291.0;418.0;366.0;418.0;452.0;315.0;369.0;424.0;415.0;392.0;1056.0;471.0;338.0;309.0;438.0;374.0;411.0;363.0;374.0;8.0;173.0;349.0;380.0;315.0;427.0;400.0;315.0;1077.0;436.0;435.0;383.0;468.0;452.0;315.0;423.0;431.0;448.0;426.0;1074.0;348.0;315.0;374.0;450.0;496.0;351.0;431.0;389.0;444.0;332.0;315.0;309.0;360.0;437.0;345.0;336.0;492.0;285.0;410.0;382.0;317.0;382.0;291.0;419.0;315.0;651.0;458.0;424.0;341.0;341.0;343.0;447.0;463.0;1056.0;398.0;1056.0;341.0;418.0;360.0;387.0;433.0;419.0;430.0;374.0;291.0;410.0;315.0;379.0;355.0;405.0;408.0;438.0;382.0;432.0;375.0;309.0;349.0;447.0;440.0;442.0;360.0;1056.0;418.0;426.0;386.0;448.0;374.0;315.0;286.0;382.0;454.0;427.0;413.0;338.0;412.0;410.0;446.0;358.0;366.0;356.0;488.0;407.0;397.0;476.0;418.0;405.0;356.0;401.0;472.0;418.0;388.0;480.0;373.0;474.0;1056.0;342.0;449.0;1056.0;367.0;385.0;338.0;374.0;49.0;418.0;288.0;338.0;451.0;309.0;380.0;449.0;352.0;405.0;651.0;175.0;1056.0;491.0;394.0;427.0;395.0;373.0;435.0;420.0;412.0;315.0;371.0;418.0;342.0;388.0;15.0;399.0;360.0;445.0;435.0;420.0;340.0;433.0;348.0;431.0;308.0;432.0;428.0;429.0;369.0;444.0;397.0;452.0;439.0;338.0;450.0
165;43.0;29.0;235.0;34.0;65.0;62.0;68.0;49.0;85.0;37.0;41.0;70.0;700.0;197.0;111.0;720.0;41.0;114.0;102.0;401.0;30.0;93.0;405.0;190.0;120.0;73.0;83.0;72.0;68.0;35.0;155.0;31.0;117.0;50.0;43.0;95.0;85.0;85.0;159.0;159.0;67.0;68.0;71.0;42.0;149.0;203.0;102.0;41.0;39.0;40.0;35.0;39.0;31.0;401.0;63.0;70.0;155.0;67.0;18.0;154.0;49.0;69.0;163.0;408.0;0.0;31.0;77.0;49.0;66.0;794.0;143.0;39.0;401.0;348.0;118.0;41.0;53.0;68.0;58.0;700.0;70.0;31.0;41.0;118.0;81.0;61.0;95.0;37.0;42.0;38.0;411.0;118.0;202.0;700.0;108.0;93.0;102.0;50.0;31.0;395.0;85.0;47.0;41.0;32.0;53.0;36.0;10.0;26.0;93.0;40.0;19.0;154.0;190.0;118.0;83.0;42.0;41.0;70.0;159.0;40.0;39.0;38.0;23.0;700.0;160.0;70.0;155.0;67.0;39.0;4.0;52.0;159.0;405.0;443.0;93.0;33.0;159.0;48.0;32.0;159.0;724.0;61.0;154.0;30.0;159.0;117.0;159.0;125.0;108.0;61.0;44.0;748.0;60.0;159.0;159.0;76.0;91.0;58.0;49.0;85.0;76.0;77.0;159.0;155.0;85.0;84.0;65.0;72.0;117.0;131.0;2.0;27.0;131.0;33.0;118.0;46.0;159.0;325.0;154.0;48.0;69.0;69.0;67.0;112.0;159.0;700.0;44.0;700.0;69.0;41.0;85.0;28.0;57.0;46.0;27.0;35.0;118.0;3.0;159.0;38.0;54.0;34.0;58.0;67.0;41.0;44.0;77.0;155.0;93.0;112.0;55.0;76.0;85.0;700.0;41.0;108.0;31.0;99.0;159.0;159.0;129.0;33.0;55.0;53.0;6.0;70.0;38.0;44.0;95.0;53.0;45.0;54.0;83.0;23.0;26.0;80.0;41.0;34.0;52.0;29.0;170.0;41.0;30.0;180.0;37.0;173.0;700.0;66.0;78.0;700.0;42.0;25.0;70.0;159.0;398.0;41.0;126.0;70.0;51.0;155.0;33.0;78.0;57.0;59.0;325.0;440.0;700.0;190.0;32.0;48.0;31.0;37.0;60.0;18.0;38.0;159.0;39.0;33.0;68.0;30.0;398.0;27.0;85.0;78.0;60.0;85.0;206.0;57.0;65.0;28.0;102.0;86.0;42.0;50.0;40.0;314.0;260.0;117.0;65.0;70.0;714.0
166;71.0;60.0;214.0;58.0;75.0;70.0;87.0;75.0;114.0;61.0;70.0;74.0;675.0;166.0;104.0;695.0;70.0;84.0;120.0;419.0;57.0;121.0;415.0;159.0;147.0;77.0;61.0;102.0;79.0;58.0;182.0;62.0;89.0;66.0;72.0;121.0;63.0;114.0;190.0;187.0;78.0;87.0;97.0;63.0;159.0;174.0;120.0;70.0;20.0;58.0;47.0;58.0;1.0;419.0;90.0;85.0;182.0;69.0;49.0;184.0;59.0;78.0;133.0;419.0;31.0;0.0;103.0;75.0;96.0;808.0;113.0;20.0;419.0;323.0;129.0;70.0;81.0;87.0;81.0;675.0;85.0;61.0;70.0;129.0;96.0;91.0;121.0;61.0;63.0;65.0;426.0;129.0;171.0;675.0;79.0;121.0;128.0;76.0;62.0;410.0;114.0;71.0;70.0;48.0;80.0;66.0;40.0;46.0;121.0;69.0;50.0;184.0;159.0;129.0;54.0;59.0;70.0;93.0;187.0;58.0;8.0;67.0;52.0;675.0;187.0;85.0;182.0;92.0;65.0;27.0;77.0;190.0;415.0;441.0;121.0;59.0;187.0;75.0;63.0;187.0;699.0;87.0;184.0;57.0;186.0;144.0;187.0;97.0;78.0;83.0;71.0;763.0;76.0;187.0;190.0;46.0;78.0;71.0;75.0;63.0;101.0;89.0;187.0;182.0;114.0;53.0;75.0;86.0;89.0;135.0;31.0;49.0;157.0;61.0;129.0;75.0;187.0;344.0;183.0;76.0;78.0;78.0;76.0;140.0;129.0;675.0;25.0;675.0;78.0;70.0;114.0;57.0;83.0;75.0;47.0;58.0;129.0;28.0;187.0;40.0;74.0;65.0;31.0;92.0;71.0;68.0;61.0;182.0;121.0;140.0;79.0;101.0;114.0;675.0;70.0;79.0;60.0;125.0;190.0;187.0;134.0;61.0;71.0;80.0;35.0;85.0;68.0;74.0;121.0;74.0;54.0;76.0;70.0;54.0;57.0;94.0;70.0;65.0;66.0;60.0;139.0;70.0;59.0;150.0;61.0;142.0;675.0;81.0;102.0;675.0;61.0;50.0;85.0;190.0;411.0;70.0;132.0;85.0;68.0;182.0;59.0;102.0;71.0;34.0;344.0;437.0;675.0;159.0;25.0;75.0;62.0;61.0;86.0;16.0;68.0;187.0;61.0;61.0;87.0;59.0;408.0;58.0;114.0;47.0;86.0;56.0;188.0;83.0;71.0;48.0;119.0;55.0;68.0;76.0;58.0;289.0;237.0;144.0;91.0;85.0;732.0
167;34.0;57.0;312.0;87.0;125.0;124.0;111.0;28.0;82.0;87.0;37.0;135.0;725.0;264.0;114.0;747.0;37.0;186.0;139.0;416.0;78.0;93.0;440.0;257.0;44.0;137.0;160.0;73.0;127.0;89.0;148.0;61.0;192.0;107.0;35.0;18.0;162.0;82.0;117.0;146.0;125.0;111.0;7.0;95.0;195.0;251.0;139.0;37.0;116.0;97.0;102.0;47.0;103.0;415.0;14.0;121.0;148.0;135.0;63.0;87.0;114.0;129.0;233.0;442.0;77.0;103.0;0.0;28.0;70.0;725.0;215.0;116.0;415.0;425.0;165.0;37.0;81.0;111.0;24.0;725.0;121.0;51.0;37.0;165.0;128.0;66.0;18.0;87.0;95.0;39.0;433.0;165.0;269.0;725.0;182.0;93.0;25.0;27.0;61.0;418.0;82.0;32.0;37.0;97.0;25.0;63.0;73.0;89.0;93.0;40.0;61.0;92.0;258.0;165.0;157.0;101.0;37.0;18.0;146.0;97.0;109.0;41.0;72.0;725.0;84.0;121.0;148.0;11.0;81.0;80.0;88.0;117.0;440.0;500.0;93.0;79.0;146.0;29.0;55.0;146.0;750.0;16.0;87.0;78.0;84.0;42.0;146.0;200.0;180.0;25.0;33.0;678.0;112.0;146.0;117.0;138.0;115.0;117.0;28.0;162.0;4.0;132.0;146.0;148.0;82.0;153.0;125.0;123.0;168.0;187.0;76.0;87.0;130.0;75.0;165.0;33.0;146.0;251.0;81.0;29.0;129.0;129.0;126.0;37.0;229.0;725.0;121.0;725.0;129.0;37.0;82.0;74.0;21.0;33.0;56.0;89.0;165.0;78.0;146.0;112.0;102.0;50.0;133.0;11.0;69.0;35.0;153.0;148.0;93.0;37.0;25.0;2.0;82.0;725.0;37.0;182.0;72.0;22.0;117.0;146.0;186.0;75.0;44.0;25.0;71.0;121.0;43.0;40.0;18.0;97.0;111.0;99.0;110.0;57.0;63.0;46.0;37.0;50.0;111.0;57.0;239.0;37.0;70.0;248.0;87.0;241.0;725.0;120.0;8.0;725.0;97.0;82.0;121.0;117.0;423.0;37.0;183.0;121.0;44.0;148.0;79.0;8.0;113.0;135.0;251.0;496.0;725.0;257.0;109.0;29.0;61.0;87.0;17.0;87.0;43.0;146.0;90.0;44.0;111.0;70.0;433.0;60.0;82.0;143.0;17.0;159.0;281.0;21.0;129.0;55.0;140.0;157.0;35.0;27.0;97.0;391.0;337.0;42.0;12.0;121.0;702.0
168;9.0;33.0;284.0;64.0;102.0;100.0;93.0;1.0;77.0;65.0;13.0;111.0;712.0;237.0;104.0;733.0;13.0;158.0;124.0;412.0;55.0;89.0;429.0;230.0;72.0;113.0;132.0;66.0;105.0;66.0;149.0;38.0;164.0;85.0;12.0;46.0;134.0;77.0;132.0;150.0;103.0;93.0;22.0;72.0;178.0;230.0;124.0;13.0;88.0;74.0;77.0;22.0;75.0;411.0;15.0;100.0;149.0;111.0;37.0;111.0;89.0;107.0;205.0;431.0;49.0;75.0;28.0;0.0;60.0;748.0;187.0;88.0;411.0;397.0;148.0;13.0;65.0;93.0;11.0;712.0;100.0;27.0;13.0;148.0;109.0;56.0;46.0;65.0;72.0;12.0;427.0;148.0;243.0;712.0;154.0;89.0;53.0;3.0;38.0;411.0;77.0;6.0;13.0;72.0;7.0;42.0;46.0;64.0;89.0;17.0;34.0;114.0;231.0;148.0;129.0;78.0;13.0;23.0;150.0;74.0;81.0;17.0;47.0;712.0;112.0;100.0;149.0;17.0;61.0;52.0;70.0;132.0;429.0;481.0;89.0;56.0;150.0;4.0;33.0;150.0;736.0;12.0;111.0;55.0;111.0;69.0;150.0;172.0;152.0;17.0;6.0;702.0;91.0;150.0;132.0;112.0;98.0;95.0;1.0;134.0;27.0;111.0;150.0;149.0;77.0;126.0;102.0;103.0;145.0;167.0;48.0;62.0;128.0;53.0;148.0;12.0;150.0;276.0;108.0;7.0;107.0;107.0;104.0;65.0;202.0;712.0;93.0;712.0;107.0;13.0;77.0;50.0;8.0;12.0;29.0;66.0;148.0;50.0;150.0;85.0;82.0;27.0;105.0;17.0;50.0;8.0;126.0;149.0;89.0;65.0;8.0;27.0;77.0;712.0;13.0;154.0;49.0;50.0;132.0;150.0;165.0;53.0;27.0;7.0;43.0;100.0;20.0;21.0;46.0;78.0;86.0;79.0;91.0;31.0;39.0;45.0;13.0;27.0;88.0;33.0;212.0;13.0;47.0;222.0;65.0;214.0;712.0;99.0;29.0;712.0;74.0;58.0;100.0;132.0;416.0;13.0;162.0;100.0;26.0;149.0;56.0;29.0;91.0;107.0;276.0;477.0;712.0;230.0;81.0;4.0;38.0;65.0;11.0;59.0;20.0;150.0;68.0;17.0;93.0;47.0;422.0;36.0;77.0;116.0;11.0;131.0;254.0;8.0;105.0;28.0;125.0;129.0;7.0;3.0;74.0;363.0;310.0;69.0;16.0;100.0;708.0
169;53.0;40.0;271.0;44.0;70.0;72.0;49.0;60.0;19.0;41.0;49.0;83.0;763.0;258.0;161.0;784.0;49.0;174.0;71.0;352.0;40.0;29.0;371.0;252.0;94.0;85.0;133.0;7.0;71.0;45.0;92.0;36.0;172.0;56.0;49.0;78.0;133.0;19.0;96.0;94.0;69.0;49.0;68.0;46.0;127.0;268.0;71.0;49.0;96.0;51.0;63.0;75.0;96.0;351.0;61.0;60.0;92.0;87.0;50.0;108.0;67.0;74.0;224.0;373.0;66.0;96.0;70.0;60.0;0.0;788.0;203.0;96.0;351.0;392.0;99.0;49.0;21.0;49.0;71.0;763.0;60.0;43.0;49.0;99.0;64.0;5.0;78.0;41.0;46.0;56.0;367.0;99.0;264.0;763.0;167.0;29.0;82.0;58.0;36.0;351.0;19.0;66.0;49.0;58.0;55.0;30.0;56.0;54.0;29.0;46.0;50.0;102.0;251.0;99.0;142.0;55.0;49.0;79.0;94.0;51.0;104.0;47.0;44.0;763.0;128.0;60.0;92.0;66.0;34.0;70.0;30.0;96.0;371.0;432.0;29.0;38.0;94.0;56.0;38.0;94.0;787.0;63.0;108.0;40.0;126.0;92.0;94.0;182.0;167.0;76.0;56.0;741.0;55.0;94.0;96.0;141.0;150.0;64.0;60.0;133.0;72.0;73.0;94.0;92.0;19.0;147.0;70.0;63.0;182.0;124.0;67.0;51.0;69.0;35.0;99.0;48.0;94.0;310.0;118.0;53.0;74.0;74.0;72.0;86.0;220.0;763.0;99.0;763.0;74.0;49.0;19.0;39.0;61.0;48.0;71.0;45.0;99.0;69.0;94.0;77.0;46.0;40.0;116.0;66.0;25.0;64.0;119.0;92.0;29.0;86.0;68.0;69.0;19.0;763.0;49.0;167.0;36.0;80.0;96.0;94.0;122.0;35.0;86.0;55.0;65.0;60.0;44.0;40.0;78.0;41.0;67.0;41.0;142.0;48.0;40.0;105.0;49.0;40.0;59.0;40.0;231.0;49.0;36.0;242.0;41.0;234.0;763.0;61.0;76.0;763.0;49.0;48.0;60.0;96.0;356.0;49.0;119.0;60.0;84.0;92.0;38.0;76.0;59.0;116.0;310.0;429.0;763.0;252.0;84.0;56.0;36.0;41.0;62.0;84.0;44.0;94.0;43.0;53.0;49.0;36.0;364.0;40.0;19.0;143.0;62.0;145.0;236.0;61.0;77.0;72.0;72.0;148.0;59.0;58.0;51.0;358.0;301.0;92.0;66.0;60.0;660.0
170;757.0;781.0;1019.0;811.0;849.0;848.0;835.0;748.0;792.0;811.0;760.0;859.0;966.0;909.0;722.0;993.0;760.0;867.0;858.0;1059.0;803.0;801.0;1126.0;902.0;695.0;861.0;868.0;789.0;851.0;813.0;822.0;785.0;884.0;832.0;759.0;712.0;870.0;792.0;754.0;815.0;849.0;835.0;729.0;819.0;914.0;839.0;858.0;760.0;827.0;821.0;825.0;755.0;808.0;1053.0;738.0;845.0;822.0;859.0;785.0;698.0;838.0;854.0;894.0;1125.0;794.0;808.0;725.0;748.0;788.0;0.0;887.0;827.0;1053.0;1107.0;887.0;760.0;804.0;835.0;738.0;966.0;845.0;775.0;760.0;887.0;851.0;787.0;712.0;811.0;819.0;760.0;1092.0;887.0;912.0;966.0;870.0;801.0;707.0;749.0;785.0;1080.0;792.0;748.0;760.0;820.0;748.0;787.0;793.0;812.0;801.0;764.0;782.0;710.0;907.0;887.0;853.0;826.0;760.0;725.0;815.0;821.0;809.0;764.0;795.0;966.0;665.0;845.0;822.0;733.0;806.0;795.0;812.0;754.0;1126.0;1218.0;801.0;803.0;815.0;751.0;780.0;815.0;991.0;738.0;698.0;803.0;668.0;697.0;815.0;888.0;866.0;733.0;754.0;52.0;837.0;815.0;754.0;816.0;753.0;842.0;748.0;870.0;724.0;857.0;815.0;822.0;792.0;838.0;849.0;847.0;809.0;911.0;792.0;810.0;822.0;800.0;887.0;757.0;815.0;479.0;678.0;752.0;854.0;854.0;851.0;702.0;892.0;966.0;832.0;966.0;854.0;760.0;792.0;798.0;742.0;757.0;767.0;813.0;887.0;794.0;815.0;832.0;827.0;774.0;837.0;733.0;793.0;752.0;868.0;822.0;801.0;702.0;741.0;726.0;792.0;966.0;760.0;870.0;796.0;709.0;754.0;815.0;910.0;800.0;740.0;748.0;787.0;845.0;766.0;765.0;712.0;822.0;834.0;823.0;757.0;779.0;787.0;715.0;760.0;774.0;835.0;781.0;896.0;760.0;794.0;901.0;811.0;898.0;966.0;844.0;721.0;966.0;822.0;806.0;845.0;754.0;1091.0;760.0;906.0;845.0;743.0;822.0;803.0;721.0;838.0;841.0;479.0;1216.0;966.0;902.0;824.0;751.0;785.0;811.0;739.0;795.0;766.0;815.0;815.0;765.0;835.0;794.0;1121.0;784.0;792.0;824.0;739.0;853.0;996.0;742.0;853.0;766.0;860.0;844.0;755.0;749.0;821.0;1076.0;1036.0;697.0;734.0;845.0;1098.0
171;184.0;172.0;141.0;160.0;153.0;148.0;176.0;187.0;220.0;163.0;183.0;142.0;611.0;57.0;166.0;627.0;183.0;29.0;199.0;473.0;163.0;224.0;443.0;51.0;259.0;143.0;75.0;209.0;155.0;159.0;279.0;173.0;36.0;156.0;185.0;233.0;77.0;220.0;299.0;285.0;156.0;176.0;208.0;161.0;211.0;109.0;199.0;183.0;108.0;155.0;141.0;168.0;113.0;476.0;202.0;168.0;279.0;134.0;161.0;297.0;144.0;153.0;22.0;448.0;143.0;113.0;215.0;187.0;203.0;887.0;0.0;108.0;476.0;222.0;191.0;183.0;184.0;176.0;192.0;611.0;168.0;174.0;183.0;191.0;176.0;200.0;233.0;163.0;161.0;178.0;471.0;191.0;62.0;611.0;37.0;224.0;240.0;189.0;173.0;455.0;220.0;183.0;183.0;146.0;193.0;176.0;152.0;149.0;224.0;182.0;163.0;297.0;49.0;191.0;61.0;153.0;183.0;202.0;285.0;155.0;106.0;180.0;162.0;611.0;299.0;168.0;279.0;204.0;169.0;139.0;178.0;299.0;443.0;426.0;224.0;165.0;285.0;187.0;175.0;285.0;632.0;199.0;297.0;163.0;298.0;256.0;285.0;27.0;36.0;192.0;184.0;846.0;163.0;285.0;299.0;79.0;135.0;154.0;187.0;77.0;213.0;163.0;285.0;279.0;220.0;62.0;153.0;168.0;79.0;178.0;143.0;153.0;254.0;168.0;191.0;188.0;285.0;442.0;295.0;189.0;153.0;153.0;153.0;252.0;18.0;611.0;105.0;611.0;153.0;183.0;220.0;165.0;195.0;188.0;158.0;159.0;191.0;141.0;285.0;128.0;167.0;177.0;88.0;204.0;179.0;180.0;95.0;279.0;224.0;252.0;189.0;213.0;220.0;611.0;183.0;37.0;168.0;237.0;299.0;285.0;178.0;168.0;176.0;193.0;148.0;168.0;181.0;187.0;233.0;170.0;142.0;171.0;133.0;167.0;168.0;194.0;183.0;177.0;154.0;172.0;29.0;183.0;168.0;40.0;163.0;32.0;611.0;163.0;213.0;611.0;157.0;156.0;168.0;299.0;453.0;183.0;177.0;168.0;174.0;279.0;165.0;213.0;157.0;87.0;442.0;421.0;611.0;51.0;119.0;187.0;173.0;163.0;198.0;129.0;181.0;285.0;162.0;174.0;176.0;168.0;435.0;170.0;220.0;73.0;198.0;59.0;135.0;195.0;144.0;159.0;196.0;58.0;181.0;189.0;155.0;189.0;150.0;256.0;202.0;168.0;786.0
172;82.0;66.0;198.0;53.0;60.0;55.0;77.0;88.0;113.0;56.0;80.0;57.0;686.0;163.0;124.0;705.0;80.0;78.0;107.0;404.0;55.0;118.0;398.0;156.0;159.0;60.0;45.0;102.0;64.0;53.0;177.0;66.0;79.0;55.0;82.0;134.0;46.0;113.0;192.0;182.0;64.0;77.0;110.0;56.0;142.0;181.0;107.0;80.0;1.0;50.0;37.0;74.0;20.0;405.0;102.0;72.0;177.0;51.0;56.0;192.0;45.0;63.0;128.0;401.0;39.0;20.0;116.0;88.0;96.0;827.0;108.0;0.0;405.0;309.0;113.0;80.0;78.0;77.0;95.0;686.0;72.0;69.0;80.0;113.0;83.0;92.0;134.0;56.0;56.0;77.0;410.0;113.0;168.0;686.0;71.0;118.0;141.0;88.0;66.0;394.0;113.0;85.0;80.0;40.0;92.0;69.0;46.0;42.0;118.0;79.0;57.0;191.0;155.0;113.0;46.0;49.0;80.0;107.0;182.0;50.0;23.0;76.0;54.0;686.0;199.0;72.0;177.0;105.0;62.0;36.0;72.0;192.0;398.0;421.0;118.0;58.0;182.0;86.0;68.0;182.0;709.0;100.0;192.0;55.0;198.0;156.0;182.0;88.0;72.0;98.0;83.0;782.0;65.0;182.0;192.0;53.0;97.0;57.0;88.0;46.0;115.0;74.0;182.0;177.0;113.0;52.0;60.0;73.0;98.0;117.0;40.0;45.0;151.0;60.0;113.0;85.0;182.0;361.0;193.0;87.0;63.0;63.0;62.0;151.0;124.0;686.0;5.0;686.0;63.0;80.0;113.0;57.0;95.0;85.0;62.0;53.0;113.0;37.0;182.0;26.0;65.0;72.0;20.0;105.0;71.0;82.0;41.0;177.0;118.0;151.0;93.0;114.0;113.0;686.0;80.0;71.0;60.0;137.0;192.0;182.0;116.0;60.0;88.0;92.0;45.0;72.0;77.0;82.0;134.0;67.0;41.0;68.0;89.0;62.0;61.0;112.0;80.0;72.0;54.0;66.0;135.0;80.0;61.0;146.0;56.0;138.0;686.0;68.0;116.0;686.0;53.0;48.0;72.0;192.0;395.0;80.0;113.0;72.0;85.0;177.0;58.0;116.0;59.0;21.0;361.0;417.0;686.0;156.0;12.0;86.0;66.0;56.0;99.0;32.0;77.0;182.0;56.0;72.0;77.0;61.0;390.0;63.0;113.0;52.0;99.0;49.0;170.0;95.0;55.0;63.0;106.0;53.0;81.0;88.0;50.0;275.0;222.0;156.0;104.0;72.0;720.0
173;404.0;387.0;425.0;367.0;345.0;350.0;334.0;411.0;334.0;364.0;400.0;350.0;1085.0;527.0;510.0;1103.0;400.0;458.0;300.0;10.0;372.0;323.0;122.0;524.0;415.0;347.0;409.0;346.0;341.0;366.0;268.0;381.0;441.0;354.0;400.0;415.0;406.0;334.0;323.0;272.0;342.0;334.0;416.0;359.0;267.0;578.0;300.0;400.0;405.0;363.0;373.0;424.0;419.0;1.0;410.0;334.0;268.0;356.0;393.0;386.0;361.0;342.0;496.0;115.0;401.0;419.0;415.0;411.0;351.0;1053.0;476.0;405.0;0.0;536.0;293.0;400.0;352.0;334.0;421.0;1085.0;334.0;391.0;400.0;293.0;323.0;356.0;415.0;364.0;359.0;406.0;53.0;293.0;532.0;1085.0;447.0;323.0;415.0;408.0;381.0;52.0;334.0;416.0;400.0;373.0;405.0;375.0;393.0;377.0;323.0;396.0;394.0;371.0;519.0;293.0;433.0;361.0;400.0;428.0;272.0;363.0;426.0;398.0;381.0;1085.0;424.0;334.0;268.0;414.0;363.0;405.0;351.0;323.0;122.0;287.0;323.0;370.0;272.0;407.0;385.0;272.0;1107.0;413.0;386.0;372.0;421.0;414.0;272.0;449.0;451.0;427.0;407.0;1001.0;344.0;272.0;323.0;458.0;493.0;349.0;411.0;406.0;418.0;332.0;272.0;268.0;334.0;450.0;345.0;333.0;503.0;299.0;403.0;375.0;285.0;370.0;293.0;399.0;272.0;592.0;410.0;404.0;342.0;342.0;344.0;411.0;493.0;1085.0;404.0;1085.0;342.0;400.0;334.0;375.0;411.0;399.0;418.0;366.0;293.0;404.0;272.0;380.0;348.0;389.0;417.0;414.0;367.0;414.0;389.0;268.0;323.0;411.0;419.0;415.0;334.0;1085.0;400.0;447.0;374.0;415.0;323.0;272.0;299.0;370.0;437.0;405.0;404.0;334.0;394.0;391.0;415.0;349.0;365.0;347.0;484.0;394.0;384.0;456.0;400.0;389.0;353.0;387.0;503.0;400.0;375.0;512.0;364.0;505.0;1085.0;339.0;422.0;1085.0;360.0;376.0;334.0;323.0;67.0;400.0;300.0;334.0;435.0;268.0;370.0;422.0;349.0;414.0;592.0;288.0;1085.0;524.0;396.0;407.0;381.0;364.0;412.0;416.0;394.0;272.0;362.0;402.0;334.0;375.0;124.0;385.0;334.0;455.0;412.0;436.0;392.0;411.0;351.0;419.0;301.0;447.0;410.0;408.0;363.0;513.0;459.0;414.0;415.0;334.0;396.0
174;391.0;373.0;127.0;350.0;324.0;322.0;349.0;397.0;403.0;352.0;389.0;310.0;659.0;200.0;387.0;668.0;389.0;246.0;353.0;529.0;357.0;402.0;454.0;206.0;468.0;310.0;265.0;396.0;325.0;349.0;438.0;372.0;235.0;336.0;391.0;443.0;263.0;403.0;482.0;447.0;326.0;349.0;419.0;347.0;329.0;278.0;353.0;389.0;309.0;342.0;331.0;381.0;323.0;536.0;411.0;337.0;438.0;306.0;364.0;498.0;325.0;321.0;213.0;461.0;348.0;323.0;425.0;397.0;392.0;1107.0;222.0;309.0;536.0;0.0;330.0;389.0;371.0;349.0;404.0;659.0;337.0;377.0;389.0;330.0;340.0;390.0;443.0;352.0;347.0;386.0;508.0;330.0;197.0;659.0;247.0;402.0;450.0;397.0;372.0;496.0;403.0;394.0;389.0;336.0;401.0;373.0;354.0;343.0;402.0;387.0;366.0;494.0;200.0;330.0;269.0;338.0;389.0;415.0;447.0;342.0;318.0;385.0;359.0;659.0;508.0;337.0;438.0;414.0;359.0;345.0;362.0;482.0;454.0;355.0;402.0;358.0;447.0;396.0;376.0;447.0;674.0;409.0;498.0;357.0;507.0;465.0;447.0;228.0;250.0;405.0;392.0;1066.0;339.0;447.0;482.0;299.0;357.0;329.0;397.0;263.0;423.0;327.0;447.0;438.0;403.0;279.0;324.0;336.0;298.0;302.0;349.0;346.0;417.0;362.0;330.0;394.0;447.0;663.0;502.0;396.0;321.0;321.0;323.0;460.0;215.0;659.0;304.0;659.0;321.0;389.0;403.0;360.0;404.0;394.0;370.0;349.0;330.0;347.0;447.0;318.0;347.0;380.0;292.0;414.0;372.0;390.0;275.0;438.0;402.0;460.0;401.0;423.0;403.0;659.0;389.0;247.0;363.0;447.0;482.0;447.0;303.0;362.0;392.0;401.0;354.0;337.0;385.0;390.0;443.0;352.0;326.0;352.0;355.0;370.0;368.0;413.0;389.0;380.0;333.0;373.0;211.0;389.0;364.0;206.0;352.0;209.0;659.0;335.0;425.0;659.0;343.0;350.0;337.0;482.0;488.0;389.0;305.0;337.0;389.0;438.0;358.0;425.0;334.0;290.0;663.0;350.0;659.0;206.0;317.0;396.0;372.0;352.0;408.0;338.0;385.0;447.0;350.0;381.0;349.0;364.0;446.0;370.0;403.0;292.0;408.0;268.0;166.0;404.0;316.0;371.0;350.0;273.0;390.0;397.0;342.0;34.0;93.0;465.0;413.0;337.0;834.0
175;138.0;115.0;202.0;86.0;54.0;59.0;55.0;148.0;97.0;85.0;134.0;57.0;794.0;246.0;228.0;812.0;134.0;168.0;30.0;292.0;94.0;90.0;288.0;241.0;192.0;54.0;118.0;98.0;51.0;85.0;109.0;109.0;155.0;68.0;135.0;176.0;116.0;97.0;162.0;118.0;52.0;55.0;163.0;77.0;31.0;286.0;30.0;134.0;113.0;79.0;85.0;151.0;129.0;293.0;154.0;48.0;109.0;63.0;116.0;198.0;71.0;51.0;212.0;291.0;118.0;129.0;165.0;148.0;99.0;887.0;191.0;113.0;293.0;330.0;0.0;134.0;84.0;55.0;159.0;794.0;48.0;121.0;134.0;1.0;39.0;101.0;176.0;85.0;77.0;138.0;297.0;1.0;252.0;794.0;158.0;90.0;180.0;146.0;109.0;281.0;97.0;150.0;134.0;86.0;145.0;105.0;112.0;92.0;90.0;131.0;118.0;189.0;238.0;1.0;141.0;76.0;134.0;170.0;118.0;79.0;135.0;131.0;104.0;794.0;224.0;48.0;109.0;159.0;87.0;120.0;78.0;162.0;288.0;334.0;90.0;92.0;118.0;143.0;115.0;118.0;816.0;155.0;198.0;94.0;222.0;190.0;118.0;164.0;161.0;164.0;142.0;839.0;58.0;118.0;162.0;165.0;206.0;60.0;148.0;116.0;167.0;41.0;118.0;109.0;97.0;157.0;54.0;46.0;209.0;30.0;120.0;92.0;90.0;95.0;1.0;136.0;118.0;409.0;213.0;141.0;51.0;51.0;53.0;184.0;208.0;794.0;111.0;794.0;51.0;134.0;97.0;99.0;151.0;136.0;141.0;85.0;1.0;120.0;118.0;89.0;66.0;120.0;124.0;159.0;98.0;147.0;98.0;109.0;90.0;184.0;156.0;165.0;97.0;794.0;134.0;158.0;99.0;179.0;162.0;118.0;28.0;95.0;167.0;145.0;122.0;48.0;128.0;128.0;176.0;70.0;75.0;69.0;197.0;120.0;110.0;191.0;134.0;120.0;66.0;115.0;220.0;134.0;101.0;230.0;85.0;222.0;794.0;51.0;171.0;794.0;77.0;95.0;48.0;162.0;283.0;134.0;26.0;48.0;164.0;109.0;92.0;171.0;61.0;121.0;409.0;331.0;794.0;241.0;104.0;143.0;109.0;85.0;154.0;129.0;128.0;118.0;82.0;132.0;55.0;101.0;280.0;112.0;97.0;162.0;154.0;144.0;164.0;151.0;58.0;142.0;28.0;154.0;143.0;146.0;79.0;297.0;237.0;190.0;159.0;48.0;630.0
176;4.0;20.0;275.0;51.0;89.0;88.0;80.0;13.0;67.0;52.0;1.0;99.0;719.0;235.0;113.0;740.0;1.0;154.0;111.0;401.0;42.0;78.0;416.0;228.0;79.0;101.0;125.0;55.0;92.0;53.0;139.0;25.0;158.0;72.0;2.0;54.0;126.0;67.0;127.0;140.0;90.0;80.0;32.0;60.0;165.0;232.0;111.0;1.0;80.0;61.0;65.0;27.0;70.0;400.0;23.0;87.0;139.0;99.0;26.0;114.0;77.0;94.0;202.0;418.0;41.0;70.0;37.0;13.0;49.0;760.0;183.0;80.0;400.0;389.0;134.0;0.0;52.0;80.0;24.0;719.0;87.0;15.0;1.0;134.0;96.0;44.0;54.0;52.0;60.0;8.0;414.0;134.0;240.0;719.0;149.0;78.0;61.0;11.0;25.0;398.0;67.0;17.0;1.0;60.0;12.0;29.0;36.0;52.0;78.0;4.0;24.0;115.0;228.0;134.0;124.0;66.0;1.0;36.0;140.0;61.0;77.0;4.0;35.0;719.0;119.0;87.0;139.0;27.0;48.0;45.0;56.0;127.0;416.0;467.0;78.0;44.0;140.0;9.0;20.0;140.0;743.0;22.0;114.0;42.0;118.0;76.0;140.0;166.0;148.0;30.0;7.0;714.0;78.0;140.0;127.0;110.0;104.0;82.0;13.0;126.0;37.0;98.0;140.0;139.0;67.0;122.0;89.0;90.0;146.0;154.0;41.0;50.0;118.0;40.0;134.0;5.0;140.0;287.0;113.0;8.0;94.0;94.0;91.0;71.0;198.0;719.0;85.0;719.0;94.0;1.0;67.0;38.0;18.0;5.0;28.0;53.0;134.0;43.0;140.0;75.0;69.0;14.0;99.0;27.0;37.0;15.0;116.0;139.0;78.0;71.0;22.0;36.0;67.0;719.0;1.0;149.0;37.0;58.0;127.0;140.0;152.0;40.0;37.0;12.0;36.0;87.0;7.0;9.0;54.0;65.0;74.0;66.0;97.0;20.0;26.0;58.0;1.0;14.0;75.0;20.0;209.0;1.0;35.0;219.0;52.0;211.0;719.0;86.0;40.0;719.0;62.0;46.0;87.0;127.0;403.0;1.0;149.0;87.0;35.0;139.0;44.0;40.0;78.0;100.0;287.0;464.0;719.0;228.0;73.0;9.0;25.0;52.0;21.0;54.0;7.0;140.0;55.0;9.0;80.0;35.0;409.0;24.0;67.0;114.0;21.0;126.0;244.0;18.0;93.0;28.0;112.0;125.0;10.0;11.0;61.0;355.0;301.0;76.0;27.0;87.0;702.0
177;56.0;35.0;250.0;24.0;49.0;50.0;31.0;65.0;36.0;21.0;52.0;62.0;753.0;240.0;158.0;774.0;52.0;155.0;60.0;352.0;24.0;41.0;365.0;234.0;111.0;64.0;113.0;26.0;50.0;25.0;102.0;29.0;152.0;35.0;52.0;93.0;113.0;36.0;116.0;106.0;48.0;31.0;78.0;25.0;114.0;254.0;60.0;52.0;78.0;30.0;43.0;73.0;81.0;352.0;70.0;41.0;102.0;66.0;41.0;129.0;46.0;53.0;205.0;367.0;53.0;81.0;81.0;65.0;21.0;804.0;184.0;78.0;352.0;371.0;84.0;52.0;0.0;31.0;76.0;753.0;41.0;40.0;52.0;84.0;47.0;20.0;93.0;21.0;25.0;57.0;364.0;84.0;246.0;753.0;148.0;41.0;98.0;62.0;29.0;348.0;36.0;68.0;52.0;38.0;61.0;24.0;44.0;36.0;41.0;48.0;42.0;124.0;232.0;84.0;123.0;33.0;52.0;86.0;106.0;30.0;89.0;49.0;31.0;753.0;147.0;41.0;102.0;75.0;15.0;58.0;9.0;116.0;365.0;419.0;41.0;21.0;106.0;60.0;34.0;106.0;777.0;71.0;129.0;24.0;145.0;109.0;106.0;162.0;148.0;82.0;59.0;757.0;35.0;106.0;116.0;126.0;143.0;43.0;65.0;113.0;82.0;53.0;106.0;102.0;36.0;129.0;49.0;43.0;169.0;107.0;55.0;32.0;77.0;20.0;84.0;53.0;106.0;328.0;138.0;58.0;53.0;53.0;51.0;103.0;201.0;753.0;80.0;753.0;53.0;52.0;36.0;25.0;68.0;53.0;66.0;25.0;84.0;56.0;106.0;57.0;25.0;39.0;97.0;75.0;15.0;65.0;98.0;102.0;41.0;103.0;73.0;80.0;36.0;753.0;52.0;148.0;23.0;96.0;116.0;106.0;105.0;20.0;87.0;61.0;54.0;41.0;45.0;44.0;93.0;20.0;46.0;20.0;134.0;42.0;32.0;109.0;52.0;39.0;38.0;35.0;213.0;52.0;24.0;223.0;21.0;215.0;753.0;41.0;86.0;753.0;28.0;31.0;41.0;116.0;352.0;52.0;102.0;41.0;85.0;102.0;21.0;86.0;38.0;97.0;328.0;415.0;753.0;234.0;66.0;60.0;29.0;21.0;70.0;71.0;45.0;106.0;23.0;52.0;31.0;24.0;358.0;34.0;36.0;127.0;70.0;126.0;215.0;68.0;56.0;67.0;60.0;130.0;61.0;62.0;30.0;337.0;279.0;109.0;75.0;41.0;666.0
178;84.0;61.0;225.0;34.0;25.0;29.0;1.0;93.0;55.0;31.0;80.0;39.0;761.0;233.0;178.0;781.0;80.0;149.0;35.0;334.0;41.0;53.0;339.0;227.0;141.0;39.0;101.0;50.0;25.0;32.0;103.0;55.0;141.0;22.0;80.0;123.0;100.0;55.0;133.0;109.0;23.0;1.0;108.0;26.0;86.0;257.0;35.0;80.0;77.0;29.0;40.0;97.0;87.0;334.0;100.0;12.0;103.0;45.0;63.0;155.0;33.0;28.0;198.0;342.0;68.0;87.0;111.0;93.0;49.0;835.0;176.0;77.0;334.0;349.0;55.0;80.0;31.0;0.0;104.0;761.0;12.0;66.0;80.0;55.0;16.0;49.0;123.0;31.0;26.0;83.0;343.0;55.0;238.0;761.0;139.0;53.0;128.0;91.0;55.0;327.0;55.0;95.0;80.0;39.0;90.0;50.0;60.0;42.0;53.0;76.0;64.0;149.0;225.0;55.0;117.0;28.0;80.0;115.0;109.0;29.0;94.0;76.0;50.0;761.0;177.0;12.0;103.0;104.0;33.0;71.0;24.0;133.0;339.0;389.0;53.0;38.0;109.0;89.0;60.0;109.0;785.0;100.0;155.0;41.0;174.0;139.0;109.0;151.0;141.0;110.0;87.0;788.0;13.0;109.0;133.0;130.0;159.0;22.0;93.0;100.0;112.0;24.0;109.0;103.0;55.0;128.0;25.0;14.0;174.0;76.0;69.0;41.0;78.0;41.0;55.0;81.0;109.0;358.0;166.0;87.0;28.0;28.0;26.0;133.0;194.0;761.0;77.0;761.0;28.0;80.0;55.0;45.0;97.0;81.0;88.0;32.0;55.0;70.0;109.0;51.0;14.0;66.0;94.0;104.0;43.0;92.0;83.0;103.0;53.0;133.0;101.0;111.0;55.0;761.0;80.0;139.0;44.0;126.0;133.0;109.0;75.0;41.0;112.0;90.0;71.0;12.0;73.0;73.0;123.0;16.0;36.0;14.0;150.0;66.0;56.0;136.0;80.0;66.0;23.0;61.0;205.0;80.0;46.0;216.0;31.0;208.0;761.0;15.0;116.0;761.0;26.0;43.0;12.0;133.0;330.0;80.0;72.0;12.0;110.0;103.0;38.0;116.0;19.0;92.0;358.0;385.0;761.0;227.0;65.0;89.0;55.0;31.0;99.0;82.0;73.0;109.0;29.0;78.0;1.0;46.0;332.0;58.0;55.0;128.0;99.0;120.0;189.0;97.0;34.0;89.0;34.0;127.0;88.0;91.0;29.0;315.0;257.0;139.0;104.0;12.0;660.0
179;20.0;44.0;293.0;75.0;113.0;111.0;104.0;11.0;87.0;76.0;24.0;122.0;706.0;240.0;97.0;728.0;24.0;163.0;136.0;422.0;66.0;98.0;440.0;233.0;68.0;124.0;140.0;76.0;116.0;77.0;157.0;50.0;170.0;96.0;24.0;42.0;142.0;87.0;136.0;158.0;114.0;104.0;17.0;84.0;190.0;228.0;136.0;24.0;95.0;84.0;87.0;24.0;81.0;421.0;15.0;112.0;157.0;121.0;47.0;110.0;100.0;118.0;209.0;442.0;58.0;81.0;24.0;11.0;71.0;738.0;192.0;95.0;421.0;404.0;159.0;24.0;76.0;104.0;0.0;706.0;112.0;39.0;24.0;159.0;120.0;66.0;42.0;76.0;84.0;22.0;437.0;159.0;246.0;706.0;159.0;98.0;49.0;13.0;50.0;421.0;87.0;10.0;24.0;82.0;16.0;54.0;56.0;74.0;98.0;28.0;45.0;114.0;234.0;159.0;135.0;89.0;24.0;13.0;158.0;84.0;86.0;28.0;58.0;706.0;107.0;112.0;157.0;14.0;72.0;60.0;81.0;136.0;440.0;492.0;98.0;68.0;158.0;15.0;44.0;158.0;731.0;11.0;110.0;66.0;107.0;65.0;158.0;178.0;157.0;6.0;17.0;692.0;102.0;158.0;136.0;115.0;94.0;106.0;11.0;142.0;21.0;122.0;158.0;157.0;87.0;130.0;113.0;114.0;145.0;178.0;57.0;73.0;137.0;64.0;159.0;23.0;158.0;267.0;104.0;18.0;118.0;118.0;115.0;61.0;205.0;706.0;100.0;706.0;118.0;24.0;87.0;61.0;10.0;23.0;34.0;77.0;159.0;58.0;158.0;95.0;93.0;38.0;112.0;14.0;61.0;14.0;134.0;157.0;98.0;61.0;3.0;22.0;87.0;706.0;24.0;159.0;61.0;45.0;136.0;158.0;176.0;64.0;21.0;16.0;51.0;112.0;31.0;32.0;42.0;89.0;96.0;90.0;88.0;41.0;50.0;35.0;24.0;38.0;99.0;44.0;215.0;24.0;59.0;225.0;76.0;218.0;706.0;110.0;21.0;706.0;85.0;68.0;112.0;136.0;426.0;24.0;173.0;112.0;21.0;157.0;68.0;21.0;102.0;114.0;267.0;488.0;706.0;233.0;90.0;15.0;50.0;76.0;10.0;65.0;31.0;158.0;79.0;28.0;104.0;59.0;433.0;47.0;87.0;120.0;10.0;137.0;263.0;10.0;116.0;33.0;136.0;134.0;17.0;13.0;84.0;369.0;317.0;65.0;12.0;112.0;714.0
180;716.0;723.0;701.0;732.0;745.0;740.0;761.0;712.0;783.0;736.0;719.0;738.0;1.0;563.0;611.0;27.0;719.0;628.0;793.0;1083.0;730.0;792.0;1051.0;566.0;754.0;741.0;677.0;770.0;749.0;733.0;855.0;728.0;645.0;740.0;720.0;736.0;680.0;783.0;842.0;858.0;748.0;761.0;720.0;738.0;819.0;508.0;793.0;719.0;686.0;733.0;721.0;692.0;675.0;1085.0;721.0;758.0;855.0;731.0;714.0;803.0;731.0;747.0;591.0;1056.0;700.0;675.0;725.0;712.0;763.0;966.0;611.0;686.0;1085.0;659.0;794.0;719.0;753.0;761.0;706.0;0.0;758.0;721.0;719.0;794.0;768.0;758.0;736.0;736.0;738.0;711.0;1081.0;794.0;559.0;1.0;638.0;792.0;741.0;715.0;728.0;1066.0;783.0;706.0;719.0;723.0;719.0;734.0;710.0;721.0;792.0;721.0;714.0;812.0;571.0;794.0;653.0;733.0;719.0;706.0;858.0;733.0;667.0;719.0;723.0;1.0;778.0;758.0;855.0;719.0;739.0;696.0;751.0;842.0;1051.0;1000.0;792.0;733.0;858.0;715.0;726.0;858.0;27.0;717.0;803.0;730.0;779.0;752.0;858.0;637.0;634.0;702.0;714.0;953.0;750.0;858.0;842.0;632.0;615.0;743.0;712.0;680.0;721.0;758.0;858.0;855.0;783.0;637.0;745.0;759.0;587.0;787.0;699.0;724.0;831.0;733.0;794.0;722.0;858.0;780.0;784.0;719.0;747.0;747.0;746.0;752.0;595.0;1.0;686.0;1.0;747.0;719.0;783.0;728.0;716.0;722.0;693.0;733.0;794.0;697.0;858.0;711.0;749.0;724.0;671.0;719.0;741.0;706.0;697.0;855.0;792.0;752.0;707.0;723.0;783.0;1.0;719.0;638.0;731.0;738.0;842.0;858.0;786.0;733.0;685.0;719.0;700.0;758.0;722.0;727.0;736.0;749.0;727.0;751.0;622.0;715.0;724.0;679.0;719.0;724.0;740.0;723.0;585.0;719.0;730.0;577.0;736.0;583.0;1.0;753.0;718.0;1.0;736.0;724.0;758.0;842.0;1064.0;719.0;785.0;758.0;686.0;855.0;733.0;718.0;744.0;673.0;780.0;995.0;1.0;566.0;696.0;715.0;728.0;736.0;717.0;683.0;722.0;858.0;736.0;712.0;761.0;730.0;1043.0;723.0;783.0;634.0;717.0;650.0;720.0;716.0;738.0;693.0;791.0;640.0;710.0;715.0;733.0;656.0;679.0;752.0;717.0;758.0;1290.0
181;91.0;68.0;214.0;38.0;15.0;20.0;12.0;100.0;67.0;37.0;87.0;28.0;758.0;224.0;181.0;777.0;87.0;141.0;35.0;334.0;46.0;65.0;335.0;219.0;152.0;28.0;93.0;62.0;13.0;36.0;111.0;62.0;133.0;20.0;88.0;133.0;91.0;67.0;145.0;118.0;12.0;12.0;117.0;29.0;80.0;252.0;35.0;87.0;72.0;31.0;39.0;103.0;85.0;334.0;108.0;1.0;111.0;35.0;68.0;167.0;27.0;17.0;190.0;338.0;70.0;85.0;121.0;100.0;60.0;845.0;168.0;72.0;334.0;337.0;48.0;87.0;41.0;12.0;112.0;758.0;0.0;73.0;87.0;48.0;11.0;60.0;133.0;37.0;29.0;90.0;342.0;48.0;230.0;758.0;132.0;65.0;138.0;99.0;62.0;326.0;67.0;103.0;87.0;39.0;99.0;59.0;64.0;44.0;65.0;84.0;70.0;161.0;216.0;48.0;110.0;28.0;87.0;123.0;118.0;31.0;92.0;84.0;55.0;758.0;188.0;1.0;111.0;113.0;40.0;72.0;33.0;145.0;335.0;380.0;65.0;44.0;118.0;97.0;68.0;118.0;781.0;109.0;167.0;46.0;186.0;150.0;118.0;142.0;134.0;117.0;94.0;798.0;10.0;118.0;145.0;126.0;160.0;15.0;100.0;91.0;122.0;12.0;118.0;111.0;67.0;122.0;15.0;3.0;171.0;67.0;72.0;44.0;87.0;47.0;48.0;90.0;118.0;369.0;178.0;95.0;17.0;17.0;16.0;144.0;185.0;758.0;72.0;758.0;17.0;87.0;67.0;51.0;105.0;90.0;92.0;36.0;48.0;72.0;118.0;47.0;19.0;73.0;88.0;113.0;52.0;99.0;73.0;111.0;65.0;144.0;109.0;120.0;67.0;758.0;87.0;132.0;51.0;136.0;145.0;118.0;65.0;47.0;118.0;99.0;74.0;1.0;81.0;82.0;133.0;23.0;31.0;22.0;151.0;72.0;62.0;143.0;87.0;73.0;19.0;68.0;197.0;87.0;53.0;207.0;37.0;200.0;758.0;5.0;125.0;758.0;29.0;47.0;1.0;145.0;328.0;87.0;62.0;1.0;115.0;111.0;44.0;125.0;14.0;86.0;369.0;377.0;758.0;219.0;62.0;97.0;62.0;37.0;108.0;83.0;81.0;118.0;33.0;85.0;12.0;53.0;328.0;65.0;67.0;124.0;108.0;113.0;178.0;105.0;24.0;94.0;34.0;121.0;95.0;99.0;31.0;304.0;245.0;150.0;113.0;1.0;660.0
182;19.0;6.0;262.0;37.0;75.0;73.0;66.0;27.0;62.0;37.0;15.0;84.0;721.0;227.0;120.0;742.0;15.0;145.0;99.0;392.0;28.0;72.0;404.0;220.0;92.0;86.0;112.0;49.0;77.0;39.0;134.0;11.0;147.0;57.0;16.0;68.0;113.0;62.0;130.0;137.0;75.0;66.0;47.0;45.0;152.0;229.0;99.0;15.0;69.0;46.0;51.0;33.0;61.0;391.0;38.0;73.0;134.0;84.0;13.0;123.0;63.0;79.0;194.0;407.0;31.0;61.0;51.0;27.0;43.0;775.0;174.0;69.0;391.0;377.0;121.0;15.0;40.0;66.0;39.0;721.0;73.0;0.0;15.0;121.0;82.0;38.0;68.0;37.0;45.0;17.0;404.0;121.0;233.0;721.0;139.0;72.0;74.0;26.0;11.0;388.0;62.0;30.0;15.0;45.0;27.0;16.0;23.0;38.0;72.0;12.0;11.0;123.0;220.0;121.0;114.0;51.0;15.0;51.0;137.0;46.0;69.0;11.0;20.0;721.0;131.0;73.0;134.0;42.0;33.0;35.0;43.0;130.0;404.0;453.0;72.0;29.0;137.0;24.0;6.0;137.0;745.0;37.0;123.0;28.0;130.0;89.0;137.0;156.0;138.0;44.0;21.0;729.0;64.0;137.0;130.0;104.0;107.0;67.0;27.0;113.0;51.0;84.0;137.0;134.0;62.0;114.0;75.0;76.0;143.0;140.0;31.0;35.0;112.0;26.0;121.0;18.0;137.0;302.0;125.0;23.0;79.0;79.0;77.0;84.0;190.0;721.0;73.0;721.0;79.0;15.0;62.0;23.0;33.0;18.0;28.0;39.0;121.0;33.0;137.0;61.0;55.0;3.0;88.0;42.0;25.0;26.0;103.0;134.0;72.0;84.0;36.0;50.0;62.0;721.0;15.0;139.0;22.0;71.0;130.0;137.0;138.0;26.0;47.0;27.0;27.0;73.0;9.0;13.0;68.0;51.0;59.0;52.0;99.0;7.0;12.0;70.0;15.0;3.0;61.0;6.0;200.0;15.0;20.0;211.0;37.0;203.0;721.0;71.0;54.0;721.0;47.0;31.0;73.0;130.0;392.0;15.0;135.0;73.0;45.0;134.0;29.0;54.0;64.0;89.0;302.0;450.0;721.0;220.0;60.0;24.0;11.0;37.0;36.0;47.0;9.0;137.0;41.0;12.0;66.0;20.0;397.0;9.0;62.0;107.0;36.0;116.0;230.0;33.0;78.0;29.0;99.0;117.0;22.0;26.0;46.0;343.0;288.0;89.0;41.0;73.0;696.0
183;4.0;20.0;275.0;51.0;89.0;88.0;80.0;13.0;67.0;52.0;1.0;99.0;719.0;235.0;113.0;740.0;1.0;154.0;111.0;401.0;42.0;78.0;416.0;228.0;79.0;101.0;125.0;55.0;92.0;53.0;139.0;25.0;158.0;72.0;2.0;54.0;126.0;67.0;127.0;140.0;90.0;80.0;32.0;60.0;165.0;232.0;111.0;1.0;80.0;61.0;65.0;27.0;70.0;400.0;23.0;87.0;139.0;99.0;26.0;114.0;77.0;94.0;202.0;418.0;41.0;70.0;37.0;13.0;49.0;760.0;183.0;80.0;400.0;389.0;134.0;1.0;52.0;80.0;24.0;719.0;87.0;15.0;0.0;134.0;96.0;44.0;54.0;52.0;60.0;8.0;414.0;134.0;240.0;719.0;149.0;78.0;61.0;11.0;25.0;398.0;67.0;17.0;1.0;60.0;12.0;29.0;36.0;52.0;78.0;4.0;24.0;115.0;228.0;134.0;124.0;66.0;1.0;36.0;140.0;61.0;77.0;4.0;35.0;719.0;119.0;87.0;139.0;27.0;48.0;45.0;56.0;127.0;416.0;467.0;78.0;44.0;140.0;9.0;20.0;140.0;743.0;22.0;114.0;42.0;118.0;76.0;140.0;166.0;148.0;30.0;7.0;714.0;78.0;140.0;127.0;110.0;104.0;82.0;13.0;126.0;37.0;98.0;140.0;139.0;67.0;122.0;89.0;90.0;146.0;154.0;41.0;50.0;118.0;40.0;134.0;5.0;140.0;287.0;113.0;8.0;94.0;94.0;91.0;71.0;198.0;719.0;85.0;719.0;94.0;1.0;67.0;38.0;18.0;5.0;28.0;53.0;134.0;43.0;140.0;75.0;69.0;14.0;99.0;27.0;37.0;15.0;116.0;139.0;78.0;71.0;22.0;36.0;67.0;719.0;1.0;149.0;37.0;58.0;127.0;140.0;152.0;40.0;37.0;12.0;36.0;87.0;7.0;9.0;54.0;65.0;74.0;66.0;97.0;20.0;26.0;58.0;1.0;14.0;75.0;20.0;209.0;1.0;35.0;219.0;52.0;211.0;719.0;86.0;40.0;719.0;62.0;46.0;87.0;127.0;403.0;1.0;149.0;87.0;35.0;139.0;44.0;40.0;78.0;100.0;287.0;464.0;719.0;228.0;73.0;9.0;25.0;52.0;21.0;54.0;7.0;140.0;55.0;9.0;80.0;35.0;409.0;24.0;67.0;114.0;21.0;126.0;244.0;18.0;93.0;28.0;112.0;125.0;10.0;11.0;61.0;355.0;301.0;76.0;27.0;87.0;702.0
184;138.0;115.0;202.0;86.0;54.0;59.0;55.0;148.0;97.0;85.0;134.0;57.0;794.0;246.0;228.0;812.0;134.0;168.0;30.0;292.0;94.0;90.0;288.0;241.0;192.0;54.0;118.0;98.0;51.0;85.0;109.0;109.0;155.0;68.0;135.0;176.0;116.0;97.0;162.0;118.0;52.0;55.0;163.0;77.0;31.0;286.0;30.0;134.0;113.0;79.0;85.0;151.0;129.0;293.0;154.0;48.0;109.0;63.0;116.0;198.0;71.0;51.0;212.0;291.0;118.0;129.0;165.0;148.0;99.0;887.0;191.0;113.0;293.0;330.0;1.0;134.0;84.0;55.0;159.0;794.0;48.0;121.0;134.0;0.0;39.0;101.0;176.0;85.0;77.0;138.0;297.0;1.0;252.0;794.0;158.0;90.0;180.0;146.0;109.0;281.0;97.0;150.0;134.0;86.0;145.0;105.0;112.0;92.0;90.0;131.0;118.0;189.0;238.0;1.0;141.0;76.0;134.0;170.0;118.0;79.0;135.0;131.0;104.0;794.0;224.0;48.0;109.0;159.0;87.0;120.0;78.0;162.0;288.0;334.0;90.0;92.0;118.0;143.0;115.0;118.0;816.0;155.0;198.0;94.0;222.0;190.0;118.0;164.0;161.0;164.0;142.0;839.0;58.0;118.0;162.0;165.0;206.0;60.0;148.0;116.0;167.0;41.0;118.0;109.0;97.0;157.0;54.0;46.0;209.0;30.0;120.0;92.0;90.0;95.0;1.0;136.0;118.0;409.0;213.0;141.0;51.0;51.0;53.0;184.0;208.0;794.0;111.0;794.0;51.0;134.0;97.0;99.0;151.0;136.0;141.0;85.0;1.0;120.0;118.0;89.0;66.0;120.0;124.0;159.0;98.0;147.0;98.0;109.0;90.0;184.0;156.0;165.0;97.0;794.0;134.0;158.0;99.0;179.0;162.0;118.0;28.0;95.0;167.0;145.0;122.0;48.0;128.0;128.0;176.0;70.0;75.0;69.0;197.0;120.0;110.0;191.0;134.0;120.0;66.0;115.0;220.0;134.0;101.0;230.0;85.0;222.0;794.0;51.0;171.0;794.0;77.0;95.0;48.0;162.0;283.0;134.0;26.0;48.0;164.0;109.0;92.0;171.0;61.0;121.0;409.0;331.0;794.0;241.0;104.0;143.0;109.0;85.0;154.0;129.0;128.0;118.0;82.0;132.0;55.0;101.0;280.0;112.0;97.0;162.0;154.0;144.0;164.0;151.0;58.0;142.0;28.0;154.0;143.0;146.0;79.0;297.0;237.0;190.0;159.0;48.0;630.0
185;100.0;76.0;215.0;48.0;24.0;29.0;16.0;109.0;67.0;46.0;96.0;35.0;768.0;233.0;192.0;788.0;96.0;150.0;24.0;323.0;56.0;64.0;325.0;227.0;157.0;34.0;101.0;65.0;21.0;46.0;104.0;71.0;140.0;31.0;97.0;139.0;99.0;67.0;143.0;112.0;20.0;16.0;125.0;39.0;70.0;262.0;24.0;96.0;83.0;41.0;50.0;112.0;96.0;323.0;116.0;11.0;104.0;42.0;78.0;169.0;38.0;23.0;198.0;328.0;81.0;96.0;128.0;109.0;64.0;851.0;176.0;83.0;323.0;340.0;39.0;96.0;47.0;16.0;120.0;768.0;11.0;82.0;96.0;39.0;0.0;65.0;139.0;46.0;39.0;99.0;331.0;39.0;238.0;768.0;140.0;64.0;144.0;107.0;71.0;315.0;67.0;111.0;96.0;50.0;107.0;67.0;74.0;55.0;64.0;92.0;79.0;162.0;225.0;39.0;119.0;39.0;96.0;132.0;112.0;41.0;103.0;92.0;65.0;768.0;192.0;11.0;104.0;121.0;49.0;83.0;40.0;143.0;325.0;372.0;64.0;54.0;112.0;105.0;76.0;112.0;791.0;117.0;169.0;56.0;189.0;155.0;112.0;150.0;143.0;126.0;103.0;804.0;21.0;112.0;143.0;136.0;171.0;26.0;109.0;99.0;129.0;14.0;112.0;104.0;67.0;132.0;24.0;10.0;181.0;60.0;82.0;54.0;80.0;56.0;39.0;98.0;112.0;374.0;181.0;103.0;23.0;23.0;23.0;149.0;194.0;768.0;82.0;768.0;23.0;96.0;67.0;60.0;113.0;98.0;102.0;46.0;39.0;83.0;112.0;57.0;28.0;82.0;98.0;121.0;59.0;108.0;81.0;104.0;64.0;149.0;117.0;127.0;67.0;768.0;96.0;140.0;60.0;142.0;143.0;112.0;59.0;56.0;128.0;107.0;85.0;11.0;89.0;89.0;139.0;31.0;42.0;30.0;162.0;81.0;71.0;152.0;96.0;82.0;30.0;76.0;205.0;96.0;62.0;216.0;46.0;208.0;768.0;15.0;133.0;768.0;39.0;57.0;11.0;143.0;317.0;96.0;55.0;11.0;125.0;104.0;54.0;133.0;25.0;96.0;374.0;369.0;768.0;227.0;73.0;105.0;71.0;46.0;116.0;94.0;89.0;112.0;43.0;94.0;16.0;62.0;318.0;74.0;67.0;135.0;116.0;122.0;178.0;113.0;32.0;104.0;23.0;131.0;104.0;107.0;41.0;307.0;247.0;155.0;120.0;11.0;654.0
186;48.0;35.0;269.0;41.0;69.0;70.0;49.0;56.0;24.0;38.0;44.0;82.0;758.0;255.0;156.0;779.0;44.0;170.0;74.0;357.0;37.0;34.0;375.0;248.0;92.0;84.0;130.0;12.0;70.0;42.0;97.0;31.0;169.0;54.0;44.0;75.0;131.0;24.0;100.0;99.0;68.0;49.0;65.0;44.0;129.0;264.0;74.0;44.0;92.0;48.0;61.0;70.0;91.0;356.0;57.0;60.0;97.0;86.0;45.0;109.0;65.0;73.0;220.0;377.0;61.0;91.0;66.0;56.0;5.0;787.0;200.0;92.0;356.0;390.0;101.0;44.0;20.0;49.0;66.0;758.0;60.0;38.0;44.0;101.0;65.0;0.0;75.0;38.0;44.0;51.0;371.0;101.0;260.0;758.0;163.0;34.0;80.0;53.0;31.0;355.0;24.0;61.0;44.0;55.0;51.0;25.0;51.0;51.0;34.0;41.0;45.0;104.0;247.0;101.0;138.0;52.0;44.0;75.0;99.0;48.0;99.0;43.0;39.0;758.0;128.0;60.0;97.0;62.0;31.0;66.0;29.0;100.0;375.0;435.0;34.0;34.0;99.0;51.0;33.0;99.0;782.0;59.0;109.0;37.0;125.0;90.0;99.0;178.0;163.0;72.0;51.0;739.0;55.0;99.0;100.0;137.0;145.0;63.0;56.0;131.0;68.0;73.0;99.0;97.0;24.0;143.0;69.0;63.0;178.0;125.0;62.0;47.0;74.0;32.0;101.0;43.0;99.0;309.0;118.0;48.0;73.0;73.0;71.0;84.0;216.0;758.0;95.0;758.0;73.0;44.0;24.0;35.0;57.0;43.0;66.0;42.0;101.0;64.0;99.0;74.0;45.0;35.0;112.0;62.0;21.0;59.0;116.0;97.0;34.0;84.0;64.0;66.0;24.0;758.0;44.0;163.0;32.0;78.0;100.0;99.0;123.0;32.0;81.0;51.0;60.0;60.0;39.0;35.0;75.0;40.0;64.0;40.0;137.0;43.0;36.0;101.0;44.0;35.0;58.0;35.0;227.0;44.0;32.0;238.0;38.0;230.0;758.0;61.0;73.0;758.0;47.0;44.0;60.0;100.0;360.0;44.0;120.0;60.0;79.0;97.0;34.0;73.0;58.0;112.0;309.0;432.0;758.0;248.0;81.0;51.0;31.0;38.0;58.0;79.0;39.0;99.0;41.0;48.0;49.0;32.0;368.0;35.0;24.0;138.0;58.0;141.0;235.0;57.0;76.0;67.0;75.0;144.0;54.0;53.0;48.0;356.0;299.0;90.0;62.0;60.0;666.0
187;52.0;72.0;329.0;102.0;139.0;138.0;123.0;46.0;86.0;101.0;54.0;150.0;736.0;282.0;126.0;758.0;54.0;204.0;149.0;417.0;93.0;98.0;445.0;275.0;26.0;152.0;178.0;80.0;140.0;104.0;146.0;76.0;210.0;122.0;52.0;1.0;180.0;86.0;108.0;144.0;138.0;123.0;25.0;109.0;205.0;268.0;149.0;54.0;134.0;111.0;118.0;65.0;121.0;415.0;32.0;133.0;146.0;151.0;80.0;70.0;129.0;143.0;251.0;446.0;95.0;121.0;18.0;46.0;78.0;712.0;233.0;134.0;415.0;443.0;176.0;54.0;93.0;123.0;42.0;736.0;133.0;68.0;54.0;176.0;139.0;75.0;0.0;101.0;109.0;57.0;435.0;176.0;287.0;736.0;200.0;98.0;7.0;45.0;76.0;420.0;86.0;50.0;54.0;113.0;42.0;77.0;90.0;105.0;98.0;56.0;78.0;77.0;276.0;176.0;176.0;116.0;54.0;34.0;144.0;111.0;127.0;58.0;87.0;736.0;66.0;133.0;146.0;29.0;95.0;98.0;100.0;108.0;445.0;510.0;98.0;93.0;144.0;47.0;71.0;144.0;761.0;34.0;70.0;93.0;65.0;23.0;144.0;218.0;199.0;42.0;51.0;665.0;125.0;144.0;108.0;157.0;131.0;131.0;46.0;180.0;21.0;145.0;144.0;146.0;86.0;171.0;139.0;136.0;185.0;200.0;94.0;102.0;131.0;90.0;176.0;50.0;144.0;236.0;63.0;47.0;143.0;143.0;140.0;19.0;247.0;736.0;139.0;736.0;143.0;54.0;86.0;89.0;39.0;50.0;75.0;104.0;176.0;96.0;144.0;128.0;115.0;66.0;151.0;29.0;82.0;53.0;170.0;146.0;98.0;19.0;44.0;20.0;86.0;736.0;54.0;200.0;87.0;4.0;108.0;144.0;198.0;90.0;61.0;42.0;89.0;133.0;59.0;55.0;1.0;110.0;126.0;111.0;126.0;74.0;79.0;58.0;54.0;66.0;125.0;72.0;257.0;54.0;85.0;267.0;101.0;260.0;736.0;133.0;22.0;736.0;111.0;98.0;133.0;108.0;426.0;54.0;195.0;133.0;62.0;146.0;93.0;22.0;127.0;153.0;236.0;507.0;736.0;275.0;126.0;47.0;76.0;101.0;35.0;106.0;59.0;144.0;105.0;62.0;123.0;85.0;439.0;76.0;86.0;161.0;35.0;178.0;298.0;39.0;143.0;74.0;150.0;175.0;53.0;45.0;111.0;409.0;355.0;23.0;31.0;133.0;696.0
188;56.0;31.0;233.0;3.0;38.0;37.0;31.0;65.0;57.0;1.0;52.0;49.0;736.0;219.0;147.0;755.0;52.0;134.0;66.0;364.0;10.0;62.0;371.0;213.0;123.0;51.0;92.0;46.0;40.0;4.0;121.0;26.0;131.0;21.0;53.0;101.0;93.0;57.0;137.0;126.0;38.0;31.0;83.0;8.0;116.0;235.0;66.0;52.0;56.0;11.0;23.0;66.0;61.0;364.0;74.0;37.0;121.0;50.0;31.0;146.0;29.0;43.0;184.0;373.0;37.0;61.0;87.0;65.0;41.0;811.0;163.0;56.0;364.0;352.0;85.0;52.0;21.0;31.0;76.0;736.0;37.0;37.0;52.0;85.0;46.0;38.0;101.0;0.0;8.0;54.0;374.0;85.0;225.0;736.0;126.0;62.0;107.0;63.0;26.0;358.0;57.0;66.0;52.0;17.0;63.0;24.0;29.0;15.0;62.0;48.0;33.0;142.0;211.0;85.0;102.0;15.0;52.0;88.0;126.0;11.0;69.0;48.0;19.0;736.0;161.0;37.0;121.0;78.0;7.0;41.0;16.0;137.0;371.0;416.0;62.0;8.0;126.0;61.0;32.0;126.0;759.0;74.0;146.0;10.0;159.0;120.0;126.0;141.0;127.0;81.0;58.0;765.0;27.0;126.0;137.0;106.0;128.0;31.0;65.0;93.0;87.0;47.0;126.0;121.0;57.0;109.0;38.0;39.0;150.0;103.0;39.0;12.0;96.0;12.0;85.0;54.0;126.0;337.0;152.0;59.0;43.0;43.0;40.0;114.0;180.0;736.0;59.0;736.0;43.0;52.0;57.0;14.0;70.0;54.0;56.0;4.0;85.0;40.0;126.0;36.0;18.0;38.0;76.0;78.0;20.0;63.0;78.0;121.0;62.0;114.0;73.0;86.0;57.0;736.0;52.0;126.0;15.0;104.0;137.0;126.0;101.0;12.0;82.0;63.0;40.0;37.0;45.0;47.0;101.0;16.0;27.0;17.0;120.0;35.0;26.0;106.0;52.0;38.0;24.0;31.0;191.0;52.0;17.0;202.0;1.0;194.0;736.0;34.0;91.0;736.0;10.0;12.0;37.0;137.0;362.0;52.0;98.0;37.0;79.0;121.0;8.0;91.0;27.0;76.0;337.0;413.0;736.0;213.0;45.0;61.0;26.0;1.0;72.0;53.0;45.0;126.0;4.0;48.0;31.0;17.0;364.0;28.0;57.0;106.0;72.0;105.0;199.0;70.0;42.0;58.0;66.0;109.0;59.0;63.0;11.0;318.0;262.0;120.0;78.0;37.0;678.0
189;64.0;39.0;226.0;9.0;30.0;29.0;26.0;72.0;60.0;8.0;60.0;41.0;738.0;217.0;153.0;758.0;60.0;132.0;60.0;359.0;17.0;63.0;364.0;211.0;130.0;43.0;89.0;50.0;32.0;7.0;121.0;34.0;128.0;13.0;61.0;109.0;88.0;60.0;140.0;126.0;30.0;26.0;91.0;1.0;109.0;235.0;60.0;60.0;56.0;5.0;19.0;74.0;63.0;359.0;82.0;29.0;121.0;43.0;39.0;152.0;22.0;35.0;182.0;367.0;42.0;63.0;95.0;72.0;46.0;819.0;161.0;56.0;359.0;347.0;77.0;60.0;25.0;26.0;84.0;738.0;29.0;45.0;60.0;77.0;39.0;44.0;109.0;8.0;0.0;62.0;369.0;77.0;222.0;738.0;124.0;63.0;115.0;71.0;34.0;353.0;60.0;74.0;60.0;16.0;71.0;32.0;35.0;17.0;63.0;56.0;41.0;148.0;209.0;77.0;100.0;9.0;60.0;96.0;126.0;5.0;71.0;56.0;26.0;738.0;168.0;29.0;121.0;86.0;14.0;45.0;17.0;140.0;364.0;408.0;63.0;16.0;126.0;69.0;40.0;126.0;761.0;82.0;152.0;17.0;166.0;128.0;126.0;138.0;125.0;89.0;66.0;773.0;19.0;126.0;140.0;107.0;133.0;23.0;72.0;88.0;95.0;39.0;126.0;121.0;60.0;108.0;30.0;32.0;151.0;95.0;44.0;16.0;96.0;20.0;77.0;62.0;126.0;345.0;159.0;67.0;35.0;35.0;32.0;122.0;178.0;738.0;57.0;738.0;35.0;60.0;60.0;22.0;78.0;62.0;63.0;7.0;77.0;45.0;126.0;33.0;12.0;46.0;75.0;86.0;27.0;71.0;73.0;121.0;63.0;122.0;81.0;94.0;60.0;738.0;60.0;124.0;23.0;112.0;140.0;126.0;93.0;20.0;89.0;71.0;46.0;29.0;53.0;55.0;109.0;12.0;21.0;13.0;125.0;43.0;34.0;114.0;60.0;46.0;16.0;39.0;189.0;60.0;25.0;200.0;8.0;192.0;738.0;27.0;99.0;738.0;3.0;18.0;29.0;140.0;356.0;60.0;90.0;29.0;86.0;121.0;16.0;99.0;19.0;74.0;345.0;405.0;738.0;211.0;44.0;69.0;34.0;8.0;81.0;57.0;53.0;126.0;4.0;56.0;26.0;25.0;357.0;36.0;60.0;107.0;81.0;103.0;192.0;78.0;35.0;65.0;60.0;108.0;67.0;71.0;5.0;313.0;255.0;128.0;86.0;29.0;678.0
190;6.0;23.0;273.0;53.0;91.0;89.0;83.0;12.0;74.0;54.0;8.0;100.0;711.0;229.0;106.0;732.0;8.0;149.0;116.0;407.0;44.0;85.0;421.0;222.0;82.0;102.0;121.0;62.0;94.0;55.0;146.0;29.0;153.0;74.0;9.0;57.0;123.0;74.0;135.0;148.0;92.0;83.0;33.0;62.0;169.0;225.0;116.0;8.0;77.0;63.0;65.0;19.0;65.0;406.0;25.0;90.0;146.0;99.0;25.0;119.0;78.0;96.0;197.0;423.0;38.0;65.0;39.0;12.0;56.0;760.0;178.0;77.0;406.0;386.0;138.0;8.0;57.0;83.0;22.0;711.0;90.0;17.0;8.0;138.0;99.0;51.0;57.0;54.0;62.0;0.0;420.0;138.0;234.0;711.0;144.0;85.0;64.0;12.0;29.0;404.0;74.0;12.0;8.0;60.0;15.0;33.0;34.0;52.0;85.0;10.0;23.0;121.0;222.0;138.0;119.0;67.0;8.0;34.0;148.0;63.0;72.0;8.0;36.0;711.0;123.0;90.0;146.0;29.0;51.0;41.0;60.0;135.0;421.0;470.0;85.0;46.0;148.0;10.0;23.0;148.0;736.0;23.0;119.0;44.0;122.0;80.0;148.0;162.0;143.0;27.0;6.0;713.0;81.0;148.0;135.0;104.0;96.0;84.0;12.0;123.0;38.0;101.0;148.0;146.0;74.0;117.0;91.0;93.0;139.0;157.0;37.0;51.0;125.0;43.0;138.0;11.0;148.0;288.0;118.0;11.0;96.0;96.0;93.0;75.0;193.0;711.0;82.0;711.0;96.0;8.0;74.0;40.0;19.0;11.0;21.0;55.0;138.0;39.0;148.0;74.0;72.0;18.0;95.0;29.0;42.0;9.0;114.0;146.0;85.0;75.0;19.0;38.0;74.0;711.0;8.0;144.0;39.0;61.0;135.0;148.0;155.0;43.0;31.0;15.0;32.0;90.0;12.0;16.0;57.0;68.0;75.0;69.0;89.0;19.0;28.0;53.0;8.0;18.0;77.0;23.0;203.0;8.0;37.0;213.0;54.0;206.0;711.0;88.0;40.0;711.0;63.0;46.0;90.0;135.0;409.0;8.0;152.0;90.0;29.0;146.0;46.0;40.0;80.0;96.0;288.0;467.0;711.0;222.0;70.0;10.0;29.0;54.0;22.0;49.0;12.0;148.0;57.0;6.0;83.0;37.0;414.0;26.0;74.0;108.0;22.0;121.0;243.0;19.0;94.0;20.0;116.0;120.0;5.0;12.0;63.0;352.0;298.0;80.0;27.0;90.0;708.0
191;418.0;400.0;405.0;377.0;351.0;355.0;343.0;427.0;352.0;374.0;414.0;353.0;1081.0;519.0;521.0;1098.0;414.0;455.0;308.0;43.0;383.0;340.0;72.0;516.0;438.0;350.0;407.0;362.0;347.0;376.0;291.0;394.0;437.0;362.0;415.0;435.0;404.0;352.0;352.0;296.0;348.0;343.0;434.0;369.0;268.0;575.0;308.0;414.0;410.0;372.0;380.0;437.0;426.0;53.0;427.0;342.0;291.0;359.0;404.0;414.0;367.0;347.0;490.0;64.0;411.0;426.0;433.0;427.0;367.0;1092.0;471.0;410.0;53.0;508.0;297.0;414.0;364.0;343.0;437.0;1081.0;342.0;404.0;414.0;297.0;331.0;371.0;435.0;374.0;369.0;420.0;0.0;297.0;523.0;1081.0;444.0;340.0;436.0;424.0;394.0;16.0;352.0;431.0;414.0;381.0;422.0;388.0;403.0;385.0;340.0;411.0;406.0;399.0;511.0;297.0;433.0;369.0;414.0;445.0;296.0;372.0;432.0;412.0;392.0;1081.0;452.0;342.0;291.0;431.0;374.0;414.0;362.0;352.0;72.0;238.0;340.0;380.0;296.0;422.0;398.0;296.0;1102.0;429.0;414.0;383.0;448.0;438.0;296.0;444.0;449.0;443.0;422.0;1041.0;351.0;296.0;352.0;461.0;501.0;355.0;427.0;404.0;436.0;337.0;296.0;291.0;352.0;451.0;351.0;340.0;505.0;297.0;412.0;384.0;304.0;382.0;297.0;414.0;296.0;625.0;438.0;419.0;347.0;347.0;349.0;434.0;486.0;1081.0;408.0;1081.0;347.0;414.0;352.0;387.0;428.0;414.0;430.0;376.0;297.0;413.0;296.0;386.0;357.0;403.0;420.0;431.0;380.0;429.0;389.0;291.0;340.0;434.0;435.0;434.0;352.0;1081.0;414.0;444.0;385.0;437.0;352.0;296.0;298.0;382.0;451.0;422.0;414.0;342.0;409.0;406.0;435.0;358.0;372.0;357.0;493.0;406.0;396.0;472.0;414.0;403.0;360.0;400.0;496.0;414.0;387.0;505.0;374.0;498.0;1081.0;346.0;441.0;1081.0;369.0;386.0;342.0;352.0;21.0;414.0;300.0;342.0;449.0;291.0;380.0;441.0;356.0;417.0;625.0;239.0;1081.0;516.0;401.0;422.0;394.0;374.0;429.0;425.0;409.0;296.0;372.0;416.0;343.0;387.0;75.0;398.0;352.0;457.0;429.0;435.0;374.0;428.0;355.0;431.0;309.0;447.0;424.0;424.0;372.0;488.0;437.0;438.0;432.0;342.0;408.0
192;138.0;115.0;202.0;86.0;54.0;59.0;55.0;148.0;97.0;85.0;134.0;57.0;794.0;246.0;228.0;812.0;134.0;168.0;30.0;292.0;94.0;90.0;288.0;241.0;192.0;54.0;118.0;98.0;51.0;85.0;109.0;109.0;155.0;68.0;135.0;176.0;116.0;97.0;162.0;118.0;52.0;55.0;163.0;77.0;31.0;286.0;30.0;134.0;113.0;79.0;85.0;151.0;129.0;293.0;154.0;48.0;109.0;63.0;116.0;198.0;71.0;51.0;212.0;291.0;118.0;129.0;165.0;148.0;99.0;887.0;191.0;113.0;293.0;330.0;1.0;134.0;84.0;55.0;159.0;794.0;48.0;121.0;134.0;1.0;39.0;101.0;176.0;85.0;77.0;138.0;297.0;0.0;252.0;794.0;158.0;90.0;180.0;146.0;109.0;281.0;97.0;150.0;134.0;86.0;145.0;105.0;112.0;92.0;90.0;131.0;118.0;189.0;238.0;1.0;141.0;76.0;134.0;170.0;118.0;79.0;135.0;131.0;104.0;794.0;224.0;48.0;109.0;159.0;87.0;120.0;78.0;162.0;288.0;334.0;90.0;92.0;118.0;143.0;115.0;118.0;816.0;155.0;198.0;94.0;222.0;190.0;118.0;164.0;161.0;164.0;142.0;839.0;58.0;118.0;162.0;165.0;206.0;60.0;148.0;116.0;167.0;41.0;118.0;109.0;97.0;157.0;54.0;46.0;209.0;30.0;120.0;92.0;90.0;95.0;1.0;136.0;118.0;409.0;213.0;141.0;51.0;51.0;53.0;184.0;208.0;794.0;111.0;794.0;51.0;134.0;97.0;99.0;151.0;136.0;141.0;85.0;1.0;120.0;118.0;89.0;66.0;120.0;124.0;159.0;98.0;147.0;98.0;109.0;90.0;184.0;156.0;165.0;97.0;794.0;134.0;158.0;99.0;179.0;162.0;118.0;28.0;95.0;167.0;145.0;122.0;48.0;128.0;128.0;176.0;70.0;75.0;69.0;197.0;120.0;110.0;191.0;134.0;120.0;66.0;115.0;220.0;134.0;101.0;230.0;85.0;222.0;794.0;51.0;171.0;794.0;77.0;95.0;48.0;162.0;283.0;134.0;26.0;48.0;164.0;109.0;92.0;171.0;61.0;121.0;409.0;331.0;794.0;241.0;104.0;143.0;109.0;85.0;154.0;129.0;128.0;118.0;82.0;132.0;55.0;101.0;280.0;112.0;97.0;162.0;154.0;144.0;164.0;151.0;58.0;142.0;28.0;154.0;143.0;146.0;79.0;297.0;237.0;190.0;159.0;48.0;630.0
193;241.0;231.0;156.0;221.0;215.0;210.0;238.0;243.0;281.0;225.0;240.0;204.0;559.0;6.0;201.0;575.0;240.0;90.0;261.0;529.0;224.0;286.0;491.0;13.0;313.0;205.0;137.0;270.0;218.0;221.0;341.0;232.0;98.0;218.0;242.0;287.0;139.0;281.0;360.0;347.0;218.0;238.0;263.0;222.0;270.0;84.0;261.0;240.0;168.0;217.0;203.0;222.0;171.0;532.0;258.0;230.0;341.0;197.0;220.0;354.0;206.0;215.0;41.0;497.0;202.0;171.0;269.0;243.0;264.0;912.0;62.0;168.0;532.0;197.0;252.0;240.0;246.0;238.0;246.0;559.0;230.0;233.0;240.0;252.0;238.0;260.0;287.0;225.0;222.0;234.0;523.0;252.0;0.0;559.0;99.0;286.0;294.0;245.0;232.0;508.0;281.0;238.0;240.0;208.0;249.0;237.0;211.0;210.0;286.0;240.0;221.0;355.0;14.0;252.0;123.0;215.0;240.0;255.0;347.0;217.0;164.0;237.0;222.0;559.0;352.0;230.0;341.0;259.0;231.0;198.0;239.0;360.0;491.0;456.0;286.0;226.0;347.0;243.0;234.0;347.0;580.0;254.0;354.0;224.0;352.0;311.0;347.0;88.0;98.0;245.0;240.0;872.0;226.0;347.0;360.0;131.0;174.0;216.0;243.0;139.0;267.0;225.0;347.0;341.0;281.0;119.0;215.0;230.0;111.0;237.0;202.0;214.0;316.0;229.0;252.0;245.0;347.0;483.0;350.0;245.0;215.0;215.0;215.0;306.0;45.0;559.0;166.0;559.0;215.0;240.0;281.0;225.0;250.0;245.0;214.0;221.0;252.0;200.0;347.0;190.0;229.0;236.0;148.0;259.0;240.0;235.0;157.0;341.0;286.0;306.0;244.0;268.0;281.0;559.0;240.0;99.0;229.0;291.0;360.0;347.0;237.0;229.0;228.0;249.0;206.0;230.0;239.0;245.0;287.0;233.0;204.0;234.0;174.0;225.0;228.0;243.0;240.0;236.0;216.0;231.0;33.0;240.0;229.0;23.0;225.0;30.0;559.0;225.0;266.0;559.0;219.0;217.0;230.0;360.0;505.0;240.0;236.0;230.0;226.0;341.0;226.0;266.0;219.0;149.0;483.0;452.0;559.0;13.0;180.0;243.0;232.0;225.0;253.0;186.0;239.0;347.0;223.0;232.0;238.0;229.0;483.0;229.0;281.0;127.0;253.0;120.0;165.0;250.0;206.0;215.0;258.0;116.0;237.0;245.0;217.0;169.0;150.0;311.0;257.0;230.0;834.0
194;716.0;723.0;701.0;732.0;745.0;740.0;761.0;712.0;783.0;736.0;719.0;738.0;1.0;563.0;611.0;27.0;719.0;628.0;793.0;1083.0;730.0;792.0;1051.0;566.0;754.0;741.0;677.0;770.0;749.0;733.0;855.0;728.0;645.0;740.0;720.0;736.0;680.0;783.0;842.0;858.0;748.0;761.0;720.0;738.0;819.0;508.0;793.0;719.0;686.0;733.0;721.0;692.0;675.0;1085.0;721.0;758.0;855.0;731.0;714.0;803.0;731.0;747.0;591.0;1056.0;700.0;675.0;725.0;712.0;763.0;966.0;611.0;686.0;1085.0;659.0;794.0;719.0;753.0;761.0;706.0;1.0;758.0;721.0;719.0;794.0;768.0;758.0;736.0;736.0;738.0;711.0;1081.0;794.0;559.0;0.0;638.0;792.0;741.0;715.0;728.0;1066.0;783.0;706.0;719.0;723.0;719.0;734.0;710.0;721.0;792.0;721.0;714.0;812.0;571.0;794.0;653.0;733.0;719.0;706.0;858.0;733.0;667.0;719.0;723.0;1.0;778.0;758.0;855.0;719.0;739.0;696.0;751.0;842.0;1051.0;1000.0;792.0;733.0;858.0;715.0;726.0;858.0;27.0;717.0;803.0;730.0;779.0;752.0;858.0;637.0;634.0;702.0;714.0;953.0;750.0;858.0;842.0;632.0;615.0;743.0;712.0;680.0;721.0;758.0;858.0;855.0;783.0;637.0;745.0;759.0;587.0;787.0;699.0;724.0;831.0;733.0;794.0;722.0;858.0;780.0;784.0;719.0;747.0;747.0;746.0;752.0;595.0;1.0;686.0;1.0;747.0;719.0;783.0;728.0;716.0;722.0;693.0;733.0;794.0;697.0;858.0;711.0;749.0;724.0;671.0;719.0;741.0;706.0;697.0;855.0;792.0;752.0;707.0;723.0;783.0;1.0;719.0;638.0;731.0;738.0;842.0;858.0;786.0;733.0;685.0;719.0;700.0;758.0;722.0;727.0;736.0;749.0;727.0;751.0;622.0;715.0;724.0;679.0;719.0;724.0;740.0;723.0;585.0;719.0;730.0;577.0;736.0;583.0;1.0;753.0;718.0;1.0;736.0;724.0;758.0;842.0;1064.0;719.0;785.0;758.0;686.0;855.0;733.0;718.0;744.0;673.0;780.0;995.0;1.0;566.0;696.0;715.0;728.0;736.0;717.0;683.0;722.0;858.0;736.0;712.0;761.0;730.0;1043.0;723.0;783.0;634.0;717.0;650.0;720.0;716.0;738.0;693.0;791.0;640.0;710.0;715.0;733.0;656.0;679.0;752.0;717.0;758.0;1290.0
195;150.0;136.0;150.0;123.0;117.0;112.0;139.0;154.0;183.0;126.0;149.0;106.0;638.0;93.0;148.0;656.0;149.0;11.0;163.0;445.0;126.0;187.0;421.0;87.0;226.0;108.0;40.0;172.0;119.0;123.0;242.0;137.0;14.0;119.0;151.0;200.0;42.0;183.0;263.0;249.0;120.0;139.0;175.0;124.0;180.0;131.0;163.0;149.0;71.0;118.0;105.0;136.0;79.0;447.0;169.0;132.0;242.0;99.0;126.0;262.0;107.0;117.0;58.0;426.0;108.0;79.0;182.0;154.0;167.0;870.0;37.0;71.0;447.0;247.0;158.0;149.0;148.0;139.0;159.0;638.0;132.0;139.0;149.0;158.0;140.0;163.0;200.0;126.0;124.0;144.0;444.0;158.0;99.0;638.0;0.0;187.0;207.0;155.0;137.0;428.0;183.0;150.0;149.0;109.0;159.0;140.0;116.0;113.0;187.0;148.0;127.0;262.0;85.0;158.0;25.0;116.0;149.0;170.0;249.0;118.0;73.0;145.0;126.0;638.0;266.0;132.0;242.0;171.0;133.0;104.0;141.0;263.0;421.0;416.0;187.0;129.0;249.0;154.0;139.0;249.0;660.0;166.0;262.0;126.0;265.0;223.0;249.0;19.0;5.0;160.0;150.0;827.0;127.0;249.0;263.0;54.0;117.0;117.0;154.0;42.0;180.0;127.0;249.0;242.0;183.0;32.0;117.0;132.0;74.0;148.0;108.0;116.0;217.0;132.0;158.0;153.0;249.0;417.0;262.0;155.0;117.0;117.0;117.0;219.0;54.0;638.0;68.0;638.0;117.0;149.0;183.0;128.0;162.0;153.0;126.0;123.0;158.0;106.0;249.0;91.0;130.0;142.0;51.0;171.0;142.0;147.0;60.0;242.0;187.0;219.0;157.0;180.0;183.0;638.0;149.0;1.0;132.0;204.0;263.0;249.0;148.0;132.0;146.0;159.0;113.0;132.0;146.0;152.0;200.0;134.0;105.0;135.0;112.0;132.0;132.0;166.0;149.0;142.0;117.0;136.0;66.0;149.0;132.0;76.0;126.0;68.0;638.0;127.0;181.0;638.0;121.0;119.0;132.0;263.0;427.0;149.0;147.0;132.0;143.0;242.0;129.0;181.0;120.0;51.0;417.0;412.0;638.0;87.0;82.0;154.0;137.0;126.0;165.0;95.0;146.0;249.0;125.0;140.0;139.0;132.0;413.0;134.0;183.0;46.0;165.0;23.0;134.0;162.0;108.0;127.0;161.0;27.0;147.0;155.0;118.0;213.0;166.0;223.0;170.0;132.0;762.0
196;81.0;69.0;278.0;65.0;79.0;82.0;53.0;89.0;12.0;62.0;78.0;92.0;792.0;280.0;191.0;813.0;78.0;196.0;60.0;324.0;65.0;1.0;347.0;274.0;108.0;93.0;151.0;23.0;78.0;65.0;63.0;64.0;191.0;70.0;78.0;98.0;151.0;12.0;80.0;66.0;76.0;53.0;94.0;63.0;113.0;295.0;60.0;78.0;118.0;69.0;83.0;104.0;121.0;323.0;87.0;65.0;63.0;98.0;78.0;109.0;82.0;81.0;245.0;349.0;93.0;121.0;93.0;89.0;29.0;801.0;224.0;118.0;323.0;402.0;90.0;78.0;41.0;53.0;98.0;792.0;65.0;72.0;78.0;90.0;64.0;34.0;98.0;62.0;63.0;85.0;340.0;90.0;286.0;792.0;187.0;0.0;100.0;86.0;64.0;324.0;12.0;94.0;78.0;78.0;83.0;58.0;83.0;77.0;1.0;75.0;79.0;100.0;273.0;90.0;163.0;71.0;78.0;105.0;66.0;69.0;130.0;77.0;70.0;792.0;136.0;65.0;63.0;91.0;56.0;97.0;47.0;80.0;347.0;417.0;1.0;62.0;66.0;84.0;67.0;66.0;816.0;90.0;109.0;65.0;133.0;106.0;66.0;201.0;188.0;104.0;85.0;753.0;64.0;66.0;80.0;167.0;179.0;75.0;89.0;151.0;96.0;76.0;66.0;63.0;12.0;170.0;79.0;67.0;209.0;118.0;94.0;73.0;40.0;60.0;90.0;77.0;66.0;322.0;124.0;81.0;81.0;81.0;80.0;101.0;241.0;792.0;120.0;792.0;81.0;78.0;12.0;65.0;88.0;77.0;100.0;65.0;90.0;96.0;66.0;96.0;58.0;69.0;138.0;91.0;52.0;92.0;134.0;63.0;1.0;101.0;96.0;94.0;12.0;792.0;78.0;187.0;62.0;100.0;80.0;66.0;116.0;60.0;115.0;83.0;93.0;65.0;73.0;69.0;98.0;54.0;83.0;53.0;171.0;77.0;69.0;133.0;78.0;69.0;72.0;69.0;253.0;78.0;63.0;263.0;62.0;256.0;792.0;68.0;101.0;792.0;67.0;72.0;65.0;80.0;330.0;78.0;113.0;65.0;113.0;63.0;62.0;101.0;70.0;137.0;322.0;415.0;792.0;274.0;107.0;84.0;64.0;62.0;89.0;111.0;73.0;66.0;63.0;82.0;53.0;63.0;341.0;69.0;12.0;168.0;89.0;166.0;242.0;88.0;88.0;101.0;62.0;171.0;88.0;86.0;69.0;369.0;310.0;106.0;92.0;65.0;636.0
197;58.0;79.0;336.0;108.0;144.0;144.0;128.0;53.0;89.0;107.0;61.0;156.0;741.0;289.0;131.0;763.0;61.0;211.0;153.0;417.0;99.0;100.0;447.0;282.0;19.0;158.0;185.0;84.0;146.0;110.0;146.0;82.0;217.0;127.0;59.0;7.0;186.0;89.0;105.0;144.0;144.0;128.0;32.0;115.0;209.0;274.0;153.0;61.0;141.0;117.0;124.0;72.0;128.0;415.0;39.0;138.0;146.0;157.0;86.0;65.0;135.0;149.0;258.0;448.0;102.0;128.0;25.0;53.0;82.0;707.0;240.0;141.0;415.0;450.0;180.0;61.0;98.0;128.0;49.0;741.0;138.0;74.0;61.0;180.0;144.0;80.0;7.0;107.0;115.0;64.0;436.0;180.0;294.0;741.0;207.0;100.0;0.0;52.0;82.0;421.0;89.0;57.0;61.0;119.0;49.0;83.0;97.0;111.0;100.0;63.0;84.0;72.0;283.0;180.0;183.0;122.0;61.0;41.0;144.0;117.0;134.0;65.0;94.0;741.0;59.0;138.0;146.0;36.0;101.0;105.0;105.0;105.0;447.0;514.0;100.0;99.0;144.0;54.0;77.0;144.0;766.0;41.0;65.0;99.0;58.0;16.0;144.0;225.0;206.0;49.0;57.0;660.0;131.0;144.0;105.0;164.0;137.0;137.0;53.0;186.0;28.0;151.0;144.0;146.0;89.0;178.0;144.0;141.0;192.0;204.0;101.0;109.0;133.0;96.0;180.0;56.0;144.0;230.0;56.0;53.0;149.0;149.0;146.0;13.0;254.0;741.0;145.0;741.0;149.0;61.0;89.0;95.0;46.0;56.0;82.0;110.0;180.0;103.0;144.0;135.0;121.0;72.0;158.0;36.0;88.0;60.0;177.0;146.0;100.0;13.0;51.0;27.0;89.0;741.0;61.0;207.0;93.0;3.0;105.0;144.0;203.0;96.0;67.0;49.0;96.0;138.0;65.0;62.0;7.0;116.0;132.0;117.0;132.0;80.0;85.0;63.0;61.0;72.0;131.0;79.0;264.0;61.0;91.0;274.0;107.0;267.0;741.0;138.0;28.0;741.0;117.0;104.0;138.0;105.0;427.0;61.0;200.0;138.0;68.0;146.0;99.0;28.0;133.0;160.0;230.0;511.0;741.0;282.0;133.0;54.0;82.0;107.0;42.0;113.0;65.0;144.0;110.0;69.0;128.0;91.0;441.0;82.0;89.0;168.0;42.0;185.0;304.0;46.0;149.0;81.0;154.0;182.0;60.0;52.0;117.0;416.0;362.0;16.0;38.0;138.0;696.0
198;7.0;32.0;285.0;63.0;101.0;99.0;91.0;3.0;74.0;63.0;11.0;110.0;715.0;239.0;107.0;736.0;11.0;160.0;122.0;409.0;54.0;86.0;427.0;232.0;71.0;112.0;133.0;63.0;103.0;65.0;146.0;37.0;165.0;83.0;10.0;45.0;134.0;74.0;129.0;146.0;101.0;91.0;22.0;71.0;176.0;232.0;122.0;11.0;88.0;72.0;76.0;24.0;76.0;408.0;14.0;99.0;146.0;110.0;36.0;109.0;88.0;105.0;207.0;429.0;50.0;76.0;27.0;3.0;58.0;749.0;189.0;88.0;408.0;397.0;146.0;11.0;62.0;91.0;13.0;715.0;99.0;26.0;11.0;146.0;107.0;53.0;45.0;63.0;71.0;12.0;424.0;146.0;245.0;715.0;155.0;86.0;52.0;0.0;37.0;408.0;74.0;9.0;11.0;71.0;5.0;40.0;46.0;63.0;86.0;15.0;34.0;112.0;233.0;146.0;131.0;77.0;11.0;25.0;146.0;72.0;83.0;15.0;46.0;715.0;111.0;99.0;146.0;17.0;59.0;52.0;67.0;129.0;427.0;479.0;86.0;55.0;146.0;2.0;31.0;146.0;740.0;12.0;109.0;54.0;110.0;68.0;146.0;173.0;154.0;19.0;5.0;703.0;90.0;146.0;129.0;114.0;101.0;93.0;3.0;134.0;27.0;110.0;146.0;146.0;74.0;127.0;101.0;101.0;147.0;165.0;49.0;61.0;125.0;52.0;146.0;10.0;146.0;277.0;106.0;5.0;105.0;105.0;103.0;63.0;203.0;715.0;93.0;715.0;105.0;11.0;74.0;49.0;7.0;10.0;30.0;65.0;146.0;51.0;146.0;85.0;80.0;26.0;106.0;17.0;48.0;10.0;126.0;146.0;86.0;63.0;11.0;26.0;74.0;715.0;11.0;155.0;48.0;49.0;129.0;146.0;164.0;52.0;30.0;5.0;44.0;99.0;18.0;18.0;45.0;76.0;85.0;77.0;94.0;30.0;38.0;48.0;11.0;26.0;87.0;32.0;213.0;11.0;46.0;223.0;63.0;216.0;715.0;97.0;29.0;715.0;73.0;57.0;99.0;129.0;413.0;11.0;161.0;99.0;29.0;146.0;55.0;29.0;90.0;108.0;277.0;476.0;715.0;232.0;82.0;2.0;37.0;63.0;10.0;61.0;18.0;146.0;67.0;17.0;91.0;46.0;420.0;35.0;74.0;118.0;10.0;133.0;254.0;7.0;104.0;30.0;123.0;131.0;8.0;1.0;72.0;363.0;310.0;68.0;16.0;99.0;708.0
199;29.0;6.0;255.0;26.0;64.0;63.0;55.0;38.0;55.0;26.0;25.0;74.0;728.0;227.0;129.0;748.0;25.0;143.0;88.0;381.0;17.0;64.0;393.0;220.0;99.0;76.0;108.0;43.0;66.0;28.0;127.0;1.0;144.0;47.0;27.0;76.0;109.0;55.0;128.0;130.0;65.0;55.0;56.0;34.0;140.0;233.0;88.0;25.0;66.0;36.0;42.0;44.0;62.0;381.0;48.0;62.0;127.0;75.0;14.0;127.0;53.0;69.0;193.0;395.0;31.0;62.0;61.0;38.0;36.0;785.0;173.0;66.0;381.0;372.0;109.0;25.0;29.0;55.0;50.0;728.0;62.0;11.0;25.0;109.0;71.0;31.0;76.0;26.0;34.0;29.0;394.0;109.0;232.0;728.0;137.0;64.0;82.0;37.0;0.0;378.0;55.0;41.0;25.0;37.0;37.0;6.0;21.0;29.0;64.0;22.0;14.0;125.0;220.0;109.0;112.0;41.0;25.0;61.0;130.0;36.0;70.0;22.0;12.0;728.0;138.0;62.0;127.0;52.0;22.0;35.0;32.0;128.0;393.0;442.0;64.0;18.0;130.0;35.0;6.0;130.0;752.0;47.0;127.0;17.0;136.0;96.0;130.0;153.0;137.0;55.0;32.0;739.0;53.0;130.0;128.0;106.0;115.0;57.0;38.0;109.0;61.0;73.0;130.0;127.0;55.0;114.0;64.0;65.0;147.0;129.0;31.0;27.0;104.0;15.0;109.0;28.0;130.0;311.0;130.0;33.0;69.0;69.0;66.0;91.0;189.0;728.0;70.0;728.0;69.0;25.0;55.0;13.0;43.0;28.0;37.0;28.0;109.0;34.0;130.0;54.0;43.0;11.0;86.0;52.0;14.0;37.0;97.0;127.0;64.0;91.0;47.0;60.0;55.0;728.0;25.0;137.0;11.0;79.0;128.0;130.0;127.0;15.0;58.0;37.0;29.0;62.0;19.0;21.0;76.0;39.0;50.0;41.0;107.0;13.0;5.0;82.0;25.0;11.0;50.0;6.0;200.0;25.0;9.0;210.0;26.0;203.0;728.0;60.0;64.0;728.0;36.0;22.0;62.0;128.0;382.0;25.0;124.0;62.0;56.0;127.0;18.0;64.0;53.0;86.0;311.0;439.0;728.0;220.0;56.0;35.0;1.0;26.0;46.0;49.0;19.0;130.0;30.0;23.0;55.0;9.0;386.0;4.0;55.0;108.0;46.0;114.0;222.0;43.0;68.0;38.0;88.0;116.0;33.0;37.0;36.0;337.0;282.0;96.0;51.0;62.0;690.0
200;403.0;384.0;391.0;361.0;335.0;339.0;327.0;411.0;336.0;358.0;398.0;337.0;1066.0;504.0;505.0;1082.0;398.0;439.0;292.0;42.0;367.0;324.0;70.0;501.0;423.0;334.0;392.0;346.0;331.0;359.0;276.0;378.0;421.0;346.0;399.0;420.0;389.0;336.0;337.0;281.0;332.0;327.0;418.0;353.0;252.0;560.0;292.0;398.0;394.0;355.0;364.0;421.0;410.0;52.0;411.0;326.0;276.0;343.0;388.0;399.0;351.0;331.0;474.0;64.0;395.0;410.0;418.0;411.0;351.0;1080.0;455.0;394.0;52.0;496.0;281.0;398.0;348.0;327.0;421.0;1066.0;326.0;388.0;398.0;281.0;315.0;355.0;420.0;358.0;353.0;404.0;16.0;281.0;508.0;1066.0;428.0;324.0;421.0;408.0;378.0;0.0;336.0;415.0;398.0;364.0;406.0;372.0;387.0;369.0;324.0;395.0;390.0;385.0;496.0;281.0;417.0;353.0;398.0;429.0;281.0;355.0;416.0;396.0;376.0;1066.0;437.0;326.0;276.0;416.0;358.0;398.0;346.0;337.0;70.0;235.0;324.0;364.0;281.0;406.0;382.0;281.0;1087.0;414.0;399.0;367.0;434.0;422.0;281.0;428.0;433.0;427.0;406.0;1028.0;335.0;281.0;337.0;445.0;485.0;339.0;411.0;389.0;420.0;321.0;281.0;276.0;336.0;435.0;335.0;324.0;489.0;281.0;396.0;368.0;288.0;366.0;281.0;398.0;281.0;612.0;423.0;403.0;331.0;331.0;333.0;418.0;471.0;1066.0;392.0;1066.0;331.0;398.0;336.0;370.0;412.0;398.0;414.0;359.0;281.0;397.0;281.0;370.0;341.0;387.0;404.0;416.0;364.0;413.0;373.0;276.0;324.0;418.0;419.0;418.0;336.0;1066.0;398.0;428.0;369.0;421.0;337.0;281.0;282.0;366.0;435.0;406.0;398.0;326.0;393.0;390.0;420.0;342.0;355.0;341.0;477.0;390.0;380.0;456.0;398.0;387.0;344.0;384.0;481.0;398.0;371.0;489.0;358.0;483.0;1066.0;330.0;425.0;1066.0;353.0;370.0;326.0;337.0;15.0;398.0;284.0;326.0;433.0;276.0;364.0;425.0;340.0;401.0;612.0;237.0;1066.0;501.0;385.0;406.0;378.0;358.0;413.0;409.0;393.0;281.0;356.0;400.0;327.0;371.0;72.0;382.0;336.0;441.0;413.0;419.0;360.0;412.0;339.0;415.0;293.0;431.0;408.0;408.0;355.0;475.0;424.0;422.0;416.0;326.0;420.0
201;70.0;60.0;280.0;60.0;79.0;82.0;55.0;77.0;1.0;57.0;67.0;93.0;783.0;276.0;180.0;803.0;67.0;191.0;67.0;336.0;58.0;12.0;359.0;269.0;98.0;94.0;148.0;13.0;79.0;61.0;73.0;55.0;188.0;68.0;66.0;86.0;148.0;1.0;81.0;75.0;77.0;55.0;82.0;60.0;122.0;288.0;67.0;67.0;113.0;65.0;79.0;93.0;114.0;334.0;75.0;67.0;73.0;98.0;69.0;102.0;80.0;82.0;241.0;360.0;85.0;114.0;82.0;77.0;19.0;792.0;220.0;113.0;334.0;403.0;97.0;67.0;36.0;55.0;87.0;783.0;67.0;62.0;67.0;97.0;67.0;24.0;86.0;57.0;60.0;74.0;352.0;97.0;281.0;783.0;183.0;12.0;89.0;74.0;55.0;336.0;0.0;83.0;67.0;74.0;71.0;50.0;75.0;71.0;12.0;64.0;69.0;95.0;268.0;97.0;159.0;68.0;67.0;94.0;75.0;65.0;123.0;66.0;62.0;783.0;128.0;67.0;73.0;80.0;51.0;89.0;43.0;81.0;359.0;427.0;12.0;56.0;75.0;73.0;57.0;75.0;807.0;78.0;102.0;58.0;125.0;96.0;75.0;197.0;184.0;93.0;73.0;744.0;64.0;75.0;81.0;160.0;169.0;74.0;77.0;148.0;84.0;78.0;75.0;73.0;1.0;165.0;79.0;69.0;202.0;124.0;86.0;68.0;51.0;53.0;97.0;65.0;75.0;313.0;116.0;70.0;82.0;82.0;80.0;91.0;237.0;783.0;116.0;783.0;82.0;67.0;1.0;58.0;77.0;65.0;90.0;61.0;97.0;88.0;75.0;93.0;57.0;59.0;133.0;80.0;44.0;81.0;132.0;73.0;12.0;91.0;85.0;82.0;1.0;783.0;67.0;183.0;55.0;88.0;81.0;75.0;123.0;53.0;104.0;71.0;84.0;67.0;62.0;58.0;86.0;52.0;80.0;51.0;161.0;67.0;60.0;121.0;67.0;59.0;71.0;60.0;248.0;67.0;55.0;259.0;57.0;251.0;783.0;69.0;89.0;783.0;63.0;65.0;67.0;81.0;342.0;67.0;120.0;67.0;102.0;73.0;56.0;89.0;70.0;133.0;313.0;424.0;783.0;269.0;101.0;73.0;55.0;57.0;78.0;103.0;62.0;75.0;58.0;71.0;55.0;55.0;352.0;60.0;1.0;161.0;78.0;162.0;244.0;77.0;88.0;91.0;69.0;166.0;77.0;74.0;65.0;369.0;311.0;96.0;80.0;67.0;648.0
202;13.0;35.0;282.0;66.0;103.0;101.0;95.0;6.0;83.0;66.0;17.0;112.0;706.0;232.0;97.0;727.0;17.0;154.0;128.0;417.0;57.0;94.0;433.0;225.0;76.0;114.0;130.0;71.0;106.0;67.0;155.0;41.0;160.0;86.0;17.0;50.0;131.0;83.0;138.0;156.0;104.0;95.0;25.0;74.0;181.0;223.0;128.0;17.0;85.0;75.0;77.0;16.0;71.0;416.0;20.0;103.0;155.0;111.0;37.0;117.0;90.0;108.0;201.0;435.0;47.0;71.0;32.0;6.0;66.0;748.0;183.0;85.0;416.0;394.0;150.0;17.0;68.0;95.0;10.0;706.0;103.0;30.0;17.0;150.0;111.0;61.0;50.0;66.0;74.0;12.0;431.0;150.0;238.0;706.0;150.0;94.0;57.0;9.0;41.0;415.0;83.0;0.0;17.0;72.0;14.0;45.0;45.0;64.0;94.0;21.0;35.0;120.0;226.0;150.0;126.0;79.0;17.0;23.0;156.0;75.0;77.0;20.0;48.0;706.0;116.0;103.0;155.0;21.0;63.0;49.0;73.0;138.0;433.0;482.0;94.0;58.0;156.0;10.0;35.0;156.0;730.0;16.0;117.0;57.0;115.0;74.0;156.0;168.0;148.0;15.0;10.0;702.0;93.0;156.0;138.0;107.0;91.0;96.0;6.0;131.0;30.0;113.0;156.0;155.0;83.0;121.0;103.0;105.0;139.0;169.0;46.0;63.0;134.0;55.0;150.0;18.0;156.0;278.0;112.0;13.0;108.0;108.0;105.0;69.0;197.0;706.0;90.0;706.0;108.0;17.0;83.0;52.0;12.0;18.0;24.0;67.0;150.0;48.0;156.0;84.0;84.0;30.0;102.0;21.0;53.0;4.0;124.0;155.0;94.0;69.0;8.0;30.0;83.0;706.0;17.0;150.0;52.0;54.0;138.0;156.0;167.0;55.0;21.0;14.0;41.0;103.0;23.0;26.0;50.0;80.0;86.0;82.0;85.0;31.0;41.0;41.0;17.0;30.0;89.0;35.0;207.0;17.0;49.0;217.0;66.0;210.0;706.0;101.0;31.0;706.0;76.0;58.0;103.0;138.0;420.0;17.0;164.0;103.0;20.0;155.0;58.0;31.0;93.0;104.0;278.0;479.0;706.0;225.0;79.0;10.0;41.0;66.0;15.0;56.0;23.0;156.0;70.0;18.0;95.0;49.0;426.0;38.0;83.0;111.0;15.0;128.0;253.0;12.0;106.0;23.0;128.0;125.0;7.0;9.0;75.0;360.0;307.0;74.0;20.0;103.0;714.0
203;4.0;20.0;275.0;51.0;89.0;88.0;80.0;13.0;67.0;52.0;1.0;99.0;719.0;235.0;113.0;740.0;1.0;154.0;111.0;401.0;42.0;78.0;416.0;228.0;79.0;101.0;125.0;55.0;92.0;53.0;139.0;25.0;158.0;72.0;2.0;54.0;126.0;67.0;127.0;140.0;90.0;80.0;32.0;60.0;165.0;232.0;111.0;1.0;80.0;61.0;65.0;27.0;70.0;400.0;23.0;87.0;139.0;99.0;26.0;114.0;77.0;94.0;202.0;418.0;41.0;70.0;37.0;13.0;49.0;760.0;183.0;80.0;400.0;389.0;134.0;1.0;52.0;80.0;24.0;719.0;87.0;15.0;1.0;134.0;96.0;44.0;54.0;52.0;60.0;8.0;414.0;134.0;240.0;719.0;149.0;78.0;61.0;11.0;25.0;398.0;67.0;17.0;0.0;60.0;12.0;29.0;36.0;52.0;78.0;4.0;24.0;115.0;228.0;134.0;124.0;66.0;1.0;36.0;140.0;61.0;77.0;4.0;35.0;719.0;119.0;87.0;139.0;27.0;48.0;45.0;56.0;127.0;416.0;467.0;78.0;44.0;140.0;9.0;20.0;140.0;743.0;22.0;114.0;42.0;118.0;76.0;140.0;166.0;148.0;30.0;7.0;714.0;78.0;140.0;127.0;110.0;104.0;82.0;13.0;126.0;37.0;98.0;140.0;139.0;67.0;122.0;89.0;90.0;146.0;154.0;41.0;50.0;118.0;40.0;134.0;5.0;140.0;287.0;113.0;8.0;94.0;94.0;91.0;71.0;198.0;719.0;85.0;719.0;94.0;1.0;67.0;38.0;18.0;5.0;28.0;53.0;134.0;43.0;140.0;75.0;69.0;14.0;99.0;27.0;37.0;15.0;116.0;139.0;78.0;71.0;22.0;36.0;67.0;719.0;1.0;149.0;37.0;58.0;127.0;140.0;152.0;40.0;37.0;12.0;36.0;87.0;7.0;9.0;54.0;65.0;74.0;66.0;97.0;20.0;26.0;58.0;1.0;14.0;75.0;20.0;209.0;1.0;35.0;219.0;52.0;211.0;719.0;86.0;40.0;719.0;62.0;46.0;87.0;127.0;403.0;1.0;149.0;87.0;35.0;139.0;44.0;40.0;78.0;100.0;287.0;464.0;719.0;228.0;73.0;9.0;25.0;52.0;21.0;54.0;7.0;140.0;55.0;9.0;80.0;35.0;409.0;24.0;67.0;114.0;21.0;126.0;244.0;18.0;93.0;28.0;112.0;125.0;10.0;11.0;61.0;355.0;301.0;76.0;27.0;87.0;702.0
204;64.0;40.0;218.0;14.0;33.0;30.0;39.0;72.0;74.0;17.0;60.0;40.0;723.0;202.0;142.0;743.0;60.0;117.0;73.0;372.0;20.0;78.0;374.0;196.0;136.0;42.0;75.0;64.0;37.0;13.0;137.0;37.0;114.0;19.0;62.0;113.0;75.0;74.0;154.0;142.0;35.0;39.0;92.0;16.0;118.0;220.0;73.0;60.0;40.0;11.0;6.0;68.0;48.0;373.0;83.0;39.0;137.0;39.0;35.0;161.0;18.0;38.0;167.0;377.0;32.0;48.0;97.0;72.0;58.0;820.0;146.0;40.0;373.0;336.0;86.0;60.0;38.0;39.0;82.0;723.0;39.0;45.0;60.0;86.0;50.0;55.0;113.0;17.0;16.0;60.0;381.0;86.0;208.0;723.0;109.0;78.0;119.0;71.0;37.0;364.0;74.0;72.0;60.0;0.0;72.0;37.0;28.0;8.0;78.0;57.0;38.0;158.0;194.0;86.0;85.0;11.0;60.0;95.0;142.0;11.0;55.0;56.0;25.0;723.0;174.0;39.0;137.0;87.0;24.0;34.0;32.0;154.0;374.0;412.0;78.0;21.0;142.0;69.0;42.0;142.0;746.0;82.0;161.0;20.0;173.0;133.0;142.0;124.0;110.0;87.0;66.0;774.0;29.0;142.0;154.0;92.0;121.0;27.0;72.0;75.0;97.0;46.0;142.0;137.0;74.0;92.0;33.0;41.0;136.0;99.0;34.0;10.0;111.0;25.0;86.0;64.0;142.0;347.0;167.0;68.0;38.0;38.0;35.0;127.0;163.0;723.0;42.0;723.0;38.0;60.0;74.0;24.0;78.0;64.0;57.0;13.0;86.0;34.0;142.0;19.0;26.0;47.0;59.0;87.0;36.0;68.0;62.0;137.0;78.0;127.0;79.0;96.0;74.0;723.0;60.0;109.0;27.0;116.0;154.0;142.0;98.0;25.0;84.0;72.0;37.0;39.0;54.0;57.0;113.0;27.0;14.0;28.0;112.0;41.0;34.0;109.0;60.0;47.0;21.0;40.0;174.0;60.0;28.0;185.0;17.0;177.0;723.0;35.0;100.0;723.0;13.0;15.0;39.0;154.0;367.0;60.0;95.0;39.0;81.0;137.0;21.0;100.0;25.0;59.0;347.0;409.0;723.0;196.0;28.0;69.0;37.0;17.0;81.0;44.0;54.0;142.0;16.0;54.0;39.0;28.0;367.0;37.0;74.0;91.0;81.0;88.0;186.0;78.0;34.0;58.0;72.0;93.0;65.0;71.0;11.0;302.0;246.0;133.0;87.0;39.0;690.0
205;10.0;32.0;287.0;63.0;101.0;100.0;90.0;7.0;71.0;63.0;12.0;111.0;719.0;243.0;111.0;741.0;12.0;164.0;121.0;407.0;55.0;83.0;425.0;236.0;67.0;113.0;136.0;60.0;104.0;65.0;142.0;37.0;168.0;84.0;11.0;42.0;138.0;71.0;124.0;143.0;102.0;90.0;19.0;71.0;176.0;237.0;121.0;12.0;92.0;73.0;78.0;29.0;80.0;405.0;11.0;99.0;142.0;111.0;38.0;105.0;90.0;106.0;211.0;427.0;53.0;80.0;25.0;7.0;55.0;748.0;193.0;92.0;405.0;401.0;145.0;12.0;61.0;90.0;16.0;719.0;99.0;27.0;12.0;145.0;107.0;51.0;42.0;63.0;71.0;15.0;422.0;145.0;249.0;719.0;159.0;83.0;49.0;5.0;37.0;406.0;71.0;14.0;12.0;72.0;0.0;40.0;48.0;65.0;83.0;16.0;36.0;107.0;237.0;145.0;134.0;78.0;12.0;25.0;143.0;73.0;87.0;17.0;47.0;719.0;108.0;99.0;142.0;15.0;59.0;56.0;67.0;124.0;425.0;479.0;83.0;55.0;143.0;6.0;32.0;143.0;744.0;10.0;105.0;55.0;106.0;65.0;143.0;177.0;158.0;22.0;9.0;702.0;90.0;143.0;124.0;118.0;105.0;94.0;7.0;138.0;24.0;110.0;143.0;142.0;71.0;131.0;101.0;101.0;152.0;166.0;52.0;62.0;122.0;52.0;145.0;9.0;143.0;275.0;103.0;4.0;106.0;106.0;103.0;60.0;208.0;719.0;96.0;719.0;106.0;12.0;71.0;50.0;6.0;9.0;35.0;65.0;145.0;54.0;143.0;87.0;80.0;26.0;110.0;15.0;47.0;15.0;129.0;142.0;83.0;60.0;14.0;23.0;71.0;719.0;12.0;159.0;48.0;46.0;124.0;143.0;164.0;52.0;34.0;1.0;47.0;99.0;18.0;17.0;42.0;76.0;86.0;77.0;98.0;32.0;39.0;50.0;12.0;26.0;87.0;32.0;218.0;12.0;46.0;228.0;63.0;220.0;719.0;97.0;27.0;719.0;74.0;58.0;99.0;124.0;411.0;12.0;161.0;99.0;33.0;142.0;55.0;27.0;90.0;111.0;275.0;476.0;719.0;236.0;84.0;6.0;37.0;63.0;9.0;64.0;18.0;143.0;67.0;20.0;90.0;46.0;418.0;36.0;71.0;122.0;9.0;136.0;257.0;6.0;105.0;34.0;122.0;135.0;12.0;5.0;73.0;367.0;313.0;65.0;14.0;99.0;702.0
206;33.0;12.0;255.0;25.0;62.0;61.0;50.0;42.0;50.0;24.0;29.0;73.0;734.0;231.0;135.0;754.0;29.0;147.0;83.0;376.0;17.0;58.0;388.0;224.0;99.0;75.0;110.0;37.0;64.0;27.0;121.0;6.0;147.0;45.0;30.0;77.0;111.0;50.0;124.0;124.0;62.0;50.0;59.0;32.0;136.0;238.0;83.0;29.0;69.0;35.0;43.0;49.0;66.0;375.0;50.0;59.0;121.0;74.0;20.0;125.0;52.0;67.0;197.0;390.0;36.0;66.0;63.0;42.0;30.0;787.0;176.0;69.0;375.0;373.0;105.0;29.0;24.0;50.0;54.0;734.0;59.0;16.0;29.0;105.0;67.0;25.0;77.0;24.0;32.0;33.0;388.0;105.0;237.0;734.0;140.0;58.0;83.0;40.0;6.0;372.0;50.0;45.0;29.0;37.0;40.0;0.0;26.0;30.0;58.0;25.0;20.0;122.0;224.0;105.0;115.0;39.0;29.0;65.0;124.0;35.0;74.0;26.0;15.0;734.0;137.0;59.0;121.0;55.0;19.0;40.0;27.0;124.0;388.0;439.0;58.0;16.0;124.0;38.0;10.0;124.0;758.0;50.0;125.0;17.0;136.0;96.0;124.0;156.0;140.0;59.0;36.0;741.0;50.0;124.0;124.0;111.0;121.0;55.0;42.0;111.0;63.0;70.0;124.0;121.0;50.0;118.0;62.0;61.0;152.0;125.0;37.0;27.0;98.0;13.0;105.0;31.0;124.0;313.0;129.0;36.0;67.0;67.0;64.0;91.0;193.0;734.0;73.0;734.0;67.0;29.0;50.0;13.0;46.0;31.0;43.0;27.0;105.0;39.0;124.0;55.0;40.0;15.0;89.0;55.0;8.0;42.0;98.0;121.0;58.0;91.0;51.0;62.0;50.0;734.0;29.0;140.0;10.0;80.0;124.0;124.0;124.0;13.0;64.0;40.0;35.0;59.0;23.0;23.0;77.0;36.0;50.0;37.0;113.0;19.0;10.0;86.0;29.0;15.0;48.0;12.0;204.0;29.0;9.0;214.0;24.0;207.0;734.0;57.0;67.0;734.0;35.0;23.0;59.0;124.0;376.0;29.0;121.0;59.0;61.0;121.0;16.0;67.0;51.0;90.0;313.0;435.0;734.0;224.0;59.0;38.0;6.0;24.0;49.0;54.0;23.0;124.0;28.0;28.0;50.0;9.0;381.0;11.0;50.0;113.0;49.0;118.0;223.0;46.0;67.0;44.0;83.0;120.0;38.0;40.0;35.0;339.0;283.0;96.0;54.0;59.0;684.0
207;39.0;20.0;239.0;27.0;61.0;58.0;60.0;46.0;75.0;29.0;36.0;67.0;710.0;206.0;118.0;730.0;36.0;122.0;95.0;393.0;21.0;83.0;399.0;199.0;114.0;70.0;89.0;62.0;64.0;28.0;145.0;21.0;124.0;45.0;38.0;90.0;90.0;75.0;150.0;149.0;62.0;60.0;67.0;35.0;144.0;213.0;95.0;36.0;46.0;33.0;32.0;40.0;40.0;393.0;59.0;64.0;145.0;66.0;10.0;146.0;46.0;65.0;172.0;402.0;10.0;40.0;73.0;46.0;56.0;793.0;152.0;46.0;393.0;354.0;112.0;36.0;44.0;60.0;56.0;710.0;64.0;23.0;36.0;112.0;74.0;51.0;90.0;29.0;35.0;34.0;403.0;112.0;211.0;710.0;116.0;83.0;97.0;46.0;21.0;387.0;75.0;45.0;36.0;28.0;48.0;26.0;0.0;20.0;83.0;34.0;12.0;145.0;198.0;112.0;91.0;37.0;36.0;68.0;149.0;33.0;48.0;32.0;13.0;710.0;154.0;64.0;145.0;63.0;30.0;14.0;42.0;150.0;399.0;440.0;83.0;24.0;149.0;43.0;23.0;149.0;734.0;58.0;146.0;21.0;153.0;112.0;149.0;133.0;116.0;60.0;40.0;747.0;54.0;149.0;150.0;85.0;100.0;54.0;46.0;90.0;72.0;72.0;149.0;145.0;75.0;93.0;61.0;66.0;127.0;127.0;11.0;20.0;121.0;24.0;112.0;40.0;149.0;322.0;148.0;44.0;65.0;65.0;63.0;106.0;168.0;710.0;50.0;710.0;65.0;36.0;75.0;18.0;53.0;40.0;29.0;28.0;112.0;13.0;149.0;39.0;47.0;26.0;65.0;63.0;31.0;41.0;81.0;145.0;83.0;106.0;53.0;71.0;75.0;710.0;36.0;116.0;21.0;94.0;150.0;149.0;125.0;24.0;56.0;48.0;11.0;64.0;32.0;36.0;90.0;45.0;42.0;46.0;92.0;16.0;17.0;82.0;36.0;26.0;47.0;20.0;179.0;36.0;20.0;189.0;29.0;182.0;710.0;61.0;74.0;710.0;35.0;17.0;64.0;150.0;390.0;36.0;122.0;64.0;53.0;145.0;24.0;74.0;51.0;66.0;322.0;437.0;710.0;199.0;37.0;43.0;21.0;29.0;56.0;28.0;32.0;149.0;31.0;29.0;60.0;20.0;392.0;18.0;75.0;87.0;56.0;94.0;209.0;53.0;62.0;31.0;94.0;95.0;39.0;46.0;33.0;320.0;265.0;112.0;62.0;64.0;702.0
208;56.0;33.0;225.0;12.0;40.0;38.0;42.0;64.0;71.0;15.0;52.0;47.0;721.0;205.0;137.0;741.0;52.0;120.0;77.0;376.0;14.0;77.0;380.0;198.0;128.0;50.0;80.0;60.0;43.0;12.0;136.0;29.0;118.0;25.0;54.0;105.0;81.0;71.0;150.0;141.0;42.0;42.0;84.0;17.0;124.0;220.0;77.0;52.0;42.0;14.0;13.0;61.0;46.0;377.0;75.0;44.0;136.0;47.0;27.0;155.0;26.0;45.0;170.0;383.0;26.0;46.0;89.0;64.0;54.0;812.0;149.0;42.0;377.0;343.0;92.0;52.0;36.0;42.0;74.0;721.0;44.0;38.0;52.0;92.0;55.0;51.0;105.0;15.0;17.0;52.0;385.0;92.0;210.0;721.0;113.0;77.0;111.0;63.0;29.0;369.0;71.0;64.0;52.0;8.0;65.0;30.0;20.0;0.0;77.0;49.0;30.0;152.0;197.0;92.0;88.0;17.0;52.0;87.0;141.0;14.0;54.0;48.0;18.0;721.0;167.0;44.0;136.0;80.0;20.0;28.0;31.0;150.0;380.0;420.0;77.0;16.0;141.0;61.0;34.0;141.0;745.0;75.0;155.0;14.0;166.0;126.0;141.0;128.0;113.0;79.0;58.0;766.0;34.0;141.0;150.0;91.0;116.0;33.0;64.0;81.0;89.0;52.0;141.0;136.0;71.0;94.0;40.0;46.0;135.0;107.0;27.0;4.0;111.0;19.0;92.0;56.0;141.0;340.0;160.0;60.0;45.0;45.0;42.0;120.0;166.0;721.0;45.0;721.0;45.0;52.0;71.0;18.0;70.0;56.0;49.0;12.0;92.0;28.0;141.0;25.0;29.0;39.0;62.0;80.0;30.0;61.0;68.0;136.0;77.0;120.0;71.0;88.0;71.0;721.0;52.0;113.0;21.0;109.0;150.0;141.0;105.0;19.0;77.0;65.0;30.0;44.0;47.0;50.0;105.0;29.0;22.0;30.0;108.0;33.0;27.0;102.0;52.0;39.0;27.0;33.0;177.0;52.0;22.0;188.0;15.0;180.0;721.0;41.0;92.0;721.0;16.0;8.0;44.0;150.0;372.0;52.0;102.0;44.0;73.0;136.0;16.0;92.0;31.0;62.0;340.0;416.0;721.0;198.0;30.0;61.0;29.0;15.0;73.0;40.0;47.0;141.0;15.0;47.0;42.0;22.0;373.0;29.0;71.0;91.0;73.0;91.0;193.0;70.0;42.0;51.0;76.0;95.0;58.0;63.0;14.0;309.0;253.0;126.0;79.0;44.0;690.0
209;81.0;69.0;278.0;65.0;79.0;82.0;53.0;89.0;12.0;62.0;78.0;92.0;792.0;280.0;191.0;813.0;78.0;196.0;60.0;324.0;65.0;1.0;347.0;274.0;108.0;93.0;151.0;23.0;78.0;65.0;63.0;64.0;191.0;70.0;78.0;98.0;151.0;12.0;80.0;66.0;76.0;53.0;94.0;63.0;113.0;295.0;60.0;78.0;118.0;69.0;83.0;104.0;121.0;323.0;87.0;65.0;63.0;98.0;78.0;109.0;82.0;81.0;245.0;349.0;93.0;121.0;93.0;89.0;29.0;801.0;224.0;118.0;323.0;402.0;90.0;78.0;41.0;53.0;98.0;792.0;65.0;72.0;78.0;90.0;64.0;34.0;98.0;62.0;63.0;85.0;340.0;90.0;286.0;792.0;187.0;1.0;100.0;86.0;64.0;324.0;12.0;94.0;78.0;78.0;83.0;58.0;83.0;77.0;0.0;75.0;79.0;100.0;273.0;90.0;163.0;71.0;78.0;105.0;66.0;69.0;130.0;77.0;70.0;792.0;136.0;65.0;63.0;91.0;56.0;97.0;47.0;80.0;347.0;417.0;1.0;62.0;66.0;84.0;67.0;66.0;816.0;90.0;109.0;65.0;133.0;106.0;66.0;201.0;188.0;104.0;85.0;753.0;64.0;66.0;80.0;167.0;179.0;75.0;89.0;151.0;96.0;76.0;66.0;63.0;12.0;170.0;79.0;67.0;209.0;118.0;94.0;73.0;40.0;60.0;90.0;77.0;66.0;322.0;124.0;81.0;81.0;81.0;80.0;101.0;241.0;792.0;120.0;792.0;81.0;78.0;12.0;65.0;88.0;77.0;100.0;65.0;90.0;96.0;66.0;96.0;58.0;69.0;138.0;91.0;52.0;92.0;134.0;63.0;1.0;101.0;96.0;94.0;12.0;792.0;78.0;187.0;62.0;100.0;80.0;66.0;116.0;60.0;115.0;83.0;93.0;65.0;73.0;69.0;98.0;54.0;83.0;53.0;171.0;77.0;69.0;133.0;78.0;69.0;72.0;69.0;253.0;78.0;63.0;263.0;62.0;256.0;792.0;68.0;101.0;792.0;67.0;72.0;65.0;80.0;330.0;78.0;113.0;65.0;113.0;63.0;62.0;101.0;70.0;137.0;322.0;415.0;792.0;274.0;107.0;84.0;64.0;62.0;89.0;111.0;73.0;66.0;63.0;82.0;53.0;63.0;341.0;69.0;12.0;168.0;89.0;166.0;242.0;88.0;88.0;101.0;62.0;171.0;88.0;86.0;69.0;369.0;310.0;106.0;92.0;65.0;636.0
210;8.0;17.0;273.0;48.0;86.0;85.0;76.0;17.0;64.0;48.0;4.0;95.0;721.0;234.0;116.0;742.0;4.0;153.0;107.0;397.0;39.0;75.0;412.0;228.0;81.0;98.0;123.0;52.0;88.0;50.0;136.0;22.0;157.0;69.0;5.0;56.0;124.0;64.0;126.0;138.0;86.0;76.0;35.0;56.0;161.0;233.0;107.0;4.0;79.0;58.0;62.0;29.0;69.0;396.0;26.0;84.0;136.0;96.0;24.0;114.0;74.0;91.0;202.0;415.0;40.0;69.0;40.0;17.0;46.0;764.0;182.0;79.0;396.0;387.0;131.0;4.0;48.0;76.0;28.0;721.0;84.0;12.0;4.0;131.0;92.0;41.0;56.0;48.0;56.0;10.0;411.0;131.0;240.0;721.0;148.0;75.0;63.0;15.0;22.0;395.0;64.0;21.0;4.0;57.0;16.0;25.0;34.0;49.0;75.0;0.0;22.0;115.0;228.0;131.0;123.0;62.0;4.0;40.0;138.0;58.0;76.0;3.0;32.0;721.0;121.0;84.0;136.0;31.0;44.0;43.0;53.0;126.0;412.0;464.0;75.0;40.0;138.0;13.0;16.0;138.0;745.0;26.0;114.0;39.0;119.0;78.0;138.0;165.0;147.0;34.0;11.0;717.0;75.0;138.0;126.0;111.0;106.0;78.0;17.0;124.0;40.0;95.0;138.0;136.0;64.0;122.0;86.0;86.0;147.0;150.0;39.0;47.0;115.0;37.0;131.0;7.0;138.0;291.0;115.0;11.0;91.0;91.0;88.0;73.0;198.0;721.0;83.0;721.0;91.0;4.0;64.0;34.0;22.0;7.0;29.0;50.0;131.0;42.0;138.0;72.0;65.0;10.0;97.0;31.0;33.0;18.0;114.0;136.0;75.0;73.0;25.0;39.0;64.0;721.0;4.0;148.0;33.0;60.0;126.0;138.0;149.0;37.0;41.0;16.0;35.0;84.0;3.0;6.0;56.0;61.0;71.0;62.0;99.0;17.0;23.0;62.0;4.0;10.0;72.0;17.0;208.0;4.0;31.0;218.0;48.0;211.0;721.0;82.0;43.0;721.0;58.0;42.0;84.0;126.0;399.0;4.0;146.0;84.0;39.0;136.0;40.0;43.0;75.0;99.0;291.0;461.0;721.0;228.0;71.0;13.0;22.0;48.0;25.0;54.0;3.0;138.0;52.0;9.0;76.0;31.0;405.0;20.0;64.0;114.0;25.0;125.0;242.0;22.0;89.0;29.0;108.0;125.0;13.0;15.0;58.0;353.0;299.0;78.0;30.0;84.0;696.0
211;27.0;10.0;251.0;32.0;69.0;67.0;64.0;34.0;69.0;33.0;24.0;77.0;714.0;216.0;116.0;734.0;24.0;133.0;98.0;394.0;24.0;79.0;404.0;209.0;102.0;80.0;101.0;57.0;72.0;34.0;141.0;14.0;136.0;52.0;26.0;78.0;102.0;69.0;141.0;144.0;70.0;64.0;55.0;41.0;149.0;219.0;98.0;24.0;57.0;41.0;42.0;33.0;50.0;394.0;47.0;70.0;141.0;76.0;2.0;135.0;55.0;74.0;182.0;406.0;19.0;50.0;61.0;34.0;50.0;782.0;163.0;57.0;394.0;366.0;118.0;24.0;42.0;64.0;45.0;714.0;70.0;11.0;24.0;118.0;79.0;45.0;78.0;33.0;41.0;23.0;406.0;118.0;221.0;714.0;127.0;79.0;84.0;34.0;14.0;390.0;69.0;35.0;24.0;38.0;36.0;20.0;12.0;30.0;79.0;22.0;0.0;134.0;209.0;118.0;102.0;45.0;24.0;57.0;144.0;41.0;58.0;20.0;14.0;714.0;142.0;70.0;141.0;51.0;32.0;23.0;43.0;141.0;404.0;448.0;79.0;26.0;144.0;32.0;13.0;144.0;738.0;46.0;135.0;24.0;141.0;100.0;144.0;144.0;127.0;49.0;29.0;736.0;60.0;144.0;141.0;94.0;101.0;62.0;34.0;102.0;60.0;80.0;144.0;141.0;69.0;103.0;69.0;72.0;133.0;135.0;19.0;28.0;118.0;24.0;118.0;28.0;144.0;311.0;136.0;32.0;74.0;74.0;71.0;94.0;178.0;714.0;62.0;714.0;74.0;24.0;69.0;20.0;41.0;28.0;24.0;34.0;118.0;22.0;144.0;51.0;52.0;15.0;77.0;51.0;28.0;31.0;93.0;141.0;79.0;94.0;42.0;60.0;69.0;714.0;24.0;127.0;20.0;82.0;141.0;144.0;133.0;24.0;49.0;36.0;16.0;70.0;19.0;25.0;78.0;49.0;52.0;50.0;93.0;4.0;10.0;73.0;24.0;15.0;55.0;10.0;189.0;24.0;19.0;199.0;33.0;192.0;714.0;67.0;63.0;714.0;42.0;24.0;70.0;141.0;393.0;24.0;130.0;70.0;46.0;141.0;26.0;63.0;59.0;78.0;311.0;445.0;714.0;209.0;49.0;32.0;14.0;33.0;44.0;36.0;19.0;144.0;36.0;17.0;64.0;19.0;397.0;10.0;69.0;96.0;44.0;105.0;221.0;41.0;71.0;25.0;98.0;105.0;28.0;34.0;41.0;332.0;277.0;100.0;50.0;70.0;702.0
212;115.0;125.0;373.0;144.0;172.0;174.0;149.0;114.0;95.0;142.0;115.0;186.0;812.0;349.0;203.0;835.0;115.0;268.0;159.0;375.0;138.0;100.0;421.0;343.0;59.0;187.0;233.0;99.0;172.0;145.0;113.0;125.0;269.0;158.0;113.0;77.0;233.0;95.0;48.0;106.0;170.0;149.0;98.0;148.0;211.0;343.0;159.0;115.0;191.0;152.0;164.0;136.0;184.0;371.0;100.0;161.0;113.0;189.0;136.0;15.0;169.0;176.0;316.0;421.0;154.0;184.0;92.0;114.0;102.0;710.0;297.0;191.0;371.0;494.0;189.0;115.0;124.0;149.0;114.0;812.0;161.0;123.0;115.0;189.0;162.0;104.0;77.0;142.0;148.0;121.0;399.0;189.0;355.0;812.0;262.0;100.0;72.0;112.0;125.0;385.0;95.0;120.0;115.0;158.0;107.0;122.0;145.0;152.0;100.0;115.0;134.0;0.0;343.0;189.0;236.0;156.0;115.0;110.0;106.0;152.0;191.0;118.0;137.0;812.0;53.0;161.0;113.0;101.0;135.0;158.0;132.0;48.0;421.0;509.0;100.0;137.0;106.0;113.0;122.0;106.0;837.0;104.0;15.0;138.0;50.0;60.0;106.0;278.0;261.0;117.0;116.0;661.0;157.0;106.0;48.0;225.0;207.0;166.0;114.0;233.0;95.0;173.0;106.0;113.0;95.0;237.0;172.0;163.0;259.0;218.0;153.0;149.0;112.0;133.0;189.0;110.0;106.0;232.0;40.0;110.0;176.0;176.0;173.0;60.0;313.0;812.0;195.0;812.0;176.0;115.0;95.0;135.0;107.0;110.0;142.0;145.0;189.0;156.0;106.0;177.0;148.0;120.0;210.0;101.0;122.0;122.0;220.0;113.0;100.0;60.0;115.0;93.0;95.0;812.0;115.0;262.0;132.0;75.0;48.0;106.0;216.0;133.0;135.0;107.0;149.0;161.0;116.0;110.0;77.0;143.0;168.0;143.0;202.0;130.0;129.0;135.0;115.0;120.0;162.0;125.0;323.0;115.0;131.0;333.0;142.0;326.0;812.0;163.0;98.0;812.0;151.0;145.0;161.0;48.0;393.0;115.0;213.0;161.0;136.0;113.0;137.0;98.0;162.0;211.0;232.0;507.0;812.0;343.0;181.0;113.0;125.0;142.0;105.0;169.0;116.0;106.0;144.0;124.0;149.0;131.0;415.0;128.0;95.0;229.0;105.0;239.0;338.0;107.0;180.0;141.0;162.0;239.0;119.0;112.0;152.0;460.0;403.0;60.0;102.0;161.0;642.0
213;229.0;218.0;149.0;208.0;201.0;197.0;225.0;231.0;268.0;211.0;228.0;190.0;571.0;8.0;193.0;587.0;228.0;77.0;247.0;516.0;211.0;273.0;479.0;7.0;302.0;191.0;124.0;257.0;204.0;207.0;327.0;220.0;84.0;204.0;230.0;276.0;125.0;268.0;347.0;334.0;205.0;225.0;251.0;209.0;257.0;88.0;247.0;228.0;155.0;204.0;190.0;211.0;159.0;519.0;246.0;216.0;327.0;183.0;208.0;342.0;192.0;201.0;27.0;485.0;190.0;159.0;258.0;231.0;251.0;907.0;49.0;155.0;519.0;200.0;238.0;228.0;232.0;225.0;234.0;571.0;216.0;220.0;228.0;238.0;225.0;247.0;276.0;211.0;209.0;222.0;511.0;238.0;14.0;571.0;85.0;273.0;283.0;233.0;220.0;496.0;268.0;226.0;228.0;194.0;237.0;224.0;198.0;197.0;273.0;228.0;209.0;343.0;0.0;238.0;109.0;201.0;228.0;243.0;334.0;204.0;151.0;225.0;209.0;571.0;341.0;216.0;327.0;247.0;217.0;185.0;226.0;347.0;479.0;448.0;273.0;213.0;334.0;231.0;221.0;334.0;592.0;242.0;342.0;211.0;341.0;299.0;334.0;75.0;84.0;234.0;228.0;867.0;212.0;334.0;347.0;119.0;166.0;202.0;231.0;125.0;255.0;211.0;334.0;327.0;268.0;106.0;201.0;216.0;102.0;224.0;189.0;201.0;302.0;216.0;238.0;233.0;334.0;474.0;338.0;233.0;201.0;201.0;201.0;295.0;31.0;571.0;153.0;571.0;201.0;228.0;268.0;212.0;238.0;233.0;202.0;207.0;238.0;187.0;334.0;176.0;216.0;223.0;135.0;247.0;226.0;223.0;144.0;327.0;273.0;295.0;232.0;256.0;268.0;571.0;228.0;85.0;216.0;279.0;347.0;334.0;223.0;216.0;217.0;237.0;193.0;216.0;227.0;232.0;276.0;219.0;190.0;220.0;165.0;213.0;215.0;233.0;228.0;223.0;202.0;218.0;20.0;228.0;216.0;9.0;211.0;17.0;571.0;212.0;255.0;571.0;206.0;203.0;216.0;347.0;493.0;228.0;223.0;216.0;215.0;327.0;213.0;255.0;206.0;135.0;474.0;443.0;571.0;7.0;167.0;231.0;220.0;211.0;241.0;174.0;227.0;334.0;210.0;219.0;225.0;216.0;472.0;216.0;268.0;115.0;241.0;107.0;155.0;238.0;192.0;203.0;244.0;104.0;225.0;233.0;204.0;171.0;146.0;299.0;245.0;216.0;828.0
214;138.0;115.0;202.0;86.0;54.0;59.0;55.0;148.0;97.0;85.0;134.0;57.0;794.0;246.0;228.0;812.0;134.0;168.0;30.0;292.0;94.0;90.0;288.0;241.0;192.0;54.0;118.0;98.0;51.0;85.0;109.0;109.0;155.0;68.0;135.0;176.0;116.0;97.0;162.0;118.0;52.0;55.0;163.0;77.0;31.0;286.0;30.0;134.0;113.0;79.0;85.0;151.0;129.0;293.0;154.0;48.0;109.0;63.0;116.0;198.0;71.0;51.0;212.0;291.0;118.0;129.0;165.0;148.0;99.0;887.0;191.0;113.0;293.0;330.0;1.0;134.0;84.0;55.0;159.0;794.0;48.0;121.0;134.0;1.0;39.0;101.0;176.0;85.0;77.0;138.0;297.0;1.0;252.0;794.0;158.0;90.0;180.0;146.0;109.0;281.0;97.0;150.0;134.0;86.0;145.0;105.0;112.0;92.0;90.0;131.0;118.0;189.0;238.0;0.0;141.0;76.0;134.0;170.0;118.0;79.0;135.0;131.0;104.0;794.0;224.0;48.0;109.0;159.0;87.0;120.0;78.0;162.0;288.0;334.0;90.0;92.0;118.0;143.0;115.0;118.0;816.0;155.0;198.0;94.0;222.0;190.0;118.0;164.0;161.0;164.0;142.0;839.0;58.0;118.0;162.0;165.0;206.0;60.0;148.0;116.0;167.0;41.0;118.0;109.0;97.0;157.0;54.0;46.0;209.0;30.0;120.0;92.0;90.0;95.0;1.0;136.0;118.0;409.0;213.0;141.0;51.0;51.0;53.0;184.0;208.0;794.0;111.0;794.0;51.0;134.0;97.0;99.0;151.0;136.0;141.0;85.0;1.0;120.0;118.0;89.0;66.0;120.0;124.0;159.0;98.0;147.0;98.0;109.0;90.0;184.0;156.0;165.0;97.0;794.0;134.0;158.0;99.0;179.0;162.0;118.0;28.0;95.0;167.0;145.0;122.0;48.0;128.0;128.0;176.0;70.0;75.0;69.0;197.0;120.0;110.0;191.0;134.0;120.0;66.0;115.0;220.0;134.0;101.0;230.0;85.0;222.0;794.0;51.0;171.0;794.0;77.0;95.0;48.0;162.0;283.0;134.0;26.0;48.0;164.0;109.0;92.0;171.0;61.0;121.0;409.0;331.0;794.0;241.0;104.0;143.0;109.0;85.0;154.0;129.0;128.0;118.0;82.0;132.0;55.0;101.0;280.0;112.0;97.0;162.0;154.0;144.0;164.0;151.0;58.0;142.0;28.0;154.0;143.0;146.0;79.0;297.0;237.0;190.0;159.0;48.0;630.0
215;125.0;111.0;166.0;99.0;96.0;91.0;117.0;129.0;159.0;102.0;124.0;87.0;653.0;117.0;134.0;671.0;124.0;32.0;143.0;431.0;102.0;163.0;413.0;111.0;201.0;89.0;26.0;148.0;99.0;98.0;219.0;112.0;34.0;96.0;126.0;176.0;29.0;159.0;238.0;225.0;99.0;117.0;151.0;100.0;166.0;145.0;143.0;124.0;46.0;94.0;80.0;112.0;54.0;433.0;144.0;110.0;219.0;79.0;101.0;237.0;84.0;97.0;82.0;418.0;83.0;54.0;157.0;129.0;142.0;853.0;61.0;46.0;433.0;269.0;141.0;124.0;123.0;117.0;135.0;653.0;110.0;114.0;124.0;141.0;119.0;138.0;176.0;102.0;100.0;119.0;433.0;141.0;123.0;653.0;25.0;163.0;183.0;131.0;112.0;417.0;159.0;126.0;124.0;85.0;134.0;115.0;91.0;88.0;163.0;123.0;102.0;236.0;109.0;141.0;0.0;92.0;124.0;146.0;225.0;94.0;49.0;120.0;100.0;653.0;242.0;110.0;219.0;147.0;108.0;79.0;117.0;238.0;413.0;418.0;163.0;104.0;225.0;129.0;114.0;225.0;675.0;142.0;237.0;102.0;241.0;199.0;225.0;42.0;25.0;137.0;126.0;809.0;104.0;225.0;238.0;39.0;103.0;95.0;129.0;29.0;156.0;107.0;225.0;219.0;159.0;20.0;96.0;110.0;74.0;136.0;83.0;91.0;194.0;107.0;141.0;129.0;225.0;395.0;237.0;130.0;97.0;97.0;96.0;194.0;78.0;653.0;43.0;653.0;97.0;124.0;159.0;103.0;137.0;129.0;101.0;98.0;141.0;81.0;225.0;67.0;107.0;117.0;26.0;147.0;118.0;122.0;44.0;219.0;163.0;194.0;133.0;156.0;159.0;653.0;124.0;25.0;107.0;179.0;238.0;225.0;135.0;107.0;123.0;134.0;88.0;110.0;121.0;127.0;176.0;110.0;82.0;111.0;97.0;107.0;107.0;144.0;124.0;117.0;94.0;111.0;89.0;124.0;107.0;100.0;102.0;92.0;653.0;105.0;156.0;653.0;97.0;94.0;110.0;238.0;417.0;124.0;133.0;110.0;120.0;219.0;104.0;156.0;98.0;26.0;395.0;414.0;653.0;111.0;57.0;129.0;112.0;102.0;140.0;70.0;121.0;225.0;101.0;115.0;117.0;107.0;406.0;109.0;159.0;32.0;140.0;3.0;145.0;137.0;87.0;103.0;141.0;15.0;123.0;131.0;94.0;235.0;186.0;199.0;145.0;110.0;750.0
216;69.0;45.0;218.0;15.0;24.0;22.0;28.0;78.0;68.0;15.0;66.0;33.0;733.0;209.0;153.0;753.0;66.0;125.0;62.0;361.0;23.0;71.0;363.0;203.0;138.0;36.0;80.0;59.0;27.0;13.0;128.0;41.0;120.0;8.0;67.0;116.0;80.0;68.0;149.0;133.0;25.0;28.0;97.0;9.0;107.0;230.0;62.0;66.0;49.0;5.0;13.0;77.0;59.0;361.0;88.0;28.0;128.0;35.0;43.0;161.0;13.0;29.0;174.0;366.0;42.0;59.0;101.0;78.0;55.0;826.0;153.0;49.0;361.0;338.0;76.0;66.0;33.0;28.0;89.0;733.0;28.0;51.0;66.0;76.0;39.0;52.0;116.0;15.0;9.0;67.0;369.0;76.0;215.0;733.0;116.0;71.0;122.0;77.0;41.0;353.0;68.0;79.0;66.0;11.0;78.0;39.0;37.0;17.0;71.0;62.0;45.0;156.0;201.0;76.0;92.0;0.0;66.0;101.0;133.0;5.0;66.0;61.0;31.0;733.0;176.0;28.0;128.0;93.0;22.0;45.0;26.0;149.0;363.0;404.0;71.0;23.0;133.0;75.0;46.0;133.0;757.0;88.0;161.0;23.0;174.0;136.0;133.0;129.0;117.0;94.0;72.0;779.0;18.0;133.0;149.0;102.0;132.0;17.0;78.0;80.0;102.0;35.0;133.0;128.0;68.0;101.0;24.0;30.0;146.0;90.0;44.0;17.0;102.0;27.0;76.0;69.0;133.0;352.0;168.0;73.0;29.0;29.0;26.0;130.0;170.0;733.0;50.0;733.0;29.0;66.0;68.0;28.0;84.0;69.0;66.0;13.0;76.0;44.0;133.0;25.0;15.0;52.0;68.0;93.0;36.0;75.0;64.0;128.0;71.0;130.0;86.0;100.0;68.0;733.0;66.0;116.0;30.0;120.0;149.0;133.0;89.0;27.0;93.0;78.0;47.0;28.0;59.0;62.0;116.0;18.0;12.0;19.0;123.0;48.0;39.0;118.0;66.0;52.0;10.0;45.0;181.0;66.0;31.0;192.0;15.0;184.0;733.0;24.0;105.0;733.0;6.0;21.0;28.0;149.0;356.0;66.0;86.0;28.0;90.0;128.0;23.0;105.0;15.0;67.0;352.0;400.0;733.0;203.0;38.0;75.0;41.0;15.0;87.0;55.0;59.0;133.0;12.0;61.0;28.0;31.0;356.0;42.0;68.0;101.0;87.0;95.0;184.0;84.0;27.0;67.0;61.0;101.0;72.0;77.0;5.0;304.0;247.0;136.0;92.0;28.0;684.0
217;4.0;20.0;275.0;51.0;89.0;88.0;80.0;13.0;67.0;52.0;1.0;99.0;719.0;235.0;113.0;740.0;1.0;154.0;111.0;401.0;42.0;78.0;416.0;228.0;79.0;101.0;125.0;55.0;92.0;53.0;139.0;25.0;158.0;72.0;2.0;54.0;126.0;67.0;127.0;140.0;90.0;80.0;32.0;60.0;165.0;232.0;111.0;1.0;80.0;61.0;65.0;27.0;70.0;400.0;23.0;87.0;139.0;99.0;26.0;114.0;77.0;94.0;202.0;418.0;41.0;70.0;37.0;13.0;49.0;760.0;183.0;80.0;400.0;389.0;134.0;1.0;52.0;80.0;24.0;719.0;87.0;15.0;1.0;134.0;96.0;44.0;54.0;52.0;60.0;8.0;414.0;134.0;240.0;719.0;149.0;78.0;61.0;11.0;25.0;398.0;67.0;17.0;1.0;60.0;12.0;29.0;36.0;52.0;78.0;4.0;24.0;115.0;228.0;134.0;124.0;66.0;0.0;36.0;140.0;61.0;77.0;4.0;35.0;719.0;119.0;87.0;139.0;27.0;48.0;45.0;56.0;127.0;416.0;467.0;78.0;44.0;140.0;9.0;20.0;140.0;743.0;22.0;114.0;42.0;118.0;76.0;140.0;166.0;148.0;30.0;7.0;714.0;78.0;140.0;127.0;110.0;104.0;82.0;13.0;126.0;37.0;98.0;140.0;139.0;67.0;122.0;89.0;90.0;146.0;154.0;41.0;50.0;118.0;40.0;134.0;5.0;140.0;287.0;113.0;8.0;94.0;94.0;91.0;71.0;198.0;719.0;85.0;719.0;94.0;1.0;67.0;38.0;18.0;5.0;28.0;53.0;134.0;43.0;140.0;75.0;69.0;14.0;99.0;27.0;37.0;15.0;116.0;139.0;78.0;71.0;22.0;36.0;67.0;719.0;1.0;149.0;37.0;58.0;127.0;140.0;152.0;40.0;37.0;12.0;36.0;87.0;7.0;9.0;54.0;65.0;74.0;66.0;97.0;20.0;26.0;58.0;1.0;14.0;75.0;20.0;209.0;1.0;35.0;219.0;52.0;211.0;719.0;86.0;40.0;719.0;62.0;46.0;87.0;127.0;403.0;1.0;149.0;87.0;35.0;139.0;44.0;40.0;78.0;100.0;287.0;464.0;719.0;228.0;73.0;9.0;25.0;52.0;21.0;54.0;7.0;140.0;55.0;9.0;80.0;35.0;409.0;24.0;67.0;114.0;21.0;126.0;244.0;18.0;93.0;28.0;112.0;125.0;10.0;11.0;61.0;355.0;301.0;76.0;27.0;87.0;702.0
218;32.0;56.0;305.0;87.0;125.0;124.0;115.0;23.0;94.0;88.0;36.0;134.0;706.0;249.0;96.0;728.0;36.0;173.0;146.0;430.0;78.0;105.0;450.0;242.0;59.0;137.0;152.0;84.0;128.0;89.0;162.0;61.0;181.0;108.0;35.0;34.0;154.0;94.0;135.0;162.0;126.0;115.0;14.0;96.0;201.0;234.0;146.0;36.0;107.0;97.0;100.0;34.0;93.0;428.0;18.0;123.0;162.0;134.0;59.0;104.0;112.0;130.0;219.0;452.0;70.0;93.0;18.0;23.0;79.0;725.0;202.0;107.0;428.0;415.0;170.0;36.0;86.0;115.0;13.0;706.0;123.0;51.0;36.0;170.0;132.0;75.0;34.0;88.0;96.0;34.0;445.0;170.0;255.0;706.0;170.0;105.0;41.0;25.0;61.0;429.0;94.0;23.0;36.0;95.0;25.0;65.0;68.0;87.0;105.0;40.0;57.0;110.0;243.0;170.0;146.0;101.0;36.0;0.0;162.0;97.0;98.0;40.0;70.0;706.0;98.0;123.0;162.0;14.0;84.0;72.0;92.0;135.0;450.0;503.0;105.0;79.0;162.0;27.0;56.0;162.0;731.0;16.0;104.0;78.0;97.0;57.0;162.0;189.0;168.0;10.0;29.0;679.0;114.0;162.0;135.0;124.0;97.0;118.0;23.0;154.0;15.0;134.0;162.0;162.0;94.0;140.0;125.0;126.0;151.0;190.0;69.0;85.0;144.0;76.0;170.0;34.0;162.0;255.0;96.0;29.0;130.0;130.0;127.0;53.0;215.0;706.0;113.0;706.0;130.0;36.0;94.0;74.0;19.0;34.0;46.0;89.0;170.0;71.0;162.0;107.0;105.0;50.0;123.0;14.0;72.0;27.0;147.0;162.0;105.0;53.0;16.0;17.0;94.0;706.0;36.0;170.0;73.0;37.0;135.0;162.0;188.0;76.0;27.0;25.0;64.0;123.0;43.0;42.0;34.0;100.0;109.0;102.0;92.0;54.0;62.0;29.0;36.0;50.0;111.0;56.0;225.0;36.0;71.0;234.0;88.0;227.0;706.0;122.0;12.0;706.0;97.0;81.0;123.0;135.0;435.0;36.0;185.0;123.0;28.0;162.0;79.0;12.0;114.0;126.0;255.0;500.0;706.0;242.0;102.0;27.0;61.0;88.0;17.0;77.0;43.0;162.0;91.0;40.0;115.0;71.0;443.0;59.0;94.0;129.0;17.0;148.0;276.0;19.0;128.0;44.0;147.0;145.0;29.0;25.0;97.0;381.0;329.0;57.0;13.0;123.0;720.0
219;144.0;135.0;320.0;130.0;134.0;138.0;109.0;150.0;75.0;126.0;140.0;146.0;858.0;342.0;253.0;878.0;140.0;258.0;94.0;274.0;130.0;66.0;315.0;336.0;143.0;145.0;210.0;88.0;131.0;130.0;10.0;130.0;251.0;130.0;140.0;144.0;209.0;75.0;61.0;1.0;130.0;109.0;149.0;126.0;127.0;361.0;94.0;140.0;182.0;132.0;146.0;167.0;187.0;272.0;144.0;118.0;10.0;153.0;144.0;120.0;142.0;134.0;307.0;315.0;159.0;187.0;146.0;150.0;94.0;815.0;285.0;182.0;272.0;447.0;118.0;140.0;106.0;109.0;158.0;858.0;118.0;137.0;140.0;118.0;112.0;99.0;144.0;126.0;126.0;148.0;296.0;118.0;347.0;858.0;249.0;66.0;144.0;146.0;130.0;281.0;75.0;156.0;140.0;142.0;143.0;124.0;149.0;141.0;66.0;138.0;144.0;106.0;334.0;118.0;225.0;133.0;140.0;162.0;0.0;132.0;195.0;140.0;136.0;858.0;157.0;118.0;10.0;148.0;121.0;163.0;111.0;61.0;315.0;409.0;66.0;127.0;1.0;146.0;132.0;1.0;882.0;148.0;120.0;130.0;153.0;143.0;1.0;260.0;250.0;163.0;146.0;765.0;122.0;1.0;61.0;232.0;244.0;132.0;150.0;209.0;150.0;126.0;1.0;10.0;75.0;234.0;134.0;119.0;275.0;147.0;160.0;138.0;32.0;126.0;118.0;138.0;1.0;337.0;143.0;142.0;134.0;134.0;134.0;139.0;303.0;858.0;184.0;858.0;134.0;140.0;75.0;131.0;147.0;138.0;165.0;130.0;118.0;162.0;1.0;158.0;118.0;134.0;201.0;148.0;118.0;154.0;192.0;10.0;66.0;139.0;156.0;147.0;75.0;858.0;140.0;249.0;128.0;144.0;61.0;1.0;146.0;126.0;177.0;143.0;159.0;118.0;137.0;132.0;144.0;116.0;144.0;114.0;236.0;142.0;134.0;191.0;140.0;134.0;131.0;135.0;314.0;140.0;129.0;325.0;126.0;317.0;858.0;123.0;154.0;858.0;129.0;137.0;118.0;61.0;289.0;140.0;144.0;118.0;175.0;10.0;127.0;154.0;128.0;200.0;337.0;407.0;858.0;336.0;170.0;146.0;130.0;126.0;148.0;177.0;137.0;1.0;126.0;146.0;109.0;129.0;309.0;134.0;75.0;233.0;148.0;228.0;282.0;147.0;143.0;165.0;97.0;234.0;150.0;146.0;132.0;415.0;354.0;143.0;149.0;118.0;582.0
220;65.0;41.0;222.0;10.0;29.0;27.0;29.0;74.0;65.0;11.0;61.0;38.0;733.0;211.0;151.0;753.0;61.0;127.0;63.0;363.0;19.0;69.0;366.0;205.0;133.0;40.0;83.0;56.0;31.0;8.0;126.0;36.0;123.0;12.0;62.0;111.0;83.0;65.0;146.0;132.0;29.0;29.0;92.0;5.0;110.0;230.0;63.0;61.0;50.0;1.0;14.0;73.0;58.0;363.0;84.0;31.0;126.0;39.0;39.0;156.0;18.0;33.0;177.0;369.0;40.0;58.0;97.0;74.0;51.0;821.0;155.0;50.0;363.0;342.0;79.0;61.0;30.0;29.0;84.0;733.0;31.0;46.0;61.0;79.0;41.0;48.0;111.0;11.0;5.0;63.0;372.0;79.0;217.0;733.0;118.0;69.0;117.0;72.0;36.0;355.0;65.0;75.0;61.0;11.0;73.0;35.0;33.0;14.0;69.0;58.0;41.0;152.0;204.0;79.0;94.0;5.0;61.0;97.0;132.0;0.0;66.0;57.0;27.0;733.0;171.0;31.0;126.0;88.0;18.0;42.0;22.0;146.0;366.0;408.0;69.0;18.0;132.0;70.0;42.0;132.0;757.0;83.0;156.0;19.0;170.0;131.0;132.0;132.0;120.0;90.0;68.0;775.0;20.0;132.0;146.0;102.0;130.0;21.0;74.0;83.0;97.0;39.0;132.0;126.0;65.0;103.0;29.0;33.0;147.0;94.0;41.0;13.0;101.0;22.0;79.0;64.0;132.0;347.0;163.0;69.0;33.0;33.0;31.0;125.0;172.0;733.0;52.0;733.0;33.0;61.0;65.0;23.0;79.0;64.0;62.0;8.0;79.0;42.0;132.0;27.0;16.0;47.0;69.0;88.0;31.0;71.0;68.0;126.0;69.0;125.0;81.0;96.0;65.0;733.0;61.0;118.0;25.0;115.0;146.0;132.0;93.0;22.0;89.0;73.0;44.0;31.0;55.0;57.0;111.0;16.0;16.0;18.0;122.0;43.0;35.0;114.0;61.0;47.0;15.0;41.0;184.0;61.0;27.0;194.0;11.0;187.0;733.0;27.0;100.0;733.0;3.0;17.0;31.0;146.0;358.0;61.0;90.0;31.0;86.0;126.0;18.0;100.0;18.0;69.0;347.0;405.0;733.0;205.0;39.0;70.0;36.0;11.0;82.0;53.0;55.0;132.0;8.0;57.0;29.0;27.0;359.0;37.0;65.0;102.0;82.0;97.0;189.0;79.0;32.0;64.0;62.0;103.0;68.0;72.0;1.0;308.0;251.0;131.0;87.0;31.0;684.0
221;78.0;68.0;212.0;66.0;81.0;77.0;94.0;81.0;123.0;69.0;77.0;79.0;667.0;158.0;101.0;687.0;77.0;77.0;127.0;425.0;65.0;130.0;420.0;151.0;153.0;82.0;58.0;110.0;85.0;66.0;190.0;70.0;83.0;73.0;79.0;127.0;61.0;123.0;198.0;195.0;84.0;94.0;103.0;71.0;165.0;166.0;127.0;77.0;23.0;66.0;54.0;63.0;8.0;426.0;96.0;92.0;190.0;74.0;57.0;191.0;65.0;84.0;125.0;424.0;39.0;8.0;109.0;81.0;104.0;809.0;106.0;23.0;426.0;318.0;135.0;77.0;89.0;94.0;86.0;667.0;92.0;69.0;77.0;135.0;103.0;99.0;127.0;69.0;71.0;72.0;432.0;135.0;164.0;667.0;73.0;130.0;134.0;83.0;70.0;416.0;123.0;77.0;77.0;55.0;87.0;74.0;48.0;54.0;130.0;76.0;58.0;191.0;151.0;135.0;49.0;66.0;77.0;98.0;195.0;66.0;0.0;74.0;60.0;667.0;193.0;92.0;190.0;98.0;73.0;34.0;85.0;198.0;420.0;444.0;130.0;68.0;195.0;81.0;71.0;195.0;691.0;93.0;191.0;65.0;192.0;151.0;195.0;91.0;71.0;88.0;78.0;765.0;83.0;195.0;198.0;37.0;74.0;77.0;81.0;61.0;107.0;95.0;195.0;190.0;123.0;45.0;81.0;93.0;81.0;140.0;38.0;57.0;165.0;69.0;135.0;82.0;195.0;348.0;189.0;83.0;84.0;84.0;83.0;146.0;121.0;667.0;27.0;667.0;84.0;77.0;123.0;65.0;89.0;82.0;53.0;66.0;135.0;36.0;195.0;46.0;81.0;72.0;28.0;98.0;79.0;74.0;61.0;190.0;130.0;146.0;84.0;107.0;123.0;667.0;77.0;73.0;68.0;131.0;198.0;195.0;139.0;69.0;74.0;87.0;42.0;92.0;75.0;81.0;127.0;82.0;61.0;84.0;66.0;62.0;65.0;97.0;77.0;72.0;73.0;68.0;132.0;77.0;68.0;142.0;69.0;135.0;667.0;87.0;108.0;667.0;69.0;58.0;92.0;198.0;417.0;77.0;136.0;92.0;72.0;190.0;68.0;108.0;78.0;31.0;348.0;440.0;667.0;151.0;31.0;81.0;70.0;69.0;92.0;22.0;75.0;195.0;69.0;68.0;94.0;68.0;413.0;66.0;123.0;39.0;92.0;51.0;186.0;89.0;77.0;54.0;126.0;48.0;75.0;83.0;66.0;284.0;233.0;151.0;97.0;92.0;738.0
222;8.0;16.0;271.0;47.0;85.0;84.0;76.0;17.0;66.0;48.0;4.0;95.0;719.0;232.0;114.0;740.0;4.0;151.0;108.0;399.0;38.0;77.0;413.0;225.0;83.0;97.0;121.0;54.0;88.0;49.0;139.0;22.0;154.0;68.0;6.0;58.0;122.0;66.0;129.0;140.0;86.0;76.0;36.0;56.0;162.0;230.0;108.0;4.0;76.0;57.0;61.0;27.0;67.0;398.0;28.0;84.0;139.0;95.0;22.0;117.0;73.0;90.0;199.0;415.0;38.0;67.0;41.0;17.0;47.0;764.0;180.0;76.0;398.0;385.0;131.0;4.0;49.0;76.0;28.0;719.0;84.0;11.0;4.0;131.0;92.0;43.0;58.0;48.0;56.0;8.0;412.0;131.0;237.0;719.0;145.0;77.0;65.0;15.0;22.0;396.0;66.0;20.0;4.0;56.0;17.0;26.0;32.0;48.0;77.0;3.0;20.0;118.0;225.0;131.0;120.0;61.0;4.0;40.0;140.0;57.0;74.0;0.0;31.0;719.0;123.0;84.0;139.0;32.0;44.0;41.0;53.0;129.0;413.0;464.0;77.0;40.0;140.0;13.0;16.0;140.0;743.0;27.0;117.0;38.0;121.0;80.0;140.0;163.0;144.0;34.0;11.0;718.0;74.0;140.0;129.0;108.0;104.0;78.0;17.0;122.0;41.0;94.0;140.0;139.0;66.0;119.0;85.0;86.0;144.0;150.0;37.0;46.0;117.0;36.0;131.0;8.0;140.0;292.0;117.0;12.0;90.0;90.0;87.0;75.0;195.0;719.0;81.0;719.0;90.0;4.0;66.0;34.0;22.0;8.0;26.0;49.0;131.0;39.0;140.0;71.0;65.0;10.0;95.0;32.0;34.0;17.0;112.0;139.0;77.0;75.0;25.0;40.0;66.0;719.0;4.0;145.0;33.0;62.0;129.0;140.0;148.0;36.0;39.0;17.0;32.0;84.0;4.0;9.0;58.0;61.0;70.0;62.0;96.0;15.0;22.0;61.0;4.0;10.0;71.0;16.0;206.0;4.0;31.0;216.0;48.0;208.0;719.0;82.0;44.0;719.0;58.0;41.0;84.0;129.0;401.0;4.0;145.0;84.0;37.0;139.0;40.0;44.0;74.0;97.0;292.0;460.0;719.0;225.0;68.0;13.0;22.0;48.0;25.0;51.0;4.0;140.0;51.0;6.0;76.0;31.0;406.0;20.0;66.0;111.0;25.0;123.0;240.0;22.0;89.0;26.0;108.0;122.0;12.0;15.0;57.0;351.0;297.0;80.0;31.0;84.0;702.0
223;39.0;15.0;243.0;18.0;55.0;53.0;50.0;47.0;62.0;19.0;35.0;64.0;723.0;216.0;129.0;743.0;35.0;132.0;84.0;381.0;9.0;70.0;389.0;209.0;111.0;66.0;96.0;50.0;58.0;19.0;132.0;12.0;132.0;38.0;37.0;87.0;96.0;62.0;138.0;136.0;56.0;50.0;67.0;26.0;135.0;225.0;84.0;35.0;54.0;27.0;31.0;47.0;52.0;381.0;58.0;55.0;132.0;64.0;13.0;139.0;42.0;60.0;182.0;392.0;23.0;52.0;72.0;47.0;44.0;795.0;162.0;54.0;381.0;359.0;104.0;35.0;31.0;50.0;58.0;723.0;55.0;20.0;35.0;104.0;65.0;39.0;87.0;19.0;26.0;36.0;392.0;104.0;222.0;723.0;126.0;70.0;94.0;46.0;12.0;376.0;62.0;48.0;35.0;25.0;47.0;15.0;13.0;18.0;70.0;32.0;14.0;137.0;209.0;104.0;100.0;31.0;35.0;70.0;136.0;27.0;60.0;31.0;0.0;723.0;150.0;55.0;132.0;62.0;18.0;27.0;30.0;138.0;389.0;434.0;70.0;12.0;136.0;44.0;17.0;136.0;747.0;57.0;139.0;9.0;148.0;108.0;136.0;141.0;125.0;63.0;41.0;749.0;46.0;136.0;138.0;98.0;112.0;48.0;47.0;96.0;72.0;65.0;136.0;132.0;62.0;104.0;55.0;58.0;139.0;121.0;24.0;15.0;108.0;11.0;104.0;38.0;136.0;322.0;143.0;43.0;60.0;60.0;57.0;103.0;178.0;723.0;58.0;723.0;60.0;35.0;62.0;6.0;53.0;38.0;38.0;19.0;104.0;26.0;136.0;42.0;37.0;22.0;74.0;62.0;19.0;45.0;85.0;132.0;70.0;103.0;55.0;70.0;62.0;723.0;35.0;126.0;8.0;91.0;138.0;136.0;119.0;11.0;63.0;47.0;23.0;55.0;29.0;32.0;87.0;34.0;39.0;36.0;104.0;17.0;9.0;88.0;35.0;22.0;41.0;15.0;189.0;35.0;7.0;199.0;19.0;192.0;723.0;53.0;75.0;723.0;28.0;11.0;55.0;138.0;380.0;35.0;116.0;55.0;60.0;132.0;12.0;75.0;45.0;75.0;322.0;431.0;723.0;209.0;44.0;44.0;12.0;19.0;56.0;41.0;29.0;136.0;22.0;30.0;50.0;7.0;382.0;12.0;62.0;99.0;56.0;103.0;211.0;53.0;58.0;39.0;84.0;105.0;41.0;46.0;27.0;325.0;270.0;108.0;62.0;55.0;690.0
224;716.0;723.0;701.0;732.0;745.0;740.0;761.0;712.0;783.0;736.0;719.0;738.0;1.0;563.0;611.0;27.0;719.0;628.0;793.0;1083.0;730.0;792.0;1051.0;566.0;754.0;741.0;677.0;770.0;749.0;733.0;855.0;728.0;645.0;740.0;720.0;736.0;680.0;783.0;842.0;858.0;748.0;761.0;720.0;738.0;819.0;508.0;793.0;719.0;686.0;733.0;721.0;692.0;675.0;1085.0;721.0;758.0;855.0;731.0;714.0;803.0;731.0;747.0;591.0;1056.0;700.0;675.0;725.0;712.0;763.0;966.0;611.0;686.0;1085.0;659.0;794.0;719.0;753.0;761.0;706.0;1.0;758.0;721.0;719.0;794.0;768.0;758.0;736.0;736.0;738.0;711.0;1081.0;794.0;559.0;1.0;638.0;792.0;741.0;715.0;728.0;1066.0;783.0;706.0;719.0;723.0;719.0;734.0;710.0;721.0;792.0;721.0;714.0;812.0;571.0;794.0;653.0;733.0;719.0;706.0;858.0;733.0;667.0;719.0;723.0;0.0;778.0;758.0;855.0;719.0;739.0;696.0;751.0;842.0;1051.0;1000.0;792.0;733.0;858.0;715.0;726.0;858.0;27.0;717.0;803.0;730.0;779.0;752.0;858.0;637.0;634.0;702.0;714.0;953.0;750.0;858.0;842.0;632.0;615.0;743.0;712.0;680.0;721.0;758.0;858.0;855.0;783.0;637.0;745.0;759.0;587.0;787.0;699.0;724.0;831.0;733.0;794.0;722.0;858.0;780.0;784.0;719.0;747.0;747.0;746.0;752.0;595.0;1.0;686.0;1.0;747.0;719.0;783.0;728.0;716.0;722.0;693.0;733.0;794.0;697.0;858.0;711.0;749.0;724.0;671.0;719.0;741.0;706.0;697.0;855.0;792.0;752.0;707.0;723.0;783.0;1.0;719.0;638.0;731.0;738.0;842.0;858.0;786.0;733.0;685.0;719.0;700.0;758.0;722.0;727.0;736.0;749.0;727.0;751.0;622.0;715.0;724.0;679.0;719.0;724.0;740.0;723.0;585.0;719.0;730.0;577.0;736.0;583.0;1.0;753.0;718.0;1.0;736.0;724.0;758.0;842.0;1064.0;719.0;785.0;758.0;686.0;855.0;733.0;718.0;744.0;673.0;780.0;995.0;1.0;566.0;696.0;715.0;728.0;736.0;717.0;683.0;722.0;858.0;736.0;712.0;761.0;730.0;1043.0;723.0;783.0;634.0;717.0;650.0;720.0;716.0;738.0;693.0;791.0;640.0;710.0;715.0;733.0;656.0;679.0;752.0;717.0;758.0;1290.0
225;117.0;136.0;392.0;162.0;196.0;197.0;177.0;112.0;128.0;161.0;119.0;209.0;778.0;347.0;178.0;801.0;119.0;270.0;195.0;427.0;154.0;136.0;471.0;340.0;40.0;210.0;243.0;127.0;197.0;164.0;163.0;138.0;276.0;180.0;117.0;66.0;245.0;128.0;101.0;157.0;195.0;177.0;91.0;168.0;250.0;328.0;195.0;119.0;199.0;171.0;180.0;131.0;187.0;424.0;97.0;188.0;163.0;211.0;144.0;38.0;189.0;201.0;316.0;471.0;160.0;187.0;84.0;112.0;128.0;665.0;299.0;199.0;424.0;508.0;224.0;119.0;147.0;177.0;107.0;778.0;188.0;131.0;119.0;224.0;192.0;128.0;66.0;161.0;168.0;123.0;452.0;224.0;352.0;778.0;266.0;136.0;59.0;111.0;138.0;437.0;128.0;116.0;119.0;174.0;108.0;137.0;154.0;167.0;136.0;121.0;142.0;53.0;341.0;224.0;242.0;176.0;119.0;98.0;157.0;171.0;193.0;123.0;150.0;778.0;0.0;188.0;163.0;95.0;154.0;163.0;156.0;101.0;471.0;553.0;136.0;154.0;157.0;113.0;133.0;157.0;803.0;100.0;38.0;154.0;3.0;43.0;157.0;284.0;265.0;107.0;116.0;617.0;182.0;157.0;101.0;222.0;189.0;189.0;112.0;245.0;86.0;200.0;157.0;163.0;128.0;237.0;196.0;190.0;248.0;251.0;159.0;164.0;158.0;150.0;224.0;114.0;157.0;186.0;14.0;112.0;201.0;201.0;198.0;48.0;313.0;778.0;204.0;778.0;201.0;119.0;128.0;150.0;105.0;114.0;141.0;164.0;224.0;162.0;157.0;192.0;172.0;129.0;217.0;95.0;141.0;119.0;234.0;163.0;136.0;48.0;109.0;86.0;128.0;778.0;119.0;266.0;147.0;62.0;101.0;157.0;249.0;150.0;124.0;108.0;155.0;188.0;123.0;118.0;66.0;167.0;187.0;167.0;186.0;138.0;141.0;114.0;119.0;129.0;184.0;136.0;322.0;119.0;146.0;332.0;161.0;325.0;778.0;189.0;86.0;778.0;171.0;160.0;188.0;101.0;445.0;119.0;246.0;188.0;126.0;163.0;154.0;86.0;185.0;219.0;186.0;550.0;778.0;340.0;191.0;113.0;138.0;161.0;101.0;172.0;123.0;157.0;164.0;127.0;177.0;146.0;465.0;139.0;128.0;227.0;101.0;244.0;360.0;105.0;202.0;140.0;197.0;241.0;119.0;111.0;171.0;474.0;419.0;43.0;97.0;188.0;684.0
226;91.0;68.0;214.0;38.0;15.0;20.0;12.0;100.0;67.0;37.0;87.0;28.0;758.0;224.0;181.0;777.0;87.0;141.0;35.0;334.0;46.0;65.0;335.0;219.0;152.0;28.0;93.0;62.0;13.0;36.0;111.0;62.0;133.0;20.0;88.0;133.0;91.0;67.0;145.0;118.0;12.0;12.0;117.0;29.0;80.0;252.0;35.0;87.0;72.0;31.0;39.0;103.0;85.0;334.0;108.0;1.0;111.0;35.0;68.0;167.0;27.0;17.0;190.0;338.0;70.0;85.0;121.0;100.0;60.0;845.0;168.0;72.0;334.0;337.0;48.0;87.0;41.0;12.0;112.0;758.0;1.0;73.0;87.0;48.0;11.0;60.0;133.0;37.0;29.0;90.0;342.0;48.0;230.0;758.0;132.0;65.0;138.0;99.0;62.0;326.0;67.0;103.0;87.0;39.0;99.0;59.0;64.0;44.0;65.0;84.0;70.0;161.0;216.0;48.0;110.0;28.0;87.0;123.0;118.0;31.0;92.0;84.0;55.0;758.0;188.0;0.0;111.0;113.0;40.0;72.0;33.0;145.0;335.0;380.0;65.0;44.0;118.0;97.0;68.0;118.0;781.0;109.0;167.0;46.0;186.0;150.0;118.0;142.0;134.0;117.0;94.0;798.0;10.0;118.0;145.0;126.0;160.0;15.0;100.0;91.0;122.0;12.0;118.0;111.0;67.0;122.0;15.0;3.0;171.0;67.0;72.0;44.0;87.0;47.0;48.0;90.0;118.0;369.0;178.0;95.0;17.0;17.0;16.0;144.0;185.0;758.0;72.0;758.0;17.0;87.0;67.0;51.0;105.0;90.0;92.0;36.0;48.0;72.0;118.0;47.0;19.0;73.0;88.0;113.0;52.0;99.0;73.0;111.0;65.0;144.0;109.0;120.0;67.0;758.0;87.0;132.0;51.0;136.0;145.0;118.0;65.0;47.0;118.0;99.0;74.0;1.0;81.0;82.0;133.0;23.0;31.0;22.0;151.0;72.0;62.0;143.0;87.0;73.0;19.0;68.0;197.0;87.0;53.0;207.0;37.0;200.0;758.0;5.0;125.0;758.0;29.0;47.0;1.0;145.0;328.0;87.0;62.0;1.0;115.0;111.0;44.0;125.0;14.0;86.0;369.0;377.0;758.0;219.0;62.0;97.0;62.0;37.0;108.0;83.0;81.0;118.0;33.0;85.0;12.0;53.0;328.0;65.0;67.0;124.0;108.0;113.0;178.0;105.0;24.0;94.0;34.0;121.0;95.0;99.0;31.0;304.0;245.0;150.0;113.0;1.0;660.0
227;142.0;132.0;311.0;125.0;126.0;131.0;103.0;149.0;73.0;121.0;139.0;139.0;855.0;335.0;252.0;875.0;139.0;251.0;86.0;271.0;126.0;63.0;308.0;329.0;147.0;138.0;204.0;85.0;124.0;125.0;1.0;127.0;244.0;124.0;139.0;146.0;203.0;73.0;69.0;10.0;123.0;103.0;149.0;121.0;118.0;356.0;86.0;139.0;177.0;126.0;140.0;166.0;182.0;268.0;144.0;111.0;1.0;146.0;141.0;126.0;135.0;127.0;300.0;309.0;155.0;182.0;148.0;149.0;92.0;822.0;279.0;177.0;268.0;438.0;109.0;139.0;102.0;103.0;157.0;855.0;111.0;134.0;139.0;109.0;104.0;97.0;146.0;121.0;121.0;146.0;291.0;109.0;341.0;855.0;242.0;63.0;146.0;146.0;127.0;276.0;73.0;155.0;139.0;137.0;142.0;121.0;145.0;136.0;63.0;136.0;141.0;113.0;327.0;109.0;219.0;128.0;139.0;162.0;10.0;126.0;190.0;139.0;132.0;855.0;163.0;111.0;0.0;148.0;117.0;159.0;106.0;69.0;308.0;400.0;63.0;123.0;10.0;145.0;129.0;10.0;879.0;148.0;126.0;126.0;160.0;146.0;10.0;253.0;244.0;163.0;145.0;773.0;115.0;10.0;69.0;228.0;241.0;125.0;149.0;203.0;151.0;118.0;10.0;1.0;73.0;229.0;126.0;112.0;271.0;138.0;156.0;133.0;25.0;122.0;109.0;137.0;10.0;345.0;149.0;141.0;127.0;127.0;127.0;143.0;296.0;855.0;178.0;855.0;127.0;139.0;73.0;127.0;147.0;137.0;163.0;125.0;109.0;158.0;10.0;153.0;112.0;132.0;195.0;148.0;114.0;153.0;185.0;1.0;63.0;143.0;156.0;148.0;73.0;855.0;139.0;242.0;124.0;147.0;69.0;10.0;137.0;122.0;176.0;142.0;155.0;111.0;135.0;130.0;146.0;110.0;138.0;109.0;233.0;140.0;131.0;191.0;139.0;132.0;125.0;132.0;308.0;139.0;125.0;318.0;121.0;311.0;855.0;116.0;155.0;855.0;124.0;132.0;111.0;69.0;283.0;139.0;134.0;111.0;174.0;1.0;123.0;155.0;122.0;194.0;345.0;398.0;855.0;329.0;165.0;145.0;127.0;121.0;148.0;173.0;135.0;10.0;121.0;144.0;103.0;125.0;303.0;132.0;73.0;228.0;148.0;222.0;273.0;147.0;136.0;163.0;89.0;229.0;149.0;146.0;126.0;406.0;345.0;146.0;149.0;111.0;582.0
228;24.0;47.0;302.0;78.0;116.0;115.0;104.0;17.0;80.0;78.0;27.0;126.0;719.0;253.0;108.0;741.0;27.0;175.0;134.0;415.0;69.0;91.0;436.0;246.0;55.0;128.0;150.0;70.0;118.0;80.0;148.0;52.0;181.0;99.0;26.0;29.0;151.0;80.0;123.0;148.0;116.0;104.0;5.0;86.0;189.0;242.0;134.0;27.0;105.0;88.0;93.0;36.0;92.0;414.0;5.0;113.0;148.0;126.0;53.0;96.0;105.0;121.0;222.0;438.0;67.0;92.0;11.0;17.0;66.0;733.0;204.0;105.0;414.0;414.0;159.0;27.0;75.0;104.0;14.0;719.0;113.0;42.0;27.0;159.0;121.0;62.0;29.0;78.0;86.0;29.0;431.0;159.0;259.0;719.0;171.0;91.0;36.0;17.0;52.0;416.0;80.0;21.0;27.0;87.0;15.0;55.0;63.0;80.0;91.0;31.0;51.0;101.0;247.0;159.0;147.0;93.0;27.0;14.0;148.0;88.0;98.0;32.0;62.0;719.0;95.0;113.0;148.0;0.0;73.0;69.0;81.0;123.0;436.0;493.0;91.0;70.0;148.0;19.0;46.0;148.0;744.0;5.0;96.0;69.0;94.0;52.0;148.0;189.0;169.0;17.0;22.0;687.0;104.0;148.0;123.0;128.0;107.0;109.0;17.0;151.0;10.0;124.0;148.0;148.0;80.0;142.0;116.0;116.0;158.0;180.0;66.0;77.0;130.0;67.0;159.0;24.0;148.0;260.0;91.0;19.0;121.0;121.0;118.0;48.0;218.0;719.0;110.0;719.0;121.0;27.0;80.0;65.0;10.0;24.0;46.0;80.0;159.0;68.0;148.0;102.0;95.0;41.0;122.0;1.0;61.0;24.0;143.0;148.0;91.0;48.0;15.0;9.0;80.0;719.0;27.0;171.0;63.0;33.0;123.0;148.0;178.0;67.0;35.0;15.0;61.0;113.0;33.0;32.0;29.0;90.0;101.0;91.0;101.0;47.0;54.0;43.0;27.0;41.0;102.0;47.0;228.0;27.0;61.0;238.0;78.0;231.0;719.0;112.0;12.0;719.0;88.0;73.0;113.0;123.0;421.0;27.0;175.0;113.0;35.0;148.0;70.0;12.0;105.0;124.0;260.0;490.0;719.0;246.0;98.0;19.0;52.0;78.0;7.0;76.0;33.0;148.0;82.0;34.0;104.0;61.0;430.0;51.0;80.0;132.0;7.0;149.0;271.0;10.0;120.0;44.0;135.0;146.0;24.0;17.0;88.0;380.0;327.0;52.0;2.0;113.0;708.0
229;52.0;28.0;240.0;10.0;43.0;43.0;33.0;61.0;51.0;7.0;48.0;55.0;739.0;225.0;147.0;759.0;48.0;140.0;67.0;363.0;9.0;56.0;372.0;219.0;116.0;57.0;99.0;40.0;45.0;11.0;117.0;22.0;138.0;26.0;49.0;95.0;99.0;51.0;130.0;121.0;43.0;33.0;78.0;14.0;118.0;239.0;67.0;48.0;62.0;18.0;29.0;65.0;65.0;363.0;69.0;40.0;117.0;57.0;30.0;139.0;35.0;48.0;190.0;374.0;39.0;65.0;81.0;61.0;34.0;806.0;169.0;62.0;363.0;359.0;87.0;48.0;15.0;33.0;72.0;739.0;40.0;33.0;48.0;87.0;49.0;31.0;95.0;7.0;14.0;51.0;374.0;87.0;231.0;739.0;133.0;56.0;101.0;59.0;22.0;358.0;51.0;63.0;48.0;24.0;59.0;19.0;30.0;20.0;56.0;44.0;32.0;135.0;217.0;87.0;108.0;22.0;48.0;84.0;121.0;18.0;73.0;44.0;18.0;739.0;154.0;40.0;117.0;73.0;0.0;43.0;12.0;130.0;372.0;420.0;56.0;7.0;121.0;57.0;28.0;121.0;763.0;69.0;139.0;9.0;152.0;114.0;121.0;147.0;133.0;77.0;55.0;759.0;31.0;121.0;130.0;111.0;130.0;36.0;61.0;99.0;82.0;51.0;121.0;117.0;51.0;114.0;43.0;42.0;154.0;107.0;41.0;17.0;92.0;8.0;87.0;50.0;121.0;331.0;146.0;55.0;48.0;48.0;45.0;108.0;186.0;739.0;65.0;739.0;48.0;48.0;51.0;12.0;65.0;50.0;56.0;11.0;87.0;42.0;121.0;43.0;21.0;33.0;82.0;73.0;14.0;60.0;85.0;117.0;56.0;108.0;69.0;81.0;51.0;739.0;48.0;133.0;12.0;99.0;130.0;121.0;105.0;8.0;80.0;59.0;41.0;40.0;41.0;42.0;95.0;17.0;34.0;19.0;122.0;33.0;23.0;103.0;48.0;33.0;30.0;28.0;198.0;48.0;14.0;208.0;7.0;200.0;739.0;38.0;86.0;739.0;17.0;15.0;40.0;130.0;362.0;48.0;102.0;40.0;77.0;117.0;7.0;86.0;32.0;82.0;331.0;417.0;739.0;219.0;51.0;57.0;22.0;7.0;68.0;56.0;41.0;121.0;10.0;45.0;33.0;14.0;365.0;25.0;51.0;111.0;68.0;111.0;206.0;65.0;48.0;57.0;66.0;115.0;56.0;59.0;18.0;325.0;268.0;114.0;73.0;40.0;678.0
230;46.0;33.0;233.0;38.0;67.0;63.0;71.0;52.0;89.0;41.0;45.0;71.0;696.0;192.0;109.0;716.0;45.0;110.0;105.0;404.0;34.0;97.0;408.0;186.0;123.0;73.0;81.0;77.0;70.0;39.0;159.0;35.0;113.0;52.0;47.0;98.0;82.0;89.0;164.0;163.0;69.0;71.0;74.0;45.0;151.0;198.0;105.0;45.0;36.0;42.0;36.0;40.0;27.0;405.0;66.0;72.0;159.0;68.0;22.0;158.0;50.0;71.0;159.0;411.0;4.0;27.0;80.0;52.0;70.0;795.0;139.0;36.0;405.0;345.0;120.0;45.0;58.0;71.0;60.0;696.0;72.0;35.0;45.0;120.0;83.0;66.0;98.0;41.0;45.0;41.0;414.0;120.0;198.0;696.0;104.0;97.0;105.0;52.0;35.0;398.0;89.0;49.0;45.0;34.0;56.0;40.0;14.0;28.0;97.0;43.0;23.0;158.0;185.0;120.0;79.0;45.0;45.0;72.0;163.0;42.0;34.0;41.0;27.0;696.0;163.0;72.0;159.0;69.0;43.0;0.0;55.0;164.0;408.0;444.0;97.0;37.0;163.0;50.0;36.0;163.0;720.0;64.0;158.0;34.0;162.0;120.0;163.0;122.0;104.0;63.0;47.0;749.0;62.0;163.0;164.0;71.0;88.0;60.0;52.0;82.0;79.0;79.0;163.0;159.0;89.0;79.0;67.0;74.0;112.0;132.0;4.0;30.0;135.0;37.0;120.0;49.0;163.0;327.0;158.0;51.0;71.0;71.0;68.0;115.0;155.0;696.0;41.0;696.0;71.0;45.0;89.0;32.0;59.0;49.0;27.0;39.0;120.0;2.0;163.0;38.0;57.0;38.0;54.0;69.0;46.0;46.0;75.0;159.0;97.0;115.0;57.0;78.0;89.0;696.0;45.0;104.0;35.0;102.0;164.0;163.0;131.0;37.0;55.0;56.0;9.0;72.0;42.0;47.0;98.0;56.0;46.0;58.0;80.0;27.0;31.0;80.0;45.0;38.0;54.0;33.0;166.0;45.0;34.0;176.0;41.0;169.0;696.0;69.0;80.0;696.0;44.0;29.0;72.0;164.0;400.0;45.0;128.0;72.0;52.0;159.0;37.0;80.0;59.0;56.0;327.0;440.0;696.0;186.0;30.0;50.0;35.0;41.0;63.0;14.0;42.0;163.0;42.0;36.0;71.0;34.0;400.0;32.0;89.0;73.0;63.0;82.0;204.0;59.0;66.0;29.0;105.0;82.0;45.0;52.0;42.0;311.0;258.0;120.0;68.0;72.0;714.0
231;61.0;38.0;241.0;19.0;41.0;42.0;24.0;70.0;43.0;16.0;56.0;54.0;751.0;234.0;159.0;771.0;56.0;149.0;55.0;351.0;22.0;47.0;361.0;227.0;119.0;55.0;106.0;34.0;42.0;19.0;106.0;32.0;145.0;26.0;57.0;100.0;105.0;43.0;123.0;111.0;40.0;24.0;85.0;17.0;109.0;250.0;55.0;56.0;72.0;22.0;36.0;76.0;77.0;351.0;76.0;33.0;106.0;57.0;42.0;137.0;38.0;45.0;199.0;363.0;52.0;77.0;88.0;70.0;30.0;812.0;178.0;72.0;351.0;362.0;78.0;56.0;9.0;24.0;81.0;751.0;33.0;43.0;56.0;78.0;40.0;29.0;100.0;16.0;17.0;60.0;362.0;78.0;239.0;751.0;141.0;47.0;105.0;67.0;32.0;346.0;43.0;73.0;56.0;32.0;67.0;27.0;42.0;31.0;47.0;53.0;43.0;132.0;226.0;78.0;117.0;26.0;56.0;92.0;111.0;22.0;85.0;53.0;30.0;751.0;156.0;33.0;106.0;81.0;12.0;55.0;0.0;123.0;361.0;412.0;47.0;19.0;111.0;65.0;37.0;111.0;775.0;77.0;137.0;22.0;154.0;117.0;111.0;155.0;142.0;87.0;64.0;765.0;26.0;111.0;123.0;122.0;142.0;34.0;70.0;105.0;89.0;45.0;111.0;106.0;43.0;124.0;41.0;36.0;165.0;100.0;53.0;28.0;81.0;20.0;78.0;58.0;111.0;336.0;146.0;63.0;45.0;45.0;42.0;111.0;195.0;751.0;74.0;751.0;45.0;56.0;43.0;24.0;73.0;58.0;67.0;19.0;78.0;54.0;111.0;50.0;16.0;43.0;91.0;81.0;19.0;69.0;90.0;106.0;47.0;111.0;78.0;87.0;43.0;751.0;56.0;141.0;23.0;103.0;123.0;111.0;98.0;20.0;90.0;67.0;53.0;33.0;50.0;50.0;100.0;11.0;38.0;11.0;134.0;44.0;34.0;114.0;56.0;43.0;29.0;38.0;206.0;56.0;25.0;217.0;16.0;209.0;751.0;33.0;93.0;751.0;20.0;27.0;33.0;123.0;350.0;56.0;95.0;33.0;88.0;106.0;19.0;93.0;30.0;91.0;336.0;409.0;751.0;227.0;60.0;65.0;32.0;16.0;76.0;69.0;50.0;111.0;16.0;55.0;24.0;25.0;354.0;36.0;43.0;122.0;76.0;120.0;206.0;73.0;48.0;69.0;56.0;125.0;65.0;67.0;22.0;328.0;271.0;117.0;81.0;33.0;666.0
232;129.0;131.0;358.0;140.0;159.0;162.0;133.0;132.0;81.0;137.0;127.0;172.0;842.0;354.0;231.0;864.0;127.0;270.0;134.0;327.0;136.0;80.0;375.0;348.0;98.0;173.0;229.0;90.0;158.0;141.0;69.0;128.0;268.0;149.0;126.0;108.0;229.0;81.0;1.0;61.0;156.0;133.0;122.0;140.0;179.0;359.0;134.0;127.0;192.0;146.0;159.0;153.0;190.0;323.0;121.0;145.0;69.0;178.0;141.0;62.0;161.0;161.0;320.0;374.0;159.0;190.0;117.0;132.0;96.0;754.0;299.0;192.0;323.0;482.0;162.0;127.0;116.0;133.0;136.0;842.0;145.0;130.0;127.0;162.0;143.0;100.0;108.0;137.0;140.0;135.0;352.0;162.0;360.0;842.0;263.0;80.0;105.0;129.0;128.0;337.0;81.0;138.0;127.0;154.0;124.0;124.0;150.0;150.0;80.0;126.0;141.0;48.0;347.0;162.0;238.0;149.0;127.0;135.0;61.0;146.0;198.0;129.0;138.0;842.0;101.0;145.0;69.0;123.0;130.0;164.0;123.0;0.0;375.0;469.0;80.0;134.0;61.0;129.0;128.0;61.0;867.0;125.0;62.0;136.0;97.0;98.0;61.0;278.0;263.0;140.0;131.0;704.0;144.0;61.0;1.0;234.0;229.0;154.0;132.0;229.0;121.0;156.0;61.0;69.0;81.0;242.0;159.0;147.0;273.0;192.0;160.0;147.0;75.0;131.0;162.0;124.0;61.0;277.0;87.0;126.0;161.0;161.0;160.0;96.0;316.0;842.0;195.0;842.0;161.0;127.0;81.0;135.0;127.0;124.0;155.0;141.0;162.0;162.0;61.0;173.0;137.0;127.0;212.0;123.0;121.0;138.0;213.0;69.0;80.0;96.0;135.0;119.0;81.0;842.0;127.0;263.0;131.0;107.0;1.0;61.0;190.0;131.0;157.0;124.0;157.0;145.0;126.0;120.0;108.0;132.0;161.0;132.0;223.0;137.0;133.0;163.0;127.0;127.0;151.0;131.0;327.0;127.0;131.0;338.0;137.0;330.0;842.0;148.0;125.0;842.0;144.0;144.0;145.0;1.0;346.0;127.0;188.0;145.0;157.0;69.0;134.0;125.0;150.0;212.0;277.0;467.0;842.0;348.0;181.0;129.0;128.0;137.0;125.0;177.0;126.0;61.0;139.0;135.0;133.0;131.0;369.0;132.0;81.0;237.0;125.0;241.0;321.0;127.0;167.0;155.0;136.0;244.0;135.0;129.0;146.0;449.0;390.0;98.0;125.0;145.0;612.0
233;420.0;399.0;360.0;373.0;342.0;346.0;339.0;429.0;359.0;371.0;416.0;341.0;1051.0;487.0;516.0;1066.0;416.0;431.0;305.0;112.0;380.0;347.0;1.0;485.0;452.0;338.0;387.0;367.0;338.0;371.0;308.0;393.0;412.0;355.0;417.0;445.0;384.0;359.0;375.0;315.0;339.0;339.0;439.0;364.0;257.0;551.0;305.0;416.0;398.0;366.0;372.0;436.0;415.0;122.0;432.0;335.0;308.0;347.0;402.0;435.0;358.0;338.0;461.0;8.0;405.0;415.0;440.0;429.0;371.0;1126.0;443.0;398.0;122.0;454.0;288.0;416.0;365.0;339.0;440.0;1051.0;335.0;404.0;416.0;288.0;325.0;375.0;445.0;371.0;364.0;421.0;72.0;288.0;491.0;1051.0;421.0;347.0;447.0;427.0;393.0;70.0;359.0;433.0;416.0;374.0;425.0;388.0;399.0;380.0;347.0;412.0;404.0;421.0;479.0;288.0;413.0;363.0;416.0;450.0;315.0;366.0;420.0;413.0;389.0;1051.0;471.0;335.0;308.0;436.0;372.0;408.0;361.0;375.0;0.0;166.0;347.0;378.0;315.0;425.0;398.0;315.0;1071.0;434.0;435.0;380.0;468.0;451.0;315.0;418.0;426.0;446.0;424.0;1075.0;345.0;315.0;375.0;446.0;493.0;347.0;429.0;384.0;442.0;328.0;315.0;308.0;359.0;432.0;342.0;333.0;487.0;281.0;407.0;379.0;316.0;380.0;288.0;417.0;315.0;652.0;457.0;422.0;338.0;338.0;340.0;446.0;458.0;1051.0;395.0;1051.0;338.0;416.0;359.0;384.0;431.0;417.0;427.0;371.0;288.0;407.0;315.0;375.0;352.0;403.0;404.0;436.0;380.0;430.0;370.0;308.0;347.0;446.0;437.0;440.0;359.0;1051.0;416.0;421.0;384.0;447.0;375.0;315.0;282.0;380.0;451.0;425.0;410.0;335.0;410.0;408.0;445.0;355.0;363.0;354.0;485.0;405.0;395.0;474.0;416.0;403.0;353.0;399.0;467.0;416.0;385.0;474.0;371.0;469.0;1051.0;339.0;447.0;1051.0;364.0;382.0;335.0;375.0;55.0;416.0;284.0;335.0;449.0;308.0;378.0;447.0;349.0;401.0;652.0;167.0;1051.0;485.0;390.0;425.0;393.0;371.0;433.0;417.0;410.0;315.0;368.0;416.0;339.0;385.0;8.0;397.0;359.0;441.0;433.0;416.0;333.0;431.0;345.0;429.0;305.0;428.0;425.0;427.0;366.0;436.0;390.0;451.0;437.0;335.0;456.0
234;472.0;448.0;302.0;417.0;380.0;382.0;389.0;481.0;427.0;416.0;467.0;373.0;1000.0;454.0;545.0;1012.0;467.0;425.0;361.0;277.0;426.0;417.0;166.0;455.0;524.0;370.0;394.0;431.0;377.0;415.0;400.0;442.0;403.0;396.0;469.0;510.0;391.0;427.0;469.0;409.0;378.0;389.0;497.0;408.0;305.0;532.0;361.0;467.0;421.0;408.0;409.0;480.0;441.0;287.0;488.0;380.0;400.0;376.0;446.0;521.0;394.0;375.0;437.0;173.0;443.0;441.0;500.0;481.0;432.0;1218.0;426.0;421.0;287.0;355.0;334.0;467.0;419.0;389.0;492.0;1000.0;380.0;453.0;467.0;334.0;372.0;435.0;510.0;416.0;408.0;470.0;238.0;334.0;456.0;1000.0;416.0;417.0;514.0;479.0;442.0;235.0;427.0;482.0;467.0;412.0;479.0;439.0;440.0;420.0;417.0;464.0;448.0;509.0;448.0;334.0;418.0;404.0;467.0;503.0;409.0;408.0;444.0;464.0;434.0;1000.0;553.0;380.0;400.0;493.0;420.0;444.0;412.0;469.0;166.0;0.0;417.0;424.0;409.0;477.0;448.0;409.0;1017.0;489.0;521.0;426.0;550.0;523.0;409.0;406.0;422.0;497.0;475.0;1169.0;389.0;409.0;469.0;457.0;516.0;387.0;481.0;391.0;501.0;369.0;409.0;400.0;427.0;438.0;380.0;378.0;490.0;314.0;445.0;421.0;398.0;427.0;334.0;470.0;409.0;739.0;540.0;475.0;375.0;375.0;378.0;517.0;435.0;1000.0;417.0;1000.0;375.0;467.0;427.0;430.0;485.0;470.0;469.0;415.0;334.0;444.0;409.0;406.0;399.0;453.0;420.0;493.0;431.0;479.0;383.0;400.0;417.0;517.0;489.0;499.0;427.0;1000.0;467.0;416.0;431.0;513.0;469.0;409.0;315.0;427.0;496.0;479.0;449.0;380.0;461.0;461.0;510.0;403.0;399.0;402.0;509.0;451.0;442.0;522.0;467.0;453.0;393.0;448.0;441.0;467.0;433.0;445.0;416.0;442.0;1000.0;382.0;505.0;1000.0;407.0;424.0;380.0;469.0;220.0;467.0;318.0;380.0;493.0;400.0;424.0;505.0;390.0;416.0;739.0;5.0;1000.0;455.0;418.0;477.0;442.0;416.0;488.0;449.0;461.0;409.0;413.0;464.0;389.0;433.0;163.0;444.0;427.0;450.0;488.0;420.0;293.0;485.0;378.0;470.0;360.0;433.0;475.0;479.0;408.0;348.0;321.0;523.0;493.0;380.0;570.0
235;81.0;69.0;278.0;65.0;79.0;82.0;53.0;89.0;12.0;62.0;78.0;92.0;792.0;280.0;191.0;813.0;78.0;196.0;60.0;324.0;65.0;1.0;347.0;274.0;108.0;93.0;151.0;23.0;78.0;65.0;63.0;64.0;191.0;70.0;78.0;98.0;151.0;12.0;80.0;66.0;76.0;53.0;94.0;63.0;113.0;295.0;60.0;78.0;118.0;69.0;83.0;104.0;121.0;323.0;87.0;65.0;63.0;98.0;78.0;109.0;82.0;81.0;245.0;349.0;93.0;121.0;93.0;89.0;29.0;801.0;224.0;118.0;323.0;402.0;90.0;78.0;41.0;53.0;98.0;792.0;65.0;72.0;78.0;90.0;64.0;34.0;98.0;62.0;63.0;85.0;340.0;90.0;286.0;792.0;187.0;1.0;100.0;86.0;64.0;324.0;12.0;94.0;78.0;78.0;83.0;58.0;83.0;77.0;1.0;75.0;79.0;100.0;273.0;90.0;163.0;71.0;78.0;105.0;66.0;69.0;130.0;77.0;70.0;792.0;136.0;65.0;63.0;91.0;56.0;97.0;47.0;80.0;347.0;417.0;0.0;62.0;66.0;84.0;67.0;66.0;816.0;90.0;109.0;65.0;133.0;106.0;66.0;201.0;188.0;104.0;85.0;753.0;64.0;66.0;80.0;167.0;179.0;75.0;89.0;151.0;96.0;76.0;66.0;63.0;12.0;170.0;79.0;67.0;209.0;118.0;94.0;73.0;40.0;60.0;90.0;77.0;66.0;322.0;124.0;81.0;81.0;81.0;80.0;101.0;241.0;792.0;120.0;792.0;81.0;78.0;12.0;65.0;88.0;77.0;100.0;65.0;90.0;96.0;66.0;96.0;58.0;69.0;138.0;91.0;52.0;92.0;134.0;63.0;1.0;101.0;96.0;94.0;12.0;792.0;78.0;187.0;62.0;100.0;80.0;66.0;116.0;60.0;115.0;83.0;93.0;65.0;73.0;69.0;98.0;54.0;83.0;53.0;171.0;77.0;69.0;133.0;78.0;69.0;72.0;69.0;253.0;78.0;63.0;263.0;62.0;256.0;792.0;68.0;101.0;792.0;67.0;72.0;65.0;80.0;330.0;78.0;113.0;65.0;113.0;63.0;62.0;101.0;70.0;137.0;322.0;415.0;792.0;274.0;107.0;84.0;64.0;62.0;89.0;111.0;73.0;66.0;63.0;82.0;53.0;63.0;341.0;69.0;12.0;168.0;89.0;166.0;242.0;88.0;88.0;101.0;62.0;171.0;88.0;86.0;69.0;369.0;310.0;106.0;92.0;65.0;636.0
236;47.0;23.0;239.0;8.0;46.0;45.0;38.0;56.0;56.0;8.0;44.0;56.0;733.0;220.0;141.0;753.0;44.0;136.0;73.0;370.0;3.0;62.0;378.0;214.0;115.0;58.0;96.0;44.0;48.0;10.0;123.0;18.0;134.0;29.0;45.0;93.0;97.0;56.0;134.0;127.0;46.0;38.0;74.0;16.0;124.0;233.0;73.0;44.0;58.0;18.0;27.0;59.0;59.0;370.0;66.0;44.0;123.0;57.0;24.0;140.0;36.0;51.0;186.0;380.0;33.0;59.0;79.0;56.0;38.0;803.0;165.0;58.0;370.0;358.0;92.0;44.0;21.0;38.0;68.0;733.0;44.0;29.0;44.0;92.0;54.0;34.0;93.0;8.0;16.0;46.0;380.0;92.0;226.0;733.0;129.0;62.0;99.0;55.0;18.0;364.0;56.0;58.0;44.0;21.0;55.0;16.0;24.0;16.0;62.0;40.0;26.0;137.0;213.0;92.0;104.0;23.0;44.0;79.0;127.0;18.0;68.0;40.0;12.0;733.0;154.0;44.0;123.0;70.0;7.0;37.0;19.0;134.0;378.0;424.0;62.0;0.0;127.0;53.0;24.0;127.0;756.0;66.0;140.0;3.0;152.0;113.0;127.0;144.0;129.0;73.0;50.0;757.0;35.0;127.0;134.0;105.0;123.0;39.0;56.0;97.0;79.0;55.0;127.0;123.0;56.0;109.0;46.0;47.0;148.0;111.0;34.0;13.0;98.0;4.0;92.0;46.0;127.0;329.0;146.0;51.0;51.0;51.0;48.0;107.0;182.0;733.0;61.0;733.0;51.0;44.0;56.0;6.0;61.0;46.0;50.0;10.0;92.0;36.0;127.0;40.0;26.0;29.0;78.0;70.0;14.0;55.0;83.0;123.0;62.0;107.0;65.0;78.0;56.0;733.0;44.0;129.0;7.0;97.0;134.0;127.0;109.0;4.0;74.0;55.0;35.0;44.0;37.0;39.0;93.0;23.0;33.0;24.0;115.0;28.0;18.0;98.0;44.0;29.0;32.0;23.0;193.0;44.0;9.0;204.0;8.0;196.0;733.0;42.0;83.0;733.0;18.0;10.0;44.0;134.0;368.0;44.0;106.0;44.0;71.0;123.0;1.0;83.0;35.0;78.0;329.0;421.0;733.0;214.0;46.0;53.0;18.0;8.0;64.0;50.0;37.0;127.0;12.0;40.0;38.0;9.0;371.0;20.0;56.0;106.0;64.0;107.0;206.0;61.0;50.0;51.0;72.0;110.0;51.0;55.0;18.0;324.0;267.0;113.0;70.0;44.0;684.0
237;144.0;135.0;320.0;130.0;134.0;138.0;109.0;150.0;75.0;126.0;140.0;146.0;858.0;342.0;253.0;878.0;140.0;258.0;94.0;274.0;130.0;66.0;315.0;336.0;143.0;145.0;210.0;88.0;131.0;130.0;10.0;130.0;251.0;130.0;140.0;144.0;209.0;75.0;61.0;1.0;130.0;109.0;149.0;126.0;127.0;361.0;94.0;140.0;182.0;132.0;146.0;167.0;187.0;272.0;144.0;118.0;10.0;153.0;144.0;120.0;142.0;134.0;307.0;315.0;159.0;187.0;146.0;150.0;94.0;815.0;285.0;182.0;272.0;447.0;118.0;140.0;106.0;109.0;158.0;858.0;118.0;137.0;140.0;118.0;112.0;99.0;144.0;126.0;126.0;148.0;296.0;118.0;347.0;858.0;249.0;66.0;144.0;146.0;130.0;281.0;75.0;156.0;140.0;142.0;143.0;124.0;149.0;141.0;66.0;138.0;144.0;106.0;334.0;118.0;225.0;133.0;140.0;162.0;1.0;132.0;195.0;140.0;136.0;858.0;157.0;118.0;10.0;148.0;121.0;163.0;111.0;61.0;315.0;409.0;66.0;127.0;0.0;146.0;132.0;1.0;882.0;148.0;120.0;130.0;153.0;143.0;1.0;260.0;250.0;163.0;146.0;765.0;122.0;1.0;61.0;232.0;244.0;132.0;150.0;209.0;150.0;126.0;1.0;10.0;75.0;234.0;134.0;119.0;275.0;147.0;160.0;138.0;32.0;126.0;118.0;138.0;1.0;337.0;143.0;142.0;134.0;134.0;134.0;139.0;303.0;858.0;184.0;858.0;134.0;140.0;75.0;131.0;147.0;138.0;165.0;130.0;118.0;162.0;1.0;158.0;118.0;134.0;201.0;148.0;118.0;154.0;192.0;10.0;66.0;139.0;156.0;147.0;75.0;858.0;140.0;249.0;128.0;144.0;61.0;1.0;146.0;126.0;177.0;143.0;159.0;118.0;137.0;132.0;144.0;116.0;144.0;114.0;236.0;142.0;134.0;191.0;140.0;134.0;131.0;135.0;314.0;140.0;129.0;325.0;126.0;317.0;858.0;123.0;154.0;858.0;129.0;137.0;118.0;61.0;289.0;140.0;144.0;118.0;175.0;10.0;127.0;154.0;128.0;200.0;337.0;407.0;858.0;336.0;170.0;146.0;130.0;126.0;148.0;177.0;137.0;1.0;126.0;146.0;109.0;129.0;309.0;134.0;75.0;233.0;148.0;228.0;282.0;147.0;143.0;165.0;97.0;234.0;150.0;146.0;132.0;415.0;354.0;143.0;149.0;118.0;582.0
238;5.0;29.0;282.0;60.0;98.0;97.0;89.0;4.0;73.0;61.0;9.0;108.0;715.0;238.0;107.0;737.0;9.0;158.0;120.0;408.0;52.0;84.0;425.0;231.0;73.0;110.0;131.0;61.0;101.0;62.0;145.0;35.0;163.0;81.0;8.0;47.0;132.0;73.0;129.0;146.0;99.0;89.0;24.0;69.0;174.0;232.0;120.0;9.0;86.0;70.0;74.0;24.0;75.0;407.0;16.0;97.0;145.0;108.0;34.0;110.0;86.0;103.0;206.0;427.0;48.0;75.0;29.0;4.0;56.0;751.0;187.0;86.0;407.0;396.0;143.0;9.0;60.0;89.0;15.0;715.0;97.0;24.0;9.0;143.0;105.0;51.0;47.0;61.0;69.0;10.0;422.0;143.0;243.0;715.0;154.0;84.0;54.0;2.0;35.0;406.0;73.0;10.0;9.0;69.0;6.0;38.0;43.0;61.0;84.0;13.0;32.0;113.0;231.0;143.0;129.0;75.0;9.0;27.0;146.0;70.0;81.0;13.0;44.0;715.0;113.0;97.0;145.0;19.0;57.0;50.0;65.0;129.0;425.0;477.0;84.0;53.0;146.0;0.0;29.0;146.0;740.0;14.0;110.0;52.0;112.0;70.0;146.0;171.0;152.0;21.0;3.0;705.0;87.0;146.0;129.0;113.0;101.0;91.0;4.0;132.0;29.0;108.0;146.0;145.0;73.0;126.0;98.0;99.0;146.0;163.0;47.0;59.0;124.0;49.0;143.0;8.0;146.0;279.0;108.0;3.0;103.0;103.0;100.0;65.0;202.0;715.0;91.0;715.0;103.0;9.0;73.0;47.0;9.0;8.0;29.0;62.0;143.0;49.0;146.0;83.0;78.0;23.0;104.0;19.0;46.0;10.0;124.0;145.0;84.0;65.0;13.0;28.0;73.0;715.0;9.0;154.0;46.0;51.0;129.0;146.0;161.0;49.0;31.0;6.0;42.0;97.0;16.0;16.0;47.0;74.0;83.0;75.0;94.0;28.0;35.0;50.0;9.0;23.0;84.0;29.0;212.0;9.0;44.0;222.0;61.0;215.0;715.0;95.0;31.0;715.0;71.0;54.0;97.0;129.0;411.0;9.0;158.0;97.0;30.0;145.0;53.0;31.0;87.0;106.0;279.0;473.0;715.0;231.0;79.0;1.0;35.0;61.0;13.0;59.0;16.0;146.0;64.0;15.0;89.0;44.0;418.0;33.0;73.0;117.0;13.0;131.0;252.0;9.0;102.0;29.0;121.0;129.0;7.0;2.0;70.0;361.0;308.0;70.0;18.0;97.0;708.0
239;24.0;3.0;259.0;32.0;70.0;69.0;60.0;33.0;57.0;32.0;20.0;80.0;726.0;228.0;125.0;746.0;20.0;145.0;93.0;386.0;23.0;67.0;398.0;222.0;94.0;82.0;111.0;44.0;72.0;34.0;129.0;6.0;147.0;52.0;21.0;71.0;112.0;57.0;128.0;132.0;70.0;60.0;51.0;40.0;146.0;233.0;93.0;20.0;68.0;42.0;47.0;39.0;63.0;385.0;42.0;68.0;129.0;80.0;14.0;123.0;58.0;75.0;195.0;400.0;32.0;63.0;55.0;33.0;38.0;780.0;175.0;68.0;385.0;376.0;115.0;20.0;34.0;60.0;44.0;726.0;68.0;6.0;20.0;115.0;76.0;33.0;71.0;32.0;40.0;23.0;398.0;115.0;234.0;726.0;139.0;67.0;77.0;31.0;6.0;382.0;57.0;35.0;20.0;42.0;32.0;10.0;23.0;34.0;67.0;16.0;13.0;122.0;221.0;115.0;114.0;46.0;20.0;56.0;132.0;42.0;71.0;16.0;17.0;726.0;133.0;68.0;129.0;46.0;28.0;36.0;37.0;128.0;398.0;448.0;67.0;24.0;132.0;29.0;0.0;132.0;750.0;42.0;123.0;23.0;132.0;91.0;132.0;156.0;139.0;50.0;27.0;733.0;59.0;132.0;128.0;107.0;112.0;62.0;33.0;112.0;56.0;79.0;132.0;129.0;57.0;115.0;70.0;70.0;146.0;134.0;32.0;32.0;106.0;21.0;115.0;22.0;132.0;306.0;126.0;27.0;75.0;75.0;72.0;86.0;191.0;726.0;73.0;726.0;75.0;20.0;57.0;18.0;38.0;22.0;34.0;34.0;115.0;35.0;132.0;58.0;49.0;6.0;88.0;46.0;19.0;32.0;101.0;129.0;67.0;86.0;41.0;54.0;57.0;726.0;20.0;139.0;17.0;74.0;128.0;132.0;133.0;21.0;53.0;32.0;29.0;68.0;13.0;16.0;71.0;45.0;55.0;46.0;104.0;10.0;8.0;76.0;20.0;6.0;56.0;3.0;202.0;20.0;15.0;212.0;32.0;204.0;726.0;66.0;59.0;726.0;42.0;27.0;68.0;128.0;386.0;20.0;130.0;68.0;51.0;129.0;24.0;59.0;59.0;89.0;306.0;445.0;726.0;222.0;59.0;29.0;6.0;32.0;41.0;49.0;13.0;132.0;35.0;18.0;60.0;15.0;391.0;5.0;57.0;109.0;41.0;117.0;227.0;38.0;74.0;34.0;93.0;118.0;28.0;31.0;42.0;341.0;286.0;91.0;46.0;68.0;690.0
240;144.0;135.0;320.0;130.0;134.0;138.0;109.0;150.0;75.0;126.0;140.0;146.0;858.0;342.0;253.0;878.0;140.0;258.0;94.0;274.0;130.0;66.0;315.0;336.0;143.0;145.0;210.0;88.0;131.0;130.0;10.0;130.0;251.0;130.0;140.0;144.0;209.0;75.0;61.0;1.0;130.0;109.0;149.0;126.0;127.0;361.0;94.0;140.0;182.0;132.0;146.0;167.0;187.0;272.0;144.0;118.0;10.0;153.0;144.0;120.0;142.0;134.0;307.0;315.0;159.0;187.0;146.0;150.0;94.0;815.0;285.0;182.0;272.0;447.0;118.0;140.0;106.0;109.0;158.0;858.0;118.0;137.0;140.0;118.0;112.0;99.0;144.0;126.0;126.0;148.0;296.0;118.0;347.0;858.0;249.0;66.0;144.0;146.0;130.0;281.0;75.0;156.0;140.0;142.0;143.0;124.0;149.0;141.0;66.0;138.0;144.0;106.0;334.0;118.0;225.0;133.0;140.0;162.0;1.0;132.0;195.0;140.0;136.0;858.0;157.0;118.0;10.0;148.0;121.0;163.0;111.0;61.0;315.0;409.0;66.0;127.0;1.0;146.0;132.0;0.0;882.0;148.0;120.0;130.0;153.0;143.0;1.0;260.0;250.0;163.0;146.0;765.0;122.0;1.0;61.0;232.0;244.0;132.0;150.0;209.0;150.0;126.0;1.0;10.0;75.0;234.0;134.0;119.0;275.0;147.0;160.0;138.0;32.0;126.0;118.0;138.0;1.0;337.0;143.0;142.0;134.0;134.0;134.0;139.0;303.0;858.0;184.0;858.0;134.0;140.0;75.0;131.0;147.0;138.0;165.0;130.0;118.0;162.0;1.0;158.0;118.0;134.0;201.0;148.0;118.0;154.0;192.0;10.0;66.0;139.0;156.0;147.0;75.0;858.0;140.0;249.0;128.0;144.0;61.0;1.0;146.0;126.0;177.0;143.0;159.0;118.0;137.0;132.0;144.0;116.0;144.0;114.0;236.0;142.0;134.0;191.0;140.0;134.0;131.0;135.0;314.0;140.0;129.0;325.0;126.0;317.0;858.0;123.0;154.0;858.0;129.0;137.0;118.0;61.0;289.0;140.0;144.0;118.0;175.0;10.0;127.0;154.0;128.0;200.0;337.0;407.0;858.0;336.0;170.0;146.0;130.0;126.0;148.0;177.0;137.0;1.0;126.0;146.0;109.0;129.0;309.0;134.0;75.0;233.0;148.0;228.0;282.0;147.0;143.0;165.0;97.0;234.0;150.0;146.0;132.0;415.0;354.0;143.0;149.0;118.0;582.0
241;741.0;747.0;719.0;756.0;768.0;763.0;785.0;736.0;807.0;759.0;743.0;761.0;27.0;584.0;636.0;7.0;743.0;650.0;816.0;1105.0;753.0;816.0;1071.0;586.0;779.0;763.0;699.0;794.0;772.0;756.0;879.0;752.0;667.0;763.0;744.0;761.0;702.0;807.0;867.0;882.0;771.0;785.0;745.0;761.0;841.0;530.0;816.0;743.0;709.0;757.0;744.0;717.0;699.0;1107.0;746.0;781.0;879.0;754.0;738.0;828.0;754.0;770.0;613.0;1077.0;724.0;699.0;750.0;736.0;787.0;991.0;632.0;709.0;1107.0;674.0;816.0;743.0;777.0;785.0;731.0;27.0;781.0;745.0;743.0;816.0;791.0;782.0;761.0;759.0;761.0;736.0;1102.0;816.0;580.0;27.0;660.0;816.0;766.0;740.0;752.0;1087.0;807.0;730.0;743.0;746.0;744.0;758.0;734.0;745.0;816.0;745.0;738.0;837.0;592.0;816.0;675.0;757.0;743.0;731.0;882.0;757.0;691.0;743.0;747.0;27.0;803.0;781.0;879.0;744.0;763.0;720.0;775.0;867.0;1071.0;1017.0;816.0;756.0;882.0;740.0;750.0;882.0;0.0;742.0;828.0;753.0;805.0;778.0;882.0;659.0;656.0;727.0;738.0;978.0;773.0;882.0;867.0;655.0;639.0;766.0;736.0;702.0;746.0;781.0;882.0;879.0;807.0;660.0;768.0;782.0;610.0;809.0;723.0;747.0;855.0;757.0;816.0;746.0;882.0;807.0;810.0;743.0;770.0;770.0;769.0;777.0;616.0;27.0;709.0;27.0;770.0;743.0;807.0;752.0;741.0;746.0;717.0;756.0;816.0;721.0;882.0;734.0;772.0;748.0;694.0;744.0;765.0;730.0;719.0;879.0;816.0;777.0;732.0;748.0;807.0;27.0;743.0;660.0;755.0;763.0;867.0;882.0;808.0;757.0;710.0;744.0;723.0;781.0;746.0;751.0;761.0;773.0;750.0;774.0;647.0;740.0;748.0;704.0;743.0;748.0;763.0;747.0;606.0;743.0;754.0;598.0;759.0;604.0;27.0;776.0;743.0;27.0;759.0;748.0;781.0;867.0;1085.0;743.0;807.0;781.0;711.0;879.0;756.0;743.0;767.0;696.0;807.0;1012.0;27.0;586.0;720.0;740.0;752.0;759.0;742.0;706.0;746.0;882.0;760.0;737.0;785.0;754.0;1063.0;747.0;807.0;657.0;742.0;673.0;740.0;741.0;761.0;717.0;814.0;662.0;734.0;740.0;757.0;672.0;697.0;778.0;742.0;781.0;1314.0
242;19.0;43.0;296.0;74.0;112.0;110.0;100.0;12.0;78.0;74.0;22.0;121.0;717.0;249.0;107.0;739.0;22.0;170.0;130.0;414.0;65.0;90.0;434.0;242.0;60.0;124.0;145.0;68.0;114.0;76.0;148.0;47.0;176.0;94.0;21.0;34.0;146.0;78.0;125.0;148.0;112.0;100.0;10.0;82.0;185.0;239.0;130.0;22.0;100.0;83.0;88.0;32.0;87.0;413.0;4.0;109.0;148.0;121.0;48.0;100.0;100.0;116.0;217.0;436.0;61.0;87.0;16.0;12.0;63.0;738.0;199.0;100.0;413.0;409.0;155.0;22.0;71.0;100.0;11.0;717.0;109.0;37.0;22.0;155.0;117.0;59.0;34.0;74.0;82.0;23.0;429.0;155.0;254.0;717.0;166.0;90.0;41.0;12.0;47.0;414.0;78.0;16.0;22.0;82.0;10.0;50.0;58.0;75.0;90.0;26.0;46.0;104.0;242.0;155.0;142.0;88.0;22.0;16.0;148.0;83.0;93.0;27.0;57.0;717.0;100.0;109.0;148.0;5.0;69.0;64.0;77.0;125.0;434.0;489.0;90.0;66.0;148.0;14.0;42.0;148.0;742.0;0.0;100.0;65.0;99.0;57.0;148.0;184.0;164.0;16.0;17.0;691.0;100.0;148.0;125.0;123.0;105.0;104.0;12.0;146.0;15.0;120.0;148.0;148.0;78.0;138.0;112.0;111.0;155.0;176.0;61.0;72.0;128.0;62.0;155.0;19.0;148.0;265.0;96.0;14.0;116.0;116.0;114.0;53.0;213.0;717.0;105.0;717.0;116.0;22.0;78.0;60.0;5.0;19.0;41.0;76.0;155.0;63.0;148.0;97.0;90.0;36.0;117.0;5.0;57.0;19.0;138.0;148.0;90.0;53.0;11.0;14.0;78.0;717.0;22.0;166.0;59.0;38.0;125.0;148.0;174.0;62.0;32.0;10.0;55.0;109.0;29.0;27.0;34.0;86.0;97.0;87.0;99.0;42.0;49.0;43.0;22.0;36.0;98.0;43.0;223.0;22.0;57.0;233.0;74.0;226.0;717.0;107.0;17.0;717.0;84.0;68.0;109.0;125.0;419.0;22.0;171.0;109.0;32.0;148.0;66.0;17.0;100.0;119.0;265.0;486.0;717.0;242.0;93.0;14.0;47.0;74.0;1.0;72.0;29.0;148.0;77.0;29.0;100.0;57.0;427.0;46.0;78.0;128.0;1.0;144.0;266.0;5.0;115.0;40.0;131.0;141.0;19.0;12.0;83.0;375.0;322.0;57.0;4.0;109.0;708.0
243;113.0;126.0;378.0;148.0;178.0;179.0;155.0;111.0;102.0;146.0;114.0;191.0;803.0;348.0;195.0;825.0;114.0;267.0;168.0;389.0;141.0;109.0;435.0;341.0;49.0;192.0;235.0;105.0;178.0;149.0;126.0;127.0;270.0;163.0;112.0;70.0;235.0;102.0;62.0;120.0;176.0;155.0;93.0;152.0;221.0;338.0;168.0;114.0;192.0;156.0;167.0;132.0;184.0;386.0;97.0;167.0;126.0;194.0;136.0;1.0;174.0;182.0;316.0;435.0;154.0;184.0;87.0;111.0;108.0;698.0;297.0;192.0;386.0;498.0;198.0;114.0;129.0;155.0;110.0;803.0;167.0;123.0;114.0;198.0;169.0;109.0;70.0;146.0;152.0;119.0;414.0;198.0;354.0;803.0;262.0;109.0;65.0;109.0;127.0;399.0;102.0;117.0;114.0;161.0;105.0;125.0;146.0;155.0;109.0;114.0;135.0;15.0;342.0;198.0;237.0;161.0;114.0;104.0;120.0;156.0;191.0;117.0;139.0;803.0;38.0;167.0;126.0;96.0;139.0;158.0;137.0;62.0;435.0;521.0;109.0;140.0;120.0;110.0;123.0;120.0;828.0;100.0;0.0;141.0;35.0;51.0;120.0;279.0;261.0;112.0;113.0;648.0;163.0;120.0;62.0;223.0;201.0;171.0;111.0;235.0;90.0;180.0;120.0;126.0;102.0;236.0;178.0;169.0;255.0;226.0;154.0;152.0;124.0;136.0;198.0;109.0;120.0;219.0;25.0;108.0;182.0;182.0;179.0;52.0;312.0;803.0;196.0;803.0;182.0;114.0;102.0;138.0;104.0;109.0;140.0;149.0;198.0;156.0;120.0;180.0;153.0;120.0;211.0;96.0;126.0;119.0;223.0;126.0;109.0;52.0;111.0;89.0;102.0;803.0;114.0;262.0;135.0;68.0;62.0;120.0;225.0;136.0;130.0;105.0;149.0;167.0;116.0;110.0;70.0;148.0;172.0;148.0;196.0;130.0;131.0;127.0;114.0;120.0;167.0;126.0;322.0;114.0;134.0;332.0;146.0;325.0;803.0;169.0;92.0;803.0;155.0;148.0;167.0;62.0;408.0;114.0;222.0;167.0;131.0;126.0;140.0;92.0;167.0;212.0;219.0;519.0;803.0;341.0;182.0;110.0;127.0;146.0;102.0;168.0;116.0;120.0;148.0;123.0;155.0;134.0;429.0;129.0;102.0;227.0;102.0;239.0;344.0;104.0;185.0;139.0;171.0;239.0;117.0;109.0;156.0;464.0;407.0;51.0;98.0;167.0;654.0
244;46.0;22.0;238.0;9.0;47.0;46.0;41.0;55.0;58.0;10.0;42.0;57.0;730.0;218.0;138.0;750.0;42.0;134.0;75.0;373.0;1.0;65.0;380.0;212.0;116.0;59.0;95.0;47.0;49.0;11.0;126.0;17.0;132.0;30.0;44.0;93.0;95.0;58.0;136.0;130.0;47.0;41.0;74.0;17.0;126.0;230.0;75.0;42.0;55.0;19.0;26.0;57.0;57.0;372.0;65.0;46.0;126.0;57.0;22.0;141.0;36.0;52.0;184.0;383.0;30.0;57.0;78.0;55.0;40.0;803.0;163.0;55.0;372.0;357.0;94.0;42.0;24.0;41.0;66.0;730.0;46.0;28.0;42.0;94.0;56.0;37.0;93.0;10.0;17.0;44.0;383.0;94.0;224.0;730.0;126.0;65.0;99.0;54.0;17.0;367.0;58.0;57.0;42.0;20.0;55.0;17.0;21.0;14.0;65.0;39.0;24.0;138.0;211.0;94.0;102.0;23.0;42.0;78.0;130.0;19.0;65.0;38.0;9.0;730.0;154.0;46.0;126.0;69.0;9.0;34.0;22.0;136.0;380.0;426.0;65.0;3.0;130.0;52.0;23.0;130.0;753.0;65.0;141.0;0.0;152.0;113.0;130.0;142.0;127.0;71.0;49.0;756.0;37.0;130.0;136.0;102.0;120.0;39.0;55.0;95.0;79.0;56.0;130.0;126.0;58.0;106.0;47.0;49.0;145.0;112.0;31.0;11.0;101.0;5.0;94.0;45.0;130.0;329.0;146.0;50.0;52.0;52.0;49.0;107.0;180.0;730.0;58.0;730.0;52.0;42.0;58.0;5.0;61.0;45.0;47.0;11.0;94.0;33.0;130.0;39.0;28.0;29.0;75.0;69.0;16.0;53.0;82.0;126.0;65.0;107.0;63.0;77.0;58.0;730.0;42.0;126.0;7.0;97.0;136.0;130.0;110.0;5.0;72.0;55.0;32.0;46.0;36.0;38.0;93.0;25.0;33.0;27.0;112.0;26.0;16.0;97.0;42.0;29.0;33.0;22.0;191.0;42.0;8.0;201.0;10.0;194.0;730.0;44.0;82.0;730.0;19.0;7.0;46.0;136.0;371.0;42.0;107.0;46.0;69.0;126.0;3.0;82.0;36.0;76.0;329.0;422.0;730.0;212.0;44.0;52.0;17.0;10.0;64.0;47.0;36.0;130.0;13.0;39.0;41.0;8.0;373.0;19.0;58.0;103.0;64.0;104.0;206.0;61.0;51.0;48.0;75.0;108.0;49.0;54.0;19.0;323.0;266.0;113.0;69.0;46.0;684.0
245;116.0;134.0;391.0;160.0;194.0;195.0;174.0;111.0;125.0;159.0;118.0;207.0;779.0;347.0;179.0;803.0;118.0;269.0;192.0;424.0;152.0;133.0;468.0;340.0;39.0;208.0;242.0;125.0;195.0;162.0;160.0;136.0;275.0;178.0;116.0;65.0;243.0;125.0;97.0;153.0;193.0;174.0;90.0;166.0;247.0;328.0;192.0;118.0;198.0;170.0;178.0;130.0;186.0;421.0;96.0;186.0;160.0;209.0;143.0;35.0;187.0;198.0;316.0;468.0;159.0;186.0;84.0;111.0;126.0;668.0;298.0;198.0;421.0;507.0;222.0;118.0;145.0;174.0;107.0;779.0;186.0;130.0;118.0;222.0;189.0;125.0;65.0;159.0;166.0;122.0;448.0;222.0;352.0;779.0;265.0;133.0;58.0;110.0;136.0;434.0;125.0;115.0;118.0;173.0;106.0;136.0;153.0;166.0;133.0;119.0;141.0;50.0;341.0;222.0;241.0;174.0;118.0;97.0;153.0;170.0;192.0;121.0;148.0;779.0;3.0;186.0;160.0;94.0;152.0;162.0;154.0;97.0;468.0;550.0;133.0;152.0;153.0;112.0;132.0;153.0;805.0;99.0;35.0;152.0;0.0;42.0;153.0;283.0;264.0;107.0;115.0;620.0;180.0;153.0;97.0;221.0;190.0;187.0;111.0;243.0;86.0;198.0;153.0;160.0;125.0;237.0;194.0;188.0;248.0;249.0;158.0;163.0;155.0;148.0;222.0;113.0;153.0;189.0;11.0;111.0;198.0;198.0;196.0;47.0;312.0;779.0;202.0;779.0;198.0;118.0;125.0;148.0;104.0;113.0;140.0;162.0;222.0;161.0;153.0;190.0;170.0;127.0;216.0;94.0;139.0;118.0;233.0;160.0;133.0;47.0;109.0;85.0;125.0;779.0;118.0;265.0;146.0;62.0;97.0;153.0;247.0;148.0;124.0;106.0;153.0;186.0;121.0;117.0;65.0;164.0;185.0;165.0;186.0;136.0;140.0;114.0;118.0;127.0;182.0;134.0;322.0;118.0;144.0;332.0;159.0;325.0;779.0;186.0;86.0;779.0;169.0;158.0;186.0;97.0;442.0;118.0;244.0;186.0;126.0;160.0;152.0;86.0;183.0;218.0;189.0;547.0;779.0;340.0;190.0;112.0;136.0;159.0;101.0;171.0;121.0;153.0;162.0;126.0;174.0;144.0;462.0;137.0;125.0;226.0;101.0;243.0;358.0;104.0;200.0;139.0;194.0;241.0;118.0;110.0;170.0;473.0;418.0;42.0;96.0;186.0;684.0
246;74.0;93.0;351.0;121.0;157.0;157.0;139.0;69.0;96.0;120.0;76.0;169.0;752.0;305.0;145.0;775.0;76.0;228.0;162.0;417.0;113.0;106.0;451.0;298.0;3.0;171.0;201.0;92.0;158.0;123.0;146.0;96.0;233.0;140.0;74.0;23.0;202.0;96.0;98.0;143.0;156.0;139.0;48.0;128.0;217.0;290.0;162.0;76.0;156.0;131.0;139.0;89.0;144.0;414.0;55.0;150.0;146.0;170.0;102.0;51.0;149.0;161.0;274.0;452.0;117.0;144.0;42.0;69.0;92.0;697.0;256.0;156.0;414.0;465.0;190.0;76.0;109.0;139.0;65.0;752.0;150.0;89.0;76.0;190.0;155.0;90.0;23.0;120.0;128.0;80.0;438.0;190.0;311.0;752.0;223.0;106.0;16.0;68.0;96.0;422.0;96.0;74.0;76.0;133.0;65.0;96.0;112.0;126.0;106.0;78.0;100.0;60.0;299.0;190.0;199.0;136.0;76.0;57.0;143.0;131.0;151.0;80.0;108.0;752.0;43.0;150.0;146.0;52.0;114.0;120.0;117.0;98.0;451.0;523.0;106.0;113.0;143.0;70.0;91.0;143.0;778.0;57.0;51.0;113.0;42.0;0.0;143.0;241.0;222.0;65.0;73.0;649.0;143.0;143.0;98.0;180.0;152.0;150.0;69.0;202.0;44.0;162.0;143.0;146.0;96.0;195.0;157.0;152.0;208.0;215.0;117.0;123.0;135.0;109.0;190.0;72.0;143.0;219.0;39.0;69.0;161.0;161.0;159.0;6.0;271.0;752.0;161.0;752.0;161.0;76.0;96.0;109.0;62.0;72.0;98.0;123.0;190.0;119.0;143.0;150.0;133.0;87.0;174.0;52.0;100.0;77.0;192.0;146.0;106.0;6.0;67.0;43.0;96.0;752.0;76.0;223.0;106.0;20.0;98.0;143.0;213.0;109.0;83.0;65.0;112.0;150.0;80.0;76.0;23.0;128.0;146.0;128.0;147.0;95.0;99.0;77.0;76.0;87.0;144.0;93.0;280.0;76.0;105.0;290.0;120.0;283.0;752.0;150.0;45.0;752.0;131.0;118.0;150.0;98.0;429.0;76.0;210.0;150.0;85.0;146.0;113.0;45.0;145.0;176.0;219.0;520.0;752.0;298.0;149.0;70.0;96.0;120.0;59.0;129.0;80.0;143.0;124.0;84.0;139.0;105.0;445.0;97.0;96.0;185.0;59.0;201.0;319.0;62.0;162.0;97.0;163.0;199.0;76.0;68.0;131.0;431.0;377.0;1.0;54.0;150.0;690.0
247;144.0;135.0;320.0;130.0;134.0;138.0;109.0;150.0;75.0;126.0;140.0;146.0;858.0;342.0;253.0;878.0;140.0;258.0;94.0;274.0;130.0;66.0;315.0;336.0;143.0;145.0;210.0;88.0;131.0;130.0;10.0;130.0;251.0;130.0;140.0;144.0;209.0;75.0;61.0;1.0;130.0;109.0;149.0;126.0;127.0;361.0;94.0;140.0;182.0;132.0;146.0;167.0;187.0;272.0;144.0;118.0;10.0;153.0;144.0;120.0;142.0;134.0;307.0;315.0;159.0;187.0;146.0;150.0;94.0;815.0;285.0;182.0;272.0;447.0;118.0;140.0;106.0;109.0;158.0;858.0;118.0;137.0;140.0;118.0;112.0;99.0;144.0;126.0;126.0;148.0;296.0;118.0;347.0;858.0;249.0;66.0;144.0;146.0;130.0;281.0;75.0;156.0;140.0;142.0;143.0;124.0;149.0;141.0;66.0;138.0;144.0;106.0;334.0;118.0;225.0;133.0;140.0;162.0;1.0;132.0;195.0;140.0;136.0;858.0;157.0;118.0;10.0;148.0;121.0;163.0;111.0;61.0;315.0;409.0;66.0;127.0;1.0;146.0;132.0;1.0;882.0;148.0;120.0;130.0;153.0;143.0;0.0;260.0;250.0;163.0;146.0;765.0;122.0;1.0;61.0;232.0;244.0;132.0;150.0;209.0;150.0;126.0;1.0;10.0;75.0;234.0;134.0;119.0;275.0;147.0;160.0;138.0;32.0;126.0;118.0;138.0;1.0;337.0;143.0;142.0;134.0;134.0;134.0;139.0;303.0;858.0;184.0;858.0;134.0;140.0;75.0;131.0;147.0;138.0;165.0;130.0;118.0;162.0;1.0;158.0;118.0;134.0;201.0;148.0;118.0;154.0;192.0;10.0;66.0;139.0;156.0;147.0;75.0;858.0;140.0;249.0;128.0;144.0;61.0;1.0;146.0;126.0;177.0;143.0;159.0;118.0;137.0;132.0;144.0;116.0;144.0;114.0;236.0;142.0;134.0;191.0;140.0;134.0;131.0;135.0;314.0;140.0;129.0;325.0;126.0;317.0;858.0;123.0;154.0;858.0;129.0;137.0;118.0;61.0;289.0;140.0;144.0;118.0;175.0;10.0;127.0;154.0;128.0;200.0;337.0;407.0;858.0;336.0;170.0;146.0;130.0;126.0;148.0;177.0;137.0;1.0;126.0;146.0;109.0;129.0;309.0;134.0;75.0;233.0;148.0;228.0;282.0;147.0;143.0;165.0;97.0;234.0;150.0;146.0;132.0;415.0;354.0;143.0;149.0;118.0;582.0
248;168.0;153.0;133.0;138.0;127.0;123.0;151.0;172.0;197.0;141.0;166.0;115.0;637.0;83.0;166.0;655.0;166.0;21.0;172.0;446.0;142.0;201.0;418.0;78.0;244.0;117.0;50.0;187.0;130.0;137.0;253.0;153.0;10.0;131.0;168.0;218.0;51.0;197.0;278.0;260.0;130.0;151.0;193.0;138.0;184.0;133.0;172.0;166.0;88.0;132.0;118.0;154.0;97.0;449.0;187.0;142.0;253.0;108.0;143.0;279.0;119.0;127.0;49.0;423.0;125.0;97.0;200.0;172.0;182.0;888.0;27.0;88.0;449.0;228.0;164.0;166.0;162.0;151.0;178.0;637.0;142.0;156.0;166.0;164.0;150.0;178.0;218.0;141.0;138.0;162.0;444.0;164.0;88.0;637.0;19.0;201.0;225.0;173.0;153.0;428.0;197.0;168.0;166.0;124.0;177.0;156.0;133.0;128.0;201.0;165.0;144.0;278.0;75.0;164.0;42.0;129.0;166.0;189.0;260.0;132.0;91.0;163.0;141.0;637.0;284.0;142.0;253.0;189.0;147.0;122.0;155.0;278.0;418.0;406.0;201.0;144.0;260.0;171.0;156.0;260.0;659.0;184.0;279.0;142.0;283.0;241.0;260.0;0.0;22.0;179.0;168.0;845.0;138.0;260.0;278.0;72.0;135.0;129.0;172.0;51.0;198.0;137.0;260.0;253.0;197.0;51.0;127.0;142.0;88.0;151.0;126.0;131.0;229.0;147.0;164.0;171.0;260.0;435.0;279.0;173.0;127.0;127.0;127.0;236.0;45.0;637.0;84.0;637.0;127.0;166.0;197.0;144.0;179.0;171.0;144.0;137.0;164.0;123.0;260.0;105.0;143.0;159.0;68.0;189.0;158.0;165.0;69.0;253.0;201.0;236.0;175.0;198.0;197.0;637.0;166.0;19.0;147.0;222.0;278.0;260.0;151.0;147.0;164.0;177.0;130.0;142.0;163.0;169.0;218.0;147.0;118.0;148.0;131.0;149.0;149.0;185.0;166.0;159.0;129.0;153.0;56.0;166.0;148.0;66.0;141.0;59.0;637.0;138.0;199.0;637.0;134.0;135.0;142.0;278.0;427.0;166.0;150.0;142.0;162.0;253.0;144.0;199.0;132.0;67.0;435.0;402.0;637.0;78.0;98.0;171.0;153.0;141.0;183.0;113.0;163.0;260.0;139.0;158.0;151.0;148.0;410.0;151.0;197.0;65.0;183.0;41.0;119.0;179.0;118.0;145.0;170.0;45.0;165.0;173.0;132.0;194.0;148.0;241.0;188.0;142.0;768.0
249;149.0;136.0;155.0;124.0;119.0;114.0;141.0;152.0;184.0;127.0;148.0;109.0;634.0;92.0;144.0;652.0;148.0;7.0;166.0;449.0;127.0;188.0;426.0;86.0;224.0;111.0;43.0;173.0;122.0;123.0;244.0;137.0;19.0;121.0;150.0;199.0;46.0;184.0;263.0;250.0;122.0;141.0;174.0;125.0;184.0;127.0;166.0;148.0;72.0;120.0;106.0;134.0;78.0;451.0;167.0;134.0;244.0;102.0;125.0;261.0;109.0;119.0;57.0;431.0;108.0;78.0;180.0;152.0;167.0;866.0;36.0;72.0;451.0;250.0;161.0;148.0;148.0;141.0;157.0;634.0;134.0;138.0;148.0;161.0;143.0;163.0;199.0;127.0;125.0;143.0;449.0;161.0;98.0;634.0;5.0;188.0;206.0;154.0;137.0;433.0;184.0;148.0;148.0;110.0;158.0;140.0;116.0;113.0;188.0;147.0;127.0;261.0;84.0;161.0;25.0;117.0;148.0;168.0;250.0;120.0;71.0;144.0;125.0;634.0;265.0;134.0;244.0;169.0;133.0;104.0;142.0;263.0;426.0;422.0;188.0;129.0;250.0;152.0;139.0;250.0;656.0;164.0;261.0;127.0;264.0;222.0;250.0;22.0;0.0;158.0;149.0;823.0;129.0;250.0;263.0;50.0;112.0;119.0;152.0;46.0;178.0;130.0;250.0;244.0;184.0;29.0;119.0;134.0;69.0;153.0;108.0;117.0;219.0;132.0;161.0;152.0;250.0;413.0;260.0;154.0;119.0;119.0;119.0;217.0;53.0;634.0;69.0;634.0;119.0;148.0;184.0;129.0;160.0;152.0;124.0;123.0;161.0;105.0;250.0;92.0;132.0;141.0;51.0;169.0;143.0;145.0;64.0;244.0;188.0;217.0;155.0;179.0;184.0;634.0;148.0;5.0;132.0;202.0;263.0;250.0;152.0;132.0;143.0;158.0;112.0;134.0;145.0;151.0;199.0;135.0;107.0;136.0;108.0;131.0;132.0;163.0;148.0;141.0;119.0;136.0;64.0;148.0;132.0;75.0;127.0;67.0;634.0;129.0;179.0;634.0;122.0;120.0;134.0;263.0;432.0;148.0;151.0;134.0;141.0;244.0;129.0;179.0;122.0;51.0;413.0;418.0;634.0;86.0;83.0;152.0;137.0;127.0;163.0;93.0;145.0;250.0;126.0;139.0;141.0;132.0;418.0;134.0;184.0;42.0;163.0;23.0;139.0;160.0;110.0;125.0;164.0;24.0;146.0;154.0;120.0;216.0;170.0;222.0;168.0;134.0;768.0
250;26.0;49.0;296.0;80.0;118.0;116.0;110.0;17.0;93.0;81.0;30.0;126.0;702.0;240.0;92.0;724.0;30.0;164.0;141.0;428.0;71.0;104.0;446.0;233.0;68.0;129.0;143.0;82.0;121.0;82.0;163.0;55.0;171.0;101.0;29.0;42.0;144.0;93.0;140.0;163.0;119.0;110.0;19.0;89.0;195.0;226.0;141.0;30.0;98.0;90.0;92.0;25.0;83.0;427.0;19.0;117.0;163.0;126.0;52.0;112.0;105.0;123.0;209.0;448.0;61.0;83.0;25.0;17.0;76.0;733.0;192.0;98.0;427.0;405.0;164.0;30.0;82.0;110.0;6.0;702.0;117.0;44.0;30.0;164.0;126.0;72.0;42.0;81.0;89.0;27.0;443.0;164.0;245.0;702.0;160.0;104.0;49.0;19.0;55.0;427.0;93.0;15.0;30.0;87.0;22.0;59.0;60.0;79.0;104.0;34.0;49.0;117.0;234.0;164.0;137.0;94.0;30.0;10.0;163.0;90.0;88.0;34.0;63.0;702.0;107.0;117.0;163.0;17.0;77.0;63.0;87.0;140.0;446.0;497.0;104.0;73.0;163.0;21.0;50.0;163.0;727.0;16.0;112.0;71.0;107.0;65.0;163.0;179.0;158.0;0.0;23.0;687.0;108.0;163.0;140.0;115.0;91.0;111.0;17.0;144.0;22.0;128.0;163.0;163.0;93.0;131.0;118.0;120.0;143.0;184.0;60.0;77.0;143.0;70.0;164.0;29.0;163.0;264.0;105.0;24.0;123.0;123.0;120.0;62.0;206.0;702.0;103.0;702.0;123.0;30.0;93.0;67.0;16.0;29.0;36.0;82.0;164.0;62.0;163.0;99.0;99.0;44.0;114.0;17.0;67.0;19.0;138.0;163.0;104.0;62.0;9.0;23.0;93.0;702.0;30.0;160.0;66.0;46.0;140.0;163.0;182.0;70.0;18.0;22.0;55.0;117.0;37.0;38.0;42.0;94.0;101.0;96.0;85.0;46.0;55.0;29.0;30.0;44.0;104.0;49.0;215.0;30.0;64.0;225.0;81.0;218.0;702.0;115.0;21.0;702.0;90.0;73.0;117.0;140.0;432.0;30.0;179.0;117.0;19.0;163.0;73.0;21.0;107.0;116.0;264.0;494.0;702.0;233.0;93.0;21.0;55.0;81.0;15.0;68.0;37.0;163.0;84.0;33.0;110.0;64.0;439.0;53.0;93.0;120.0;15.0;138.0;267.0;16.0;121.0;35.0;142.0;135.0;22.0;19.0;90.0;371.0;320.0;65.0;15.0;117.0;720.0
251;3.0;27.0;279.0;58.0;96.0;94.0;87.0;6.0;73.0;58.0;7.0;105.0;714.0;235.0;107.0;735.0;7.0;155.0;119.0;408.0;49.0;85.0;424.0;228.0;76.0;107.0;128.0;62.0;99.0;60.0;145.0;32.0;160.0;79.0;7.0;51.0;129.0;73.0;131.0;146.0;97.0;87.0;27.0;66.0;173.0;229.0;119.0;7.0;83.0;68.0;71.0;22.0;71.0;407.0;19.0;94.0;145.0;105.0;31.0;113.0;83.0;101.0;203.0;426.0;44.0;71.0;33.0;6.0;56.0;754.0;184.0;83.0;407.0;392.0;142.0;7.0;59.0;87.0;17.0;714.0;94.0;21.0;7.0;142.0;103.0;51.0;51.0;58.0;66.0;6.0;422.0;142.0;240.0;714.0;150.0;85.0;57.0;5.0;32.0;406.0;73.0;10.0;7.0;66.0;9.0;36.0;40.0;58.0;85.0;11.0;29.0;116.0;228.0;142.0;126.0;72.0;7.0;29.0;146.0;68.0;78.0;11.0;41.0;714.0;116.0;94.0;145.0;22.0;55.0;47.0;64.0;131.0;424.0;475.0;85.0;50.0;146.0;3.0;27.0;146.0;738.0;17.0;113.0;49.0;115.0;73.0;146.0;168.0;149.0;23.0;0.0;708.0;85.0;146.0;131.0;110.0;99.0;89.0;6.0;129.0;32.0;105.0;146.0;145.0;73.0;123.0;96.0;97.0;144.0;161.0;44.0;56.0;124.0;47.0;142.0;8.0;146.0;282.0;111.0;5.0;101.0;101.0;98.0;68.0;199.0;714.0;88.0;714.0;101.0;7.0;73.0;44.0;12.0;8.0;26.0;60.0;142.0;46.0;146.0;80.0;76.0;21.0;101.0;22.0;44.0;8.0;121.0;145.0;85.0;68.0;14.0;31.0;73.0;714.0;7.0;150.0;43.0;54.0;131.0;146.0;159.0;47.0;31.0;9.0;39.0;94.0;14.0;16.0;51.0;72.0;80.0;73.0;92.0;25.0;33.0;50.0;7.0;21.0;82.0;27.0;209.0;7.0;41.0;219.0;58.0;212.0;714.0;93.0;34.0;714.0;68.0;52.0;94.0;131.0;410.0;7.0;156.0;94.0;29.0;145.0;50.0;34.0;85.0;103.0;282.0;471.0;714.0;228.0;76.0;3.0;32.0;58.0;16.0;56.0;14.0;146.0;62.0;12.0;87.0;41.0;417.0;30.0;73.0;114.0;16.0;128.0;249.0;12.0;99.0;26.0;119.0;126.0;4.0;5.0;68.0;358.0;305.0;73.0;21.0;94.0;708.0
252;710.0;734.0;975.0;765.0;803.0;802.0;788.0;702.0;744.0;765.0;714.0;813.0;953.0;869.0;680.0;980.0;714.0;825.0;810.0;1008.0;756.0;753.0;1075.0;862.0;647.0;815.0;823.0;741.0;805.0;767.0;773.0;739.0;841.0;785.0;712.0;665.0;826.0;744.0;704.0;765.0;803.0;788.0;682.0;773.0;866.0;801.0;810.0;714.0;782.0;775.0;779.0;709.0;763.0;1001.0;691.0;798.0;773.0;813.0;739.0;648.0;791.0;807.0;853.0;1074.0;748.0;763.0;678.0;702.0;741.0;52.0;846.0;782.0;1001.0;1066.0;839.0;714.0;757.0;788.0;692.0;953.0;798.0;729.0;714.0;839.0;804.0;739.0;665.0;765.0;773.0;713.0;1041.0;839.0;872.0;953.0;827.0;753.0;660.0;703.0;739.0;1028.0;744.0;702.0;714.0;774.0;702.0;741.0;747.0;766.0;753.0;717.0;736.0;661.0;867.0;839.0;809.0;779.0;714.0;679.0;765.0;775.0;765.0;718.0;749.0;953.0;617.0;798.0;773.0;687.0;759.0;749.0;765.0;704.0;1075.0;1169.0;753.0;757.0;765.0;705.0;733.0;765.0;978.0;691.0;648.0;756.0;620.0;649.0;765.0;845.0;823.0;687.0;708.0;0.0;790.0;765.0;704.0;773.0;711.0;795.0;702.0;826.0;678.0;810.0;765.0;773.0;744.0;795.0;803.0;800.0;768.0;864.0;747.0;764.0;772.0;753.0;839.0;711.0;765.0;431.0;629.0;706.0;807.0;807.0;805.0;655.0;851.0;953.0;787.0;953.0;807.0;714.0;744.0;751.0;696.0;711.0;722.0;767.0;839.0;748.0;765.0;786.0;780.0;728.0;793.0;687.0;747.0;706.0;823.0;773.0;753.0;655.0;695.0;679.0;744.0;953.0;714.0;827.0;750.0;662.0;704.0;765.0;862.0;753.0;694.0;702.0;742.0;798.0;720.0;718.0;665.0;775.0;788.0;776.0;715.0;733.0;740.0;670.0;714.0;728.0;789.0;734.0;856.0;714.0;748.0;861.0;765.0;857.0;953.0;797.0;674.0;953.0;775.0;759.0;798.0;704.0;1040.0;714.0;859.0;798.0;698.0;773.0;757.0;674.0;791.0;796.0;431.0;1167.0;953.0;862.0;779.0;705.0;739.0;765.0;693.0;750.0;720.0;765.0;768.0;719.0;788.0;748.0;1070.0;737.0;744.0;781.0;693.0;809.0;951.0;696.0;807.0;720.0;812.0;801.0;708.0;703.0;775.0;1034.0;993.0;649.0;687.0;798.0;1056.0
253;82.0;58.0;216.0;28.0;15.0;17.0;13.0;91.0;64.0;27.0;78.0;29.0;750.0;220.0;171.0;769.0;78.0;136.0;44.0;343.0;37.0;64.0;345.0;214.0;145.0;30.0;89.0;58.0;16.0;26.0;115.0;53.0;129.0;10.0;79.0;125.0;88.0;64.0;144.0;122.0;14.0;13.0;109.0;19.0;90.0;245.0;44.0;78.0;65.0;20.0;29.0;93.0;76.0;344.0;100.0;10.0;115.0;33.0;58.0;163.0;20.0;19.0;185.0;348.0;60.0;76.0;112.0;91.0;55.0;837.0;163.0;65.0;344.0;339.0;58.0;78.0;35.0;13.0;102.0;750.0;10.0;64.0;78.0;58.0;21.0;55.0;125.0;27.0;19.0;81.0;351.0;58.0;226.0;750.0;127.0;64.0;131.0;90.0;53.0;335.0;64.0;93.0;78.0;29.0;90.0;50.0;54.0;34.0;64.0;75.0;60.0;157.0;212.0;58.0;104.0;18.0;78.0;114.0;122.0;20.0;83.0;74.0;46.0;750.0;182.0;10.0;115.0;104.0;31.0;62.0;26.0;144.0;345.0;389.0;64.0;35.0;122.0;87.0;59.0;122.0;773.0;100.0;163.0;37.0;180.0;143.0;122.0;138.0;129.0;108.0;85.0;790.0;0.0;122.0;144.0;118.0;150.0;10.0;91.0;88.0;113.0;20.0;122.0;115.0;64.0;115.0;15.0;12.0;163.0;76.0;62.0;34.0;90.0;38.0;58.0;81.0;122.0;361.0;172.0;86.0;19.0;19.0;16.0;137.0;181.0;750.0;65.0;750.0;19.0;78.0;64.0;41.0;96.0;81.0;82.0;26.0;58.0;62.0;122.0;39.0;10.0;64.0;81.0;104.0;43.0;90.0;70.0;115.0;64.0;137.0;99.0;111.0;64.0;750.0;78.0;127.0;42.0;129.0;144.0;122.0;74.0;38.0;108.0;90.0;64.0;10.0;72.0;73.0;125.0;15.0;23.0;15.0;141.0;62.0;53.0;133.0;78.0;64.0;10.0;58.0;192.0;78.0;44.0;203.0;27.0;195.0;750.0;7.0;117.0;750.0;19.0;37.0;10.0;144.0;338.0;78.0;71.0;10.0;105.0;115.0;35.0;117.0;6.0;80.0;361.0;386.0;750.0;214.0;54.0;87.0;53.0;27.0;99.0;73.0;72.0;122.0;24.0;75.0;13.0;44.0;338.0;55.0;64.0;116.0;99.0;107.0;181.0;96.0;23.0;84.0;43.0;115.0;86.0;90.0;20.0;305.0;247.0;143.0;104.0;10.0;666.0
254;144.0;135.0;320.0;130.0;134.0;138.0;109.0;150.0;75.0;126.0;140.0;146.0;858.0;342.0;253.0;878.0;140.0;258.0;94.0;274.0;130.0;66.0;315.0;336.0;143.0;145.0;210.0;88.0;131.0;130.0;10.0;130.0;251.0;130.0;140.0;144.0;209.0;75.0;61.0;1.0;130.0;109.0;149.0;126.0;127.0;361.0;94.0;140.0;182.0;132.0;146.0;167.0;187.0;272.0;144.0;118.0;10.0;153.0;144.0;120.0;142.0;134.0;307.0;315.0;159.0;187.0;146.0;150.0;94.0;815.0;285.0;182.0;272.0;447.0;118.0;140.0;106.0;109.0;158.0;858.0;118.0;137.0;140.0;118.0;112.0;99.0;144.0;126.0;126.0;148.0;296.0;118.0;347.0;858.0;249.0;66.0;144.0;146.0;130.0;281.0;75.0;156.0;140.0;142.0;143.0;124.0;149.0;141.0;66.0;138.0;144.0;106.0;334.0;118.0;225.0;133.0;140.0;162.0;1.0;132.0;195.0;140.0;136.0;858.0;157.0;118.0;10.0;148.0;121.0;163.0;111.0;61.0;315.0;409.0;66.0;127.0;1.0;146.0;132.0;1.0;882.0;148.0;120.0;130.0;153.0;143.0;1.0;260.0;250.0;163.0;146.0;765.0;122.0;0.0;61.0;232.0;244.0;132.0;150.0;209.0;150.0;126.0;1.0;10.0;75.0;234.0;134.0;119.0;275.0;147.0;160.0;138.0;32.0;126.0;118.0;138.0;1.0;337.0;143.0;142.0;134.0;134.0;134.0;139.0;303.0;858.0;184.0;858.0;134.0;140.0;75.0;131.0;147.0;138.0;165.0;130.0;118.0;162.0;1.0;158.0;118.0;134.0;201.0;148.0;118.0;154.0;192.0;10.0;66.0;139.0;156.0;147.0;75.0;858.0;140.0;249.0;128.0;144.0;61.0;1.0;146.0;126.0;177.0;143.0;159.0;118.0;137.0;132.0;144.0;116.0;144.0;114.0;236.0;142.0;134.0;191.0;140.0;134.0;131.0;135.0;314.0;140.0;129.0;325.0;126.0;317.0;858.0;123.0;154.0;858.0;129.0;137.0;118.0;61.0;289.0;140.0;144.0;118.0;175.0;10.0;127.0;154.0;128.0;200.0;337.0;407.0;858.0;336.0;170.0;146.0;130.0;126.0;148.0;177.0;137.0;1.0;126.0;146.0;109.0;129.0;309.0;134.0;75.0;233.0;148.0;228.0;282.0;147.0;143.0;165.0;97.0;234.0;150.0;146.0;132.0;415.0;354.0;143.0;149.0;118.0;582.0
255;129.0;131.0;358.0;140.0;159.0;162.0;133.0;132.0;81.0;137.0;127.0;172.0;842.0;354.0;231.0;864.0;127.0;270.0;134.0;327.0;136.0;80.0;375.0;348.0;98.0;173.0;229.0;90.0;158.0;141.0;69.0;128.0;268.0;149.0;126.0;108.0;229.0;81.0;1.0;61.0;156.0;133.0;122.0;140.0;179.0;359.0;134.0;127.0;192.0;146.0;159.0;153.0;190.0;323.0;121.0;145.0;69.0;178.0;141.0;62.0;161.0;161.0;320.0;374.0;159.0;190.0;117.0;132.0;96.0;754.0;299.0;192.0;323.0;482.0;162.0;127.0;116.0;133.0;136.0;842.0;145.0;130.0;127.0;162.0;143.0;100.0;108.0;137.0;140.0;135.0;352.0;162.0;360.0;842.0;263.0;80.0;105.0;129.0;128.0;337.0;81.0;138.0;127.0;154.0;124.0;124.0;150.0;150.0;80.0;126.0;141.0;48.0;347.0;162.0;238.0;149.0;127.0;135.0;61.0;146.0;198.0;129.0;138.0;842.0;101.0;145.0;69.0;123.0;130.0;164.0;123.0;1.0;375.0;469.0;80.0;134.0;61.0;129.0;128.0;61.0;867.0;125.0;62.0;136.0;97.0;98.0;61.0;278.0;263.0;140.0;131.0;704.0;144.0;61.0;0.0;234.0;229.0;154.0;132.0;229.0;121.0;156.0;61.0;69.0;81.0;242.0;159.0;147.0;273.0;192.0;160.0;147.0;75.0;131.0;162.0;124.0;61.0;277.0;87.0;126.0;161.0;161.0;160.0;96.0;316.0;842.0;195.0;842.0;161.0;127.0;81.0;135.0;127.0;124.0;155.0;141.0;162.0;162.0;61.0;173.0;137.0;127.0;212.0;123.0;121.0;138.0;213.0;69.0;80.0;96.0;135.0;119.0;81.0;842.0;127.0;263.0;131.0;107.0;1.0;61.0;190.0;131.0;157.0;124.0;157.0;145.0;126.0;120.0;108.0;132.0;161.0;132.0;223.0;137.0;133.0;163.0;127.0;127.0;151.0;131.0;327.0;127.0;131.0;338.0;137.0;330.0;842.0;148.0;125.0;842.0;144.0;144.0;145.0;1.0;346.0;127.0;188.0;145.0;157.0;69.0;134.0;125.0;150.0;212.0;277.0;467.0;842.0;348.0;181.0;129.0;128.0;137.0;125.0;177.0;126.0;61.0;139.0;135.0;133.0;131.0;369.0;132.0;81.0;237.0;125.0;241.0;321.0;127.0;167.0;155.0;136.0;244.0;135.0;129.0;146.0;449.0;390.0;98.0;125.0;145.0;612.0
256;110.0;104.0;203.0;103.0;114.0;109.0;130.0;112.0;160.0;106.0;110.0;108.0;632.0;125.0;96.0;651.0;110.0;53.0;161.0;457.0;102.0;167.0;446.0;118.0;183.0;111.0;63.0;148.0;117.0;103.0;228.0;106.0;67.0;108.0;112.0;157.0;66.0;160.0;234.0;232.0;117.0;130.0;132.0;107.0;193.0;128.0;161.0;110.0;53.0;102.0;89.0;92.0;46.0;458.0;127.0;126.0;228.0;102.0;93.0;223.0;99.0;116.0;95.0;450.0;76.0;46.0;138.0;112.0;141.0;816.0;79.0;53.0;458.0;299.0;165.0;110.0;126.0;130.0;115.0;632.0;126.0;104.0;110.0;165.0;136.0;137.0;157.0;106.0;107.0;104.0;461.0;165.0;131.0;632.0;54.0;167.0;164.0;114.0;106.0;445.0;160.0;107.0;110.0;92.0;118.0;111.0;85.0;91.0;167.0;111.0;94.0;225.0;119.0;165.0;39.0;102.0;110.0;124.0;232.0;102.0;37.0;108.0;98.0;632.0;222.0;126.0;228.0;128.0;111.0;71.0;122.0;234.0;446.0;457.0;167.0;105.0;232.0;113.0;107.0;232.0;655.0;123.0;223.0;102.0;221.0;180.0;232.0;72.0;50.0;115.0;110.0;773.0;118.0;232.0;234.0;0.0;64.0;111.0;112.0;66.0;136.0;127.0;232.0;228.0;160.0;22.0;114.0;127.0;45.0;165.0;75.0;94.0;203.0;107.0;165.0;115.0;232.0;364.0;219.0;115.0;116.0;116.0;115.0;176.0;91.0;632.0;54.0;632.0;116.0;110.0;160.0;102.0;119.0;115.0;84.0;103.0;165.0;73.0;232.0;79.0;117.0;108.0;42.0;128.0;116.0;105.0;76.0;228.0;167.0;176.0;113.0;137.0;160.0;632.0;110.0;54.0;105.0;160.0;234.0;232.0;164.0;107.0;98.0;118.0;78.0;126.0;110.0;116.0;157.0;119.0;95.0;120.0;59.0;97.0;102.0;116.0;110.0;108.0;108.0;104.0;100.0;110.0;105.0;110.0;106.0;103.0;632.0;121.0;136.0;632.0;105.0;95.0;126.0;234.0;446.0;110.0;162.0;126.0;96.0;228.0;105.0;136.0;112.0;45.0;364.0;453.0;632.0;118.0;64.0;113.0;106.0;106.0;122.0;58.0;110.0;232.0;106.0;102.0;130.0;105.0;438.0;103.0;160.0;7.0;122.0;39.0;184.0;119.0;107.0;84.0;159.0;28.0;106.0;114.0;102.0;265.0;220.0;180.0;126.0;126.0;768.0
257;102.0;110.0;267.0;126.0;152.0;147.0;159.0;98.0;169.0;128.0;104.0;152.0;615.0;169.0;31.0;636.0;104.0;114.0;193.0;492.0;120.0;179.0;493.0;162.0;154.0;155.0;124.0;156.0;155.0;127.0;241.0;115.0;131.0;140.0;105.0;131.0;127.0;169.0;229.0;244.0;154.0;159.0;110.0;133.0;237.0;138.0;193.0;104.0;97.0;130.0;121.0;77.0;78.0;493.0;109.0;160.0;241.0;147.0;102.0;201.0;135.0;155.0;146.0;496.0;91.0;78.0;115.0;98.0;150.0;753.0;135.0;97.0;493.0;357.0;206.0;104.0;143.0;159.0;94.0;615.0;160.0;107.0;104.0;206.0;171.0;145.0;131.0;128.0;133.0;96.0;501.0;206.0;174.0;615.0;117.0;179.0;137.0;101.0;115.0;485.0;169.0;91.0;104.0;121.0;105.0;121.0;100.0;116.0;179.0;106.0;101.0;207.0;166.0;206.0;103.0;132.0;104.0;97.0;244.0;130.0;74.0;104.0;112.0;615.0;189.0;160.0;241.0;107.0;130.0;88.0;142.0;229.0;493.0;516.0;179.0;123.0;244.0;101.0;112.0;244.0;639.0;105.0;201.0;120.0;190.0;152.0;244.0;135.0;112.0;91.0;99.0;711.0;150.0;244.0;229.0;64.0;0.0;146.0;98.0;127.0;112.0;165.0;244.0;241.0;169.0;86.0;152.0;162.0;64.0;213.0;90.0;118.0;218.0;123.0;206.0;107.0;244.0;309.0;190.0;104.0;155.0;155.0;153.0;149.0;143.0;615.0;101.0;615.0;155.0;104.0;169.0;118.0;103.0;107.0;79.0;127.0;206.0;89.0;244.0;118.0;145.0;110.0;97.0;107.0;129.0;91.0;133.0;241.0;179.0;149.0;94.0;114.0;169.0;615.0;104.0;117.0;120.0;134.0;229.0;244.0;212.0;123.0;73.0;105.0;89.0;160.0;107.0;112.0;131.0;144.0;130.0;146.0;9.0;102.0;111.0;76.0;104.0;110.0;141.0;110.0;150.0;104.0;118.0;158.0;128.0;152.0;615.0;156.0;110.0;615.0;132.0;116.0;160.0;229.0;488.0;104.0;210.0;160.0;73.0;241.0;123.0;110.0;146.0;100.0;309.0;512.0;615.0;162.0;103.0;101.0;115.0;128.0;104.0;77.0;107.0;244.0;130.0;98.0;159.0;118.0;486.0;110.0;169.0;72.0;104.0;103.0;248.0;103.0;148.0;78.0;192.0;92.0;95.0;101.0;130.0;325.0;282.0;152.0;106.0;160.0;786.0
258;86.0;62.0;207.0;31.0;7.0;8.0;22.0;95.0;74.0;31.0;82.0;20.0;743.0;210.0;169.0;762.0;82.0;127.0;50.0;348.0;39.0;75.0;347.0;205.0;152.0;21.0;79.0;67.0;10.0;29.0;125.0;57.0;119.0;10.0;83.0;131.0;78.0;74.0;154.0;132.0;8.0;22.0;113.0;23.0;91.0;237.0;50.0;82.0;57.0;21.0;25.0;94.0;71.0;349.0;104.0;15.0;125.0;24.0;60.0;171.0;12.0;12.0;175.0;351.0;58.0;71.0;117.0;95.0;64.0;842.0;154.0;57.0;349.0;329.0;60.0;82.0;43.0;22.0;106.0;743.0;15.0;67.0;82.0;60.0;26.0;63.0;131.0;31.0;23.0;84.0;355.0;60.0;216.0;743.0;117.0;75.0;137.0;93.0;57.0;339.0;74.0;96.0;82.0;27.0;94.0;55.0;54.0;33.0;75.0;78.0;62.0;166.0;202.0;60.0;95.0;17.0;82.0;118.0;132.0;21.0;77.0;78.0;48.0;743.0;189.0;15.0;125.0;109.0;36.0;60.0;34.0;154.0;347.0;387.0;75.0;39.0;132.0;91.0;62.0;132.0;766.0;104.0;171.0;39.0;187.0;150.0;132.0;129.0;119.0;111.0;89.0;795.0;10.0;132.0;154.0;111.0;146.0;0.0;95.0;78.0;118.0;19.0;132.0;125.0;74.0;107.0;7.0;16.0;156.0;73.0;60.0;34.0;100.0;42.0;60.0;85.0;132.0;367.0;180.0;90.0;12.0;12.0;9.0;144.0;171.0;743.0;57.0;743.0;12.0;82.0;74.0;44.0;100.0;85.0;83.0;29.0;60.0;60.0;132.0;32.0;18.0;68.0;73.0;109.0;49.0;92.0;60.0;125.0;75.0;144.0;103.0;116.0;74.0;743.0;82.0;117.0;46.0;135.0;154.0;132.0;72.0;42.0;110.0;94.0;63.0;15.0;76.0;77.0;131.0;23.0;16.0;23.0;138.0;65.0;56.0;135.0;82.0;68.0;7.0;62.0;183.0;82.0;47.0;193.0;31.0;186.0;743.0;10.0;121.0;743.0;20.0;38.0;15.0;154.0;342.0;82.0;69.0;15.0;107.0;125.0;39.0;121.0;5.0;71.0;367.0;383.0;743.0;205.0;47.0;91.0;57.0;31.0;103.0;70.0;76.0;132.0;27.0;78.0;22.0;47.0;340.0;58.0;74.0;109.0;103.0;98.0;172.0;100.0;14.0;84.0;48.0;106.0;89.0;93.0;21.0;295.0;237.0;150.0;108.0;15.0;672.0
259;9.0;33.0;284.0;64.0;102.0;100.0;93.0;1.0;77.0;65.0;13.0;111.0;712.0;237.0;104.0;733.0;13.0;158.0;124.0;412.0;55.0;89.0;429.0;230.0;72.0;113.0;132.0;66.0;105.0;66.0;149.0;38.0;164.0;85.0;12.0;46.0;134.0;77.0;132.0;150.0;103.0;93.0;22.0;72.0;178.0;230.0;124.0;13.0;88.0;74.0;77.0;22.0;75.0;411.0;15.0;100.0;149.0;111.0;37.0;111.0;89.0;107.0;205.0;431.0;49.0;75.0;28.0;1.0;60.0;748.0;187.0;88.0;411.0;397.0;148.0;13.0;65.0;93.0;11.0;712.0;100.0;27.0;13.0;148.0;109.0;56.0;46.0;65.0;72.0;12.0;427.0;148.0;243.0;712.0;154.0;89.0;53.0;3.0;38.0;411.0;77.0;6.0;13.0;72.0;7.0;42.0;46.0;64.0;89.0;17.0;34.0;114.0;231.0;148.0;129.0;78.0;13.0;23.0;150.0;74.0;81.0;17.0;47.0;712.0;112.0;100.0;149.0;17.0;61.0;52.0;70.0;132.0;429.0;481.0;89.0;56.0;150.0;4.0;33.0;150.0;736.0;12.0;111.0;55.0;111.0;69.0;150.0;172.0;152.0;17.0;6.0;702.0;91.0;150.0;132.0;112.0;98.0;95.0;0.0;134.0;27.0;111.0;150.0;149.0;77.0;126.0;102.0;103.0;145.0;167.0;48.0;62.0;128.0;53.0;148.0;12.0;150.0;276.0;108.0;7.0;107.0;107.0;104.0;65.0;202.0;712.0;93.0;712.0;107.0;13.0;77.0;50.0;8.0;12.0;29.0;66.0;148.0;50.0;150.0;85.0;82.0;27.0;105.0;17.0;50.0;8.0;126.0;149.0;89.0;65.0;8.0;27.0;77.0;712.0;13.0;154.0;49.0;50.0;132.0;150.0;165.0;53.0;27.0;7.0;43.0;100.0;20.0;21.0;46.0;78.0;86.0;79.0;91.0;31.0;39.0;45.0;13.0;27.0;88.0;33.0;212.0;13.0;47.0;222.0;65.0;214.0;712.0;99.0;29.0;712.0;74.0;58.0;100.0;132.0;416.0;13.0;162.0;100.0;26.0;149.0;56.0;29.0;91.0;107.0;276.0;477.0;712.0;230.0;81.0;4.0;38.0;65.0;11.0;59.0;20.0;150.0;68.0;17.0;93.0;47.0;422.0;36.0;77.0;116.0;11.0;131.0;254.0;8.0;105.0;28.0;125.0;129.0;7.0;3.0;74.0;363.0;310.0;69.0;16.0;100.0;708.0
260;128.0;110.0;152.0;90.0;76.0;72.0;100.0;134.0;148.0;93.0;126.0;65.0;680.0;133.0;157.0;698.0;126.0;53.0;122.0;404.0;95.0;151.0;384.0;128.0;205.0;66.0;3.0;139.0;79.0;89.0;203.0;109.0;41.0;81.0;128.0;180.0;1.0;148.0;229.0;209.0;79.0;100.0;156.0;88.0;139.0;172.0;122.0;126.0;46.0;83.0;70.0;120.0;63.0;406.0;148.0;91.0;203.0;58.0;101.0;235.0;69.0;76.0;99.0;389.0;85.0;63.0;162.0;134.0;133.0;870.0;77.0;46.0;406.0;263.0;116.0;126.0;113.0;100.0;142.0;680.0;91.0;113.0;126.0;116.0;99.0;131.0;180.0;93.0;88.0;123.0;404.0;116.0;139.0;680.0;42.0;151.0;186.0;134.0;109.0;389.0;148.0;131.0;126.0;75.0;138.0;111.0;90.0;81.0;151.0;124.0;102.0;233.0;125.0;116.0;29.0;80.0;126.0;154.0;209.0;83.0;61.0;122.0;96.0;680.0;245.0;91.0;203.0;151.0;99.0;82.0;105.0;229.0;384.0;391.0;151.0;97.0;209.0;132.0;112.0;209.0;702.0;146.0;235.0;95.0;243.0;202.0;209.0;51.0;46.0;144.0;129.0;826.0;88.0;209.0;229.0;66.0;127.0;78.0;134.0;0.0;161.0;86.0;209.0;203.0;148.0;49.0;76.0;91.0;104.0;108.0;86.0;84.0;178.0;100.0;116.0;130.0;209.0;407.0;238.0;133.0;76.0;76.0;76.0;197.0;95.0;680.0;41.0;680.0;76.0;126.0;148.0;98.0;141.0;130.0;108.0;89.0;116.0;84.0;209.0;56.0;93.0;116.0;33.0;151.0;111.0;128.0;18.0;203.0;151.0;197.0;139.0;160.0;148.0;680.0;126.0;42.0;101.0;183.0;229.0;209.0;107.0;100.0;133.0;138.0;91.0;91.0;122.0;127.0;180.0;97.0;68.0;98.0;120.0;107.0;105.0;157.0;126.0;116.0;79.0;110.0;106.0;126.0;102.0;116.0;93.0;109.0;680.0;87.0;162.0;680.0;85.0;88.0;91.0;229.0;388.0;126.0;106.0;91.0;130.0;203.0;97.0;162.0;81.0;30.0;407.0;387.0;680.0;128.0;53.0;132.0;109.0;93.0;145.0;77.0;122.0;209.0;90.0;118.0;100.0;102.0;376.0;107.0;148.0;60.0;145.0;31.0;125.0;141.0;67.0;110.0;119.0;44.0;127.0;134.0;83.0;229.0;176.0;202.0;150.0;91.0;726.0
261;34.0;57.0;311.0;87.0;125.0;124.0;112.0;27.0;84.0;87.0;37.0;135.0;721.0;261.0;110.0;743.0;37.0;184.0;141.0;419.0;79.0;96.0;442.0;254.0;47.0;137.0;159.0;75.0;127.0;89.0;151.0;61.0;190.0;108.0;35.0;21.0;161.0;84.0;121.0;150.0;125.0;112.0;5.0;95.0;197.0;248.0;141.0;37.0;115.0;97.0;102.0;45.0;101.0;418.0;14.0;122.0;151.0;136.0;62.0;90.0;114.0;130.0;230.0;444.0;76.0;101.0;4.0;27.0;72.0;724.0;213.0;115.0;418.0;423.0;167.0;37.0;82.0;112.0;21.0;721.0;122.0;51.0;37.0;167.0;129.0;68.0;21.0;87.0;95.0;38.0;436.0;167.0;267.0;721.0;180.0;96.0;28.0;27.0;61.0;420.0;84.0;30.0;37.0;97.0;24.0;63.0;72.0;89.0;96.0;40.0;60.0;95.0;255.0;167.0;156.0;102.0;37.0;15.0;150.0;97.0;107.0;41.0;72.0;721.0;86.0;122.0;151.0;10.0;82.0;79.0;89.0;121.0;442.0;501.0;96.0;79.0;150.0;29.0;56.0;150.0;746.0;15.0;90.0;79.0;86.0;44.0;150.0;198.0;178.0;22.0;32.0;678.0;113.0;150.0;121.0;136.0;112.0;118.0;27.0;161.0;0.0;133.0;150.0;151.0;84.0;151.0;125.0;124.0;165.0;188.0;75.0;87.0;133.0;76.0;167.0;33.0;150.0;251.0;83.0;29.0;130.0;130.0;127.0;40.0;227.0;721.0;120.0;721.0;130.0;37.0;84.0;74.0;19.0;33.0;54.0;89.0;167.0;77.0;150.0;111.0;103.0;50.0;132.0;10.0;70.0;33.0;152.0;151.0;96.0;40.0;23.0;3.0;84.0;721.0;37.0;180.0;72.0;24.0;121.0;150.0;187.0;76.0;40.0;24.0;70.0;122.0;43.0;40.0;21.0;98.0;111.0;100.0;106.0;56.0;63.0;43.0;37.0;50.0;111.0;57.0;236.0;37.0;70.0;246.0;87.0;239.0;721.0;120.0;5.0;721.0;97.0;82.0;122.0;121.0;426.0;37.0;184.0;122.0;41.0;151.0;79.0;5.0;114.0;134.0;251.0;498.0;721.0;254.0;108.0;29.0;61.0;87.0;16.0;86.0;43.0;150.0;91.0;44.0;112.0;70.0;436.0;60.0;84.0;141.0;16.0;158.0;281.0;19.0;129.0;53.0;142.0;155.0;34.0;27.0;97.0;389.0;336.0;44.0;11.0;122.0;708.0
262;102.0;78.0;202.0;48.0;14.0;18.0;24.0;111.0;78.0;47.0;98.0;21.0;758.0;219.0;188.0;777.0;98.0;137.0;36.0;331.0;56.0;76.0;328.0;214.0;165.0;20.0;88.0;74.0;10.0;46.0;118.0;73.0;127.0;28.0;100.0;145.0;86.0;78.0;156.0;126.0;11.0;24.0;129.0;39.0;72.0;251.0;36.0;98.0;74.0;39.0;44.0;112.0;89.0;332.0;120.0;12.0;118.0;28.0;78.0;180.0;30.0;11.0;185.0;332.0;77.0;89.0;132.0;111.0;73.0;857.0;163.0;74.0;332.0;327.0;41.0;98.0;53.0;24.0;122.0;758.0;12.0;84.0;98.0;41.0;14.0;73.0;145.0;47.0;39.0;101.0;337.0;41.0;225.0;758.0;127.0;76.0;151.0;110.0;73.0;321.0;78.0;113.0;98.0;46.0;110.0;70.0;72.0;52.0;76.0;95.0;80.0;173.0;211.0;41.0;107.0;35.0;98.0;134.0;126.0;39.0;95.0;94.0;65.0;758.0;200.0;12.0;118.0;124.0;51.0;79.0;45.0;156.0;328.0;369.0;76.0;55.0;126.0;108.0;79.0;126.0;781.0;120.0;180.0;56.0;198.0;162.0;126.0;137.0;130.0;128.0;105.0;810.0;20.0;126.0;156.0;127.0;165.0;19.0;111.0;86.0;133.0;0.0;126.0;118.0;78.0;121.0;14.0;10.0;172.0;56.0;79.0;52.0;94.0;58.0;41.0;101.0;126.0;381.0;190.0;106.0;11.0;11.0;12.0;157.0;181.0;758.0;72.0;758.0;11.0;98.0;78.0;61.0;116.0;101.0;101.0;46.0;41.0;79.0;126.0;49.0;30.0;84.0;87.0;124.0;63.0;110.0;68.0;118.0;76.0;157.0;119.0;131.0;78.0;758.0;98.0;127.0;62.0;148.0;156.0;126.0;54.0;58.0;128.0;110.0;82.0;12.0;92.0;93.0;145.0;35.0;35.0;34.0;157.0;82.0;73.0;153.0;98.0;84.0;25.0;78.0;192.0;98.0;64.0;202.0;47.0;195.0;758.0;13.0;137.0;758.0;38.0;56.0;12.0;156.0;323.0;98.0;51.0;12.0;125.0;118.0;55.0;137.0;21.0;85.0;381.0;366.0;758.0;214.0;64.0;108.0;73.0;47.0;119.0;89.0;92.0;126.0;43.0;95.0;24.0;64.0;321.0;75.0;78.0;124.0;119.0;110.0;166.0;116.0;20.0;103.0;34.0;119.0;106.0;110.0;39.0;293.0;234.0;162.0;124.0;12.0;660.0
263;144.0;135.0;320.0;130.0;134.0;138.0;109.0;150.0;75.0;126.0;140.0;146.0;858.0;342.0;253.0;878.0;140.0;258.0;94.0;274.0;130.0;66.0;315.0;336.0;143.0;145.0;210.0;88.0;131.0;130.0;10.0;130.0;251.0;130.0;140.0;144.0;209.0;75.0;61.0;1.0;130.0;109.0;149.0;126.0;127.0;361.0;94.0;140.0;182.0;132.0;146.0;167.0;187.0;272.0;144.0;118.0;10.0;153.0;144.0;120.0;142.0;134.0;307.0;315.0;159.0;187.0;146.0;150.0;94.0;815.0;285.0;182.0;272.0;447.0;118.0;140.0;106.0;109.0;158.0;858.0;118.0;137.0;140.0;118.0;112.0;99.0;144.0;126.0;126.0;148.0;296.0;118.0;347.0;858.0;249.0;66.0;144.0;146.0;130.0;281.0;75.0;156.0;140.0;142.0;143.0;124.0;149.0;141.0;66.0;138.0;144.0;106.0;334.0;118.0;225.0;133.0;140.0;162.0;1.0;132.0;195.0;140.0;136.0;858.0;157.0;118.0;10.0;148.0;121.0;163.0;111.0;61.0;315.0;409.0;66.0;127.0;1.0;146.0;132.0;1.0;882.0;148.0;120.0;130.0;153.0;143.0;1.0;260.0;250.0;163.0;146.0;765.0;122.0;1.0;61.0;232.0;244.0;132.0;150.0;209.0;150.0;126.0;0.0;10.0;75.0;234.0;134.0;119.0;275.0;147.0;160.0;138.0;32.0;126.0;118.0;138.0;1.0;337.0;143.0;142.0;134.0;134.0;134.0;139.0;303.0;858.0;184.0;858.0;134.0;140.0;75.0;131.0;147.0;138.0;165.0;130.0;118.0;162.0;1.0;158.0;118.0;134.0;201.0;148.0;118.0;154.0;192.0;10.0;66.0;139.0;156.0;147.0;75.0;858.0;140.0;249.0;128.0;144.0;61.0;1.0;146.0;126.0;177.0;143.0;159.0;118.0;137.0;132.0;144.0;116.0;144.0;114.0;236.0;142.0;134.0;191.0;140.0;134.0;131.0;135.0;314.0;140.0;129.0;325.0;126.0;317.0;858.0;123.0;154.0;858.0;129.0;137.0;118.0;61.0;289.0;140.0;144.0;118.0;175.0;10.0;127.0;154.0;128.0;200.0;337.0;407.0;858.0;336.0;170.0;146.0;130.0;126.0;148.0;177.0;137.0;1.0;126.0;146.0;109.0;129.0;309.0;134.0;75.0;233.0;148.0;228.0;282.0;147.0;143.0;165.0;97.0;234.0;150.0;146.0;132.0;415.0;354.0;143.0;149.0;118.0;582.0
264;142.0;132.0;311.0;125.0;126.0;131.0;103.0;149.0;73.0;121.0;139.0;139.0;855.0;335.0;252.0;875.0;139.0;251.0;86.0;271.0;126.0;63.0;308.0;329.0;147.0;138.0;204.0;85.0;124.0;125.0;1.0;127.0;244.0;124.0;139.0;146.0;203.0;73.0;69.0;10.0;123.0;103.0;149.0;121.0;118.0;356.0;86.0;139.0;177.0;126.0;140.0;166.0;182.0;268.0;144.0;111.0;1.0;146.0;141.0;126.0;135.0;127.0;300.0;309.0;155.0;182.0;148.0;149.0;92.0;822.0;279.0;177.0;268.0;438.0;109.0;139.0;102.0;103.0;157.0;855.0;111.0;134.0;139.0;109.0;104.0;97.0;146.0;121.0;121.0;146.0;291.0;109.0;341.0;855.0;242.0;63.0;146.0;146.0;127.0;276.0;73.0;155.0;139.0;137.0;142.0;121.0;145.0;136.0;63.0;136.0;141.0;113.0;327.0;109.0;219.0;128.0;139.0;162.0;10.0;126.0;190.0;139.0;132.0;855.0;163.0;111.0;1.0;148.0;117.0;159.0;106.0;69.0;308.0;400.0;63.0;123.0;10.0;145.0;129.0;10.0;879.0;148.0;126.0;126.0;160.0;146.0;10.0;253.0;244.0;163.0;145.0;773.0;115.0;10.0;69.0;228.0;241.0;125.0;149.0;203.0;151.0;118.0;10.0;0.0;73.0;229.0;126.0;112.0;271.0;138.0;156.0;133.0;25.0;122.0;109.0;137.0;10.0;345.0;149.0;141.0;127.0;127.0;127.0;143.0;296.0;855.0;178.0;855.0;127.0;139.0;73.0;127.0;147.0;137.0;163.0;125.0;109.0;158.0;10.0;153.0;112.0;132.0;195.0;148.0;114.0;153.0;185.0;1.0;63.0;143.0;156.0;148.0;73.0;855.0;139.0;242.0;124.0;147.0;69.0;10.0;137.0;122.0;176.0;142.0;155.0;111.0;135.0;130.0;146.0;110.0;138.0;109.0;233.0;140.0;131.0;191.0;139.0;132.0;125.0;132.0;308.0;139.0;125.0;318.0;121.0;311.0;855.0;116.0;155.0;855.0;124.0;132.0;111.0;69.0;283.0;139.0;134.0;111.0;174.0;1.0;123.0;155.0;122.0;194.0;345.0;398.0;855.0;329.0;165.0;145.0;127.0;121.0;148.0;173.0;135.0;10.0;121.0;144.0;103.0;125.0;303.0;132.0;73.0;228.0;148.0;222.0;273.0;147.0;136.0;163.0;89.0;229.0;149.0;146.0;126.0;406.0;345.0;146.0;149.0;111.0;582.0
265;70.0;60.0;280.0;60.0;79.0;82.0;55.0;77.0;1.0;57.0;67.0;93.0;783.0;276.0;180.0;803.0;67.0;191.0;67.0;336.0;58.0;12.0;359.0;269.0;98.0;94.0;148.0;13.0;79.0;61.0;73.0;55.0;188.0;68.0;66.0;86.0;148.0;1.0;81.0;75.0;77.0;55.0;82.0;60.0;122.0;288.0;67.0;67.0;113.0;65.0;79.0;93.0;114.0;334.0;75.0;67.0;73.0;98.0;69.0;102.0;80.0;82.0;241.0;360.0;85.0;114.0;82.0;77.0;19.0;792.0;220.0;113.0;334.0;403.0;97.0;67.0;36.0;55.0;87.0;783.0;67.0;62.0;67.0;97.0;67.0;24.0;86.0;57.0;60.0;74.0;352.0;97.0;281.0;783.0;183.0;12.0;89.0;74.0;55.0;336.0;1.0;83.0;67.0;74.0;71.0;50.0;75.0;71.0;12.0;64.0;69.0;95.0;268.0;97.0;159.0;68.0;67.0;94.0;75.0;65.0;123.0;66.0;62.0;783.0;128.0;67.0;73.0;80.0;51.0;89.0;43.0;81.0;359.0;427.0;12.0;56.0;75.0;73.0;57.0;75.0;807.0;78.0;102.0;58.0;125.0;96.0;75.0;197.0;184.0;93.0;73.0;744.0;64.0;75.0;81.0;160.0;169.0;74.0;77.0;148.0;84.0;78.0;75.0;73.0;0.0;165.0;79.0;69.0;202.0;124.0;86.0;68.0;51.0;53.0;97.0;65.0;75.0;313.0;116.0;70.0;82.0;82.0;80.0;91.0;237.0;783.0;116.0;783.0;82.0;67.0;1.0;58.0;77.0;65.0;90.0;61.0;97.0;88.0;75.0;93.0;57.0;59.0;133.0;80.0;44.0;81.0;132.0;73.0;12.0;91.0;85.0;82.0;1.0;783.0;67.0;183.0;55.0;88.0;81.0;75.0;123.0;53.0;104.0;71.0;84.0;67.0;62.0;58.0;86.0;52.0;80.0;51.0;161.0;67.0;60.0;121.0;67.0;59.0;71.0;60.0;248.0;67.0;55.0;259.0;57.0;251.0;783.0;69.0;89.0;783.0;63.0;65.0;67.0;81.0;342.0;67.0;120.0;67.0;102.0;73.0;56.0;89.0;70.0;133.0;313.0;424.0;783.0;269.0;101.0;73.0;55.0;57.0;78.0;103.0;62.0;75.0;58.0;71.0;55.0;55.0;352.0;60.0;1.0;161.0;78.0;162.0;244.0;77.0;88.0;91.0;69.0;166.0;77.0;74.0;65.0;369.0;311.0;96.0;80.0;67.0;648.0
266;123.0;112.0;181.0;105.0;109.0;104.0;128.0;126.0;165.0;109.0;122.0;101.0;637.0;113.0;117.0;656.0;122.0;33.0;157.0;448.0;106.0;170.0;432.0;106.0;197.0;103.0;45.0;153.0;112.0;105.0;229.0;114.0;46.0;106.0;124.0;171.0;49.0;165.0;242.0;234.0;112.0;128.0;147.0;108.0;183.0;130.0;157.0;122.0;52.0;103.0;89.0;106.0;53.0;450.0;141.0;122.0;229.0;94.0;102.0;236.0;95.0;110.0;80.0;437.0;84.0;53.0;153.0;126.0;147.0;838.0;62.0;52.0;450.0;279.0;157.0;122.0;129.0;128.0;130.0;637.0;122.0;114.0;122.0;157.0;132.0;143.0;171.0;109.0;108.0;117.0;451.0;157.0;119.0;637.0;32.0;170.0;178.0;127.0;114.0;435.0;165.0;121.0;122.0;92.0;131.0;118.0;93.0;94.0;170.0;122.0;103.0;237.0;106.0;157.0;20.0;101.0;122.0;140.0;234.0;103.0;45.0;119.0;104.0;637.0;237.0;122.0;229.0;142.0;114.0;79.0;124.0;242.0;432.0;438.0;170.0;109.0;234.0;126.0;115.0;234.0;660.0;138.0;236.0;106.0;237.0;195.0;234.0;51.0;29.0;131.0;123.0;795.0;115.0;234.0;242.0;22.0;86.0;107.0;126.0;49.0;151.0;121.0;234.0;229.0;165.0;0.0;109.0;123.0;55.0;154.0;83.0;97.0;204.0;111.0;157.0;127.0;234.0;384.0;234.0;128.0;110.0;110.0;109.0;190.0;76.0;637.0;51.0;637.0;110.0;122.0;165.0;108.0;133.0;127.0;97.0;105.0;157.0;81.0;234.0;77.0;117.0;117.0;34.0;142.0;122.0;118.0;62.0;229.0;170.0;190.0;128.0;151.0;165.0;637.0;122.0;32.0;111.0;175.0;242.0;234.0;153.0;111.0;115.0;131.0;87.0;122.0;120.0;126.0;171.0;119.0;92.0;120.0;81.0;107.0;109.0;134.0;122.0;117.0;105.0;112.0;87.0;122.0;111.0;97.0;109.0;89.0;637.0;118.0;151.0;637.0;105.0;99.0;122.0;242.0;435.0;122.0;151.0;122.0;113.0;229.0;109.0;151.0;109.0;36.0;384.0;434.0;637.0;106.0;64.0;126.0;114.0;109.0;136.0;68.0;120.0;234.0;108.0;113.0;128.0;111.0;425.0;111.0;165.0;14.0;136.0;18.0;163.0;133.0;101.0;98.0;155.0;6.0;119.0;127.0;103.0;245.0;199.0;195.0;141.0;122.0;762.0
267;93.0;69.0;201.0;38.0;1.0;5.0;25.0;102.0;79.0;38.0;89.0;14.0;745.0;209.0;175.0;764.0;89.0;126.0;48.0;344.0;47.0;79.0;342.0;204.0;159.0;15.0;78.0;73.0;4.0;36.0;126.0;64.0;117.0;17.0;91.0;139.0;76.0;79.0;159.0;134.0;3.0;25.0;121.0;30.0;85.0;239.0;48.0;89.0;60.0;29.0;31.0;101.0;75.0;345.0;112.0;15.0;126.0;19.0;67.0;178.0;17.0;5.0;175.0;345.0;65.0;75.0;125.0;102.0;70.0;849.0;153.0;60.0;345.0;324.0;54.0;89.0;49.0;25.0;113.0;745.0;15.0;75.0;89.0;54.0;24.0;69.0;139.0;38.0;30.0;91.0;351.0;54.0;215.0;745.0;117.0;79.0;144.0;101.0;64.0;335.0;79.0;103.0;89.0;33.0;101.0;62.0;61.0;40.0;79.0;86.0;69.0;172.0;201.0;54.0;96.0;24.0;89.0;125.0;134.0;29.0;81.0;85.0;55.0;745.0;196.0;15.0;126.0;116.0;43.0;67.0;41.0;159.0;342.0;380.0;79.0;46.0;134.0;98.0;70.0;134.0;768.0;112.0;178.0;47.0;194.0;157.0;134.0;127.0;119.0;118.0;96.0;803.0;15.0;134.0;159.0;114.0;152.0;7.0;102.0;76.0;125.0;14.0;134.0;126.0;79.0;109.0;0.0;15.0;158.0;66.0;67.0;41.0;102.0;50.0;54.0;92.0;134.0;375.0;187.0;97.0;5.0;5.0;2.0;151.0;170.0;745.0;59.0;745.0;5.0;89.0;79.0;52.0;107.0;92.0;90.0;36.0;54.0;67.0;134.0;35.0;24.0;75.0;74.0;116.0;57.0;100.0;58.0;126.0;79.0;151.0;110.0;124.0;79.0;745.0;89.0;117.0;53.0;142.0;159.0;134.0;65.0;50.0;117.0;101.0;70.0;15.0;83.0;85.0;139.0;30.0;21.0;30.0;143.0;72.0;63.0;142.0;89.0;75.0;14.0;69.0;182.0;89.0;55.0;192.0;38.0;185.0;745.0;11.0;129.0;745.0;28.0;45.0;15.0;159.0;337.0;89.0;62.0;15.0;114.0;126.0;46.0;129.0;11.0;72.0;375.0;376.0;745.0;204.0;51.0;98.0;64.0;38.0;110.0;75.0;83.0;134.0;34.0;85.0;25.0;55.0;334.0;66.0;79.0;111.0;110.0;99.0;166.0;107.0;9.0;91.0;46.0;107.0;96.0;101.0;29.0;290.0;232.0;157.0;116.0;15.0;672.0
268;94.0;70.0;212.0;40.0;15.0;20.0;14.0;103.0;69.0;39.0;90.0;27.0;759.0;224.0;183.0;778.0;90.0;141.0;34.0;332.0;49.0;67.0;333.0;219.0;155.0;27.0;92.0;64.0;13.0;39.0;112.0;65.0;132.0;22.0;91.0;136.0;91.0;69.0;147.0;119.0;12.0;14.0;120.0;32.0;78.0;253.0;34.0;90.0;73.0;33.0;40.0;105.0;86.0;333.0;111.0;3.0;112.0;34.0;70.0;169.0;28.0;16.0;189.0;336.0;72.0;86.0;123.0;103.0;63.0;847.0;168.0;73.0;333.0;336.0;46.0;90.0;43.0;14.0;114.0;759.0;3.0;76.0;90.0;46.0;10.0;63.0;136.0;39.0;32.0;93.0;340.0;46.0;230.0;759.0;132.0;67.0;141.0;101.0;65.0;324.0;69.0;105.0;90.0;41.0;101.0;61.0;66.0;46.0;67.0;86.0;72.0;163.0;216.0;46.0;110.0;30.0;90.0;126.0;119.0;33.0;93.0;86.0;58.0;759.0;190.0;3.0;112.0;116.0;42.0;74.0;36.0;147.0;333.0;378.0;67.0;47.0;119.0;99.0;70.0;119.0;782.0;111.0;169.0;49.0;188.0;152.0;119.0;142.0;134.0;120.0;97.0;800.0;12.0;119.0;147.0;127.0;162.0;16.0;103.0;91.0;124.0;10.0;119.0;112.0;69.0;123.0;15.0;0.0;172.0;64.0;74.0;46.0;87.0;50.0;46.0;92.0;119.0;371.0;180.0;97.0;16.0;16.0;15.0;147.0;185.0;759.0;73.0;759.0;16.0;90.0;69.0;53.0;108.0;92.0;95.0;39.0;46.0;74.0;119.0;48.0;21.0;76.0;89.0;116.0;54.0;102.0;73.0;112.0;67.0;147.0;111.0;122.0;69.0;759.0;90.0;132.0;54.0;139.0;147.0;119.0;63.0;50.0;121.0;101.0;76.0;3.0;83.0;84.0;136.0;26.0;32.0;25.0;153.0;74.0;65.0;145.0;90.0;76.0;20.0;70.0;197.0;90.0;56.0;207.0;39.0;200.0;759.0;6.0;128.0;759.0;31.0;49.0;3.0;147.0;326.0;90.0;60.0;3.0;118.0;112.0;47.0;128.0;16.0;87.0;371.0;374.0;759.0;219.0;63.0;99.0;65.0;39.0;110.0;85.0;83.0;119.0;36.0;87.0;14.0;56.0;326.0;67.0;69.0;125.0;110.0;113.0;176.0;108.0;24.0;96.0;32.0;122.0;98.0;101.0;33.0;302.0;243.0;152.0;115.0;3.0;660.0
269;145.0;143.0;219.0;146.0;158.0;154.0;174.0;145.0;202.0;150.0;146.0;153.0;587.0;106.0;91.0;607.0;146.0;67.0;206.0;501.0;145.0;209.0;487.0;99.0;210.0;156.0;100.0;189.0;162.0;147.0;271.0;147.0;88.0;153.0;148.0;185.0;104.0;202.0;273.0;275.0;162.0;174.0;162.0;151.0;237.0;86.0;206.0;146.0;98.0;147.0;134.0;123.0;89.0;503.0;158.0;171.0;271.0;146.0;133.0;255.0;144.0;161.0;85.0;492.0;117.0;89.0;168.0;145.0;182.0;809.0;79.0;98.0;503.0;298.0;209.0;146.0;169.0;174.0;145.0;587.0;171.0;143.0;146.0;209.0;181.0;178.0;185.0;150.0;151.0;139.0;505.0;209.0;111.0;587.0;74.0;209.0;192.0;147.0;147.0;489.0;202.0;139.0;146.0;136.0;152.0;152.0;127.0;135.0;209.0;147.0;133.0;259.0;102.0;209.0;74.0;146.0;146.0;151.0;275.0;147.0;81.0;144.0;139.0;587.0;248.0;171.0;271.0;158.0;154.0;112.0;165.0;273.0;487.0;490.0;209.0;148.0;275.0;146.0;146.0;275.0;610.0;155.0;255.0;145.0;248.0;208.0;275.0;88.0;69.0;143.0;144.0;768.0;163.0;275.0;273.0;45.0;64.0;156.0;145.0;104.0;165.0;172.0;275.0;271.0;202.0;55.0;158.0;172.0;0.0;208.0;116.0;138.0;246.0;149.0;209.0;150.0;275.0;372.0;247.0;149.0;161.0;161.0;160.0;204.0;83.0;587.0;99.0;587.0;161.0;146.0;202.0;144.0;151.0;150.0;118.0;147.0;209.0;114.0;275.0;124.0;162.0;146.0;85.0;158.0;158.0;137.0;117.0;271.0;209.0;204.0;144.0;166.0;202.0;587.0;146.0;74.0;147.0;189.0;273.0;275.0;207.0;149.0;125.0;152.0;118.0;171.0;147.0;153.0;185.0;163.0;140.0;164.0;64.0;136.0;142.0;135.0;146.0;146.0;153.0;143.0;88.0;146.0;147.0;95.0;150.0;90.0;587.0;166.0;164.0;587.0;149.0;139.0;171.0;273.0;489.0;146.0;205.0;171.0;124.0;271.0;148.0;164.0;157.0;88.0;372.0;486.0;587.0;99.0;109.0;146.0;147.0;150.0;154.0;99.0;147.0;275.0;150.0;138.0;174.0;147.0;480.0;143.0;202.0;48.0;154.0;72.0;207.0;151.0;152.0;118.0;204.0;60.0;140.0;147.0;147.0;266.0;229.0;208.0;157.0;171.0;804.0
270;158.0;134.0;175.0;103.0;66.0;69.0;76.0;167.0;124.0;103.0;154.0;62.0;787.0;232.0;239.0;805.0;154.0;159.0;59.0;296.0;112.0;118.0;281.0;228.0;217.0;59.0;111.0;124.0;63.0;102.0;138.0;129.0;143.0;83.0;155.0;200.0;108.0;124.0;192.0;147.0;65.0;76.0;184.0;95.0;33.0;279.0;59.0;154.0;117.0;94.0;96.0;167.0;135.0;299.0;175.0;67.0;138.0;67.0;133.0;226.0;82.0;62.0;199.0;285.0;131.0;135.0;187.0;167.0;124.0;911.0;178.0;117.0;299.0;302.0;30.0;154.0;107.0;76.0;178.0;787.0;67.0;140.0;154.0;30.0;60.0;125.0;200.0;103.0;95.0;157.0;297.0;30.0;237.0;787.0;148.0;118.0;204.0;165.0;129.0;281.0;124.0;169.0;154.0;99.0;166.0;125.0;127.0;107.0;118.0;150.0;135.0;218.0;224.0;30.0;136.0;90.0;154.0;190.0;147.0;94.0;140.0;150.0;121.0;787.0;251.0;67.0;138.0;180.0;107.0;132.0;100.0;192.0;281.0;314.0;118.0;111.0;147.0;163.0;134.0;147.0;809.0;176.0;226.0;112.0;249.0;215.0;147.0;151.0;153.0;184.0;161.0;864.0;76.0;147.0;192.0;165.0;213.0;73.0;167.0;108.0;188.0;56.0;147.0;138.0;124.0;154.0;66.0;64.0;208.0;0.0;133.0;107.0;119.0;114.0;30.0;156.0;147.0;434.0;240.0;162.0;62.0;62.0;64.0;210.0;195.0;787.0;114.0;787.0;62.0;154.0;124.0;117.0;172.0;156.0;156.0;102.0;30.0;132.0;147.0;96.0;85.0;140.0;124.0;180.0;119.0;165.0;91.0;138.0;118.0;210.0;175.0;187.0;124.0;787.0;154.0;148.0;118.0;203.0;192.0;147.0;2.0;114.0;183.0;166.0;136.0;67.0;148.0;148.0;200.0;90.0;86.0;89.0;205.0;138.0;128.0;208.0;154.0;140.0;80.0;134.0;206.0;154.0;120.0;216.0;103.0;209.0;787.0;68.0;192.0;787.0;93.0;111.0;67.0;192.0;281.0;154.0;5.0;67.0;180.0;138.0;111.0;192.0;76.0;120.0;434.0;310.0;787.0;228.0;111.0;163.0;129.0;103.0;175.0;139.0;148.0;147.0;99.0;151.0;76.0;120.0;273.0;131.0;124.0;161.0;175.0;138.0;136.0;172.0;67.0;158.0;56.0;150.0;162.0;165.0;94.0;270.0;210.0;215.0;180.0;67.0;642.0
271;43.0;29.0;236.0;36.0;67.0;63.0;69.0;48.0;86.0;39.0;41.0;71.0;699.0;196.0;109.0;719.0;41.0;114.0;104.0;403.0;31.0;94.0;407.0;190.0;119.0;74.0;84.0;73.0;70.0;37.0;156.0;31.0;117.0;52.0;43.0;94.0;86.0;86.0;160.0;160.0;69.0;69.0;70.0;44.0;151.0;202.0;104.0;41.0;40.0;41.0;36.0;38.0;31.0;403.0;63.0;72.0;156.0;69.0;18.0;154.0;51.0;71.0;163.0;410.0;2.0;31.0;76.0;48.0;67.0;792.0;143.0;40.0;403.0;349.0;120.0;41.0;55.0;69.0;57.0;699.0;72.0;31.0;41.0;120.0;82.0;62.0;94.0;39.0;44.0;37.0;412.0;120.0;202.0;699.0;108.0;94.0;101.0;49.0;31.0;396.0;86.0;46.0;41.0;34.0;52.0;37.0;11.0;27.0;94.0;39.0;19.0;153.0;189.0;120.0;83.0;44.0;41.0;69.0;160.0;41.0;38.0;37.0;24.0;699.0;159.0;72.0;156.0;66.0;41.0;4.0;53.0;160.0;407.0;445.0;94.0;34.0;160.0;47.0;32.0;160.0;723.0;61.0;154.0;31.0;158.0;117.0;160.0;126.0;108.0;60.0;44.0;747.0;62.0;160.0;160.0;75.0;90.0;60.0;48.0;86.0;75.0;79.0;160.0;156.0;86.0;83.0;67.0;74.0;116.0;133.0;0.0;28.0;132.0;34.0;120.0;45.0;160.0;324.0;154.0;48.0;71.0;71.0;69.0;112.0;159.0;699.0;44.0;699.0;71.0;41.0;86.0;29.0;56.0;45.0;25.0;37.0;120.0;2.0;160.0;40.0;56.0;34.0;58.0;66.0;42.0;43.0;78.0;156.0;94.0;112.0;54.0;75.0;86.0;699.0;41.0;108.0;32.0;98.0;160.0;160.0;131.0;34.0;53.0;52.0;5.0;72.0;38.0;43.0;94.0;54.0;46.0;56.0;81.0;23.0;27.0;79.0;41.0;34.0;54.0;29.0;170.0;41.0;31.0;180.0;39.0;173.0;699.0;68.0;77.0;699.0;43.0;27.0;72.0;160.0;399.0;41.0;128.0;72.0;50.0;156.0;34.0;77.0;58.0;60.0;324.0;441.0;699.0;190.0;33.0;47.0;31.0;39.0;59.0;17.0;38.0;160.0;41.0;32.0;69.0;31.0;400.0;28.0;86.0;77.0;59.0;86.0;207.0;56.0;66.0;27.0;103.0;86.0;41.0;49.0;41.0;315.0;261.0;117.0;64.0;72.0;714.0
272;54.0;30.0;228.0;9.0;41.0;39.0;41.0;62.0;68.0;12.0;50.0;49.0;724.0;208.0;137.0;744.0;50.0;124.0;76.0;375.0;11.0;73.0;379.0;202.0;125.0;52.0;84.0;56.0;44.0;9.0;133.0;27.0;122.0;25.0;52.0;102.0;84.0;68.0;147.0;138.0;42.0;41.0;82.0;16.0;124.0;223.0;76.0;50.0;45.0;13.0;16.0;60.0;49.0;375.0;73.0;44.0;133.0;49.0;26.0;152.0;27.0;46.0;174.0;382.0;27.0;49.0;87.0;62.0;51.0;810.0;153.0;45.0;375.0;346.0;92.0;50.0;32.0;41.0;73.0;724.0;44.0;35.0;50.0;92.0;54.0;47.0;102.0;12.0;16.0;51.0;384.0;92.0;214.0;724.0;116.0;73.0;109.0;61.0;27.0;368.0;68.0;63.0;50.0;10.0;62.0;27.0;20.0;4.0;73.0;47.0;28.0;149.0;201.0;92.0;91.0;17.0;50.0;85.0;138.0;13.0;57.0;46.0;15.0;724.0;164.0;44.0;133.0;77.0;17.0;30.0;28.0;147.0;379.0;421.0;73.0;13.0;138.0;59.0;32.0;138.0;747.0;72.0;152.0;11.0;163.0;123.0;138.0;131.0;117.0;77.0;56.0;764.0;34.0;138.0;147.0;94.0;118.0;34.0;62.0;84.0;87.0;52.0;138.0;133.0;68.0;97.0;41.0;46.0;138.0;107.0;28.0;0.0;108.0;16.0;92.0;53.0;138.0;337.0;157.0;58.0;46.0;46.0;43.0;117.0;170.0;724.0;48.0;724.0;46.0;50.0;68.0;14.0;68.0;53.0;49.0;9.0;92.0;29.0;138.0;28.0;28.0;37.0;65.0;77.0;27.0;59.0;71.0;133.0;73.0;117.0;70.0;85.0;68.0;724.0;50.0;116.0;17.0;106.0;147.0;138.0;106.0;16.0;76.0;62.0;30.0;44.0;44.0;47.0;102.0;27.0;24.0;28.0;109.0;31.0;24.0;101.0;50.0;37.0;27.0;30.0;181.0;50.0;18.0;191.0;12.0;184.0;724.0;41.0;90.0;724.0;15.0;5.0;44.0;147.0;371.0;50.0;103.0;44.0;73.0;133.0;13.0;90.0;31.0;65.0;337.0;417.0;724.0;202.0;34.0;59.0;27.0;12.0;71.0;42.0;44.0;138.0;13.0;45.0;41.0;18.0;372.0;27.0;68.0;94.0;71.0;94.0;196.0;68.0;43.0;51.0;75.0;98.0;56.0;61.0;13.0;312.0;256.0;123.0;77.0;44.0;690.0
273;121.0;109.0;291.0;100.0;102.0;106.0;78.0;128.0;51.0;96.0;118.0;114.0;831.0;310.0;230.0;851.0;118.0;226.0;64.0;286.0;101.0;40.0;316.0;304.0;137.0;114.0;179.0;63.0;100.0;100.0;25.0;104.0;219.0;98.0;117.0;131.0;178.0;51.0;75.0;32.0;99.0;78.0;131.0;96.0;104.0;331.0;64.0;118.0;151.0;101.0;115.0;144.0;157.0;285.0;125.0;87.0;25.0;121.0;117.0;124.0;110.0;103.0;275.0;317.0;131.0;157.0;130.0;128.0;69.0;822.0;254.0;151.0;285.0;417.0;90.0;118.0;77.0;78.0;137.0;831.0;87.0;112.0;118.0;90.0;80.0;74.0;131.0;96.0;96.0;125.0;304.0;90.0;316.0;831.0;217.0;40.0;133.0;125.0;104.0;288.0;51.0;134.0;118.0;111.0;122.0;98.0;121.0;111.0;40.0;115.0;118.0;112.0;302.0;90.0;194.0;102.0;118.0;144.0;32.0;101.0;165.0;117.0;108.0;831.0;158.0;87.0;25.0;130.0;92.0;135.0;81.0;75.0;316.0;398.0;40.0;98.0;32.0;124.0;106.0;32.0;855.0;128.0;124.0;101.0;155.0;135.0;32.0;229.0;219.0;143.0;124.0;772.0;90.0;32.0;75.0;203.0;218.0;100.0;128.0;178.0;133.0;94.0;32.0;25.0;51.0;204.0;102.0;87.0;246.0;119.0;132.0;108.0;0.0;98.0;90.0;116.0;32.0;343.0;144.0;121.0;103.0;103.0;102.0;131.0;271.0;831.0;153.0;831.0;103.0;118.0;51.0;102.0;127.0;116.0;140.0;100.0;90.0;134.0;32.0;127.0;87.0;109.0;170.0;130.0;90.0;132.0;160.0;25.0;40.0;131.0;135.0;131.0;51.0;831.0;118.0;217.0;100.0;133.0;75.0;32.0;118.0;98.0;155.0;122.0;131.0;87.0;113.0;109.0;131.0;85.0;112.0;83.0;210.0;116.0;107.0;172.0;118.0;109.0;100.0;109.0;283.0;118.0;101.0;293.0;96.0;285.0;831.0;91.0;138.0;831.0;99.0;108.0;87.0;75.0;295.0;118.0;115.0;87.0;153.0;25.0;98.0;138.0;97.0;169.0;343.0;395.0;831.0;304.0;140.0;124.0;104.0;96.0;128.0;148.0;113.0;32.0;96.0;122.0;78.0;101.0;310.0;108.0;51.0;203.0;128.0;197.0;252.0;127.0;111.0;141.0;67.0;204.0;128.0;125.0;101.0;384.0;324.0;135.0;130.0;87.0;606.0
274;44.0;20.0;243.0;12.0;50.0;49.0;41.0;53.0;53.0;12.0;40.0;60.0;733.0;223.0;140.0;753.0;40.0;139.0;74.0;371.0;5.0;60.0;380.0;217.0;112.0;62.0;100.0;42.0;52.0;14.0;122.0;15.0;138.0;32.0;42.0;90.0;100.0;53.0;131.0;126.0;50.0;41.0;71.0;20.0;126.0;235.0;74.0;40.0;60.0;22.0;31.0;57.0;61.0;370.0;62.0;47.0;122.0;61.0;23.0;136.0;39.0;54.0;189.0;382.0;33.0;61.0;75.0;53.0;35.0;800.0;168.0;60.0;370.0;362.0;95.0;40.0;20.0;41.0;64.0;733.0;47.0;26.0;40.0;95.0;56.0;32.0;90.0;12.0;20.0;43.0;382.0;95.0;229.0;733.0;132.0;60.0;96.0;52.0;15.0;366.0;53.0;55.0;40.0;25.0;52.0;13.0;24.0;19.0;60.0;37.0;24.0;133.0;216.0;95.0;107.0;27.0;40.0;76.0;126.0;22.0;69.0;36.0;11.0;733.0;150.0;47.0;122.0;67.0;8.0;37.0;20.0;131.0;380.0;427.0;60.0;4.0;126.0;49.0;21.0;126.0;757.0;62.0;136.0;5.0;148.0;109.0;126.0;147.0;132.0;70.0;47.0;753.0;38.0;126.0;131.0;107.0;123.0;42.0;53.0;100.0;76.0;58.0;126.0;122.0;53.0;111.0;50.0;50.0;149.0;114.0;34.0;16.0;98.0;0.0;95.0;43.0;126.0;325.0;142.0;48.0;54.0;54.0;51.0;103.0;185.0;733.0;64.0;733.0;54.0;40.0;53.0;5.0;58.0;43.0;48.0;14.0;95.0;36.0;126.0;44.0;29.0;26.0;81.0;67.0;11.0;52.0;87.0;122.0;60.0;103.0;61.0;74.0;53.0;733.0;40.0;132.0;4.0;93.0;131.0;126.0;112.0;1.0;72.0;52.0;34.0;47.0;34.0;35.0;90.0;25.0;37.0;26.0;115.0;25.0;15.0;96.0;40.0;26.0;36.0;20.0;196.0;40.0;6.0;206.0;12.0;199.0;733.0;45.0;79.0;733.0;22.0;12.0;47.0;131.0;369.0;40.0;109.0;47.0;69.0;122.0;4.0;79.0;38.0;81.0;325.0;424.0;733.0;217.0;49.0;49.0;15.0;12.0;61.0;51.0;34.0;126.0;15.0;37.0;41.0;6.0;373.0;17.0;53.0;108.0;61.0;109.0;210.0;58.0;54.0;49.0;74.0;113.0;48.0;52.0;22.0;327.0;271.0;109.0;66.0;47.0;684.0
275;138.0;115.0;202.0;86.0;54.0;59.0;55.0;148.0;97.0;85.0;134.0;57.0;794.0;246.0;228.0;812.0;134.0;168.0;30.0;292.0;94.0;90.0;288.0;241.0;192.0;54.0;118.0;98.0;51.0;85.0;109.0;109.0;155.0;68.0;135.0;176.0;116.0;97.0;162.0;118.0;52.0;55.0;163.0;77.0;31.0;286.0;30.0;134.0;113.0;79.0;85.0;151.0;129.0;293.0;154.0;48.0;109.0;63.0;116.0;198.0;71.0;51.0;212.0;291.0;118.0;129.0;165.0;148.0;99.0;887.0;191.0;113.0;293.0;330.0;1.0;134.0;84.0;55.0;159.0;794.0;48.0;121.0;134.0;1.0;39.0;101.0;176.0;85.0;77.0;138.0;297.0;1.0;252.0;794.0;158.0;90.0;180.0;146.0;109.0;281.0;97.0;150.0;134.0;86.0;145.0;105.0;112.0;92.0;90.0;131.0;118.0;189.0;238.0;1.0;141.0;76.0;134.0;170.0;118.0;79.0;135.0;131.0;104.0;794.0;224.0;48.0;109.0;159.0;87.0;120.0;78.0;162.0;288.0;334.0;90.0;92.0;118.0;143.0;115.0;118.0;816.0;155.0;198.0;94.0;222.0;190.0;118.0;164.0;161.0;164.0;142.0;839.0;58.0;118.0;162.0;165.0;206.0;60.0;148.0;116.0;167.0;41.0;118.0;109.0;97.0;157.0;54.0;46.0;209.0;30.0;120.0;92.0;90.0;95.0;0.0;136.0;118.0;409.0;213.0;141.0;51.0;51.0;53.0;184.0;208.0;794.0;111.0;794.0;51.0;134.0;97.0;99.0;151.0;136.0;141.0;85.0;1.0;120.0;118.0;89.0;66.0;120.0;124.0;159.0;98.0;147.0;98.0;109.0;90.0;184.0;156.0;165.0;97.0;794.0;134.0;158.0;99.0;179.0;162.0;118.0;28.0;95.0;167.0;145.0;122.0;48.0;128.0;128.0;176.0;70.0;75.0;69.0;197.0;120.0;110.0;191.0;134.0;120.0;66.0;115.0;220.0;134.0;101.0;230.0;85.0;222.0;794.0;51.0;171.0;794.0;77.0;95.0;48.0;162.0;283.0;134.0;26.0;48.0;164.0;109.0;92.0;171.0;61.0;121.0;409.0;331.0;794.0;241.0;104.0;143.0;109.0;85.0;154.0;129.0;128.0;118.0;82.0;132.0;55.0;101.0;280.0;112.0;97.0;162.0;154.0;144.0;164.0;151.0;58.0;142.0;28.0;154.0;143.0;146.0;79.0;297.0;237.0;190.0;159.0;48.0;630.0
276;5.0;23.0;279.0;54.0;92.0;91.0;81.0;12.0;65.0;54.0;5.0;102.0;722.0;239.0;115.0;743.0;5.0;158.0;112.0;400.0;45.0;77.0;417.0;232.0;74.0;104.0;129.0;54.0;95.0;56.0;137.0;28.0;162.0;75.0;3.0;50.0;130.0;65.0;124.0;138.0;93.0;81.0;28.0;62.0;167.0;236.0;112.0;5.0;85.0;64.0;69.0;30.0;75.0;399.0;20.0;90.0;137.0;102.0;30.0;109.0;81.0;97.0;207.0;419.0;46.0;75.0;33.0;12.0;48.0;757.0;188.0;85.0;399.0;394.0;136.0;5.0;53.0;81.0;23.0;722.0;90.0;18.0;5.0;136.0;98.0;43.0;50.0;54.0;62.0;11.0;414.0;136.0;245.0;722.0;153.0;77.0;56.0;10.0;28.0;398.0;65.0;18.0;5.0;64.0;9.0;31.0;40.0;56.0;77.0;7.0;28.0;110.0;233.0;136.0;129.0;69.0;5.0;34.0;138.0;64.0;82.0;8.0;38.0;722.0;114.0;90.0;137.0;24.0;50.0;49.0;58.0;124.0;417.0;470.0;77.0;46.0;138.0;8.0;22.0;138.0;746.0;19.0;109.0;45.0;113.0;72.0;138.0;171.0;152.0;29.0;8.0;711.0;81.0;138.0;124.0;115.0;107.0;85.0;12.0;130.0;33.0;101.0;138.0;137.0;65.0;127.0;92.0;92.0;150.0;156.0;45.0;53.0;116.0;43.0;136.0;0.0;138.0;284.0;109.0;5.0;97.0;97.0;94.0;66.0;203.0;722.0;89.0;722.0;97.0;5.0;65.0;41.0;15.0;1.0;32.0;56.0;136.0;48.0;138.0;79.0;71.0;17.0;103.0;24.0;38.0;16.0;121.0;137.0;77.0;66.0;21.0;32.0;65.0;722.0;5.0;153.0;39.0;53.0;124.0;138.0;155.0;43.0;39.0;9.0;41.0;90.0;9.0;9.0;50.0;67.0;78.0;68.0;100.0;24.0;30.0;58.0;5.0;17.0;78.0;23.0;213.0;5.0;37.0;223.0;54.0;216.0;722.0;88.0;36.0;722.0;64.0;49.0;90.0;124.0;403.0;5.0;152.0;90.0;37.0;137.0;46.0;36.0;81.0;105.0;284.0;466.0;722.0;232.0;77.0;8.0;28.0;54.0;18.0;59.0;9.0;138.0;58.0;13.0;81.0;37.0;410.0;27.0;65.0;118.0;18.0;131.0;248.0;15.0;96.0;32.0;113.0;130.0;12.0;10.0;64.0;360.0;305.0;72.0;23.0;90.0;702.0
277;144.0;135.0;320.0;130.0;134.0;138.0;109.0;150.0;75.0;126.0;140.0;146.0;858.0;342.0;253.0;878.0;140.0;258.0;94.0;274.0;130.0;66.0;315.0;336.0;143.0;145.0;210.0;88.0;131.0;130.0;10.0;130.0;251.0;130.0;140.0;144.0;209.0;75.0;61.0;1.0;130.0;109.0;149.0;126.0;127.0;361.0;94.0;140.0;182.0;132.0;146.0;167.0;187.0;272.0;144.0;118.0;10.0;153.0;144.0;120.0;142.0;134.0;307.0;315.0;159.0;187.0;146.0;150.0;94.0;815.0;285.0;182.0;272.0;447.0;118.0;140.0;106.0;109.0;158.0;858.0;118.0;137.0;140.0;118.0;112.0;99.0;144.0;126.0;126.0;148.0;296.0;118.0;347.0;858.0;249.0;66.0;144.0;146.0;130.0;281.0;75.0;156.0;140.0;142.0;143.0;124.0;149.0;141.0;66.0;138.0;144.0;106.0;334.0;118.0;225.0;133.0;140.0;162.0;1.0;132.0;195.0;140.0;136.0;858.0;157.0;118.0;10.0;148.0;121.0;163.0;111.0;61.0;315.0;409.0;66.0;127.0;1.0;146.0;132.0;1.0;882.0;148.0;120.0;130.0;153.0;143.0;1.0;260.0;250.0;163.0;146.0;765.0;122.0;1.0;61.0;232.0;244.0;132.0;150.0;209.0;150.0;126.0;1.0;10.0;75.0;234.0;134.0;119.0;275.0;147.0;160.0;138.0;32.0;126.0;118.0;138.0;0.0;337.0;143.0;142.0;134.0;134.0;134.0;139.0;303.0;858.0;184.0;858.0;134.0;140.0;75.0;131.0;147.0;138.0;165.0;130.0;118.0;162.0;1.0;158.0;118.0;134.0;201.0;148.0;118.0;154.0;192.0;10.0;66.0;139.0;156.0;147.0;75.0;858.0;140.0;249.0;128.0;144.0;61.0;1.0;146.0;126.0;177.0;143.0;159.0;118.0;137.0;132.0;144.0;116.0;144.0;114.0;236.0;142.0;134.0;191.0;140.0;134.0;131.0;135.0;314.0;140.0;129.0;325.0;126.0;317.0;858.0;123.0;154.0;858.0;129.0;137.0;118.0;61.0;289.0;140.0;144.0;118.0;175.0;10.0;127.0;154.0;128.0;200.0;337.0;407.0;858.0;336.0;170.0;146.0;130.0;126.0;148.0;177.0;137.0;1.0;126.0;146.0;109.0;129.0;309.0;134.0;75.0;233.0;148.0;228.0;282.0;147.0;143.0;165.0;97.0;234.0;150.0;146.0;132.0;415.0;354.0;143.0;149.0;118.0;582.0
278;284.0;307.0;559.0;337.0;375.0;374.0;358.0;276.0;313.0;337.0;287.0;385.0;780.0;478.0;282.0;806.0;287.0;417.0;380.0;597.0;329.0;322.0;652.0;471.0;217.0;388.0;405.0;311.0;376.0;339.0;345.0;311.0;429.0;357.0;286.0;236.0;407.0;313.0;277.0;337.0;374.0;358.0;256.0;345.0;435.0;431.0;380.0;287.0;361.0;347.0;353.0;287.0;344.0;592.0;264.0;369.0;345.0;386.0;313.0;219.0;364.0;379.0;455.0;651.0;325.0;344.0;251.0;276.0;310.0;479.0;442.0;361.0;592.0;663.0;409.0;287.0;328.0;358.0;267.0;780.0;369.0;302.0;287.0;409.0;374.0;309.0;236.0;337.0;345.0;288.0;625.0;409.0;483.0;780.0;417.0;322.0;230.0;277.0;311.0;612.0;313.0;278.0;287.0;347.0;275.0;313.0;322.0;340.0;322.0;291.0;311.0;232.0;474.0;409.0;395.0;352.0;287.0;255.0;337.0;347.0;348.0;292.0;322.0;780.0;186.0;369.0;345.0;260.0;331.0;327.0;336.0;277.0;652.0;739.0;322.0;329.0;337.0;279.0;306.0;337.0;807.0;265.0;219.0;329.0;189.0;219.0;337.0;435.0;413.0;264.0;282.0;431.0;361.0;337.0;277.0;364.0;309.0;367.0;276.0;407.0;251.0;381.0;337.0;345.0;313.0;384.0;375.0;371.0;372.0;434.0;324.0;337.0;343.0;325.0;409.0;284.0;337.0;0.0;199.0;280.0;379.0;379.0;376.0;225.0;452.0;780.0;366.0;780.0;379.0;287.0;313.0;324.0;270.0;284.0;300.0;339.0;409.0;325.0;337.0;362.0;351.0;301.0;375.0;260.0;318.0;281.0;401.0;345.0;322.0;225.0;270.0;252.0;313.0;780.0;287.0;417.0;322.0;233.0;277.0;337.0;432.0;325.0;274.0;275.0;319.0;369.0;293.0;290.0;236.0;346.0;361.0;347.0;310.0;307.0;313.0;251.0;287.0;301.0;361.0;307.0;459.0;287.0;321.0;467.0;337.0;461.0;780.0;368.0;248.0;780.0;347.0;333.0;369.0;277.0;621.0;287.0;429.0;369.0;277.0;345.0;329.0;248.0;363.0;378.0;1.0;736.0;780.0;471.0;357.0;279.0;311.0;337.0;267.0;330.0;293.0;337.0;340.0;294.0;358.0;321.0;646.0;311.0;313.0;371.0;267.0;396.0;530.0;270.0;379.0;298.0;381.0;390.0;283.0;277.0;347.0;630.0;581.0;219.0;261.0;369.0;786.0
279;112.0;129.0;385.0;154.0;187.0;188.0;166.0;108.0;116.0;152.0;113.0;200.0;784.0;344.0;181.0;807.0;113.0;266.0;183.0;414.0;146.0;124.0;457.0;337.0;37.0;201.0;237.0;116.0;188.0;155.0;149.0;130.0;271.0;171.0;111.0;63.0;238.0;116.0;87.0;143.0;186.0;166.0;87.0;159.0;238.0;329.0;183.0;113.0;193.0;163.0;172.0;128.0;183.0;410.0;93.0;178.0;149.0;202.0;138.0;25.0;181.0;191.0;313.0;458.0;154.0;183.0;81.0;108.0;118.0;678.0;295.0;193.0;410.0;502.0;213.0;113.0;138.0;166.0;104.0;784.0;178.0;125.0;113.0;213.0;181.0;118.0;63.0;152.0;159.0;118.0;438.0;213.0;350.0;784.0;262.0;124.0;56.0;106.0;130.0;423.0;116.0;112.0;113.0;167.0;103.0;129.0;148.0;160.0;124.0;115.0;136.0;40.0;338.0;213.0;237.0;168.0;113.0;96.0;143.0;163.0;189.0;117.0;143.0;784.0;14.0;178.0;149.0;91.0;146.0;158.0;146.0;87.0;457.0;540.0;124.0;146.0;143.0;108.0;126.0;143.0;810.0;96.0;25.0;146.0;11.0;39.0;143.0;279.0;260.0;105.0;111.0;629.0;172.0;143.0;87.0;219.0;190.0;180.0;108.0;238.0;83.0;190.0;143.0;149.0;116.0;234.0;187.0;180.0;247.0;240.0;154.0;157.0;144.0;142.0;213.0;109.0;143.0;199.0;0.0;107.0;191.0;191.0;189.0;43.0;310.0;784.0;198.0;784.0;191.0;113.0;116.0;142.0;100.0;109.0;137.0;155.0;213.0;156.0;143.0;184.0;162.0;122.0;212.0;91.0;132.0;115.0;227.0;149.0;124.0;43.0;106.0;82.0;116.0;784.0;113.0;262.0;140.0;59.0;87.0;143.0;238.0;142.0;123.0;103.0;149.0;178.0;117.0;112.0;63.0;157.0;179.0;158.0;186.0;132.0;134.0;115.0;113.0;122.0;175.0;129.0;319.0;113.0;138.0;329.0;152.0;322.0;784.0;179.0;84.0;784.0;162.0;152.0;178.0;87.0;431.0;113.0;235.0;178.0;124.0;149.0;146.0;84.0;176.0;213.0;199.0;538.0;784.0;337.0;185.0;108.0;130.0;152.0;97.0;167.0;117.0;143.0;155.0;122.0;166.0;138.0;452.0;132.0;116.0;224.0;97.0;239.0;352.0;100.0;193.0;136.0;185.0;237.0;114.0;106.0;163.0;468.0;412.0;39.0;93.0;178.0;678.0
280;5.0;28.0;283.0;59.0;97.0;96.0;87.0;7.0;70.0;59.0;8.0;107.0;719.0;240.0;111.0;740.0;8.0;160.0;118.0;405.0;50.0;81.0;422.0;233.0;72.0;109.0;132.0;58.0;100.0;61.0;141.0;33.0;164.0;80.0;6.0;47.0;133.0;70.0;126.0;142.0;98.0;87.0;24.0;67.0;172.0;234.0;118.0;8.0;87.0;69.0;73.0;27.0;76.0;404.0;15.0;95.0;141.0;107.0;34.0;108.0;85.0;102.0;208.0;424.0;48.0;76.0;29.0;7.0;53.0;752.0;189.0;87.0;404.0;396.0;141.0;8.0;58.0;87.0;18.0;719.0;95.0;23.0;8.0;141.0;103.0;48.0;47.0;59.0;67.0;11.0;419.0;141.0;245.0;719.0;155.0;81.0;53.0;5.0;33.0;403.0;70.0;13.0;8.0;68.0;4.0;36.0;44.0;60.0;81.0;11.0;32.0;110.0;233.0;141.0;130.0;73.0;8.0;29.0;142.0;69.0;83.0;12.0;43.0;719.0;112.0;95.0;141.0;19.0;55.0;51.0;63.0;126.0;422.0;475.0;81.0;51.0;142.0;3.0;27.0;142.0;743.0;14.0;108.0;50.0;111.0;69.0;142.0;173.0;154.0;24.0;5.0;706.0;86.0;142.0;126.0;115.0;104.0;90.0;7.0;133.0;29.0;106.0;142.0;141.0;70.0;128.0;97.0;97.0;149.0;162.0;48.0;58.0;121.0;48.0;141.0;5.0;142.0;280.0;107.0;0.0;102.0;102.0;99.0;64.0;204.0;719.0;92.0;719.0;102.0;8.0;70.0;46.0;10.0;5.0;32.0;61.0;141.0;50.0;142.0;83.0;76.0;22.0;105.0;19.0;44.0;13.0;124.0;141.0;81.0;64.0;15.0;28.0;70.0;719.0;8.0;155.0;44.0;50.0;126.0;142.0;160.0;48.0;34.0;4.0;43.0;95.0;14.0;14.0;47.0;72.0;82.0;73.0;97.0;27.0;34.0;52.0;8.0;22.0;83.0;28.0;214.0;8.0;42.0;224.0;59.0;217.0;719.0;93.0;32.0;719.0;69.0;54.0;95.0;126.0;408.0;8.0;157.0;95.0;33.0;141.0;51.0;32.0;86.0;107.0;280.0;472.0;719.0;233.0;80.0;3.0;33.0;59.0;13.0;60.0;14.0;142.0;63.0;15.0;87.0;42.0;415.0;32.0;70.0;119.0;13.0;132.0;252.0;10.0;101.0;31.0;118.0;131.0;9.0;5.0;69.0;362.0;309.0;69.0;19.0;95.0;702.0
281;98.0;74.0;198.0;43.0;5.0;8.0;28.0;107.0;82.0;43.0;94.0;12.0;747.0;209.0;179.0;766.0;94.0;127.0;47.0;341.0;52.0;81.0;338.0;204.0;164.0;12.0;77.0;77.0;3.0;41.0;127.0;69.0;117.0;22.0;95.0;143.0;76.0;82.0;161.0;134.0;5.0;28.0;125.0;35.0;81.0;240.0;47.0;94.0;63.0;33.0;35.0;106.0;78.0;342.0;116.0;17.0;127.0;18.0;72.0;182.0;21.0;1.0;175.0;341.0;69.0;78.0;129.0;107.0;74.0;854.0;153.0;63.0;342.0;321.0;51.0;94.0;53.0;28.0;118.0;747.0;17.0;79.0;94.0;51.0;23.0;73.0;143.0;43.0;35.0;96.0;347.0;51.0;215.0;747.0;117.0;81.0;149.0;105.0;69.0;331.0;82.0;108.0;94.0;38.0;106.0;67.0;65.0;45.0;81.0;91.0;74.0;176.0;201.0;51.0;97.0;29.0;94.0;130.0;134.0;33.0;84.0;90.0;60.0;747.0;201.0;17.0;127.0;121.0;48.0;71.0;45.0;161.0;338.0;375.0;81.0;51.0;134.0;103.0;75.0;134.0;770.0;116.0;182.0;52.0;198.0;161.0;134.0;127.0;119.0;123.0;101.0;807.0;19.0;134.0;161.0;116.0;155.0;12.0;107.0;76.0;130.0;11.0;134.0;127.0;82.0;110.0;5.0;16.0;161.0;62.0;71.0;46.0;103.0;54.0;51.0;97.0;134.0;379.0;191.0;102.0;0.0;1.0;3.0;156.0;170.0;747.0;62.0;747.0;1.0;94.0;82.0;56.0;112.0;97.0;94.0;41.0;51.0;71.0;134.0;38.0;29.0;80.0;76.0;121.0;61.0;104.0;58.0;127.0;81.0;156.0;115.0;128.0;82.0;747.0;94.0;117.0;58.0;147.0;161.0;134.0;60.0;54.0;122.0;106.0;75.0;17.0;88.0;89.0;143.0;34.0;25.0;34.0;147.0;77.0;68.0;147.0;94.0;80.0;19.0;74.0;182.0;94.0;60.0;192.0;43.0;185.0;747.0;13.0;133.0;747.0;33.0;50.0;17.0;161.0;333.0;94.0;57.0;17.0;118.0;127.0;51.0;133.0;16.0;74.0;379.0;372.0;747.0;204.0;54.0;103.0;69.0;43.0;115.0;79.0;88.0;134.0;39.0;90.0;28.0;60.0;330.0;71.0;82.0;113.0;115.0;100.0;162.0;112.0;9.0;96.0;45.0;108.0;101.0;105.0;33.0;288.0;229.0;161.0;120.0;17.0;672.0
282;98.0;74.0;198.0;43.0;5.0;8.0;28.0;107.0;82.0;43.0;94.0;12.0;747.0;209.0;179.0;766.0;94.0;127.0;47.0;341.0;52.0;81.0;338.0;204.0;164.0;12.0;77.0;77.0;3.0;41.0;127.0;69.0;117.0;22.0;95.0;143.0;76.0;82.0;161.0;134.0;5.0;28.0;125.0;35.0;81.0;240.0;47.0;94.0;63.0;33.0;35.0;106.0;78.0;342.0;116.0;17.0;127.0;18.0;72.0;182.0;21.0;1.0;175.0;341.0;69.0;78.0;129.0;107.0;74.0;854.0;153.0;63.0;342.0;321.0;51.0;94.0;53.0;28.0;118.0;747.0;17.0;79.0;94.0;51.0;23.0;73.0;143.0;43.0;35.0;96.0;347.0;51.0;215.0;747.0;117.0;81.0;149.0;105.0;69.0;331.0;82.0;108.0;94.0;38.0;106.0;67.0;65.0;45.0;81.0;91.0;74.0;176.0;201.0;51.0;97.0;29.0;94.0;130.0;134.0;33.0;84.0;90.0;60.0;747.0;201.0;17.0;127.0;121.0;48.0;71.0;45.0;161.0;338.0;375.0;81.0;51.0;134.0;103.0;75.0;134.0;770.0;116.0;182.0;52.0;198.0;161.0;134.0;127.0;119.0;123.0;101.0;807.0;19.0;134.0;161.0;116.0;155.0;12.0;107.0;76.0;130.0;11.0;134.0;127.0;82.0;110.0;5.0;16.0;161.0;62.0;71.0;46.0;103.0;54.0;51.0;97.0;134.0;379.0;191.0;102.0;1.0;0.0;3.0;156.0;170.0;747.0;62.0;747.0;1.0;94.0;82.0;56.0;112.0;97.0;94.0;41.0;51.0;71.0;134.0;38.0;29.0;80.0;76.0;121.0;61.0;104.0;58.0;127.0;81.0;156.0;115.0;128.0;82.0;747.0;94.0;117.0;58.0;147.0;161.0;134.0;60.0;54.0;122.0;106.0;75.0;17.0;88.0;89.0;143.0;34.0;25.0;34.0;147.0;77.0;68.0;147.0;94.0;80.0;19.0;74.0;182.0;94.0;60.0;192.0;43.0;185.0;747.0;13.0;133.0;747.0;33.0;50.0;17.0;161.0;333.0;94.0;57.0;17.0;118.0;127.0;51.0;133.0;16.0;74.0;379.0;372.0;747.0;204.0;54.0;103.0;69.0;43.0;115.0;79.0;88.0;134.0;39.0;90.0;28.0;60.0;330.0;71.0;82.0;113.0;115.0;100.0;162.0;112.0;9.0;96.0;45.0;108.0;101.0;105.0;33.0;288.0;229.0;161.0;120.0;17.0;672.0
283;95.0;71.0;200.0;40.0;2.0;6.0;26.0;104.0;80.0;40.0;91.0;13.0;746.0;209.0;177.0;765.0;91.0;127.0;47.0;343.0;49.0;80.0;340.0;204.0;161.0;13.0;78.0;74.0;3.0;38.0;127.0;66.0;117.0;19.0;93.0;140.0;76.0;80.0;160.0;134.0;3.0;26.0;122.0;32.0;83.0;239.0;47.0;91.0;62.0;31.0;33.0;103.0;76.0;344.0;114.0;16.0;127.0;19.0;69.0;179.0;18.0;3.0;175.0;343.0;67.0;76.0;126.0;104.0;72.0;851.0;153.0;62.0;344.0;323.0;53.0;91.0;51.0;26.0;115.0;746.0;16.0;77.0;91.0;53.0;23.0;71.0;140.0;40.0;32.0;93.0;349.0;53.0;215.0;746.0;117.0;80.0;146.0;103.0;66.0;333.0;80.0;105.0;91.0;35.0;103.0;64.0;63.0;42.0;80.0;88.0;71.0;173.0;201.0;53.0;96.0;26.0;91.0;127.0;134.0;31.0;83.0;87.0;57.0;746.0;198.0;16.0;127.0;118.0;45.0;68.0;42.0;160.0;340.0;378.0;80.0;48.0;134.0;100.0;72.0;134.0;769.0;114.0;179.0;49.0;196.0;159.0;134.0;127.0;119.0;120.0;98.0;805.0;16.0;134.0;160.0;115.0;153.0;9.0;104.0;76.0;127.0;12.0;134.0;127.0;80.0;109.0;2.0;15.0;160.0;64.0;69.0;43.0;102.0;51.0;53.0;94.0;134.0;376.0;189.0;99.0;3.0;3.0;0.0;153.0;171.0;746.0;60.0;746.0;3.0;91.0;80.0;54.0;109.0;94.0;92.0;38.0;53.0;69.0;134.0;36.0;26.0;77.0;75.0;118.0;58.0;102.0;58.0;127.0;80.0;153.0;112.0;126.0;80.0;746.0;91.0;117.0;55.0;144.0;160.0;134.0;63.0;51.0;119.0;103.0;72.0;16.0;85.0;87.0;140.0;31.0;23.0;31.0;145.0;74.0;65.0;144.0;91.0;77.0;16.0;71.0;182.0;91.0;57.0;192.0;40.0;185.0;746.0;12.0;130.0;746.0;30.0;47.0;16.0;160.0;335.0;91.0;60.0;16.0;116.0;127.0;48.0;130.0;13.0;73.0;376.0;374.0;746.0;204.0;52.0;100.0;66.0;40.0;112.0;77.0;85.0;134.0;36.0;87.0;26.0;57.0;333.0;68.0;80.0;112.0;112.0;99.0;165.0;109.0;9.0;93.0;45.0;108.0;98.0;103.0;31.0;289.0;231.0;159.0;118.0;16.0;672.0
284;69.0;88.0;345.0;116.0;151.0;151.0;133.0;65.0;91.0;114.0;71.0;163.0;752.0;301.0;143.0;774.0;71.0;223.0;156.0;413.0;107.0;101.0;446.0;294.0;8.0;165.0;196.0;87.0;153.0;117.0;143.0;91.0;228.0;135.0;69.0;19.0;197.0;91.0;96.0;139.0;151.0;133.0;44.0;122.0;212.0;287.0;156.0;71.0;151.0;125.0;133.0;84.0;140.0;411.0;50.0;144.0;143.0;165.0;96.0;52.0;143.0;156.0;270.0;447.0;112.0;140.0;37.0;65.0;86.0;702.0;252.0;151.0;411.0;460.0;184.0;71.0;103.0;133.0;61.0;752.0;144.0;84.0;71.0;184.0;149.0;84.0;19.0;114.0;122.0;75.0;434.0;184.0;306.0;752.0;219.0;101.0;13.0;63.0;91.0;418.0;91.0;69.0;71.0;127.0;60.0;91.0;106.0;120.0;101.0;73.0;94.0;60.0;295.0;184.0;194.0;130.0;71.0;53.0;139.0;125.0;146.0;75.0;103.0;752.0;48.0;144.0;143.0;48.0;108.0;115.0;111.0;96.0;446.0;517.0;101.0;107.0;139.0;65.0;86.0;139.0;777.0;53.0;52.0;107.0;47.0;6.0;139.0;236.0;217.0;62.0;68.0;655.0;137.0;139.0;96.0;176.0;149.0;144.0;65.0;197.0;40.0;157.0;139.0;143.0;91.0;190.0;151.0;147.0;204.0;210.0;112.0;117.0;131.0;103.0;184.0;66.0;139.0;225.0;43.0;64.0;156.0;156.0;153.0;0.0;266.0;752.0;156.0;752.0;156.0;71.0;91.0;103.0;57.0;66.0;93.0;117.0;184.0;114.0;139.0;144.0;127.0;81.0;169.0;48.0;95.0;72.0;187.0;143.0;101.0;1.0;63.0;39.0;91.0;752.0;71.0;219.0;101.0;16.0;96.0;139.0;208.0;103.0;80.0;60.0;107.0;144.0;75.0;71.0;19.0;122.0;140.0;123.0;144.0;90.0;94.0;75.0;71.0;81.0;138.0;88.0;276.0;71.0;99.0;286.0;114.0;279.0;752.0;144.0;41.0;752.0;125.0;113.0;144.0;96.0;425.0;71.0;205.0;144.0;81.0;143.0;107.0;41.0;140.0;171.0;225.0;514.0;752.0;294.0;143.0;65.0;91.0;114.0;54.0;124.0;75.0;139.0;118.0;79.0;133.0;99.0;440.0;91.0;91.0;180.0;54.0;196.0;313.0;57.0;157.0;92.0;158.0;194.0;71.0;63.0;125.0;426.0;372.0;6.0;49.0;144.0;690.0
285;199.0;188.0;145.0;177.0;170.0;166.0;194.0;202.0;237.0;180.0;198.0;159.0;595.0;39.0;173.0;611.0;198.0;46.0;217.0;490.0;180.0;241.0;458.0;33.0;273.0;161.0;93.0;226.0;173.0;176.0;296.0;189.0;54.0;173.0;200.0;247.0;95.0;237.0;316.0;303.0;174.0;194.0;222.0;178.0;228.0;97.0;217.0;198.0;124.0;172.0;158.0;182.0;129.0;493.0;217.0;185.0;296.0;152.0;177.0;312.0;161.0;170.0;4.0;463.0;159.0;129.0;229.0;202.0;220.0;892.0;18.0;124.0;493.0;215.0;208.0;198.0;201.0;194.0;205.0;595.0;185.0;190.0;198.0;208.0;194.0;216.0;247.0;180.0;178.0;193.0;486.0;208.0;45.0;595.0;54.0;241.0;254.0;203.0;189.0;471.0;237.0;197.0;198.0;163.0;208.0;193.0;168.0;166.0;241.0;198.0;178.0;313.0;31.0;208.0;78.0;170.0;198.0;215.0;303.0;172.0;121.0;195.0;178.0;595.0;313.0;185.0;296.0;218.0;186.0;155.0;195.0;316.0;458.0;435.0;241.0;182.0;303.0;202.0;191.0;303.0;616.0;213.0;312.0;180.0;312.0;271.0;303.0;45.0;53.0;206.0;199.0;851.0;181.0;303.0;316.0;91.0;143.0;171.0;202.0;95.0;227.0;181.0;303.0;296.0;237.0;76.0;170.0;185.0;83.0;195.0;159.0;170.0;271.0;185.0;208.0;203.0;303.0;452.0;310.0;204.0;170.0;170.0;171.0;266.0;0.0;595.0;121.0;595.0;170.0;198.0;237.0;181.0;209.0;203.0;173.0;176.0;208.0;157.0;303.0;145.0;185.0;193.0;104.0;218.0;196.0;194.0;113.0;296.0;241.0;266.0;204.0;227.0;237.0;595.0;198.0;54.0;185.0;251.0;316.0;303.0;195.0;185.0;189.0;208.0;163.0;185.0;196.0;202.0;247.0;188.0;159.0;189.0;142.0;182.0;184.0;206.0;198.0;193.0;171.0;188.0;11.0;198.0;185.0;22.0;180.0;14.0;595.0;181.0;226.0;595.0;175.0;172.0;185.0;316.0;469.0;198.0;195.0;185.0;187.0;296.0;182.0;226.0;174.0;104.0;452.0;431.0;595.0;33.0;136.0;202.0;189.0;180.0;212.0;144.0;196.0;303.0;179.0;189.0;194.0;185.0;450.0;186.0;237.0;86.0;212.0;75.0;143.0;209.0;162.0;174.0;214.0;73.0;195.0;203.0;172.0;183.0;149.0;271.0;217.0;185.0;804.0
286;716.0;723.0;701.0;732.0;745.0;740.0;761.0;712.0;783.0;736.0;719.0;738.0;1.0;563.0;611.0;27.0;719.0;628.0;793.0;1083.0;730.0;792.0;1051.0;566.0;754.0;741.0;677.0;770.0;749.0;733.0;855.0;728.0;645.0;740.0;720.0;736.0;680.0;783.0;842.0;858.0;748.0;761.0;720.0;738.0;819.0;508.0;793.0;719.0;686.0;733.0;721.0;692.0;675.0;1085.0;721.0;758.0;855.0;731.0;714.0;803.0;731.0;747.0;591.0;1056.0;700.0;675.0;725.0;712.0;763.0;966.0;611.0;686.0;1085.0;659.0;794.0;719.0;753.0;761.0;706.0;1.0;758.0;721.0;719.0;794.0;768.0;758.0;736.0;736.0;738.0;711.0;1081.0;794.0;559.0;1.0;638.0;792.0;741.0;715.0;728.0;1066.0;783.0;706.0;719.0;723.0;719.0;734.0;710.0;721.0;792.0;721.0;714.0;812.0;571.0;794.0;653.0;733.0;719.0;706.0;858.0;733.0;667.0;719.0;723.0;1.0;778.0;758.0;855.0;719.0;739.0;696.0;751.0;842.0;1051.0;1000.0;792.0;733.0;858.0;715.0;726.0;858.0;27.0;717.0;803.0;730.0;779.0;752.0;858.0;637.0;634.0;702.0;714.0;953.0;750.0;858.0;842.0;632.0;615.0;743.0;712.0;680.0;721.0;758.0;858.0;855.0;783.0;637.0;745.0;759.0;587.0;787.0;699.0;724.0;831.0;733.0;794.0;722.0;858.0;780.0;784.0;719.0;747.0;747.0;746.0;752.0;595.0;0.0;686.0;1.0;747.0;719.0;783.0;728.0;716.0;722.0;693.0;733.0;794.0;697.0;858.0;711.0;749.0;724.0;671.0;719.0;741.0;706.0;697.0;855.0;792.0;752.0;707.0;723.0;783.0;1.0;719.0;638.0;731.0;738.0;842.0;858.0;786.0;733.0;685.0;719.0;700.0;758.0;722.0;727.0;736.0;749.0;727.0;751.0;622.0;715.0;724.0;679.0;719.0;724.0;740.0;723.0;585.0;719.0;730.0;577.0;736.0;583.0;1.0;753.0;718.0;1.0;736.0;724.0;758.0;842.0;1064.0;719.0;785.0;758.0;686.0;855.0;733.0;718.0;744.0;673.0;780.0;995.0;1.0;566.0;696.0;715.0;728.0;736.0;717.0;683.0;722.0;858.0;736.0;712.0;761.0;730.0;1043.0;723.0;783.0;634.0;717.0;650.0;720.0;716.0;738.0;693.0;791.0;640.0;710.0;715.0;733.0;656.0;679.0;752.0;717.0;758.0;1290.0
287;87.0;70.0;192.0;56.0;59.0;54.0;77.0;93.0;116.0;59.0;85.0;55.0;686.0;160.0;128.0;705.0;85.0;76.0;107.0;403.0;58.0;120.0;395.0;154.0;164.0;57.0;40.0;105.0;63.0;55.0;178.0;70.0;75.0;55.0;87.0;139.0;41.0;116.0;195.0;184.0;62.0;77.0;115.0;57.0;140.0;180.0;107.0;85.0;5.0;52.0;38.0;79.0;25.0;404.0;107.0;72.0;178.0;48.0;60.0;196.0;45.0;62.0;126.0;398.0;44.0;25.0;121.0;93.0;99.0;832.0;105.0;5.0;404.0;304.0;111.0;85.0;80.0;77.0;100.0;686.0;72.0;73.0;85.0;111.0;82.0;95.0;139.0;59.0;57.0;82.0;408.0;111.0;166.0;686.0;68.0;120.0;145.0;93.0;70.0;392.0;116.0;90.0;85.0;42.0;96.0;73.0;50.0;45.0;120.0;83.0;62.0;195.0;153.0;111.0;43.0;50.0;85.0;113.0;184.0;52.0;27.0;81.0;58.0;686.0;204.0;72.0;178.0;110.0;65.0;41.0;74.0;195.0;395.0;417.0;120.0;61.0;184.0;91.0;73.0;184.0;709.0;105.0;196.0;58.0;202.0;161.0;184.0;84.0;69.0;103.0;88.0;787.0;65.0;184.0;195.0;54.0;101.0;57.0;93.0;41.0;120.0;72.0;184.0;178.0;116.0;51.0;59.0;73.0;99.0;114.0;44.0;48.0;153.0;64.0;111.0;89.0;184.0;366.0;198.0;92.0;62.0;62.0;60.0;156.0;121.0;686.0;0.0;686.0;62.0;85.0;116.0;60.0;100.0;89.0;67.0;55.0;111.0;42.0;184.0;26.0;66.0;76.0;17.0;110.0;74.0;87.0;36.0;178.0;120.0;156.0;98.0;119.0;116.0;686.0;85.0;68.0;64.0;142.0;195.0;184.0;113.0;64.0;93.0;96.0;49.0;72.0;81.0;86.0;139.0;68.0;41.0;69.0;93.0;66.0;65.0;117.0;85.0;76.0;54.0;70.0;133.0;85.0;64.0;143.0;59.0;136.0;686.0;67.0;121.0;686.0;54.0;51.0;72.0;195.0;393.0;85.0;110.0;72.0;90.0;178.0;61.0;121.0;59.0;17.0;366.0;413.0;686.0;154.0;14.0;91.0;70.0;59.0;104.0;37.0;81.0;184.0;58.0;77.0;77.0;64.0;387.0;67.0;116.0;52.0;104.0;46.0;165.0;100.0;53.0;68.0;105.0;51.0;86.0;93.0;52.0;270.0;217.0;161.0;109.0;72.0;720.0
288;716.0;723.0;701.0;732.0;745.0;740.0;761.0;712.0;783.0;736.0;719.0;738.0;1.0;563.0;611.0;27.0;719.0;628.0;793.0;1083.0;730.0;792.0;1051.0;566.0;754.0;741.0;677.0;770.0;749.0;733.0;855.0;728.0;645.0;740.0;720.0;736.0;680.0;783.0;842.0;858.0;748.0;761.0;720.0;738.0;819.0;508.0;793.0;719.0;686.0;733.0;721.0;692.0;675.0;1085.0;721.0;758.0;855.0;731.0;714.0;803.0;731.0;747.0;591.0;1056.0;700.0;675.0;725.0;712.0;763.0;966.0;611.0;686.0;1085.0;659.0;794.0;719.0;753.0;761.0;706.0;1.0;758.0;721.0;719.0;794.0;768.0;758.0;736.0;736.0;738.0;711.0;1081.0;794.0;559.0;1.0;638.0;792.0;741.0;715.0;728.0;1066.0;783.0;706.0;719.0;723.0;719.0;734.0;710.0;721.0;792.0;721.0;714.0;812.0;571.0;794.0;653.0;733.0;719.0;706.0;858.0;733.0;667.0;719.0;723.0;1.0;778.0;758.0;855.0;719.0;739.0;696.0;751.0;842.0;1051.0;1000.0;792.0;733.0;858.0;715.0;726.0;858.0;27.0;717.0;803.0;730.0;779.0;752.0;858.0;637.0;634.0;702.0;714.0;953.0;750.0;858.0;842.0;632.0;615.0;743.0;712.0;680.0;721.0;758.0;858.0;855.0;783.0;637.0;745.0;759.0;587.0;787.0;699.0;724.0;831.0;733.0;794.0;722.0;858.0;780.0;784.0;719.0;747.0;747.0;746.0;752.0;595.0;1.0;686.0;0.0;747.0;719.0;783.0;728.0;716.0;722.0;693.0;733.0;794.0;697.0;858.0;711.0;749.0;724.0;671.0;719.0;741.0;706.0;697.0;855.0;792.0;752.0;707.0;723.0;783.0;1.0;719.0;638.0;731.0;738.0;842.0;858.0;786.0;733.0;685.0;719.0;700.0;758.0;722.0;727.0;736.0;749.0;727.0;751.0;622.0;715.0;724.0;679.0;719.0;724.0;740.0;723.0;585.0;719.0;730.0;577.0;736.0;583.0;1.0;753.0;718.0;1.0;736.0;724.0;758.0;842.0;1064.0;719.0;785.0;758.0;686.0;855.0;733.0;718.0;744.0;673.0;780.0;995.0;1.0;566.0;696.0;715.0;728.0;736.0;717.0;683.0;722.0;858.0;736.0;712.0;761.0;730.0;1043.0;723.0;783.0;634.0;717.0;650.0;720.0;716.0;738.0;693.0;791.0;640.0;710.0;715.0;733.0;656.0;679.0;752.0;717.0;758.0;1290.0
289;98.0;74.0;198.0;43.0;5.0;8.0;28.0;107.0;82.0;43.0;94.0;12.0;747.0;209.0;179.0;766.0;94.0;127.0;47.0;341.0;52.0;81.0;338.0;204.0;164.0;12.0;77.0;77.0;3.0;41.0;127.0;69.0;117.0;22.0;95.0;143.0;76.0;82.0;161.0;134.0;5.0;28.0;125.0;35.0;81.0;240.0;47.0;94.0;63.0;33.0;35.0;106.0;78.0;342.0;116.0;17.0;127.0;18.0;72.0;182.0;21.0;1.0;175.0;341.0;69.0;78.0;129.0;107.0;74.0;854.0;153.0;63.0;342.0;321.0;51.0;94.0;53.0;28.0;118.0;747.0;17.0;79.0;94.0;51.0;23.0;73.0;143.0;43.0;35.0;96.0;347.0;51.0;215.0;747.0;117.0;81.0;149.0;105.0;69.0;331.0;82.0;108.0;94.0;38.0;106.0;67.0;65.0;45.0;81.0;91.0;74.0;176.0;201.0;51.0;97.0;29.0;94.0;130.0;134.0;33.0;84.0;90.0;60.0;747.0;201.0;17.0;127.0;121.0;48.0;71.0;45.0;161.0;338.0;375.0;81.0;51.0;134.0;103.0;75.0;134.0;770.0;116.0;182.0;52.0;198.0;161.0;134.0;127.0;119.0;123.0;101.0;807.0;19.0;134.0;161.0;116.0;155.0;12.0;107.0;76.0;130.0;11.0;134.0;127.0;82.0;110.0;5.0;16.0;161.0;62.0;71.0;46.0;103.0;54.0;51.0;97.0;134.0;379.0;191.0;102.0;1.0;1.0;3.0;156.0;170.0;747.0;62.0;747.0;0.0;94.0;82.0;56.0;112.0;97.0;94.0;41.0;51.0;71.0;134.0;38.0;29.0;80.0;76.0;121.0;61.0;104.0;58.0;127.0;81.0;156.0;115.0;128.0;82.0;747.0;94.0;117.0;58.0;147.0;161.0;134.0;60.0;54.0;122.0;106.0;75.0;17.0;88.0;89.0;143.0;34.0;25.0;34.0;147.0;77.0;68.0;147.0;94.0;80.0;19.0;74.0;182.0;94.0;60.0;192.0;43.0;185.0;747.0;13.0;133.0;747.0;33.0;50.0;17.0;161.0;333.0;94.0;57.0;17.0;118.0;127.0;51.0;133.0;16.0;74.0;379.0;372.0;747.0;204.0;54.0;103.0;69.0;43.0;115.0;79.0;88.0;134.0;39.0;90.0;28.0;60.0;330.0;71.0;82.0;113.0;115.0;100.0;162.0;112.0;9.0;96.0;45.0;108.0;101.0;105.0;33.0;288.0;229.0;161.0;120.0;17.0;672.0
290;4.0;20.0;275.0;51.0;89.0;88.0;80.0;13.0;67.0;52.0;1.0;99.0;719.0;235.0;113.0;740.0;1.0;154.0;111.0;401.0;42.0;78.0;416.0;228.0;79.0;101.0;125.0;55.0;92.0;53.0;139.0;25.0;158.0;72.0;2.0;54.0;126.0;67.0;127.0;140.0;90.0;80.0;32.0;60.0;165.0;232.0;111.0;1.0;80.0;61.0;65.0;27.0;70.0;400.0;23.0;87.0;139.0;99.0;26.0;114.0;77.0;94.0;202.0;418.0;41.0;70.0;37.0;13.0;49.0;760.0;183.0;80.0;400.0;389.0;134.0;1.0;52.0;80.0;24.0;719.0;87.0;15.0;1.0;134.0;96.0;44.0;54.0;52.0;60.0;8.0;414.0;134.0;240.0;719.0;149.0;78.0;61.0;11.0;25.0;398.0;67.0;17.0;1.0;60.0;12.0;29.0;36.0;52.0;78.0;4.0;24.0;115.0;228.0;134.0;124.0;66.0;1.0;36.0;140.0;61.0;77.0;4.0;35.0;719.0;119.0;87.0;139.0;27.0;48.0;45.0;56.0;127.0;416.0;467.0;78.0;44.0;140.0;9.0;20.0;140.0;743.0;22.0;114.0;42.0;118.0;76.0;140.0;166.0;148.0;30.0;7.0;714.0;78.0;140.0;127.0;110.0;104.0;82.0;13.0;126.0;37.0;98.0;140.0;139.0;67.0;122.0;89.0;90.0;146.0;154.0;41.0;50.0;118.0;40.0;134.0;5.0;140.0;287.0;113.0;8.0;94.0;94.0;91.0;71.0;198.0;719.0;85.0;719.0;94.0;0.0;67.0;38.0;18.0;5.0;28.0;53.0;134.0;43.0;140.0;75.0;69.0;14.0;99.0;27.0;37.0;15.0;116.0;139.0;78.0;71.0;22.0;36.0;67.0;719.0;1.0;149.0;37.0;58.0;127.0;140.0;152.0;40.0;37.0;12.0;36.0;87.0;7.0;9.0;54.0;65.0;74.0;66.0;97.0;20.0;26.0;58.0;1.0;14.0;75.0;20.0;209.0;1.0;35.0;219.0;52.0;211.0;719.0;86.0;40.0;719.0;62.0;46.0;87.0;127.0;403.0;1.0;149.0;87.0;35.0;139.0;44.0;40.0;78.0;100.0;287.0;464.0;719.0;228.0;73.0;9.0;25.0;52.0;21.0;54.0;7.0;140.0;55.0;9.0;80.0;35.0;409.0;24.0;67.0;114.0;21.0;126.0;244.0;18.0;93.0;28.0;112.0;125.0;10.0;11.0;61.0;355.0;301.0;76.0;27.0;87.0;702.0
291;70.0;60.0;280.0;60.0;79.0;82.0;55.0;77.0;1.0;57.0;67.0;93.0;783.0;276.0;180.0;803.0;67.0;191.0;67.0;336.0;58.0;12.0;359.0;269.0;98.0;94.0;148.0;13.0;79.0;61.0;73.0;55.0;188.0;68.0;66.0;86.0;148.0;1.0;81.0;75.0;77.0;55.0;82.0;60.0;122.0;288.0;67.0;67.0;113.0;65.0;79.0;93.0;114.0;334.0;75.0;67.0;73.0;98.0;69.0;102.0;80.0;82.0;241.0;360.0;85.0;114.0;82.0;77.0;19.0;792.0;220.0;113.0;334.0;403.0;97.0;67.0;36.0;55.0;87.0;783.0;67.0;62.0;67.0;97.0;67.0;24.0;86.0;57.0;60.0;74.0;352.0;97.0;281.0;783.0;183.0;12.0;89.0;74.0;55.0;336.0;1.0;83.0;67.0;74.0;71.0;50.0;75.0;71.0;12.0;64.0;69.0;95.0;268.0;97.0;159.0;68.0;67.0;94.0;75.0;65.0;123.0;66.0;62.0;783.0;128.0;67.0;73.0;80.0;51.0;89.0;43.0;81.0;359.0;427.0;12.0;56.0;75.0;73.0;57.0;75.0;807.0;78.0;102.0;58.0;125.0;96.0;75.0;197.0;184.0;93.0;73.0;744.0;64.0;75.0;81.0;160.0;169.0;74.0;77.0;148.0;84.0;78.0;75.0;73.0;1.0;165.0;79.0;69.0;202.0;124.0;86.0;68.0;51.0;53.0;97.0;65.0;75.0;313.0;116.0;70.0;82.0;82.0;80.0;91.0;237.0;783.0;116.0;783.0;82.0;67.0;0.0;58.0;77.0;65.0;90.0;61.0;97.0;88.0;75.0;93.0;57.0;59.0;133.0;80.0;44.0;81.0;132.0;73.0;12.0;91.0;85.0;82.0;1.0;783.0;67.0;183.0;55.0;88.0;81.0;75.0;123.0;53.0;104.0;71.0;84.0;67.0;62.0;58.0;86.0;52.0;80.0;51.0;161.0;67.0;60.0;121.0;67.0;59.0;71.0;60.0;248.0;67.0;55.0;259.0;57.0;251.0;783.0;69.0;89.0;783.0;63.0;65.0;67.0;81.0;342.0;67.0;120.0;67.0;102.0;73.0;56.0;89.0;70.0;133.0;313.0;424.0;783.0;269.0;101.0;73.0;55.0;57.0;78.0;103.0;62.0;75.0;58.0;71.0;55.0;55.0;352.0;60.0;1.0;161.0;78.0;162.0;244.0;77.0;88.0;91.0;69.0;166.0;77.0;74.0;65.0;369.0;311.0;96.0;80.0;67.0;648.0
292;42.0;17.0;242.0;14.0;52.0;50.0;45.0;50.0;58.0;14.0;38.0;61.0;728.0;220.0;135.0;749.0;38.0;136.0;79.0;376.0;5.0;65.0;384.0;213.0;111.0;64.0;97.0;46.0;54.0;16.0;127.0;13.0;135.0;34.0;39.0;89.0;98.0;58.0;135.0;131.0;52.0;45.0;69.0;22.0;130.0;230.0;79.0;38.0;57.0;23.0;30.0;52.0;57.0;375.0;60.0;51.0;127.0;62.0;18.0;138.0;40.0;56.0;185.0;387.0;28.0;57.0;74.0;50.0;39.0;798.0;165.0;57.0;375.0;360.0;99.0;38.0;25.0;45.0;61.0;728.0;51.0;23.0;38.0;99.0;60.0;35.0;89.0;14.0;22.0;40.0;387.0;99.0;225.0;728.0;128.0;65.0;95.0;49.0;13.0;370.0;58.0;52.0;38.0;24.0;50.0;13.0;18.0;18.0;65.0;34.0;20.0;135.0;212.0;99.0;103.0;28.0;38.0;74.0;131.0;23.0;65.0;34.0;6.0;728.0;150.0;51.0;127.0;65.0;12.0;32.0;24.0;135.0;384.0;430.0;65.0;6.0;131.0;47.0;18.0;131.0;752.0;60.0;138.0;5.0;148.0;109.0;131.0;144.0;129.0;67.0;44.0;751.0;41.0;131.0;135.0;102.0;118.0;44.0;50.0;98.0;74.0;61.0;131.0;127.0;58.0;108.0;52.0;53.0;144.0;117.0;29.0;14.0;102.0;5.0;99.0;41.0;131.0;324.0;142.0;46.0;56.0;56.0;54.0;103.0;181.0;728.0;60.0;728.0;56.0;38.0;58.0;0.0;56.0;41.0;43.0;16.0;99.0;31.0;131.0;42.0;32.0;24.0;77.0;65.0;14.0;49.0;85.0;127.0;65.0;103.0;58.0;73.0;58.0;728.0;38.0;128.0;3.0;92.0;135.0;131.0;115.0;5.0;68.0;50.0;29.0;51.0;31.0;34.0;89.0;29.0;37.0;31.0;110.0;21.0;11.0;92.0;38.0;24.0;38.0;17.0;192.0;38.0;4.0;203.0;14.0;195.0;728.0;49.0;77.0;728.0;24.0;10.0;51.0;135.0;374.0;38.0;112.0;51.0;65.0;127.0;6.0;77.0;41.0;78.0;324.0;427.0;728.0;213.0;46.0;47.0;13.0;14.0;59.0;46.0;31.0;131.0;18.0;34.0;45.0;4.0;377.0;14.0;58.0;103.0;59.0;106.0;210.0;56.0;55.0;45.0;79.0;109.0;45.0;49.0;23.0;326.0;270.0;109.0;64.0;51.0;690.0
293;14.0;38.0;292.0;69.0;107.0;106.0;97.0;8.0;77.0;70.0;18.0;117.0;716.0;245.0;106.0;737.0;18.0;166.0;127.0;413.0;61.0;88.0;431.0;238.0;64.0;119.0;140.0;66.0;110.0;71.0;147.0;43.0;171.0;90.0;17.0;39.0;141.0;77.0;127.0;147.0;108.0;97.0;15.0;78.0;182.0;236.0;127.0;18.0;95.0;79.0;83.0;28.0;83.0;411.0;7.0;105.0;147.0;117.0;43.0;104.0;95.0;112.0;213.0;433.0;57.0;83.0;21.0;8.0;61.0;742.0;195.0;95.0;411.0;404.0;151.0;18.0;68.0;97.0;10.0;716.0;105.0;33.0;18.0;151.0;113.0;57.0;39.0;70.0;78.0;19.0;428.0;151.0;250.0;716.0;162.0;88.0;46.0;7.0;43.0;412.0;77.0;12.0;18.0;78.0;6.0;46.0;53.0;70.0;88.0;22.0;41.0;107.0;238.0;151.0;137.0;84.0;18.0;19.0;147.0;79.0;89.0;22.0;53.0;716.0;105.0;105.0;147.0;10.0;65.0;59.0;73.0;127.0;431.0;485.0;88.0;61.0;147.0;9.0;38.0;147.0;741.0;5.0;104.0;61.0;104.0;62.0;147.0;179.0;160.0;16.0;12.0;696.0;96.0;147.0;127.0;119.0;103.0;100.0;8.0;141.0;19.0;116.0;147.0;147.0;77.0;133.0;107.0;108.0;151.0;172.0;56.0;68.0;127.0;58.0;151.0;15.0;147.0;270.0;100.0;10.0;112.0;112.0;109.0;57.0;209.0;716.0;100.0;716.0;112.0;18.0;77.0;56.0;0.0;15.0;36.0;71.0;151.0;58.0;147.0;92.0;86.0;32.0;113.0;10.0;54.0;15.0;133.0;147.0;88.0;57.0;9.0;19.0;77.0;716.0;18.0;162.0;54.0;42.0;127.0;147.0;170.0;58.0;30.0;6.0;51.0;105.0;24.0;24.0;39.0;82.0;92.0;83.0;96.0;37.0;44.0;44.0;18.0;32.0;93.0;38.0;219.0;18.0;53.0;229.0;70.0;222.0;716.0;104.0;22.0;716.0;80.0;64.0;105.0;127.0;417.0;18.0;167.0;105.0;30.0;147.0;61.0;22.0;96.0;115.0;270.0;482.0;716.0;238.0;89.0;9.0;43.0;70.0;3.0;67.0;24.0;147.0;73.0;24.0;97.0;53.0;424.0;42.0;77.0;124.0;3.0;139.0;261.0;1.0;111.0;35.0;128.0;137.0;14.0;7.0;79.0;370.0;317.0;62.0;9.0;105.0;708.0
294;5.0;23.0;279.0;54.0;92.0;91.0;81.0;12.0;65.0;54.0;5.0;102.0;722.0;239.0;115.0;743.0;5.0;158.0;112.0;400.0;45.0;77.0;417.0;232.0;74.0;104.0;129.0;54.0;95.0;56.0;137.0;28.0;162.0;75.0;3.0;50.0;130.0;65.0;124.0;138.0;93.0;81.0;28.0;62.0;167.0;236.0;112.0;5.0;85.0;64.0;69.0;30.0;75.0;399.0;20.0;90.0;137.0;102.0;30.0;109.0;81.0;97.0;207.0;419.0;46.0;75.0;33.0;12.0;48.0;757.0;188.0;85.0;399.0;394.0;136.0;5.0;53.0;81.0;23.0;722.0;90.0;18.0;5.0;136.0;98.0;43.0;50.0;54.0;62.0;11.0;414.0;136.0;245.0;722.0;153.0;77.0;56.0;10.0;28.0;398.0;65.0;18.0;5.0;64.0;9.0;31.0;40.0;56.0;77.0;7.0;28.0;110.0;233.0;136.0;129.0;69.0;5.0;34.0;138.0;64.0;82.0;8.0;38.0;722.0;114.0;90.0;137.0;24.0;50.0;49.0;58.0;124.0;417.0;470.0;77.0;46.0;138.0;8.0;22.0;138.0;746.0;19.0;109.0;45.0;113.0;72.0;138.0;171.0;152.0;29.0;8.0;711.0;81.0;138.0;124.0;115.0;107.0;85.0;12.0;130.0;33.0;101.0;138.0;137.0;65.0;127.0;92.0;92.0;150.0;156.0;45.0;53.0;116.0;43.0;136.0;1.0;138.0;284.0;109.0;5.0;97.0;97.0;94.0;66.0;203.0;722.0;89.0;722.0;97.0;5.0;65.0;41.0;15.0;0.0;32.0;56.0;136.0;48.0;138.0;79.0;71.0;17.0;103.0;24.0;38.0;16.0;121.0;137.0;77.0;66.0;21.0;32.0;65.0;722.0;5.0;153.0;39.0;53.0;124.0;138.0;155.0;43.0;39.0;9.0;41.0;90.0;9.0;9.0;50.0;67.0;78.0;68.0;100.0;24.0;30.0;58.0;5.0;17.0;78.0;23.0;213.0;5.0;37.0;223.0;54.0;216.0;722.0;88.0;36.0;722.0;64.0;49.0;90.0;124.0;403.0;5.0;152.0;90.0;37.0;137.0;46.0;36.0;81.0;105.0;284.0;466.0;722.0;232.0;77.0;8.0;28.0;54.0;18.0;59.0;9.0;138.0;58.0;13.0;81.0;37.0;410.0;27.0;65.0;118.0;18.0;131.0;248.0;15.0;96.0;32.0;113.0;130.0;12.0;10.0;64.0;360.0;305.0;72.0;23.0;90.0;702.0
295;27.0;31.0;259.0;55.0;90.0;87.0;88.0;29.0;90.0;56.0;28.0;96.0;693.0;209.0;92.0;714.0;28.0;130.0;122.0;418.0;47.0;100.0;427.0;202.0;101.0;98.0;106.0;77.0;93.0;56.0;163.0;37.0;136.0;74.0;29.0;75.0;108.0;90.0;155.0;165.0;91.0;88.0;50.0;63.0;172.0;204.0;122.0;28.0;62.0;62.0;60.0;13.0;47.0;418.0;44.0;92.0;163.0;94.0;25.0;140.0;75.0;94.0;177.0;430.0;27.0;47.0;56.0;29.0;71.0;767.0;158.0;62.0;418.0;370.0;141.0;28.0;66.0;88.0;34.0;693.0;92.0;28.0;28.0;141.0;102.0;66.0;75.0;56.0;63.0;21.0;430.0;141.0;214.0;693.0;126.0;100.0;82.0;30.0;37.0;414.0;90.0;24.0;28.0;57.0;35.0;43.0;29.0;49.0;100.0;29.0;24.0;142.0;202.0;141.0;101.0;66.0;28.0;46.0;165.0;62.0;53.0;26.0;38.0;693.0;141.0;92.0;163.0;46.0;56.0;27.0;67.0;155.0;427.0;469.0;100.0;50.0;165.0;29.0;34.0;165.0;717.0;41.0;140.0;47.0;140.0;98.0;165.0;144.0;124.0;36.0;26.0;722.0;82.0;165.0;155.0;84.0;79.0;83.0;29.0;108.0;54.0;101.0;165.0;163.0;90.0;97.0;90.0;95.0;118.0;156.0;25.0;49.0;140.0;48.0;141.0;32.0;165.0;300.0;137.0;32.0;94.0;94.0;92.0;93.0;173.0;693.0;67.0;693.0;94.0;28.0;90.0;43.0;36.0;32.0;0.0;56.0;141.0;26.0;165.0;65.0;75.0;31.0;78.0;46.0;51.0;21.0;102.0;163.0;100.0;93.0;32.0;55.0;90.0;693.0;28.0;126.0;44.0;78.0;155.0;165.0;154.0;48.0;28.0;35.0;20.0;92.0;29.0;35.0;75.0;72.0;70.0;74.0;71.0;24.0;34.0;53.0;28.0;31.0;76.0;31.0;183.0;28.0;42.0;193.0;56.0;186.0;693.0;89.0;55.0;693.0;64.0;46.0;92.0;155.0;417.0;28.0;151.0;92.0;25.0;163.0;50.0;55.0;80.0;80.0;300.0;465.0;693.0;202.0;57.0;29.0;37.0;56.0;39.0;31.0;29.0;165.0;59.0;20.0;88.0;42.0;420.0;33.0;90.0;88.0;39.0;103.0;231.0;36.0;90.0;2.0;122.0;101.0;23.0;30.0;62.0;335.0;283.0;98.0;44.0;92.0;720.0
296;57.0;33.0;229.0;2.0;36.0;35.0;32.0;66.0;61.0;4.0;53.0;46.0;733.0;215.0;146.0;753.0;53.0;131.0;67.0;366.0;11.0;65.0;371.0;209.0;126.0;48.0;89.0;50.0;39.0;1.0;125.0;28.0;127.0;19.0;55.0;104.0;89.0;61.0;141.0;130.0;37.0;32.0;85.0;7.0;116.0;231.0;67.0;53.0;53.0;8.0;19.0;67.0;58.0;366.0;76.0;36.0;125.0;47.0;32.0;149.0;26.0;41.0;180.0;374.0;35.0;58.0;89.0;66.0;45.0;813.0;159.0;53.0;366.0;349.0;85.0;53.0;25.0;32.0;77.0;733.0;36.0;39.0;53.0;85.0;46.0;42.0;104.0;4.0;7.0;55.0;376.0;85.0;221.0;733.0;123.0;65.0;110.0;65.0;28.0;359.0;61.0;67.0;53.0;13.0;65.0;27.0;28.0;12.0;65.0;50.0;34.0;145.0;207.0;85.0;98.0;13.0;53.0;89.0;130.0;8.0;66.0;49.0;19.0;733.0;164.0;36.0;125.0;80.0;11.0;39.0;19.0;141.0;371.0;415.0;65.0;10.0;130.0;62.0;34.0;130.0;756.0;76.0;149.0;11.0;162.0;123.0;130.0;137.0;123.0;82.0;60.0;767.0;26.0;130.0;141.0;103.0;127.0;29.0;66.0;89.0;89.0;46.0;130.0;125.0;61.0;105.0;36.0;39.0;147.0;102.0;37.0;9.0;100.0;14.0;85.0;56.0;130.0;339.0;155.0;61.0;41.0;41.0;38.0;117.0;176.0;733.0;55.0;733.0;41.0;53.0;61.0;16.0;71.0;56.0;56.0;0.0;85.0;38.0;130.0;32.0;19.0;39.0;72.0;80.0;23.0;64.0;74.0;125.0;65.0;117.0;74.0;88.0;61.0;733.0;53.0;123.0;17.0;107.0;141.0;130.0;100.0;14.0;82.0;65.0;39.0;36.0;47.0;49.0;104.0;17.0;23.0;19.0;118.0;36.0;27.0;107.0;53.0;39.0;22.0;33.0;188.0;53.0;19.0;198.0;4.0;190.0;733.0;34.0;93.0;733.0;8.0;11.0;36.0;141.0;363.0;53.0;97.0;36.0;79.0;125.0;10.0;93.0;25.0;72.0;339.0;412.0;733.0;209.0;41.0;62.0;28.0;4.0;74.0;51.0;47.0;130.0;4.0;49.0;32.0;19.0;364.0;30.0;61.0;103.0;74.0;101.0;196.0;71.0;40.0;58.0;66.0;106.0;60.0;65.0;8.0;315.0;258.0;123.0;80.0;36.0;684.0
297;138.0;115.0;202.0;86.0;54.0;59.0;55.0;148.0;97.0;85.0;134.0;57.0;794.0;246.0;228.0;812.0;134.0;168.0;30.0;292.0;94.0;90.0;288.0;241.0;192.0;54.0;118.0;98.0;51.0;85.0;109.0;109.0;155.0;68.0;135.0;176.0;116.0;97.0;162.0;118.0;52.0;55.0;163.0;77.0;31.0;286.0;30.0;134.0;113.0;79.0;85.0;151.0;129.0;293.0;154.0;48.0;109.0;63.0;116.0;198.0;71.0;51.0;212.0;291.0;118.0;129.0;165.0;148.0;99.0;887.0;191.0;113.0;293.0;330.0;1.0;134.0;84.0;55.0;159.0;794.0;48.0;121.0;134.0;1.0;39.0;101.0;176.0;85.0;77.0;138.0;297.0;1.0;252.0;794.0;158.0;90.0;180.0;146.0;109.0;281.0;97.0;150.0;134.0;86.0;145.0;105.0;112.0;92.0;90.0;131.0;118.0;189.0;238.0;1.0;141.0;76.0;134.0;170.0;118.0;79.0;135.0;131.0;104.0;794.0;224.0;48.0;109.0;159.0;87.0;120.0;78.0;162.0;288.0;334.0;90.0;92.0;118.0;143.0;115.0;118.0;816.0;155.0;198.0;94.0;222.0;190.0;118.0;164.0;161.0;164.0;142.0;839.0;58.0;118.0;162.0;165.0;206.0;60.0;148.0;116.0;167.0;41.0;118.0;109.0;97.0;157.0;54.0;46.0;209.0;30.0;120.0;92.0;90.0;95.0;1.0;136.0;118.0;409.0;213.0;141.0;51.0;51.0;53.0;184.0;208.0;794.0;111.0;794.0;51.0;134.0;97.0;99.0;151.0;136.0;141.0;85.0;0.0;120.0;118.0;89.0;66.0;120.0;124.0;159.0;98.0;147.0;98.0;109.0;90.0;184.0;156.0;165.0;97.0;794.0;134.0;158.0;99.0;179.0;162.0;118.0;28.0;95.0;167.0;145.0;122.0;48.0;128.0;128.0;176.0;70.0;75.0;69.0;197.0;120.0;110.0;191.0;134.0;120.0;66.0;115.0;220.0;134.0;101.0;230.0;85.0;222.0;794.0;51.0;171.0;794.0;77.0;95.0;48.0;162.0;283.0;134.0;26.0;48.0;164.0;109.0;92.0;171.0;61.0;121.0;409.0;331.0;794.0;241.0;104.0;143.0;109.0;85.0;154.0;129.0;128.0;118.0;82.0;132.0;55.0;101.0;280.0;112.0;97.0;162.0;154.0;144.0;164.0;151.0;58.0;142.0;28.0;154.0;143.0;146.0;79.0;297.0;237.0;190.0;159.0;48.0;630.0
298;45.0;32.0;234.0;37.0;67.0;63.0;70.0;50.0;88.0;40.0;43.0;71.0;697.0;194.0;109.0;717.0;43.0;112.0;105.0;404.0;33.0;96.0;407.0;187.0;122.0;74.0;82.0;76.0;70.0;38.0;158.0;34.0;115.0;52.0;45.0;96.0;84.0;88.0;162.0;162.0;69.0;70.0;72.0;45.0;151.0;199.0;105.0;43.0;37.0;42.0;36.0;39.0;28.0;404.0;65.0;72.0;158.0;68.0;21.0;156.0;51.0;71.0;161.0;410.0;3.0;28.0;78.0;50.0;69.0;794.0;141.0;37.0;404.0;347.0;120.0;43.0;56.0;70.0;58.0;697.0;72.0;33.0;43.0;120.0;83.0;64.0;96.0;40.0;45.0;39.0;413.0;120.0;200.0;697.0;106.0;96.0;103.0;51.0;34.0;397.0;88.0;48.0;43.0;34.0;54.0;39.0;13.0;28.0;96.0;42.0;22.0;156.0;187.0;120.0;81.0;44.0;43.0;71.0;162.0;42.0;36.0;39.0;26.0;697.0;162.0;72.0;158.0;68.0;42.0;2.0;54.0;162.0;407.0;444.0;96.0;36.0;162.0;49.0;35.0;162.0;721.0;63.0;156.0;33.0;161.0;119.0;162.0;123.0;105.0;62.0;46.0;748.0;62.0;162.0;162.0;73.0;89.0;60.0;50.0;84.0;77.0;79.0;162.0;158.0;88.0;81.0;67.0;74.0;114.0;132.0;2.0;29.0;134.0;36.0;120.0;48.0;162.0;325.0;156.0;50.0;71.0;71.0;69.0;114.0;157.0;697.0;42.0;697.0;71.0;43.0;88.0;31.0;58.0;48.0;26.0;38.0;120.0;0.0;162.0;39.0;57.0;36.0;56.0;68.0;44.0;44.0;76.0;158.0;96.0;114.0;56.0;77.0;88.0;697.0;43.0;106.0;34.0;100.0;162.0;162.0;131.0;36.0;54.0;54.0;7.0;72.0;40.0;46.0;96.0;55.0;46.0;57.0;80.0;26.0;29.0;80.0;43.0;36.0;54.0;32.0;167.0;43.0;33.0;178.0;40.0;170.0;697.0;69.0;79.0;697.0;44.0;28.0;72.0;162.0;400.0;43.0;128.0;72.0;51.0;158.0;36.0;79.0;59.0;57.0;325.0;441.0;697.0;187.0;31.0;49.0;34.0;40.0;61.0;15.0;40.0;162.0;42.0;35.0;70.0;33.0;400.0;30.0;88.0;75.0;61.0;83.0;205.0;58.0;66.0;28.0;104.0;83.0;43.0;51.0;42.0;312.0;259.0;119.0;67.0;72.0;714.0
299;144.0;135.0;320.0;130.0;134.0;138.0;109.0;150.0;75.0;126.0;140.0;146.0;858.0;342.0;253.0;878.0;140.0;258.0;94.0;274.0;130.0;66.0;315.0;336.0;143.0;145.0;210.0;88.0;131.0;130.0;10.0;130.0;251.0;130.0;140.0;144.0;209.0;75.0;61.0;1.0;130.0;109.0;149.0;126.0;127.0;361.0;94.0;140.0;182.0;132.0;146.0;167.0;187.0;272.0;144.0;118.0;10.0;153.0;144.0;120.0;142.0;134.0;307.0;315.0;159.0;187.0;146.0;150.0;94.0;815.0;285.0;182.0;272.0;447.0;118.0;140.0;106.0;109.0;158.0;858.0;118.0;137.0;140.0;118.0;112.0;99.0;144.0;126.0;126.0;148.0;296.0;118.0;347.0;858.0;249.0;66.0;144.0;146.0;130.0;281.0;75.0;156.0;140.0;142.0;143.0;124.0;149.0;141.0;66.0;138.0;144.0;106.0;334.0;118.0;225.0;133.0;140.0;162.0;1.0;132.0;195.0;140.0;136.0;858.0;157.0;118.0;10.0;148.0;121.0;163.0;111.0;61.0;315.0;409.0;66.0;127.0;1.0;146.0;132.0;1.0;882.0;148.0;120.0;130.0;153.0;143.0;1.0;260.0;250.0;163.0;146.0;765.0;122.0;1.0;61.0;232.0;244.0;132.0;150.0;209.0;150.0;126.0;1.0;10.0;75.0;234.0;134.0;119.0;275.0;147.0;160.0;138.0;32.0;126.0;118.0;138.0;1.0;337.0;143.0;142.0;134.0;134.0;134.0;139.0;303.0;858.0;184.0;858.0;134.0;140.0;75.0;131.0;147.0;138.0;165.0;130.0;118.0;162.0;0.0;158.0;118.0;134.0;201.0;148.0;118.0;154.0;192.0;10.0;66.0;139.0;156.0;147.0;75.0;858.0;140.0;249.0;128.0;144.0;61.0;1.0;146.0;126.0;177.0;143.0;159.0;118.0;137.0;132.0;144.0;116.0;144.0;114.0;236.0;142.0;134.0;191.0;140.0;134.0;131.0;135.0;314.0;140.0;129.0;325.0;126.0;317.0;858.0;123.0;154.0;858.0;129.0;137.0;118.0;61.0;289.0;140.0;144.0;118.0;175.0;10.0;127.0;154.0;128.0;200.0;337.0;407.0;858.0;336.0;170.0;146.0;130.0;126.0;148.0;177.0;137.0;1.0;126.0;146.0;109.0;129.0;309.0;134.0;75.0;233.0;148.0;228.0;282.0;147.0;143.0;165.0;97.0;234.0;150.0;146.0;132.0;415.0;354.0;143.0;149.0;118.0;582.0
300;78.0;56.0;201.0;33.0;35.0;30.0;51.0;85.0;93.0;36.0;75.0;34.0;711.0;184.0;142.0;731.0;75.0;99.0;82.0;379.0;39.0;96.0;375.0;178.0;152.0;37.0;56.0;82.0;39.0;32.0;153.0;54.0;95.0;29.0;77.0;128.0;56.0;93.0;173.0;158.0;38.0;51.0;106.0;33.0;119.0;206.0;82.0;75.0;26.0;27.0;14.0;78.0;40.0;380.0;98.0;47.0;153.0;30.0;49.0;180.0;19.0;38.0;149.0;379.0;38.0;40.0;112.0;85.0;77.0;832.0;128.0;26.0;380.0;318.0;89.0;75.0;57.0;51.0;95.0;711.0;47.0;61.0;75.0;89.0;57.0;74.0;128.0;36.0;33.0;74.0;386.0;89.0;190.0;711.0;91.0;96.0;135.0;85.0;54.0;370.0;93.0;84.0;75.0;19.0;87.0;55.0;39.0;25.0;96.0;72.0;51.0;177.0;176.0;89.0;67.0;25.0;75.0;107.0;158.0;27.0;46.0;71.0;42.0;711.0;192.0;47.0;153.0;102.0;43.0;38.0;50.0;173.0;375.0;406.0;96.0;40.0;158.0;83.0;58.0;158.0;734.0;97.0;180.0;39.0;190.0;150.0;158.0;105.0;92.0;99.0;80.0;786.0;39.0;158.0;173.0;79.0;118.0;32.0;85.0;56.0;111.0;49.0;158.0;153.0;93.0;77.0;35.0;48.0;124.0;96.0;40.0;28.0;127.0;44.0;89.0;79.0;158.0;362.0;184.0;83.0;38.0;38.0;36.0;144.0;145.0;711.0;26.0;711.0;38.0;75.0;93.0;42.0;92.0;79.0;65.0;32.0;89.0;39.0;158.0;0.0;40.0;63.0;43.0;102.0;55.0;81.0;43.0;153.0;96.0;144.0;92.0;111.0;93.0;711.0;75.0;91.0;45.0;132.0;173.0;158.0;95.0;44.0;93.0;87.0;45.0;47.0;70.0;74.0;128.0;43.0;16.0;44.0;109.0;55.0;50.0;118.0;75.0;63.0;29.0;56.0;156.0;75.0;46.0;167.0;36.0;159.0;711.0;42.0;114.0;711.0;30.0;32.0;47.0;173.0;371.0;75.0;92.0;47.0;90.0;153.0;40.0;114.0;33.0;42.0;362.0;402.0;711.0;178.0;16.0;83.0;54.0;36.0;95.0;43.0;70.0;158.0;34.0;68.0;51.0;46.0;368.0;53.0;93.0;78.0;95.0;70.0;170.0;92.0;31.0;67.0;80.0;76.0;78.0;85.0;27.0;284.0;228.0;150.0;101.0;47.0;702.0
301;73.0;49.0;225.0;20.0;24.0;26.0;14.0;82.0;57.0;18.0;69.0;38.0;749.0;224.0;165.0;768.0;69.0;139.0;48.0;347.0;28.0;58.0;352.0;218.0;135.0;39.0;94.0;49.0;25.0;19.0;112.0;43.0;133.0;12.0;70.0;115.0;93.0;57.0;137.0;118.0;23.0;14.0;99.0;12.0;98.0;245.0;48.0;69.0;65.0;16.0;28.0;85.0;74.0;348.0;90.0;19.0;112.0;42.0;50.0;153.0;24.0;29.0;189.0;355.0;54.0;74.0;102.0;82.0;46.0;827.0;167.0;65.0;348.0;347.0;66.0;69.0;25.0;14.0;93.0;749.0;19.0;55.0;69.0;66.0;28.0;45.0;115.0;18.0;12.0;72.0;357.0;66.0;229.0;749.0;130.0;58.0;121.0;80.0;43.0;341.0;57.0;84.0;69.0;26.0;80.0;40.0;47.0;29.0;58.0;65.0;52.0;148.0;216.0;66.0;107.0;15.0;69.0;105.0;118.0;16.0;81.0;65.0;37.0;749.0;172.0;19.0;112.0;95.0;21.0;57.0;16.0;137.0;352.0;399.0;58.0;26.0;118.0;78.0;49.0;118.0;772.0;90.0;153.0;28.0;170.0;133.0;118.0;143.0;132.0;99.0;76.0;780.0;10.0;118.0;137.0;117.0;145.0;18.0;82.0;93.0;103.0;30.0;118.0;112.0;57.0;117.0;24.0;21.0;162.0;85.0;56.0;28.0;87.0;29.0;66.0;71.0;118.0;351.0;162.0;76.0;29.0;29.0;26.0;127.0;185.0;749.0;66.0;749.0;29.0;69.0;57.0;32.0;86.0;71.0;75.0;19.0;66.0;57.0;118.0;40.0;0.0;55.0;83.0;95.0;33.0;81.0;76.0;112.0;58.0;127.0;90.0;102.0;57.0;749.0;69.0;130.0;33.0;119.0;137.0;118.0;84.0;29.0;100.0;80.0;58.0;19.0;62.0;63.0;115.0;5.0;25.0;5.0;137.0;54.0;44.0;124.0;69.0;55.0;14.0;49.0;196.0;69.0;35.0;207.0;18.0;199.0;749.0;17.0;107.0;749.0;13.0;30.0;19.0;137.0;344.0;69.0;81.0;19.0;97.0;112.0;26.0;107.0;14.0;82.0;351.0;395.0;749.0;218.0;53.0;78.0;43.0;18.0;89.0;69.0;62.0;118.0;15.0;66.0;14.0;35.0;345.0;46.0;57.0;116.0;89.0;110.0;190.0;86.0;32.0;76.0;48.0;116.0;77.0;80.0;16.0;313.0;255.0;133.0;94.0;19.0;666.0
302;18.0;7.0;264.0;37.0;75.0;74.0;66.0;27.0;59.0;38.0;14.0;85.0;724.0;230.0;122.0;745.0;14.0;148.0;98.0;390.0;29.0;69.0;403.0;224.0;89.0;87.0;115.0;46.0;78.0;39.0;132.0;11.0;150.0;58.0;15.0;66.0;116.0;59.0;127.0;134.0;76.0;66.0;45.0;46.0;151.0;232.0;98.0;14.0;72.0;47.0;52.0;35.0;65.0;389.0;36.0;73.0;132.0;86.0;16.0;120.0;64.0;80.0;197.0;405.0;34.0;65.0;50.0;27.0;40.0;774.0;177.0;72.0;389.0;380.0;120.0;14.0;39.0;66.0;38.0;724.0;73.0;3.0;14.0;120.0;82.0;35.0;66.0;38.0;46.0;18.0;403.0;120.0;236.0;724.0;142.0;69.0;72.0;26.0;11.0;387.0;59.0;30.0;14.0;47.0;26.0;15.0;26.0;39.0;69.0;10.0;15.0;120.0;223.0;120.0;117.0;52.0;14.0;50.0;134.0;47.0;72.0;10.0;22.0;724.0;129.0;73.0;132.0;41.0;33.0;38.0;43.0;127.0;403.0;453.0;69.0;29.0;134.0;23.0;6.0;134.0;748.0;36.0;120.0;29.0;127.0;87.0;134.0;159.0;141.0;44.0;21.0;728.0;64.0;134.0;127.0;108.0;110.0;68.0;27.0;116.0;50.0;84.0;134.0;132.0;59.0;117.0;75.0;76.0;146.0;140.0;34.0;37.0;109.0;26.0;120.0;17.0;134.0;301.0;122.0;22.0;80.0;80.0;77.0;81.0;193.0;724.0;76.0;724.0;80.0;14.0;59.0;24.0;32.0;17.0;31.0;39.0;120.0;36.0;134.0;63.0;55.0;0.0;91.0;41.0;24.0;27.0;105.0;132.0;69.0;81.0;36.0;49.0;59.0;724.0;14.0;142.0;22.0;69.0;127.0;134.0;138.0;26.0;49.0;26.0;30.0;73.0;8.0;11.0;66.0;50.0;61.0;52.0;102.0;11.0;13.0;71.0;14.0;1.0;61.0;7.0;204.0;14.0;21.0;214.0;38.0;207.0;724.0;72.0;53.0;724.0;48.0;32.0;73.0;127.0;391.0;14.0;135.0;73.0;46.0;132.0;29.0;53.0;64.0;92.0;301.0;450.0;724.0;224.0;63.0;23.0;11.0;38.0;35.0;50.0;8.0;134.0;41.0;13.0;66.0;21.0;396.0;10.0;59.0;111.0;35.0;119.0;232.0;32.0;79.0;32.0;98.0;120.0;23.0;26.0;47.0;345.0;291.0;87.0;40.0;73.0;696.0
303;100.0;85.0;184.0;73.0;74.0;69.0;94.0;105.0;133.0;76.0;99.0;68.0;671.0;143.0;126.0;690.0;99.0;58.0;122.0;416.0;75.0;138.0;404.0;136.0;177.0;70.0;30.0;122.0;78.0;72.0;195.0;86.0;59.0;72.0;101.0;151.0;33.0;133.0;212.0;201.0;78.0;94.0;127.0;75.0;152.0;164.0;122.0;99.0;20.0;69.0;55.0;89.0;31.0;417.0;120.0;88.0;195.0;61.0;75.0;211.0;61.0;76.0;108.0;408.0;58.0;31.0;133.0;105.0;116.0;837.0;88.0;20.0;417.0;292.0;124.0;99.0;97.0;94.0;112.0;671.0;88.0;88.0;99.0;124.0;98.0;112.0;151.0;76.0;75.0;95.0;420.0;124.0;148.0;671.0;51.0;138.0;158.0;106.0;86.0;404.0;133.0;102.0;99.0;59.0;110.0;89.0;65.0;62.0;138.0;97.0;77.0;210.0;135.0;124.0;26.0;68.0;99.0;123.0;201.0;69.0;28.0;95.0;74.0;671.0;217.0;88.0;195.0;122.0;82.0;54.0;91.0;212.0;404.0;420.0;138.0;78.0;201.0;104.0;88.0;201.0;694.0;117.0;211.0;75.0;216.0;174.0;201.0;68.0;51.0;114.0;101.0;793.0;81.0;201.0;212.0;42.0;97.0;73.0;105.0;33.0;132.0;87.0;201.0;195.0;133.0;34.0;74.0;89.0;85.0;124.0;58.0;65.0;170.0;81.0;124.0;103.0;201.0;375.0;212.0;105.0;76.0;76.0;75.0;169.0;104.0;671.0;17.0;671.0;76.0;99.0;133.0;77.0;113.0;103.0;78.0;72.0;124.0;56.0;201.0;43.0;83.0;91.0;0.0;122.0;91.0;98.0;36.0;195.0;138.0;169.0;109.0;132.0;133.0;671.0;99.0;51.0;81.0;155.0;212.0;201.0;123.0;81.0;102.0;110.0;63.0;88.0;96.0;101.0;151.0;85.0;58.0;87.0;89.0;81.0;81.0;125.0;99.0;91.0;71.0;85.0;115.0;99.0;81.0;126.0;76.0;118.0;671.0;83.0;133.0;671.0;72.0;68.0;88.0;212.0;404.0;99.0;121.0;88.0;99.0;195.0;78.0;133.0;75.0;4.0;375.0;416.0;671.0;136.0;31.0;104.0;86.0;76.0;116.0;46.0;96.0;201.0;75.0;90.0;94.0;81.0;397.0;83.0;133.0;38.0;116.0;29.0;158.0;113.0;67.0;79.0;120.0;34.0;98.0;106.0;69.0;258.0;206.0;174.0;121.0;88.0;732.0
304;24.0;47.0;302.0;78.0;116.0;115.0;104.0;17.0;80.0;78.0;27.0;126.0;719.0;253.0;108.0;741.0;27.0;175.0;134.0;415.0;69.0;91.0;436.0;246.0;55.0;128.0;150.0;70.0;118.0;80.0;148.0;52.0;181.0;99.0;26.0;29.0;151.0;80.0;123.0;148.0;116.0;104.0;5.0;86.0;189.0;242.0;134.0;27.0;105.0;88.0;93.0;36.0;92.0;414.0;5.0;113.0;148.0;126.0;53.0;96.0;105.0;121.0;222.0;438.0;67.0;92.0;11.0;17.0;66.0;733.0;204.0;105.0;414.0;414.0;159.0;27.0;75.0;104.0;14.0;719.0;113.0;42.0;27.0;159.0;121.0;62.0;29.0;78.0;86.0;29.0;431.0;159.0;259.0;719.0;171.0;91.0;36.0;17.0;52.0;416.0;80.0;21.0;27.0;87.0;15.0;55.0;63.0;80.0;91.0;31.0;51.0;101.0;247.0;159.0;147.0;93.0;27.0;14.0;148.0;88.0;98.0;32.0;62.0;719.0;95.0;113.0;148.0;1.0;73.0;69.0;81.0;123.0;436.0;493.0;91.0;70.0;148.0;19.0;46.0;148.0;744.0;5.0;96.0;69.0;94.0;52.0;148.0;189.0;169.0;17.0;22.0;687.0;104.0;148.0;123.0;128.0;107.0;109.0;17.0;151.0;10.0;124.0;148.0;148.0;80.0;142.0;116.0;116.0;158.0;180.0;66.0;77.0;130.0;67.0;159.0;24.0;148.0;260.0;91.0;19.0;121.0;121.0;118.0;48.0;218.0;719.0;110.0;719.0;121.0;27.0;80.0;65.0;10.0;24.0;46.0;80.0;159.0;68.0;148.0;102.0;95.0;41.0;122.0;0.0;61.0;24.0;143.0;148.0;91.0;48.0;15.0;9.0;80.0;719.0;27.0;171.0;63.0;33.0;123.0;148.0;178.0;67.0;35.0;15.0;61.0;113.0;33.0;32.0;29.0;90.0;101.0;91.0;101.0;47.0;54.0;43.0;27.0;41.0;102.0;47.0;228.0;27.0;61.0;238.0;78.0;231.0;719.0;112.0;12.0;719.0;88.0;73.0;113.0;123.0;421.0;27.0;175.0;113.0;35.0;148.0;70.0;12.0;105.0;124.0;260.0;490.0;719.0;246.0;98.0;19.0;52.0;78.0;7.0;76.0;33.0;148.0;82.0;34.0;104.0;61.0;430.0;51.0;80.0;132.0;7.0;149.0;271.0;10.0;120.0;44.0;135.0;146.0;24.0;17.0;88.0;380.0;327.0;52.0;2.0;113.0;708.0
305;41.0;20.0;253.0;22.0;57.0;56.0;43.0;50.0;44.0;20.0;37.0;68.0;741.0;234.0;143.0;761.0;37.0;150.0;74.0;367.0;16.0;52.0;380.0;227.0;103.0;70.0;111.0;31.0;58.0;23.0;114.0;14.0;148.0;40.0;38.0;82.0;111.0;44.0;121.0;118.0;56.0;43.0;65.0;27.0;128.0;244.0;74.0;37.0;71.0;31.0;41.0;58.0;71.0;367.0;57.0;52.0;114.0;70.0;27.0;126.0;49.0;61.0;200.0;382.0;41.0;71.0;69.0;50.0;25.0;793.0;179.0;71.0;367.0;372.0;98.0;37.0;15.0;43.0;61.0;741.0;52.0;25.0;37.0;98.0;59.0;21.0;82.0;20.0;27.0;42.0;380.0;98.0;240.0;741.0;142.0;52.0;88.0;48.0;14.0;364.0;44.0;53.0;37.0;36.0;47.0;8.0;31.0;30.0;52.0;33.0;28.0;122.0;226.0;98.0;118.0;36.0;37.0;72.0;118.0;31.0;79.0;34.0;19.0;741.0;141.0;52.0;114.0;61.0;14.0;46.0;19.0;121.0;380.0;431.0;52.0;14.0;118.0;46.0;19.0;118.0;765.0;57.0;126.0;16.0;139.0;100.0;118.0;158.0;143.0;67.0;44.0;747.0;43.0;118.0;121.0;116.0;129.0;49.0;50.0;111.0;70.0;63.0;118.0;114.0;44.0;122.0;57.0;54.0;158.0;119.0;42.0;27.0;90.0;11.0;98.0;38.0;118.0;318.0;132.0;44.0;61.0;61.0;58.0;95.0;196.0;741.0;74.0;741.0;61.0;37.0;44.0;14.0;54.0;38.0;51.0;23.0;98.0;44.0;118.0;55.0;33.0;24.0;91.0;61.0;0.0;50.0;97.0;114.0;52.0;95.0;59.0;68.0;44.0;741.0;37.0;142.0;11.0;85.0;121.0;118.0;117.0;11.0;72.0;47.0;41.0;52.0;30.0;30.0;82.0;29.0;47.0;30.0;120.0;27.0;17.0;94.0;37.0;24.0;43.0;20.0;207.0;37.0;12.0;217.0;20.0;209.0;741.0;51.0;74.0;741.0;30.0;23.0;52.0;121.0;368.0;37.0;114.0;52.0;69.0;114.0;14.0;74.0;45.0;92.0;318.0;428.0;741.0;227.0;60.0;46.0;14.0;20.0;56.0;59.0;30.0;118.0;23.0;37.0;43.0;12.0;373.0;19.0;44.0;118.0;56.0;120.0;220.0;54.0;62.0;52.0;75.0;123.0;46.0;48.0;31.0;338.0;281.0;100.0;61.0;52.0;678.0
306;11.0;32.0;279.0;62.0;100.0;98.0;92.0;8.0;81.0;63.0;15.0;108.0;706.0;230.0;99.0;727.0;15.0;151.0;125.0;415.0;53.0;92.0;430.0;223.0;79.0;110.0;126.0;69.0;102.0;64.0;153.0;37.0;157.0;82.0;15.0;53.0;128.0;81.0;138.0;154.0;100.0;92.0;29.0;71.0;178.0;222.0;125.0;15.0;82.0;71.0;73.0;14.0;68.0;414.0;22.0;99.0;153.0;107.0;33.0;119.0;86.0;104.0;198.0;432.0;44.0;68.0;35.0;8.0;64.0;752.0;180.0;82.0;414.0;390.0;147.0;15.0;65.0;92.0;14.0;706.0;99.0;26.0;15.0;147.0;108.0;59.0;53.0;63.0;71.0;9.0;429.0;147.0;235.0;706.0;147.0;92.0;60.0;10.0;37.0;413.0;81.0;4.0;15.0;68.0;15.0;42.0;41.0;61.0;92.0;18.0;31.0;122.0;223.0;147.0;122.0;75.0;15.0;27.0;154.0;71.0;74.0;17.0;45.0;706.0;119.0;99.0;153.0;24.0;60.0;46.0;69.0;138.0;430.0;479.0;92.0;55.0;154.0;10.0;32.0;154.0;730.0;19.0;119.0;53.0;118.0;77.0;154.0;165.0;145.0;19.0;8.0;706.0;90.0;154.0;138.0;105.0;91.0;92.0;8.0;128.0;33.0;110.0;154.0;153.0;81.0;118.0;100.0;102.0;137.0;165.0;43.0;59.0;132.0;52.0;147.0;16.0;154.0;281.0;115.0;13.0;104.0;104.0;102.0;72.0;194.0;706.0;87.0;706.0;104.0;15.0;81.0;49.0;15.0;16.0;21.0;64.0;147.0;44.0;154.0;81.0;81.0;27.0;98.0;24.0;50.0;0.0;120.0;153.0;92.0;72.0;11.0;33.0;81.0;706.0;15.0;147.0;48.0;57.0;138.0;154.0;164.0;52.0;23.0;15.0;37.0;99.0;20.0;23.0;53.0;77.0;83.0;78.0;84.0;28.0;37.0;44.0;15.0;27.0;86.0;32.0;204.0;15.0;46.0;214.0;63.0;207.0;706.0;97.0;34.0;706.0;72.0;55.0;99.0;138.0;417.0;15.0;161.0;99.0;21.0;153.0;55.0;34.0;89.0;101.0;281.0;476.0;706.0;223.0;76.0;10.0;37.0;63.0;18.0;52.0;20.0;154.0;66.0;15.0;92.0;46.0;423.0;35.0;81.0;109.0;18.0;124.0;249.0;15.0;102.0;20.0;125.0;122.0;5.0;10.0;71.0;356.0;303.0;77.0;23.0;99.0;714.0
307;119.0;99.0;159.0;76.0;58.0;54.0;83.0;126.0;132.0;78.0;116.0;46.0;697.0;152.0;162.0;715.0;116.0;71.0;103.0;387.0;82.0;134.0;370.0;146.0;195.0;48.0;21.0;123.0;60.0;74.0;185.0;97.0;60.0;65.0;118.0;170.0;18.0;132.0;213.0;192.0;61.0;83.0;148.0;73.0;122.0;189.0;103.0;116.0;41.0;68.0;56.0;114.0;61.0;389.0;139.0;73.0;185.0;39.0;91.0;223.0;52.0;58.0;117.0;375.0;77.0;61.0;153.0;126.0;119.0;868.0;95.0;41.0;389.0;275.0;98.0;116.0;98.0;83.0;134.0;697.0;73.0;103.0;116.0;98.0;81.0;116.0;170.0;78.0;73.0;114.0;389.0;98.0;157.0;697.0;60.0;134.0;177.0;126.0;97.0;373.0;132.0;124.0;116.0;62.0;129.0;98.0;81.0;68.0;134.0;114.0;93.0;220.0;144.0;98.0;44.0;64.0;116.0;147.0;192.0;68.0;61.0;112.0;85.0;697.0;234.0;73.0;185.0;143.0;85.0;75.0;90.0;213.0;370.0;383.0;134.0;83.0;192.0;124.0;101.0;192.0;719.0;138.0;223.0;82.0;233.0;192.0;192.0;69.0;64.0;138.0;121.0;823.0;70.0;192.0;213.0;76.0;133.0;60.0;126.0;18.0;152.0;68.0;192.0;185.0;132.0;62.0;58.0;73.0;117.0;91.0;78.0;71.0;160.0;87.0;98.0;121.0;192.0;401.0;227.0;124.0;58.0;58.0;58.0;187.0;113.0;697.0;36.0;697.0;58.0;116.0;132.0;85.0;133.0;121.0;102.0;74.0;98.0;76.0;192.0;43.0;76.0;105.0;36.0;143.0;97.0;120.0;0.0;185.0;134.0;187.0;132.0;152.0;132.0;697.0;116.0;60.0;88.0;174.0;213.0;192.0;91.0;87.0;129.0;129.0;83.0;73.0;112.0;116.0;170.0;81.0;52.0;81.0;125.0;97.0;93.0;153.0;116.0;105.0;62.0;99.0;124.0;116.0;89.0;135.0;78.0;127.0;697.0;69.0;154.0;697.0;70.0;75.0;73.0;213.0;373.0;116.0;89.0;73.0;126.0;185.0;83.0;154.0;64.0;33.0;401.0;380.0;697.0;146.0;45.0;124.0;97.0;78.0;136.0;73.0;112.0;192.0;76.0;109.0;83.0;89.0;363.0;96.0;132.0;71.0;136.0;47.0;129.0;133.0;49.0;104.0;101.0;58.0;119.0;126.0;68.0;241.0;185.0;192.0;142.0;73.0;714.0
308;142.0;132.0;311.0;125.0;126.0;131.0;103.0;149.0;73.0;121.0;139.0;139.0;855.0;335.0;252.0;875.0;139.0;251.0;86.0;271.0;126.0;63.0;308.0;329.0;147.0;138.0;204.0;85.0;124.0;125.0;1.0;127.0;244.0;124.0;139.0;146.0;203.0;73.0;69.0;10.0;123.0;103.0;149.0;121.0;118.0;356.0;86.0;139.0;177.0;126.0;140.0;166.0;182.0;268.0;144.0;111.0;1.0;146.0;141.0;126.0;135.0;127.0;300.0;309.0;155.0;182.0;148.0;149.0;92.0;822.0;279.0;177.0;268.0;438.0;109.0;139.0;102.0;103.0;157.0;855.0;111.0;134.0;139.0;109.0;104.0;97.0;146.0;121.0;121.0;146.0;291.0;109.0;341.0;855.0;242.0;63.0;146.0;146.0;127.0;276.0;73.0;155.0;139.0;137.0;142.0;121.0;145.0;136.0;63.0;136.0;141.0;113.0;327.0;109.0;219.0;128.0;139.0;162.0;10.0;126.0;190.0;139.0;132.0;855.0;163.0;111.0;1.0;148.0;117.0;159.0;106.0;69.0;308.0;400.0;63.0;123.0;10.0;145.0;129.0;10.0;879.0;148.0;126.0;126.0;160.0;146.0;10.0;253.0;244.0;163.0;145.0;773.0;115.0;10.0;69.0;228.0;241.0;125.0;149.0;203.0;151.0;118.0;10.0;1.0;73.0;229.0;126.0;112.0;271.0;138.0;156.0;133.0;25.0;122.0;109.0;137.0;10.0;345.0;149.0;141.0;127.0;127.0;127.0;143.0;296.0;855.0;178.0;855.0;127.0;139.0;73.0;127.0;147.0;137.0;163.0;125.0;109.0;158.0;10.0;153.0;112.0;132.0;195.0;148.0;114.0;153.0;185.0;0.0;63.0;143.0;156.0;148.0;73.0;855.0;139.0;242.0;124.0;147.0;69.0;10.0;137.0;122.0;176.0;142.0;155.0;111.0;135.0;130.0;146.0;110.0;138.0;109.0;233.0;140.0;131.0;191.0;139.0;132.0;125.0;132.0;308.0;139.0;125.0;318.0;121.0;311.0;855.0;116.0;155.0;855.0;124.0;132.0;111.0;69.0;283.0;139.0;134.0;111.0;174.0;1.0;123.0;155.0;122.0;194.0;345.0;398.0;855.0;329.0;165.0;145.0;127.0;121.0;148.0;173.0;135.0;10.0;121.0;144.0;103.0;125.0;303.0;132.0;73.0;228.0;148.0;222.0;273.0;147.0;136.0;163.0;89.0;229.0;149.0;146.0;126.0;406.0;345.0;146.0;149.0;111.0;582.0
309;81.0;69.0;278.0;65.0;79.0;82.0;53.0;89.0;12.0;62.0;78.0;92.0;792.0;280.0;191.0;813.0;78.0;196.0;60.0;324.0;65.0;1.0;347.0;274.0;108.0;93.0;151.0;23.0;78.0;65.0;63.0;64.0;191.0;70.0;78.0;98.0;151.0;12.0;80.0;66.0;76.0;53.0;94.0;63.0;113.0;295.0;60.0;78.0;118.0;69.0;83.0;104.0;121.0;323.0;87.0;65.0;63.0;98.0;78.0;109.0;82.0;81.0;245.0;349.0;93.0;121.0;93.0;89.0;29.0;801.0;224.0;118.0;323.0;402.0;90.0;78.0;41.0;53.0;98.0;792.0;65.0;72.0;78.0;90.0;64.0;34.0;98.0;62.0;63.0;85.0;340.0;90.0;286.0;792.0;187.0;1.0;100.0;86.0;64.0;324.0;12.0;94.0;78.0;78.0;83.0;58.0;83.0;77.0;1.0;75.0;79.0;100.0;273.0;90.0;163.0;71.0;78.0;105.0;66.0;69.0;130.0;77.0;70.0;792.0;136.0;65.0;63.0;91.0;56.0;97.0;47.0;80.0;347.0;417.0;1.0;62.0;66.0;84.0;67.0;66.0;816.0;90.0;109.0;65.0;133.0;106.0;66.0;201.0;188.0;104.0;85.0;753.0;64.0;66.0;80.0;167.0;179.0;75.0;89.0;151.0;96.0;76.0;66.0;63.0;12.0;170.0;79.0;67.0;209.0;118.0;94.0;73.0;40.0;60.0;90.0;77.0;66.0;322.0;124.0;81.0;81.0;81.0;80.0;101.0;241.0;792.0;120.0;792.0;81.0;78.0;12.0;65.0;88.0;77.0;100.0;65.0;90.0;96.0;66.0;96.0;58.0;69.0;138.0;91.0;52.0;92.0;134.0;63.0;0.0;101.0;96.0;94.0;12.0;792.0;78.0;187.0;62.0;100.0;80.0;66.0;116.0;60.0;115.0;83.0;93.0;65.0;73.0;69.0;98.0;54.0;83.0;53.0;171.0;77.0;69.0;133.0;78.0;69.0;72.0;69.0;253.0;78.0;63.0;263.0;62.0;256.0;792.0;68.0;101.0;792.0;67.0;72.0;65.0;80.0;330.0;78.0;113.0;65.0;113.0;63.0;62.0;101.0;70.0;137.0;322.0;415.0;792.0;274.0;107.0;84.0;64.0;62.0;89.0;111.0;73.0;66.0;63.0;82.0;53.0;63.0;341.0;69.0;12.0;168.0;89.0;166.0;242.0;88.0;88.0;101.0;62.0;171.0;88.0;86.0;69.0;369.0;310.0;106.0;92.0;65.0;636.0
310;69.0;88.0;345.0;116.0;151.0;151.0;133.0;65.0;91.0;114.0;71.0;163.0;752.0;301.0;143.0;774.0;71.0;223.0;156.0;413.0;107.0;101.0;446.0;294.0;8.0;165.0;196.0;87.0;153.0;117.0;143.0;91.0;228.0;135.0;69.0;19.0;197.0;91.0;96.0;139.0;151.0;133.0;44.0;122.0;212.0;287.0;156.0;71.0;151.0;125.0;133.0;84.0;140.0;411.0;50.0;144.0;143.0;165.0;96.0;52.0;143.0;156.0;270.0;447.0;112.0;140.0;37.0;65.0;86.0;702.0;252.0;151.0;411.0;460.0;184.0;71.0;103.0;133.0;61.0;752.0;144.0;84.0;71.0;184.0;149.0;84.0;19.0;114.0;122.0;75.0;434.0;184.0;306.0;752.0;219.0;101.0;13.0;63.0;91.0;418.0;91.0;69.0;71.0;127.0;60.0;91.0;106.0;120.0;101.0;73.0;94.0;60.0;295.0;184.0;194.0;130.0;71.0;53.0;139.0;125.0;146.0;75.0;103.0;752.0;48.0;144.0;143.0;48.0;108.0;115.0;111.0;96.0;446.0;517.0;101.0;107.0;139.0;65.0;86.0;139.0;777.0;53.0;52.0;107.0;47.0;6.0;139.0;236.0;217.0;62.0;68.0;655.0;137.0;139.0;96.0;176.0;149.0;144.0;65.0;197.0;40.0;157.0;139.0;143.0;91.0;190.0;151.0;147.0;204.0;210.0;112.0;117.0;131.0;103.0;184.0;66.0;139.0;225.0;43.0;64.0;156.0;156.0;153.0;1.0;266.0;752.0;156.0;752.0;156.0;71.0;91.0;103.0;57.0;66.0;93.0;117.0;184.0;114.0;139.0;144.0;127.0;81.0;169.0;48.0;95.0;72.0;187.0;143.0;101.0;0.0;63.0;39.0;91.0;752.0;71.0;219.0;101.0;16.0;96.0;139.0;208.0;103.0;80.0;60.0;107.0;144.0;75.0;71.0;19.0;122.0;140.0;123.0;144.0;90.0;94.0;75.0;71.0;81.0;138.0;88.0;276.0;71.0;99.0;286.0;114.0;279.0;752.0;144.0;41.0;752.0;125.0;113.0;144.0;96.0;425.0;71.0;205.0;144.0;81.0;143.0;107.0;41.0;140.0;171.0;225.0;514.0;752.0;294.0;143.0;65.0;91.0;114.0;54.0;124.0;75.0;139.0;118.0;79.0;133.0;99.0;440.0;91.0;91.0;180.0;54.0;196.0;313.0;57.0;157.0;92.0;158.0;194.0;71.0;63.0;125.0;426.0;372.0;6.0;49.0;144.0;690.0
311;17.0;41.0;290.0;72.0;110.0;108.0;101.0;8.0;85.0;73.0;22.0;119.0;707.0;238.0;98.0;729.0;22.0;161.0;133.0;420.0;63.0;96.0;437.0;231.0;69.0;121.0;137.0;74.0;113.0;74.0;156.0;47.0;167.0;93.0;21.0;44.0;139.0;85.0;135.0;156.0;111.0;101.0;19.0;81.0;187.0;228.0;133.0;22.0;93.0;81.0;84.0;22.0;79.0;419.0;15.0;109.0;156.0;118.0;44.0;111.0;97.0;115.0;207.0;440.0;55.0;79.0;25.0;8.0;68.0;741.0;189.0;93.0;419.0;401.0;156.0;22.0;73.0;101.0;3.0;707.0;109.0;36.0;22.0;156.0;117.0;64.0;44.0;73.0;81.0;19.0;435.0;156.0;244.0;707.0;157.0;96.0;51.0;11.0;47.0;419.0;85.0;8.0;22.0;79.0;14.0;51.0;53.0;71.0;96.0;25.0;42.0;115.0;232.0;156.0;133.0;86.0;22.0;16.0;156.0;81.0;84.0;25.0;55.0;707.0;109.0;109.0;156.0;15.0;69.0;57.0;78.0;135.0;437.0;489.0;96.0;65.0;156.0;13.0;41.0;156.0;732.0;11.0;111.0;63.0;109.0;67.0;156.0;175.0;155.0;9.0;14.0;695.0;99.0;156.0;135.0;113.0;94.0;103.0;8.0;139.0;23.0;119.0;156.0;156.0;85.0;128.0;110.0;111.0;144.0;175.0;54.0;70.0;135.0;61.0;156.0;21.0;156.0;270.0;106.0;15.0;115.0;115.0;112.0;63.0;204.0;707.0;98.0;707.0;115.0;22.0;85.0;58.0;9.0;21.0;32.0;74.0;156.0;56.0;156.0;92.0;90.0;36.0;109.0;15.0;59.0;11.0;132.0;156.0;96.0;63.0;0.0;24.0;85.0;707.0;22.0;157.0;58.0;47.0;135.0;156.0;173.0;61.0;22.0;14.0;49.0;109.0;28.0;29.0;44.0;86.0;93.0;87.0;88.0;38.0;47.0;37.0;22.0;36.0;96.0;41.0;213.0;22.0;56.0;223.0;73.0;216.0;707.0;107.0;24.0;707.0;82.0;65.0;109.0;135.0;424.0;22.0;170.0;109.0;21.0;156.0;65.0;24.0;99.0;111.0;270.0;485.0;707.0;231.0;87.0;13.0;47.0;73.0;10.0;63.0;28.0;156.0;76.0;25.0;101.0;56.0;431.0;44.0;85.0;118.0;10.0;135.0;260.0;9.0;113.0;30.0;133.0;132.0;14.0;11.0;81.0;367.0;314.0;67.0;13.0;109.0;714.0
312;33.0;55.0;311.0;86.0;124.0;123.0;111.0;27.0;82.0;86.0;36.0;134.0;723.0;262.0;113.0;745.0;36.0;184.0;139.0;417.0;77.0;94.0;440.0;255.0;46.0;136.0;159.0;73.0;126.0;88.0;148.0;60.0;190.0;106.0;34.0;20.0;160.0;82.0;119.0;147.0;124.0;111.0;5.0;94.0;195.0;250.0;139.0;36.0;114.0;96.0;101.0;45.0;101.0;415.0;13.0;120.0;148.0;134.0;62.0;89.0;113.0;128.0;231.0;442.0;76.0;101.0;2.0;27.0;69.0;726.0;213.0;114.0;415.0;423.0;165.0;36.0;80.0;111.0;22.0;723.0;120.0;50.0;36.0;165.0;127.0;66.0;20.0;86.0;94.0;38.0;434.0;165.0;268.0;723.0;180.0;94.0;27.0;26.0;60.0;418.0;82.0;30.0;36.0;96.0;23.0;62.0;71.0;88.0;94.0;39.0;60.0;93.0;256.0;165.0;156.0;100.0;36.0;17.0;147.0;96.0;107.0;40.0;70.0;723.0;86.0;120.0;148.0;9.0;81.0;78.0;87.0;119.0;440.0;499.0;94.0;78.0;147.0;28.0;54.0;147.0;748.0;14.0;89.0;77.0;85.0;43.0;147.0;198.0;179.0;23.0;31.0;679.0;111.0;147.0;119.0;137.0;114.0;116.0;27.0;160.0;3.0;131.0;147.0;148.0;82.0;151.0;124.0;122.0;166.0;187.0;75.0;85.0;131.0;74.0;165.0;32.0;147.0;252.0;82.0;28.0;128.0;128.0;126.0;39.0;227.0;723.0;119.0;723.0;128.0;36.0;82.0;73.0;19.0;32.0;55.0;88.0;165.0;77.0;147.0;111.0;102.0;49.0;132.0;9.0;68.0;33.0;152.0;148.0;94.0;39.0;24.0;0.0;82.0;723.0;36.0;180.0;71.0;24.0;119.0;147.0;185.0;74.0;42.0;23.0;70.0;120.0;41.0;39.0;20.0;97.0;110.0;98.0;108.0;55.0;62.0;45.0;36.0;49.0;110.0;55.0;237.0;36.0;69.0;247.0;86.0;240.0;723.0;119.0;7.0;723.0;96.0;81.0;120.0;119.0;423.0;36.0;182.0;120.0;43.0;148.0;78.0;7.0;112.0;134.0;252.0;496.0;723.0;255.0;108.0;28.0;60.0;86.0;16.0;86.0;41.0;147.0;89.0;43.0;111.0;69.0;433.0;59.0;82.0;141.0;16.0;158.0;280.0;19.0;128.0;54.0;140.0;155.0;34.0;26.0;96.0;389.0;336.0;43.0;11.0;120.0;702.0
313;70.0;60.0;280.0;60.0;79.0;82.0;55.0;77.0;1.0;57.0;67.0;93.0;783.0;276.0;180.0;803.0;67.0;191.0;67.0;336.0;58.0;12.0;359.0;269.0;98.0;94.0;148.0;13.0;79.0;61.0;73.0;55.0;188.0;68.0;66.0;86.0;148.0;1.0;81.0;75.0;77.0;55.0;82.0;60.0;122.0;288.0;67.0;67.0;113.0;65.0;79.0;93.0;114.0;334.0;75.0;67.0;73.0;98.0;69.0;102.0;80.0;82.0;241.0;360.0;85.0;114.0;82.0;77.0;19.0;792.0;220.0;113.0;334.0;403.0;97.0;67.0;36.0;55.0;87.0;783.0;67.0;62.0;67.0;97.0;67.0;24.0;86.0;57.0;60.0;74.0;352.0;97.0;281.0;783.0;183.0;12.0;89.0;74.0;55.0;336.0;1.0;83.0;67.0;74.0;71.0;50.0;75.0;71.0;12.0;64.0;69.0;95.0;268.0;97.0;159.0;68.0;67.0;94.0;75.0;65.0;123.0;66.0;62.0;783.0;128.0;67.0;73.0;80.0;51.0;89.0;43.0;81.0;359.0;427.0;12.0;56.0;75.0;73.0;57.0;75.0;807.0;78.0;102.0;58.0;125.0;96.0;75.0;197.0;184.0;93.0;73.0;744.0;64.0;75.0;81.0;160.0;169.0;74.0;77.0;148.0;84.0;78.0;75.0;73.0;1.0;165.0;79.0;69.0;202.0;124.0;86.0;68.0;51.0;53.0;97.0;65.0;75.0;313.0;116.0;70.0;82.0;82.0;80.0;91.0;237.0;783.0;116.0;783.0;82.0;67.0;1.0;58.0;77.0;65.0;90.0;61.0;97.0;88.0;75.0;93.0;57.0;59.0;133.0;80.0;44.0;81.0;132.0;73.0;12.0;91.0;85.0;82.0;0.0;783.0;67.0;183.0;55.0;88.0;81.0;75.0;123.0;53.0;104.0;71.0;84.0;67.0;62.0;58.0;86.0;52.0;80.0;51.0;161.0;67.0;60.0;121.0;67.0;59.0;71.0;60.0;248.0;67.0;55.0;259.0;57.0;251.0;783.0;69.0;89.0;783.0;63.0;65.0;67.0;81.0;342.0;67.0;120.0;67.0;102.0;73.0;56.0;89.0;70.0;133.0;313.0;424.0;783.0;269.0;101.0;73.0;55.0;57.0;78.0;103.0;62.0;75.0;58.0;71.0;55.0;55.0;352.0;60.0;1.0;161.0;78.0;162.0;244.0;77.0;88.0;91.0;69.0;166.0;77.0;74.0;65.0;369.0;311.0;96.0;80.0;67.0;648.0
314;716.0;723.0;701.0;732.0;745.0;740.0;761.0;712.0;783.0;736.0;719.0;738.0;1.0;563.0;611.0;27.0;719.0;628.0;793.0;1083.0;730.0;792.0;1051.0;566.0;754.0;741.0;677.0;770.0;749.0;733.0;855.0;728.0;645.0;740.0;720.0;736.0;680.0;783.0;842.0;858.0;748.0;761.0;720.0;738.0;819.0;508.0;793.0;719.0;686.0;733.0;721.0;692.0;675.0;1085.0;721.0;758.0;855.0;731.0;714.0;803.0;731.0;747.0;591.0;1056.0;700.0;675.0;725.0;712.0;763.0;966.0;611.0;686.0;1085.0;659.0;794.0;719.0;753.0;761.0;706.0;1.0;758.0;721.0;719.0;794.0;768.0;758.0;736.0;736.0;738.0;711.0;1081.0;794.0;559.0;1.0;638.0;792.0;741.0;715.0;728.0;1066.0;783.0;706.0;719.0;723.0;719.0;734.0;710.0;721.0;792.0;721.0;714.0;812.0;571.0;794.0;653.0;733.0;719.0;706.0;858.0;733.0;667.0;719.0;723.0;1.0;778.0;758.0;855.0;719.0;739.0;696.0;751.0;842.0;1051.0;1000.0;792.0;733.0;858.0;715.0;726.0;858.0;27.0;717.0;803.0;730.0;779.0;752.0;858.0;637.0;634.0;702.0;714.0;953.0;750.0;858.0;842.0;632.0;615.0;743.0;712.0;680.0;721.0;758.0;858.0;855.0;783.0;637.0;745.0;759.0;587.0;787.0;699.0;724.0;831.0;733.0;794.0;722.0;858.0;780.0;784.0;719.0;747.0;747.0;746.0;752.0;595.0;1.0;686.0;1.0;747.0;719.0;783.0;728.0;716.0;722.0;693.0;733.0;794.0;697.0;858.0;711.0;749.0;724.0;671.0;719.0;741.0;706.0;697.0;855.0;792.0;752.0;707.0;723.0;783.0;0.0;719.0;638.0;731.0;738.0;842.0;858.0;786.0;733.0;685.0;719.0;700.0;758.0;722.0;727.0;736.0;749.0;727.0;751.0;622.0;715.0;724.0;679.0;719.0;724.0;740.0;723.0;585.0;719.0;730.0;577.0;736.0;583.0;1.0;753.0;718.0;1.0;736.0;724.0;758.0;842.0;1064.0;719.0;785.0;758.0;686.0;855.0;733.0;718.0;744.0;673.0;780.0;995.0;1.0;566.0;696.0;715.0;728.0;736.0;717.0;683.0;722.0;858.0;736.0;712.0;761.0;730.0;1043.0;723.0;783.0;634.0;717.0;650.0;720.0;716.0;738.0;693.0;791.0;640.0;710.0;715.0;733.0;656.0;679.0;752.0;717.0;758.0;1290.0
315;4.0;20.0;275.0;51.0;89.0;88.0;80.0;13.0;67.0;52.0;1.0;99.0;719.0;235.0;113.0;740.0;1.0;154.0;111.0;401.0;42.0;78.0;416.0;228.0;79.0;101.0;125.0;55.0;92.0;53.0;139.0;25.0;158.0;72.0;2.0;54.0;126.0;67.0;127.0;140.0;90.0;80.0;32.0;60.0;165.0;232.0;111.0;1.0;80.0;61.0;65.0;27.0;70.0;400.0;23.0;87.0;139.0;99.0;26.0;114.0;77.0;94.0;202.0;418.0;41.0;70.0;37.0;13.0;49.0;760.0;183.0;80.0;400.0;389.0;134.0;1.0;52.0;80.0;24.0;719.0;87.0;15.0;1.0;134.0;96.0;44.0;54.0;52.0;60.0;8.0;414.0;134.0;240.0;719.0;149.0;78.0;61.0;11.0;25.0;398.0;67.0;17.0;1.0;60.0;12.0;29.0;36.0;52.0;78.0;4.0;24.0;115.0;228.0;134.0;124.0;66.0;1.0;36.0;140.0;61.0;77.0;4.0;35.0;719.0;119.0;87.0;139.0;27.0;48.0;45.0;56.0;127.0;416.0;467.0;78.0;44.0;140.0;9.0;20.0;140.0;743.0;22.0;114.0;42.0;118.0;76.0;140.0;166.0;148.0;30.0;7.0;714.0;78.0;140.0;127.0;110.0;104.0;82.0;13.0;126.0;37.0;98.0;140.0;139.0;67.0;122.0;89.0;90.0;146.0;154.0;41.0;50.0;118.0;40.0;134.0;5.0;140.0;287.0;113.0;8.0;94.0;94.0;91.0;71.0;198.0;719.0;85.0;719.0;94.0;1.0;67.0;38.0;18.0;5.0;28.0;53.0;134.0;43.0;140.0;75.0;69.0;14.0;99.0;27.0;37.0;15.0;116.0;139.0;78.0;71.0;22.0;36.0;67.0;719.0;0.0;149.0;37.0;58.0;127.0;140.0;152.0;40.0;37.0;12.0;36.0;87.0;7.0;9.0;54.0;65.0;74.0;66.0;97.0;20.0;26.0;58.0;1.0;14.0;75.0;20.0;209.0;1.0;35.0;219.0;52.0;211.0;719.0;86.0;40.0;719.0;62.0;46.0;87.0;127.0;403.0;1.0;149.0;87.0;35.0;139.0;44.0;40.0;78.0;100.0;287.0;464.0;719.0;228.0;73.0;9.0;25.0;52.0;21.0;54.0;7.0;140.0;55.0;9.0;80.0;35.0;409.0;24.0;67.0;114.0;21.0;126.0;244.0;18.0;93.0;28.0;112.0;125.0;10.0;11.0;61.0;355.0;301.0;76.0;27.0;87.0;702.0
316;150.0;136.0;150.0;123.0;117.0;112.0;139.0;154.0;183.0;126.0;149.0;106.0;638.0;93.0;148.0;656.0;149.0;11.0;163.0;445.0;126.0;187.0;421.0;87.0;226.0;108.0;40.0;172.0;119.0;123.0;242.0;137.0;14.0;119.0;151.0;200.0;42.0;183.0;263.0;249.0;120.0;139.0;175.0;124.0;180.0;131.0;163.0;149.0;71.0;118.0;105.0;136.0;79.0;447.0;169.0;132.0;242.0;99.0;126.0;262.0;107.0;117.0;58.0;426.0;108.0;79.0;182.0;154.0;167.0;870.0;37.0;71.0;447.0;247.0;158.0;149.0;148.0;139.0;159.0;638.0;132.0;139.0;149.0;158.0;140.0;163.0;200.0;126.0;124.0;144.0;444.0;158.0;99.0;638.0;1.0;187.0;207.0;155.0;137.0;428.0;183.0;150.0;149.0;109.0;159.0;140.0;116.0;113.0;187.0;148.0;127.0;262.0;85.0;158.0;25.0;116.0;149.0;170.0;249.0;118.0;73.0;145.0;126.0;638.0;266.0;132.0;242.0;171.0;133.0;104.0;141.0;263.0;421.0;416.0;187.0;129.0;249.0;154.0;139.0;249.0;660.0;166.0;262.0;126.0;265.0;223.0;249.0;19.0;5.0;160.0;150.0;827.0;127.0;249.0;263.0;54.0;117.0;117.0;154.0;42.0;180.0;127.0;249.0;242.0;183.0;32.0;117.0;132.0;74.0;148.0;108.0;116.0;217.0;132.0;158.0;153.0;249.0;417.0;262.0;155.0;117.0;117.0;117.0;219.0;54.0;638.0;68.0;638.0;117.0;149.0;183.0;128.0;162.0;153.0;126.0;123.0;158.0;106.0;249.0;91.0;130.0;142.0;51.0;171.0;142.0;147.0;60.0;242.0;187.0;219.0;157.0;180.0;183.0;638.0;149.0;0.0;132.0;204.0;263.0;249.0;148.0;132.0;146.0;159.0;113.0;132.0;146.0;152.0;200.0;134.0;105.0;135.0;112.0;132.0;132.0;166.0;149.0;142.0;117.0;136.0;66.0;149.0;132.0;76.0;126.0;68.0;638.0;127.0;181.0;638.0;121.0;119.0;132.0;263.0;427.0;149.0;147.0;132.0;143.0;242.0;129.0;181.0;120.0;51.0;417.0;412.0;638.0;87.0;82.0;154.0;137.0;126.0;165.0;95.0;146.0;249.0;125.0;140.0;139.0;132.0;413.0;134.0;183.0;46.0;165.0;23.0;134.0;162.0;108.0;127.0;161.0;27.0;147.0;155.0;118.0;213.0;166.0;223.0;170.0;132.0;762.0
317;41.0;17.0;245.0;15.0;53.0;52.0;44.0;49.0;55.0;15.0;37.0;63.0;731.0;223.0;136.0;751.0;37.0;139.0;78.0;374.0;7.0;62.0;384.0;216.0;109.0;65.0;101.0;42.0;55.0;17.0;124.0;11.0;138.0;36.0;38.0;87.0;101.0;55.0;131.0;128.0;53.0;44.0;67.0;23.0;130.0;233.0;78.0;37.0;60.0;25.0;33.0;53.0;60.0;374.0;59.0;51.0;124.0;64.0;19.0;135.0;42.0;58.0;189.0;386.0;31.0;60.0;72.0;49.0;36.0;796.0;168.0;60.0;374.0;363.0;99.0;37.0;23.0;44.0;61.0;731.0;51.0;22.0;37.0;99.0;60.0;32.0;87.0;15.0;23.0;39.0;385.0;99.0;229.0;731.0;132.0;62.0;93.0;48.0;11.0;369.0;55.0;52.0;37.0;27.0;48.0;10.0;21.0;21.0;62.0;33.0;20.0;132.0;216.0;99.0;107.0;30.0;37.0;73.0;128.0;25.0;68.0;33.0;8.0;731.0;147.0;51.0;124.0;63.0;12.0;35.0;23.0;131.0;384.0;431.0;62.0;7.0;128.0;46.0;17.0;128.0;755.0;59.0;135.0;7.0;146.0;106.0;128.0;147.0;132.0;66.0;43.0;750.0;42.0;128.0;131.0;105.0;120.0;46.0;49.0;101.0;72.0;62.0;128.0;124.0;55.0;111.0;53.0;54.0;147.0;118.0;32.0;17.0;100.0;4.0;99.0;39.0;128.0;322.0;140.0;44.0;58.0;58.0;55.0;101.0;185.0;731.0;64.0;731.0;58.0;37.0;55.0;3.0;54.0;39.0;44.0;17.0;99.0;34.0;128.0;45.0;33.0;22.0;81.0;63.0;11.0;48.0;88.0;124.0;62.0;101.0;58.0;71.0;55.0;731.0;37.0;132.0;0.0;90.0;131.0;128.0;116.0;4.0;68.0;48.0;32.0;51.0;30.0;32.0;87.0;29.0;40.0;30.0;112.0;21.0;11.0;92.0;37.0;22.0;39.0;17.0;196.0;37.0;2.0;206.0;15.0;199.0;731.0;49.0;75.0;731.0;25.0;13.0;51.0;131.0;373.0;37.0;113.0;51.0;65.0;124.0;7.0;75.0;42.0;81.0;322.0;428.0;731.0;216.0;50.0;46.0;11.0;15.0;57.0;49.0;30.0;128.0;19.0;34.0;44.0;2.0;376.0;14.0;55.0;107.0;57.0;109.0;213.0;54.0;57.0;46.0;78.0;112.0;44.0;48.0;25.0;329.0;273.0;106.0;63.0;51.0;684.0
318;55.0;76.0;333.0;105.0;142.0;142.0;126.0;50.0;88.0;104.0;58.0;153.0;738.0;285.0;128.0;760.0;58.0;208.0;151.0;418.0;97.0;100.0;447.0;278.0;22.0;155.0;182.0;82.0;144.0;107.0;147.0;79.0;214.0;125.0;56.0;4.0;183.0;88.0;107.0;144.0;142.0;126.0;29.0;112.0;207.0;271.0;151.0;58.0;137.0;115.0;122.0;69.0;125.0;415.0;35.0;136.0;147.0;154.0;84.0;68.0;132.0;147.0;254.0;448.0;99.0;125.0;22.0;50.0;80.0;709.0;237.0;137.0;415.0;447.0;179.0;58.0;96.0;126.0;45.0;738.0;136.0;71.0;58.0;179.0;142.0;78.0;4.0;104.0;112.0;61.0;437.0;179.0;291.0;738.0;204.0;100.0;3.0;49.0;79.0;421.0;88.0;54.0;58.0;116.0;46.0;80.0;94.0;109.0;100.0;60.0;82.0;75.0;279.0;179.0;179.0;120.0;58.0;37.0;144.0;115.0;131.0;62.0;91.0;738.0;62.0;136.0;147.0;33.0;99.0;102.0;103.0;107.0;447.0;513.0;100.0;97.0;144.0;51.0;74.0;144.0;763.0;38.0;68.0;97.0;62.0;20.0;144.0;222.0;202.0;46.0;54.0;662.0;129.0;144.0;107.0;160.0;134.0;135.0;50.0;183.0;24.0;148.0;144.0;147.0;88.0;175.0;142.0;139.0;189.0;203.0;98.0;106.0;133.0;93.0;179.0;53.0;144.0;233.0;59.0;50.0;147.0;147.0;144.0;16.0;251.0;738.0;142.0;738.0;147.0;58.0;88.0;92.0;42.0;53.0;78.0;107.0;179.0;100.0;144.0;132.0;119.0;69.0;155.0;33.0;85.0;57.0;174.0;147.0;100.0;16.0;47.0;24.0;88.0;738.0;58.0;204.0;90.0;0.0;107.0;144.0;201.0;93.0;64.0;46.0;93.0;136.0;62.0;59.0;4.0;114.0;130.0;114.0;129.0;77.0;82.0;60.0;58.0;69.0;128.0;76.0;261.0;58.0;88.0;270.0;104.0;263.0;738.0;136.0;25.0;738.0;115.0;101.0;136.0;107.0;427.0;58.0;198.0;136.0;65.0;147.0;97.0;25.0;131.0;157.0;233.0;510.0;738.0;278.0;130.0;51.0;79.0;104.0;39.0;109.0;62.0;144.0;108.0;66.0;126.0;88.0;440.0;79.0;88.0;165.0;39.0;181.0;302.0;42.0;147.0;77.0;153.0;179.0;57.0;49.0;115.0;412.0;359.0;20.0;34.0;136.0;696.0
319;129.0;131.0;358.0;140.0;159.0;162.0;133.0;132.0;81.0;137.0;127.0;172.0;842.0;354.0;231.0;864.0;127.0;270.0;134.0;327.0;136.0;80.0;375.0;348.0;98.0;173.0;229.0;90.0;158.0;141.0;69.0;128.0;268.0;149.0;126.0;108.0;229.0;81.0;1.0;61.0;156.0;133.0;122.0;140.0;179.0;359.0;134.0;127.0;192.0;146.0;159.0;153.0;190.0;323.0;121.0;145.0;69.0;178.0;141.0;62.0;161.0;161.0;320.0;374.0;159.0;190.0;117.0;132.0;96.0;754.0;299.0;192.0;323.0;482.0;162.0;127.0;116.0;133.0;136.0;842.0;145.0;130.0;127.0;162.0;143.0;100.0;108.0;137.0;140.0;135.0;352.0;162.0;360.0;842.0;263.0;80.0;105.0;129.0;128.0;337.0;81.0;138.0;127.0;154.0;124.0;124.0;150.0;150.0;80.0;126.0;141.0;48.0;347.0;162.0;238.0;149.0;127.0;135.0;61.0;146.0;198.0;129.0;138.0;842.0;101.0;145.0;69.0;123.0;130.0;164.0;123.0;1.0;375.0;469.0;80.0;134.0;61.0;129.0;128.0;61.0;867.0;125.0;62.0;136.0;97.0;98.0;61.0;278.0;263.0;140.0;131.0;704.0;144.0;61.0;1.0;234.0;229.0;154.0;132.0;229.0;121.0;156.0;61.0;69.0;81.0;242.0;159.0;147.0;273.0;192.0;160.0;147.0;75.0;131.0;162.0;124.0;61.0;277.0;87.0;126.0;161.0;161.0;160.0;96.0;316.0;842.0;195.0;842.0;161.0;127.0;81.0;135.0;127.0;124.0;155.0;141.0;162.0;162.0;61.0;173.0;137.0;127.0;212.0;123.0;121.0;138.0;213.0;69.0;80.0;96.0;135.0;119.0;81.0;842.0;127.0;263.0;131.0;107.0;0.0;61.0;190.0;131.0;157.0;124.0;157.0;145.0;126.0;120.0;108.0;132.0;161.0;132.0;223.0;137.0;133.0;163.0;127.0;127.0;151.0;131.0;327.0;127.0;131.0;338.0;137.0;330.0;842.0;148.0;125.0;842.0;144.0;144.0;145.0;1.0;346.0;127.0;188.0;145.0;157.0;69.0;134.0;125.0;150.0;212.0;277.0;467.0;842.0;348.0;181.0;129.0;128.0;137.0;125.0;177.0;126.0;61.0;139.0;135.0;133.0;131.0;369.0;132.0;81.0;237.0;125.0;241.0;321.0;127.0;167.0;155.0;136.0;244.0;135.0;129.0;146.0;449.0;390.0;98.0;125.0;145.0;612.0
320;144.0;135.0;320.0;130.0;134.0;138.0;109.0;150.0;75.0;126.0;140.0;146.0;858.0;342.0;253.0;878.0;140.0;258.0;94.0;274.0;130.0;66.0;315.0;336.0;143.0;145.0;210.0;88.0;131.0;130.0;10.0;130.0;251.0;130.0;140.0;144.0;209.0;75.0;61.0;1.0;130.0;109.0;149.0;126.0;127.0;361.0;94.0;140.0;182.0;132.0;146.0;167.0;187.0;272.0;144.0;118.0;10.0;153.0;144.0;120.0;142.0;134.0;307.0;315.0;159.0;187.0;146.0;150.0;94.0;815.0;285.0;182.0;272.0;447.0;118.0;140.0;106.0;109.0;158.0;858.0;118.0;137.0;140.0;118.0;112.0;99.0;144.0;126.0;126.0;148.0;296.0;118.0;347.0;858.0;249.0;66.0;144.0;146.0;130.0;281.0;75.0;156.0;140.0;142.0;143.0;124.0;149.0;141.0;66.0;138.0;144.0;106.0;334.0;118.0;225.0;133.0;140.0;162.0;1.0;132.0;195.0;140.0;136.0;858.0;157.0;118.0;10.0;148.0;121.0;163.0;111.0;61.0;315.0;409.0;66.0;127.0;1.0;146.0;132.0;1.0;882.0;148.0;120.0;130.0;153.0;143.0;1.0;260.0;250.0;163.0;146.0;765.0;122.0;1.0;61.0;232.0;244.0;132.0;150.0;209.0;150.0;126.0;1.0;10.0;75.0;234.0;134.0;119.0;275.0;147.0;160.0;138.0;32.0;126.0;118.0;138.0;1.0;337.0;143.0;142.0;134.0;134.0;134.0;139.0;303.0;858.0;184.0;858.0;134.0;140.0;75.0;131.0;147.0;138.0;165.0;130.0;118.0;162.0;1.0;158.0;118.0;134.0;201.0;148.0;118.0;154.0;192.0;10.0;66.0;139.0;156.0;147.0;75.0;858.0;140.0;249.0;128.0;144.0;61.0;0.0;146.0;126.0;177.0;143.0;159.0;118.0;137.0;132.0;144.0;116.0;144.0;114.0;236.0;142.0;134.0;191.0;140.0;134.0;131.0;135.0;314.0;140.0;129.0;325.0;126.0;317.0;858.0;123.0;154.0;858.0;129.0;137.0;118.0;61.0;289.0;140.0;144.0;118.0;175.0;10.0;127.0;154.0;128.0;200.0;337.0;407.0;858.0;336.0;170.0;146.0;130.0;126.0;148.0;177.0;137.0;1.0;126.0;146.0;109.0;129.0;309.0;134.0;75.0;233.0;148.0;228.0;282.0;147.0;143.0;165.0;97.0;234.0;150.0;146.0;132.0;415.0;354.0;143.0;149.0;118.0;582.0
321;156.0;132.0;176.0;102.0;65.0;68.0;75.0;165.0;123.0;101.0;152.0;61.0;786.0;232.0;237.0;804.0;152.0;159.0;57.0;297.0;110.0;116.0;282.0;228.0;216.0;58.0;110.0;122.0;62.0;100.0;137.0;127.0;142.0;81.0;154.0;198.0;107.0;123.0;190.0;146.0;63.0;75.0;182.0;93.0;34.0;279.0;57.0;152.0;116.0;93.0;95.0;166.0;134.0;299.0;174.0;65.0;137.0;65.0;131.0;225.0;80.0;60.0;199.0;286.0;129.0;134.0;186.0;165.0;122.0;910.0;178.0;116.0;299.0;303.0;28.0;152.0;105.0;75.0;176.0;786.0;65.0;138.0;152.0;28.0;59.0;123.0;198.0;101.0;93.0;155.0;298.0;28.0;237.0;786.0;148.0;116.0;203.0;164.0;127.0;282.0;123.0;167.0;152.0;98.0;164.0;124.0;125.0;105.0;116.0;149.0;133.0;216.0;223.0;28.0;135.0;89.0;152.0;188.0;146.0;93.0;139.0;148.0;119.0;786.0;249.0;65.0;137.0;178.0;105.0;131.0;98.0;190.0;282.0;315.0;116.0;109.0;146.0;161.0;133.0;146.0;808.0;174.0;225.0;110.0;247.0;213.0;146.0;151.0;152.0;182.0;159.0;862.0;74.0;146.0;190.0;164.0;212.0;72.0;165.0;107.0;187.0;54.0;146.0;137.0;123.0;153.0;65.0;63.0;207.0;2.0;131.0;106.0;118.0;112.0;28.0;155.0;146.0;432.0;238.0;160.0;60.0;60.0;63.0;208.0;195.0;786.0;113.0;786.0;60.0;152.0;123.0;115.0;170.0;155.0;154.0;100.0;28.0;131.0;146.0;95.0;84.0;138.0;123.0;178.0;117.0;164.0;91.0;137.0;116.0;208.0;173.0;185.0;123.0;786.0;152.0;148.0;116.0;201.0;190.0;146.0;0.0;112.0;181.0;164.0;135.0;65.0;146.0;147.0;198.0;88.0;85.0;87.0;204.0;136.0;127.0;206.0;152.0;138.0;78.0;132.0;206.0;152.0;118.0;216.0;101.0;208.0;786.0;67.0;190.0;786.0;92.0;109.0;65.0;190.0;282.0;152.0;3.0;65.0;178.0;137.0;109.0;190.0;75.0;119.0;432.0;312.0;786.0;228.0;109.0;161.0;127.0;101.0;173.0;138.0;146.0;146.0;97.0;149.0;75.0;118.0;274.0;129.0;123.0;160.0;173.0;137.0;137.0;170.0;65.0;156.0;55.0;149.0;160.0;164.0;93.0;271.0;210.0;213.0;178.0;65.0;642.0
322;44.0;20.0;243.0;12.0;50.0;49.0;41.0;53.0;53.0;12.0;40.0;60.0;733.0;223.0;140.0;753.0;40.0;139.0;74.0;371.0;5.0;60.0;380.0;217.0;112.0;62.0;100.0;42.0;52.0;14.0;122.0;15.0;138.0;32.0;42.0;90.0;100.0;53.0;131.0;126.0;50.0;41.0;71.0;20.0;126.0;235.0;74.0;40.0;60.0;22.0;31.0;57.0;61.0;370.0;62.0;47.0;122.0;61.0;23.0;136.0;39.0;54.0;189.0;382.0;33.0;61.0;75.0;53.0;35.0;800.0;168.0;60.0;370.0;362.0;95.0;40.0;20.0;41.0;64.0;733.0;47.0;26.0;40.0;95.0;56.0;32.0;90.0;12.0;20.0;43.0;382.0;95.0;229.0;733.0;132.0;60.0;96.0;52.0;15.0;366.0;53.0;55.0;40.0;25.0;52.0;13.0;24.0;19.0;60.0;37.0;24.0;133.0;216.0;95.0;107.0;27.0;40.0;76.0;126.0;22.0;69.0;36.0;11.0;733.0;150.0;47.0;122.0;67.0;8.0;37.0;20.0;131.0;380.0;427.0;60.0;4.0;126.0;49.0;21.0;126.0;757.0;62.0;136.0;5.0;148.0;109.0;126.0;147.0;132.0;70.0;47.0;753.0;38.0;126.0;131.0;107.0;123.0;42.0;53.0;100.0;76.0;58.0;126.0;122.0;53.0;111.0;50.0;50.0;149.0;114.0;34.0;16.0;98.0;1.0;95.0;43.0;126.0;325.0;142.0;48.0;54.0;54.0;51.0;103.0;185.0;733.0;64.0;733.0;54.0;40.0;53.0;5.0;58.0;43.0;48.0;14.0;95.0;36.0;126.0;44.0;29.0;26.0;81.0;67.0;11.0;52.0;87.0;122.0;60.0;103.0;61.0;74.0;53.0;733.0;40.0;132.0;4.0;93.0;131.0;126.0;112.0;0.0;72.0;52.0;34.0;47.0;34.0;35.0;90.0;25.0;37.0;26.0;115.0;25.0;15.0;96.0;40.0;26.0;36.0;20.0;196.0;40.0;6.0;206.0;12.0;199.0;733.0;45.0;79.0;733.0;22.0;12.0;47.0;131.0;369.0;40.0;109.0;47.0;69.0;122.0;4.0;79.0;38.0;81.0;325.0;424.0;733.0;217.0;49.0;49.0;15.0;12.0;61.0;51.0;34.0;126.0;15.0;37.0;41.0;6.0;373.0;17.0;53.0;108.0;61.0;109.0;210.0;58.0;54.0;49.0;74.0;113.0;48.0;52.0;22.0;327.0;271.0;109.0;66.0;47.0;684.0
323;34.0;52.0;285.0;80.0;117.0;114.0;112.0;27.0;104.0;82.0;37.0;123.0;685.0;223.0;76.0;707.0;37.0;148.0;146.0;438.0;72.0;115.0;451.0;216.0;86.0;126.0;131.0;92.0;120.0;82.0;176.0;58.0;157.0;100.0;38.0;61.0;133.0;104.0;157.0;177.0;118.0;112.0;37.0;89.0;198.0;208.0;146.0;37.0;88.0;89.0;88.0;16.0;71.0;437.0;36.0;118.0;176.0;122.0;50.0;130.0;102.0;122.0;193.0;454.0;55.0;71.0;44.0;27.0;86.0;740.0;176.0;88.0;437.0;392.0;167.0;37.0;87.0;112.0;21.0;685.0;118.0;47.0;37.0;167.0;128.0;81.0;61.0;82.0;89.0;31.0;451.0;167.0;228.0;685.0;146.0;115.0;67.0;30.0;58.0;435.0;104.0;21.0;37.0;84.0;34.0;64.0;56.0;77.0;115.0;41.0;49.0;135.0;217.0;167.0;123.0;93.0;37.0;27.0;177.0;89.0;74.0;39.0;63.0;685.0;124.0;118.0;176.0;35.0;80.0;55.0;90.0;157.0;451.0;496.0;115.0;74.0;177.0;31.0;53.0;177.0;710.0;32.0;130.0;72.0;124.0;83.0;177.0;164.0;143.0;18.0;31.0;694.0;108.0;177.0;157.0;98.0;73.0;110.0;27.0;133.0;40.0;128.0;177.0;176.0;104.0;115.0;117.0;121.0;125.0;183.0;53.0;76.0;155.0;72.0;167.0;39.0;177.0;274.0;123.0;34.0;122.0;122.0;119.0;80.0;189.0;685.0;93.0;685.0;122.0;37.0;104.0;68.0;30.0;39.0;28.0;82.0;167.0;54.0;177.0;93.0;100.0;49.0;102.0;35.0;72.0;23.0;129.0;176.0;115.0;80.0;22.0;42.0;104.0;685.0;37.0;146.0;68.0;64.0;157.0;177.0;181.0;72.0;0.0;34.0;48.0;118.0;43.0;46.0;61.0;97.0;98.0;98.0;67.0;47.0;57.0;26.0;37.0;49.0;103.0;52.0;199.0;37.0;66.0;208.0;82.0;201.0;685.0;116.0;39.0;685.0;90.0;72.0;118.0;157.0;440.0;37.0;178.0;118.0;3.0;176.0;74.0;39.0;107.0;104.0;274.0;493.0;685.0;216.0;85.0;31.0;58.0;82.0;32.0;56.0;43.0;177.0;85.0;35.0;112.0;66.0;444.0;55.0;104.0;104.0;32.0;124.0;257.0;30.0;118.0;26.0;146.0;120.0;27.0;30.0;89.0;358.0;307.0;83.0;33.0;118.0;732.0
324;10.0;32.0;287.0;63.0;101.0;100.0;90.0;7.0;71.0;63.0;12.0;111.0;719.0;243.0;111.0;741.0;12.0;164.0;121.0;407.0;55.0;83.0;425.0;236.0;67.0;113.0;136.0;60.0;104.0;65.0;142.0;37.0;168.0;84.0;11.0;42.0;138.0;71.0;124.0;143.0;102.0;90.0;19.0;71.0;176.0;237.0;121.0;12.0;92.0;73.0;78.0;29.0;80.0;405.0;11.0;99.0;142.0;111.0;38.0;105.0;90.0;106.0;211.0;427.0;53.0;80.0;25.0;7.0;55.0;748.0;193.0;92.0;405.0;401.0;145.0;12.0;61.0;90.0;16.0;719.0;99.0;27.0;12.0;145.0;107.0;51.0;42.0;63.0;71.0;15.0;422.0;145.0;249.0;719.0;159.0;83.0;49.0;5.0;37.0;406.0;71.0;14.0;12.0;72.0;1.0;40.0;48.0;65.0;83.0;16.0;36.0;107.0;237.0;145.0;134.0;78.0;12.0;25.0;143.0;73.0;87.0;17.0;47.0;719.0;108.0;99.0;142.0;15.0;59.0;56.0;67.0;124.0;425.0;479.0;83.0;55.0;143.0;6.0;32.0;143.0;744.0;10.0;105.0;55.0;106.0;65.0;143.0;177.0;158.0;22.0;9.0;702.0;90.0;143.0;124.0;118.0;105.0;94.0;7.0;138.0;24.0;110.0;143.0;142.0;71.0;131.0;101.0;101.0;152.0;166.0;52.0;62.0;122.0;52.0;145.0;9.0;143.0;275.0;103.0;4.0;106.0;106.0;103.0;60.0;208.0;719.0;96.0;719.0;106.0;12.0;71.0;50.0;6.0;9.0;35.0;65.0;145.0;54.0;143.0;87.0;80.0;26.0;110.0;15.0;47.0;15.0;129.0;142.0;83.0;60.0;14.0;23.0;71.0;719.0;12.0;159.0;48.0;46.0;124.0;143.0;164.0;52.0;34.0;0.0;47.0;99.0;18.0;17.0;42.0;76.0;86.0;77.0;98.0;32.0;39.0;50.0;12.0;26.0;87.0;32.0;218.0;12.0;46.0;228.0;63.0;220.0;719.0;97.0;27.0;719.0;74.0;58.0;99.0;124.0;411.0;12.0;161.0;99.0;33.0;142.0;55.0;27.0;90.0;111.0;275.0;476.0;719.0;236.0;84.0;6.0;37.0;63.0;9.0;64.0;18.0;143.0;67.0;20.0;90.0;46.0;418.0;36.0;71.0;122.0;9.0;136.0;257.0;6.0;105.0;34.0;122.0;135.0;12.0;5.0;73.0;367.0;313.0;65.0;14.0;99.0;702.0
325;38.0;26.0;241.0;37.0;70.0;67.0;71.0;43.0;84.0;40.0;36.0;76.0;700.0;200.0;107.0;720.0;36.0;118.0;106.0;404.0;32.0;93.0;410.0;193.0;114.0;78.0;89.0;72.0;73.0;39.0;155.0;29.0;122.0;55.0;38.0;89.0;91.0;84.0;157.0;159.0;72.0;71.0;65.0;46.0;154.0;204.0;106.0;36.0;45.0;44.0;40.0;33.0;35.0;404.0;58.0;74.0;155.0;73.0;15.0;149.0;54.0;75.0;167.0;413.0;6.0;35.0;71.0;43.0;65.0;787.0;148.0;45.0;404.0;354.0;122.0;36.0;54.0;71.0;51.0;700.0;74.0;27.0;36.0;122.0;85.0;60.0;89.0;40.0;46.0;32.0;414.0;122.0;206.0;700.0;113.0;93.0;96.0;44.0;29.0;398.0;84.0;41.0;36.0;37.0;47.0;35.0;11.0;30.0;93.0;35.0;16.0;149.0;193.0;122.0;88.0;47.0;36.0;64.0;159.0;44.0;42.0;32.0;23.0;700.0;155.0;74.0;155.0;61.0;41.0;9.0;53.0;157.0;410.0;449.0;93.0;35.0;159.0;42.0;29.0;159.0;723.0;55.0;149.0;32.0;153.0;112.0;159.0;130.0;112.0;55.0;39.0;742.0;64.0;159.0;157.0;78.0;89.0;63.0;43.0;91.0;70.0;82.0;159.0;155.0;84.0;87.0;70.0;76.0;118.0;136.0;5.0;30.0;131.0;34.0;122.0;41.0;159.0;319.0;149.0;43.0;75.0;75.0;72.0;107.0;163.0;700.0;49.0;700.0;75.0;36.0;84.0;29.0;51.0;41.0;20.0;39.0;122.0;7.0;159.0;45.0;58.0;30.0;63.0;61.0;41.0;37.0;83.0;155.0;93.0;107.0;49.0;70.0;84.0;700.0;36.0;113.0;32.0;93.0;157.0;159.0;135.0;34.0;48.0;47.0;0.0;74.0;33.0;39.0;89.0;56.0;50.0;57.0;80.0;19.0;25.0;74.0;36.0;30.0;57.0;26.0;174.0;36.0;30.0;184.0;40.0;177.0;700.0;71.0;72.0;700.0;46.0;28.0;74.0;157.0;401.0;36.0;132.0;74.0;45.0;155.0;35.0;72.0;61.0;64.0;319.0;445.0;700.0;193.0;38.0;42.0;29.0;40.0;54.0;20.0;33.0;159.0;42.0;27.0;71.0;30.0;402.0;25.0;84.0;80.0;54.0;90.0;212.0;51.0;70.0;22.0;105.0;90.0;36.0;44.0;44.0;320.0;266.0;112.0;59.0;74.0;714.0
326;91.0;68.0;214.0;38.0;15.0;20.0;12.0;100.0;67.0;37.0;87.0;28.0;758.0;224.0;181.0;777.0;87.0;141.0;35.0;334.0;46.0;65.0;335.0;219.0;152.0;28.0;93.0;62.0;13.0;36.0;111.0;62.0;133.0;20.0;88.0;133.0;91.0;67.0;145.0;118.0;12.0;12.0;117.0;29.0;80.0;252.0;35.0;87.0;72.0;31.0;39.0;103.0;85.0;334.0;108.0;1.0;111.0;35.0;68.0;167.0;27.0;17.0;190.0;338.0;70.0;85.0;121.0;100.0;60.0;845.0;168.0;72.0;334.0;337.0;48.0;87.0;41.0;12.0;112.0;758.0;1.0;73.0;87.0;48.0;11.0;60.0;133.0;37.0;29.0;90.0;342.0;48.0;230.0;758.0;132.0;65.0;138.0;99.0;62.0;326.0;67.0;103.0;87.0;39.0;99.0;59.0;64.0;44.0;65.0;84.0;70.0;161.0;216.0;48.0;110.0;28.0;87.0;123.0;118.0;31.0;92.0;84.0;55.0;758.0;188.0;1.0;111.0;113.0;40.0;72.0;33.0;145.0;335.0;380.0;65.0;44.0;118.0;97.0;68.0;118.0;781.0;109.0;167.0;46.0;186.0;150.0;118.0;142.0;134.0;117.0;94.0;798.0;10.0;118.0;145.0;126.0;160.0;15.0;100.0;91.0;122.0;12.0;118.0;111.0;67.0;122.0;15.0;3.0;171.0;67.0;72.0;44.0;87.0;47.0;48.0;90.0;118.0;369.0;178.0;95.0;17.0;17.0;16.0;144.0;185.0;758.0;72.0;758.0;17.0;87.0;67.0;51.0;105.0;90.0;92.0;36.0;48.0;72.0;118.0;47.0;19.0;73.0;88.0;113.0;52.0;99.0;73.0;111.0;65.0;144.0;109.0;120.0;67.0;758.0;87.0;132.0;51.0;136.0;145.0;118.0;65.0;47.0;118.0;99.0;74.0;0.0;81.0;82.0;133.0;23.0;31.0;22.0;151.0;72.0;62.0;143.0;87.0;73.0;19.0;68.0;197.0;87.0;53.0;207.0;37.0;200.0;758.0;5.0;125.0;758.0;29.0;47.0;1.0;145.0;328.0;87.0;62.0;1.0;115.0;111.0;44.0;125.0;14.0;86.0;369.0;377.0;758.0;219.0;62.0;97.0;62.0;37.0;108.0;83.0;81.0;118.0;33.0;85.0;12.0;53.0;328.0;65.0;67.0;124.0;108.0;113.0;178.0;105.0;24.0;94.0;34.0;121.0;95.0;99.0;31.0;304.0;245.0;150.0;113.0;1.0;660.0
327;11.0;14.0;270.0;45.0;83.0;82.0;73.0;20.0;62.0;45.0;7.0;93.0;722.0;233.0;117.0;743.0;7.0;152.0;105.0;395.0;36.0;73.0;410.0;226.0;83.0;95.0;121.0;50.0;85.0;47.0;135.0;19.0;155.0;66.0;8.0;59.0;122.0;62.0;126.0;137.0;83.0;73.0;38.0;53.0;159.0;233.0;105.0;7.0;77.0;55.0;60.0;31.0;68.0;394.0;29.0;81.0;135.0;93.0;21.0;116.0;71.0;88.0;200.0;412.0;38.0;68.0;43.0;20.0;44.0;766.0;181.0;77.0;394.0;385.0;128.0;7.0;45.0;73.0;31.0;722.0;81.0;9.0;7.0;128.0;89.0;39.0;59.0;45.0;53.0;12.0;409.0;128.0;239.0;722.0;146.0;73.0;65.0;18.0;19.0;393.0;62.0;23.0;7.0;54.0;18.0;23.0;32.0;47.0;73.0;3.0;19.0;116.0;227.0;128.0;121.0;59.0;7.0;43.0;137.0;55.0;75.0;4.0;29.0;722.0;123.0;81.0;135.0;33.0;41.0;42.0;50.0;126.0;410.0;461.0;73.0;37.0;137.0;16.0;13.0;137.0;746.0;29.0;116.0;36.0;121.0;80.0;137.0;163.0;145.0;37.0;14.0;720.0;72.0;137.0;126.0;110.0;107.0;76.0;20.0;122.0;43.0;92.0;137.0;135.0;62.0;120.0;83.0;83.0;147.0;148.0;38.0;44.0;113.0;34.0;128.0;9.0;137.0;293.0;117.0;14.0;88.0;88.0;85.0;75.0;196.0;722.0;81.0;722.0;88.0;7.0;62.0;31.0;24.0;9.0;29.0;47.0;128.0;40.0;137.0;70.0;62.0;8.0;96.0;33.0;30.0;20.0;112.0;135.0;73.0;75.0;28.0;41.0;62.0;722.0;7.0;146.0;30.0;62.0;126.0;137.0;146.0;34.0;43.0;18.0;33.0;81.0;0.0;6.0;59.0;58.0;68.0;59.0;100.0;15.0;20.0;64.0;7.0;8.0;69.0;14.0;207.0;7.0;28.0;217.0;45.0;210.0;722.0;79.0;46.0;722.0;55.0;40.0;81.0;126.0;397.0;7.0;143.0;81.0;41.0;135.0;37.0;46.0;72.0;97.0;293.0;458.0;722.0;226.0;68.0;16.0;19.0;45.0;27.0;53.0;1.0;137.0;49.0;9.0;73.0;28.0;403.0;18.0;62.0;113.0;27.0;123.0;239.0;24.0;87.0;29.0;105.0;123.0;16.0;18.0;55.0;351.0;297.0;80.0;33.0;81.0;696.0
328;13.0;17.0;274.0;47.0;85.0;84.0;73.0;21.0;58.0;47.0;9.0;95.0;727.0;239.0;122.0;748.0;9.0;157.0;104.0;392.0;38.0;69.0;408.0;232.0;79.0;97.0;126.0;46.0;87.0;49.0;130.0;21.0;160.0;67.0;9.0;55.0;127.0;58.0;120.0;132.0;85.0;73.0;36.0;55.0;158.0;239.0;104.0;9.0;82.0;57.0;63.0;35.0;74.0;391.0;27.0;82.0;130.0;96.0;26.0;110.0;74.0;89.0;206.0;410.0;44.0;74.0;40.0;21.0;40.0;765.0;187.0;82.0;391.0;390.0;128.0;9.0;44.0;73.0;32.0;727.0;82.0;13.0;9.0;128.0;89.0;35.0;55.0;47.0;55.0;16.0;406.0;128.0;245.0;727.0;152.0;69.0;62.0;18.0;21.0;390.0;58.0;26.0;9.0;57.0;17.0;23.0;36.0;50.0;69.0;6.0;25.0;110.0;232.0;128.0;127.0;62.0;9.0;42.0;132.0;57.0;81.0;9.0;32.0;727.0;118.0;82.0;130.0;32.0;42.0;47.0;50.0;120.0;408.0;461.0;69.0;39.0;132.0;16.0;16.0;132.0;751.0;27.0;110.0;38.0;117.0;76.0;132.0;169.0;151.0;38.0;16.0;718.0;73.0;132.0;120.0;116.0;112.0;77.0;21.0;127.0;40.0;93.0;132.0;130.0;58.0;126.0;85.0;84.0;153.0;148.0;43.0;47.0;109.0;35.0;128.0;9.0;132.0;290.0;112.0;14.0;89.0;89.0;87.0;71.0;202.0;727.0;86.0;727.0;89.0;9.0;58.0;34.0;24.0;9.0;35.0;49.0;128.0;46.0;132.0;74.0;63.0;11.0;101.0;32.0;30.0;23.0;116.0;130.0;69.0;71.0;29.0;39.0;58.0;727.0;9.0;152.0;32.0;59.0;120.0;132.0;147.0;35.0;46.0;17.0;39.0;82.0;6.0;0.0;55.0;58.0;71.0;60.0;105.0;20.0;23.0;66.0;9.0;11.0;71.0;17.0;213.0;9.0;30.0;223.0;47.0;216.0;727.0;80.0;44.0;727.0;57.0;43.0;82.0;120.0;395.0;9.0;144.0;82.0;44.0;130.0;39.0;44.0;74.0;102.0;290.0;458.0;727.0;232.0;73.0;16.0;21.0;47.0;26.0;59.0;6.0;132.0;50.0;15.0;73.0;30.0;401.0;21.0;58.0;119.0;26.0;129.0;243.0;24.0;89.0;35.0;104.0;129.0;19.0;18.0;57.0;356.0;301.0;76.0;31.0;82.0;696.0
329;52.0;72.0;329.0;102.0;139.0;138.0;123.0;46.0;86.0;101.0;54.0;150.0;736.0;282.0;126.0;758.0;54.0;204.0;149.0;417.0;93.0;98.0;445.0;275.0;26.0;152.0;178.0;80.0;140.0;104.0;146.0;76.0;210.0;122.0;52.0;1.0;180.0;86.0;108.0;144.0;138.0;123.0;25.0;109.0;205.0;268.0;149.0;54.0;134.0;111.0;118.0;65.0;121.0;415.0;32.0;133.0;146.0;151.0;80.0;70.0;129.0;143.0;251.0;446.0;95.0;121.0;18.0;46.0;78.0;712.0;233.0;134.0;415.0;443.0;176.0;54.0;93.0;123.0;42.0;736.0;133.0;68.0;54.0;176.0;139.0;75.0;1.0;101.0;109.0;57.0;435.0;176.0;287.0;736.0;200.0;98.0;7.0;45.0;76.0;420.0;86.0;50.0;54.0;113.0;42.0;77.0;90.0;105.0;98.0;56.0;78.0;77.0;276.0;176.0;176.0;116.0;54.0;34.0;144.0;111.0;127.0;58.0;87.0;736.0;66.0;133.0;146.0;29.0;95.0;98.0;100.0;108.0;445.0;510.0;98.0;93.0;144.0;47.0;71.0;144.0;761.0;34.0;70.0;93.0;65.0;23.0;144.0;218.0;199.0;42.0;51.0;665.0;125.0;144.0;108.0;157.0;131.0;131.0;46.0;180.0;21.0;145.0;144.0;146.0;86.0;171.0;139.0;136.0;185.0;200.0;94.0;102.0;131.0;90.0;176.0;50.0;144.0;236.0;63.0;47.0;143.0;143.0;140.0;19.0;247.0;736.0;139.0;736.0;143.0;54.0;86.0;89.0;39.0;50.0;75.0;104.0;176.0;96.0;144.0;128.0;115.0;66.0;151.0;29.0;82.0;53.0;170.0;146.0;98.0;19.0;44.0;20.0;86.0;736.0;54.0;200.0;87.0;4.0;108.0;144.0;198.0;90.0;61.0;42.0;89.0;133.0;59.0;55.0;0.0;110.0;126.0;111.0;126.0;74.0;79.0;58.0;54.0;66.0;125.0;72.0;257.0;54.0;85.0;267.0;101.0;260.0;736.0;133.0;22.0;736.0;111.0;98.0;133.0;108.0;426.0;54.0;195.0;133.0;62.0;146.0;93.0;22.0;127.0;153.0;236.0;507.0;736.0;275.0;126.0;47.0;76.0;101.0;35.0;106.0;59.0;144.0;105.0;62.0;123.0;85.0;439.0;76.0;86.0;161.0;35.0;178.0;298.0;39.0;143.0;74.0;150.0;175.0;53.0;45.0;111.0;409.0;355.0;23.0;31.0;133.0;696.0
330;69.0;45.0;230.0;18.0;30.0;31.0;16.0;78.0;52.0;16.0;65.0;43.0;749.0;227.0;163.0;769.0;65.0;142.0;50.0;348.0;25.0;54.0;355.0;221.0;130.0;44.0;97.0;44.0;31.0;17.0;110.0;39.0;137.0;16.0;66.0;110.0;97.0;52.0;132.0;116.0;29.0;16.0;94.0;12.0;101.0;247.0;50.0;65.0;67.0;16.0;30.0;82.0;74.0;349.0;85.0;23.0;110.0;47.0;47.0;148.0;28.0;34.0;192.0;358.0;53.0;74.0;97.0;78.0;41.0;822.0;170.0;67.0;349.0;352.0;70.0;65.0;20.0;16.0;89.0;749.0;23.0;51.0;65.0;70.0;31.0;40.0;110.0;16.0;12.0;68.0;358.0;70.0;233.0;749.0;134.0;54.0;116.0;76.0;39.0;342.0;52.0;80.0;65.0;27.0;76.0;36.0;45.0;29.0;54.0;61.0;49.0;143.0;219.0;70.0;110.0;18.0;65.0;100.0;116.0;16.0;82.0;61.0;34.0;749.0;167.0;23.0;110.0;90.0;17.0;56.0;11.0;132.0;355.0;403.0;54.0;23.0;116.0;74.0;45.0;116.0;773.0;86.0;148.0;25.0;164.0;128.0;116.0;147.0;135.0;94.0;72.0;775.0;15.0;116.0;132.0;119.0;144.0;23.0;78.0;97.0;98.0;35.0;116.0;110.0;52.0;119.0;30.0;26.0;163.0;90.0;54.0;27.0;85.0;25.0;70.0;67.0;116.0;346.0;157.0;72.0;34.0;34.0;31.0;122.0;188.0;749.0;68.0;749.0;34.0;65.0;52.0;29.0;82.0;67.0;72.0;17.0;70.0;55.0;116.0;43.0;5.0;50.0;85.0;90.0;29.0;77.0;81.0;110.0;54.0;122.0;86.0;97.0;52.0;749.0;65.0;134.0;29.0;114.0;132.0;116.0;88.0;25.0;97.0;76.0;56.0;23.0;58.0;58.0;110.0;0.0;29.0;2.0;136.0;50.0;40.0;121.0;65.0;50.0;19.0;45.0;199.0;65.0;31.0;210.0;16.0;202.0;749.0;22.0;102.0;749.0;14.0;28.0;23.0;132.0;346.0;65.0;85.0;23.0;94.0;110.0;23.0;102.0;19.0;84.0;346.0;400.0;749.0;221.0;55.0;74.0;39.0;16.0;85.0;68.0;58.0;116.0;14.0;62.0;16.0;31.0;348.0;42.0;52.0;118.0;85.0;113.0;195.0;82.0;37.0;73.0;50.0;119.0;73.0;76.0;16.0;318.0;260.0;128.0;90.0;23.0;666.0
331;78.0;54.0;206.0;25.0;21.0;17.0;36.0;86.0;80.0;27.0;74.0;26.0;727.0;198.0;154.0;746.0;74.0;114.0;66.0;365.0;33.0;83.0;363.0;192.0;149.0;28.0;68.0;71.0;25.0;23.0;138.0;50.0;108.0;14.0;76.0;126.0;68.0;80.0;161.0;144.0;24.0;36.0;106.0;21.0;106.0;222.0;66.0;74.0;41.0;16.0;10.0;82.0;54.0;365.0;97.0;31.0;138.0;25.0;50.0;172.0;5.0;25.0;163.0;366.0;45.0;54.0;111.0;86.0;67.0;834.0;142.0;41.0;365.0;326.0;75.0;74.0;46.0;36.0;96.0;727.0;31.0;59.0;74.0;75.0;42.0;64.0;126.0;27.0;21.0;75.0;372.0;75.0;204.0;727.0;105.0;83.0;132.0;85.0;50.0;355.0;80.0;86.0;74.0;14.0;86.0;50.0;42.0;22.0;83.0;71.0;52.0;168.0;190.0;75.0;82.0;12.0;74.0;109.0;144.0;16.0;61.0;70.0;39.0;727.0;187.0;31.0;138.0;101.0;34.0;46.0;38.0;161.0;363.0;399.0;83.0;33.0;144.0;83.0;55.0;144.0;750.0;97.0;172.0;33.0;185.0;146.0;144.0;118.0;107.0;101.0;80.0;788.0;23.0;144.0;161.0;95.0;130.0;16.0;86.0;68.0;111.0;35.0;144.0;138.0;80.0;92.0;21.0;32.0;140.0;86.0;46.0;24.0;112.0;37.0;75.0;78.0;144.0;361.0;179.0;82.0;25.0;25.0;23.0;140.0;159.0;727.0;41.0;727.0;25.0;74.0;80.0;37.0;92.0;78.0;70.0;23.0;75.0;46.0;144.0;16.0;25.0;61.0;58.0;101.0;47.0;83.0;52.0;138.0;83.0;140.0;93.0;110.0;80.0;727.0;74.0;105.0;40.0;130.0;161.0;144.0;85.0;37.0;98.0;86.0;50.0;31.0;68.0;71.0;126.0;29.0;0.0;30.0;122.0;55.0;48.0;123.0;74.0;61.0;13.0;54.0;171.0;74.0;41.0;181.0;27.0;173.0;727.0;27.0;114.0;727.0;18.0;29.0;31.0;161.0;358.0;74.0;82.0;31.0;95.0;138.0;33.0;114.0;17.0;57.0;361.0;395.0;727.0;192.0;31.0;83.0;50.0;27.0;95.0;54.0;68.0;144.0;24.0;69.0;36.0;41.0;356.0;51.0;80.0;93.0;95.0;85.0;173.0;92.0;20.0;72.0;65.0;92.0;80.0;85.0;16.0;292.0;235.0;146.0;101.0;31.0;684.0
332;70.0;47.0;230.0;20.0;30.0;31.0;14.0;79.0;51.0;17.0;66.0;43.0;751.0;228.0;165.0;771.0;66.0;143.0;49.0;347.0;27.0;53.0;354.0;222.0;131.0;44.0;98.0;44.0;30.0;19.0;109.0;41.0;138.0;17.0;67.0;111.0;98.0;51.0;132.0;114.0;28.0;14.0;95.0;13.0;100.0;248.0;49.0;66.0;68.0;18.0;31.0;83.0;76.0;347.0;86.0;22.0;109.0;47.0;48.0;148.0;29.0;34.0;193.0;356.0;54.0;76.0;99.0;79.0;41.0;823.0;171.0;68.0;347.0;352.0;69.0;66.0;20.0;14.0;90.0;751.0;22.0;52.0;66.0;69.0;30.0;40.0;111.0;17.0;13.0;69.0;357.0;69.0;234.0;751.0;135.0;53.0;117.0;77.0;41.0;341.0;51.0;82.0;66.0;28.0;77.0;37.0;46.0;30.0;53.0;62.0;50.0;143.0;220.0;69.0;111.0;19.0;66.0;102.0;114.0;18.0;84.0;62.0;36.0;751.0;167.0;22.0;109.0;91.0;19.0;58.0;11.0;132.0;354.0;402.0;53.0;24.0;114.0;75.0;46.0;114.0;774.0;87.0;148.0;27.0;165.0;128.0;114.0;148.0;136.0;96.0;73.0;776.0;15.0;114.0;132.0;120.0;146.0;23.0;79.0;98.0;100.0;34.0;114.0;109.0;51.0;120.0;30.0;25.0;164.0;89.0;56.0;28.0;83.0;26.0;69.0;68.0;114.0;347.0;158.0;73.0;34.0;34.0;31.0;123.0;189.0;751.0;69.0;751.0;34.0;66.0;51.0;31.0;83.0;68.0;74.0;19.0;69.0;57.0;114.0;44.0;5.0;52.0;87.0;91.0;30.0;78.0;81.0;109.0;53.0;123.0;87.0;98.0;51.0;751.0;66.0;135.0;30.0;114.0;132.0;114.0;87.0;26.0;98.0;77.0;57.0;22.0;59.0;60.0;111.0;2.0;30.0;0.0;137.0;52.0;41.0;122.0;66.0;52.0;19.0;47.0;200.0;66.0;32.0;211.0;17.0;203.0;751.0;22.0;103.0;751.0;15.0;29.0;22.0;132.0;344.0;66.0;84.0;22.0;95.0;109.0;24.0;103.0;19.0;86.0;347.0;399.0;751.0;222.0;56.0;75.0;41.0;17.0;86.0;70.0;59.0;114.0;15.0;64.0;14.0;32.0;346.0;44.0;51.0;119.0;86.0;114.0;195.0;83.0;37.0;75.0;48.0;120.0;74.0;77.0;18.0;318.0;260.0;128.0;91.0;22.0;666.0
333;94.0;102.0;262.0;117.0;143.0;139.0;150.0;91.0;161.0;120.0;97.0;144.0;622.0;169.0;37.0;643.0;97.0;110.0;185.0;484.0;112.0;171.0;485.0;162.0;150.0;146.0;117.0;148.0;147.0;118.0;233.0;107.0;126.0;131.0;98.0;126.0;120.0;161.0;223.0;236.0;146.0;150.0;104.0;125.0;228.0;142.0;185.0;97.0;89.0;122.0;113.0;70.0;70.0;484.0;103.0;151.0;233.0;139.0;93.0;196.0;127.0;147.0;144.0;488.0;83.0;70.0;110.0;91.0;142.0;757.0;133.0;89.0;484.0;355.0;197.0;97.0;134.0;150.0;88.0;622.0;151.0;99.0;97.0;197.0;162.0;137.0;126.0;120.0;125.0;89.0;493.0;197.0;174.0;622.0;112.0;171.0;132.0;94.0;107.0;477.0;161.0;85.0;97.0;112.0;98.0;113.0;92.0;108.0;171.0;99.0;93.0;202.0;165.0;197.0;97.0;123.0;97.0;92.0;236.0;122.0;66.0;96.0;104.0;622.0;186.0;151.0;233.0;101.0;122.0;80.0;134.0;223.0;485.0;509.0;171.0;115.0;236.0;94.0;104.0;236.0;647.0;99.0;196.0;112.0;186.0;147.0;236.0;131.0;108.0;85.0;92.0;715.0;141.0;236.0;223.0;59.0;9.0;138.0;91.0;120.0;106.0;157.0;236.0;233.0;161.0;81.0;143.0;153.0;64.0;205.0;81.0;109.0;210.0;115.0;197.0;100.0;236.0;310.0;186.0;97.0;147.0;147.0;145.0;144.0;142.0;622.0;93.0;622.0;147.0;97.0;161.0;110.0;96.0;100.0;71.0;118.0;197.0;80.0;236.0;109.0;137.0;102.0;89.0;101.0;120.0;84.0;125.0;233.0;171.0;144.0;88.0;108.0;161.0;622.0;97.0;112.0;112.0;129.0;223.0;236.0;204.0;115.0;67.0;98.0;80.0;151.0;100.0;105.0;126.0;136.0;122.0;137.0;0.0;94.0;103.0;72.0;97.0;102.0;133.0;102.0;149.0;97.0;110.0;157.0;120.0;151.0;622.0;147.0;104.0;622.0;124.0;108.0;151.0;223.0;479.0;97.0;201.0;151.0;66.0;233.0;115.0;104.0;137.0;93.0;310.0;505.0;622.0;162.0;94.0;94.0;107.0;120.0;98.0;68.0;100.0;236.0;122.0;90.0;150.0;110.0;477.0;102.0;161.0;66.0;98.0;97.0;242.0;96.0;140.0;70.0;184.0;87.0;88.0;94.0;122.0;322.0;278.0;147.0;100.0;151.0;780.0
334;23.0;8.0;256.0;34.0;72.0;70.0;66.0;31.0;67.0;35.0;20.0;80.0;715.0;220.0;116.0;736.0;20.0;137.0;100.0;394.0;26.0;77.0;405.0;213.0;98.0;83.0;106.0;55.0;75.0;36.0;140.0;13.0;140.0;55.0;21.0;74.0;107.0;67.0;137.0;142.0;73.0;66.0;51.0;43.0;151.0;222.0;100.0;20.0;62.0;43.0;46.0;31.0;54.0;394.0;43.0;72.0;140.0;80.0;6.0;130.0;59.0;77.0;186.0;407.0;23.0;54.0;57.0;31.0;48.0;779.0;167.0;62.0;394.0;370.0;120.0;20.0;42.0;66.0;41.0;715.0;72.0;7.0;20.0;120.0;81.0;43.0;74.0;35.0;43.0;19.0;406.0;120.0;225.0;715.0;132.0;77.0;80.0;30.0;13.0;390.0;67.0;31.0;20.0;41.0;32.0;19.0;16.0;33.0;77.0;17.0;4.0;130.0;213.0;120.0;107.0;48.0;20.0;54.0;142.0;43.0;62.0;15.0;17.0;715.0;138.0;72.0;140.0;47.0;33.0;27.0;44.0;137.0;405.0;451.0;77.0;28.0;142.0;28.0;10.0;142.0;740.0;42.0;130.0;26.0;136.0;95.0;142.0;149.0;131.0;46.0;25.0;733.0;62.0;142.0;137.0;97.0;102.0;65.0;31.0;107.0;56.0;82.0;142.0;140.0;67.0;107.0;72.0;74.0;136.0;138.0;23.0;31.0;116.0;25.0;120.0;24.0;142.0;307.0;132.0;27.0;77.0;77.0;74.0;90.0;182.0;715.0;66.0;715.0;77.0;20.0;67.0;21.0;37.0;24.0;24.0;36.0;120.0;26.0;142.0;55.0;54.0;11.0;81.0;47.0;27.0;28.0;97.0;140.0;77.0;90.0;38.0;55.0;67.0;715.0;20.0;132.0;21.0;77.0;137.0;142.0;136.0;25.0;47.0;32.0;19.0;72.0;15.0;20.0;74.0;50.0;55.0;52.0;94.0;0.0;10.0;71.0;20.0;11.0;58.0;8.0;193.0;20.0;19.0;203.0;35.0;196.0;715.0;70.0;59.0;715.0;44.0;27.0;72.0;137.0;394.0;20.0;133.0;72.0;44.0;140.0;28.0;59.0;61.0;82.0;307.0;448.0;715.0;213.0;53.0;28.0;13.0;35.0;40.0;39.0;15.0;142.0;39.0;13.0;66.0;19.0;398.0;9.0;67.0;100.0;40.0;109.0;225.0;37.0;74.0;25.0;99.0;109.0;24.0;30.0;43.0;336.0;282.0;95.0;46.0;72.0;702.0
335;30.0;6.0;251.0;25.0;63.0;62.0;56.0;39.0;60.0;26.0;26.0;72.0;724.0;222.0;126.0;744.0;26.0;139.0;89.0;384.0;16.0;69.0;395.0;215.0;102.0;75.0;104.0;47.0;66.0;27.0;131.0;5.0;140.0;46.0;28.0;79.0;105.0;60.0;133.0;134.0;64.0;56.0;58.0;34.0;141.0;228.0;89.0;26.0;61.0;35.0;40.0;42.0;57.0;384.0;49.0;62.0;131.0;73.0;10.0;131.0;51.0;68.0;188.0;397.0;26.0;57.0;63.0;39.0;40.0;787.0;168.0;61.0;384.0;368.0;110.0;26.0;32.0;56.0;50.0;724.0;62.0;12.0;26.0;110.0;71.0;36.0;79.0;26.0;34.0;28.0;396.0;110.0;228.0;724.0;132.0;69.0;85.0;38.0;5.0;380.0;60.0;41.0;26.0;34.0;39.0;10.0;17.0;27.0;69.0;23.0;10.0;129.0;215.0;110.0;107.0;39.0;26.0;62.0;134.0;35.0;65.0;22.0;9.0;724.0;141.0;62.0;131.0;54.0;23.0;31.0;34.0;133.0;395.0;442.0;69.0;18.0;134.0;35.0;8.0;134.0;748.0;49.0;131.0;16.0;140.0;99.0;134.0;149.0;132.0;55.0;33.0;740.0;53.0;134.0;133.0;102.0;111.0;56.0;39.0;105.0;63.0;73.0;134.0;131.0;60.0;109.0;63.0;65.0;142.0;128.0;27.0;24.0;107.0;15.0;110.0;30.0;134.0;313.0;134.0;34.0;68.0;68.0;65.0;94.0;184.0;724.0;65.0;724.0;68.0;26.0;60.0;11.0;44.0;30.0;34.0;27.0;110.0;29.0;134.0;50.0;44.0;13.0;81.0;54.0;17.0;37.0;93.0;131.0;69.0;94.0;47.0;62.0;60.0;724.0;26.0;132.0;11.0;82.0;133.0;134.0;127.0;15.0;57.0;39.0;25.0;62.0;20.0;23.0;79.0;40.0;48.0;41.0;103.0;10.0;0.0;81.0;26.0;13.0;49.0;6.0;195.0;26.0;9.0;206.0;26.0;198.0;724.0;60.0;66.0;724.0;35.0;19.0;62.0;133.0;384.0;26.0;123.0;62.0;54.0;131.0;18.0;66.0;52.0;82.0;313.0;439.0;724.0;215.0;51.0;35.0;5.0;26.0;48.0;44.0;20.0;134.0;29.0;23.0;56.0;9.0;387.0;3.0;60.0;104.0;48.0;110.0;219.0;44.0;66.0;35.0;89.0;111.0;33.0;38.0;35.0;334.0;278.0;99.0;53.0;62.0;690.0
336;54.0;76.0;308.0;105.0;142.0;140.0;136.0;45.0;121.0;106.0;58.0;149.0;679.0;238.0;69.0;701.0;58.0;168.0;169.0;457.0;97.0;133.0;474.0;231.0;79.0;152.0;155.0;110.0;145.0;107.0;191.0;82.0;178.0;125.0;57.0;58.0;157.0;121.0;163.0;191.0;143.0;136.0;42.0;114.0;222.0;214.0;169.0;58.0;112.0;114.0;113.0;41.0;94.0;456.0;47.0;143.0;191.0;147.0;75.0;127.0;127.0;147.0;210.0;476.0;80.0;94.0;46.0;45.0;105.0;715.0;194.0;112.0;456.0;413.0;191.0;58.0;109.0;136.0;35.0;679.0;143.0;70.0;58.0;191.0;152.0;101.0;58.0;106.0;114.0;53.0;472.0;191.0;243.0;679.0;166.0;133.0;63.0;48.0;82.0;456.0;121.0;41.0;58.0;109.0;50.0;86.0;82.0;102.0;133.0;62.0;73.0;135.0;233.0;191.0;144.0;118.0;58.0;29.0;191.0;114.0;97.0;61.0;88.0;679.0;114.0;143.0;191.0;43.0;103.0;80.0;114.0;163.0;474.0;522.0;133.0;98.0;191.0;50.0;76.0;191.0;704.0;43.0;127.0;97.0;114.0;77.0;191.0;185.0;163.0;29.0;50.0;670.0;133.0;191.0;163.0;116.0;76.0;135.0;45.0;157.0;43.0;153.0;191.0;191.0;121.0;134.0;142.0;145.0;135.0;208.0;79.0;101.0;172.0;96.0;191.0;58.0;191.0;251.0;115.0;52.0;147.0;147.0;144.0;75.0;206.0;679.0;117.0;679.0;147.0;58.0;121.0;92.0;44.0;58.0;53.0;107.0;191.0;80.0;191.0;118.0;124.0;71.0;125.0;43.0;94.0;44.0;153.0;191.0;133.0;75.0;37.0;45.0;121.0;679.0;58.0;166.0;92.0;60.0;163.0;191.0;206.0;96.0;26.0;50.0;74.0;143.0;64.0;66.0;58.0;121.0;123.0;122.0;72.0;71.0;81.0;0.0;58.0;71.0;128.0;76.0;215.0;58.0;90.0;224.0;106.0;217.0;679.0;140.0;39.0;679.0;115.0;97.0;143.0;163.0;461.0;58.0;203.0;143.0;29.0;191.0;98.0;39.0;132.0;128.0;251.0;518.0;679.0;231.0;110.0;50.0;82.0;106.0;44.0;81.0;64.0;191.0;109.0;58.0;136.0;90.0;467.0;78.0;121.0;122.0;44.0;145.0;282.0;44.0;143.0;52.0;169.0;140.0;48.0;48.0;114.0;379.0;330.0;77.0;42.0;143.0;744.0
337;4.0;20.0;275.0;51.0;89.0;88.0;80.0;13.0;67.0;52.0;1.0;99.0;719.0;235.0;113.0;740.0;1.0;154.0;111.0;401.0;42.0;78.0;416.0;228.0;79.0;101.0;125.0;55.0;92.0;53.0;139.0;25.0;158.0;72.0;2.0;54.0;126.0;67.0;127.0;140.0;90.0;80.0;32.0;60.0;165.0;232.0;111.0;1.0;80.0;61.0;65.0;27.0;70.0;400.0;23.0;87.0;139.0;99.0;26.0;114.0;77.0;94.0;202.0;418.0;41.0;70.0;37.0;13.0;49.0;760.0;183.0;80.0;400.0;389.0;134.0;1.0;52.0;80.0;24.0;719.0;87.0;15.0;1.0;134.0;96.0;44.0;54.0;52.0;60.0;8.0;414.0;134.0;240.0;719.0;149.0;78.0;61.0;11.0;25.0;398.0;67.0;17.0;1.0;60.0;12.0;29.0;36.0;52.0;78.0;4.0;24.0;115.0;228.0;134.0;124.0;66.0;1.0;36.0;140.0;61.0;77.0;4.0;35.0;719.0;119.0;87.0;139.0;27.0;48.0;45.0;56.0;127.0;416.0;467.0;78.0;44.0;140.0;9.0;20.0;140.0;743.0;22.0;114.0;42.0;118.0;76.0;140.0;166.0;148.0;30.0;7.0;714.0;78.0;140.0;127.0;110.0;104.0;82.0;13.0;126.0;37.0;98.0;140.0;139.0;67.0;122.0;89.0;90.0;146.0;154.0;41.0;50.0;118.0;40.0;134.0;5.0;140.0;287.0;113.0;8.0;94.0;94.0;91.0;71.0;198.0;719.0;85.0;719.0;94.0;1.0;67.0;38.0;18.0;5.0;28.0;53.0;134.0;43.0;140.0;75.0;69.0;14.0;99.0;27.0;37.0;15.0;116.0;139.0;78.0;71.0;22.0;36.0;67.0;719.0;1.0;149.0;37.0;58.0;127.0;140.0;152.0;40.0;37.0;12.0;36.0;87.0;7.0;9.0;54.0;65.0;74.0;66.0;97.0;20.0;26.0;58.0;0.0;14.0;75.0;20.0;209.0;1.0;35.0;219.0;52.0;211.0;719.0;86.0;40.0;719.0;62.0;46.0;87.0;127.0;403.0;1.0;149.0;87.0;35.0;139.0;44.0;40.0;78.0;100.0;287.0;464.0;719.0;228.0;73.0;9.0;25.0;52.0;21.0;54.0;7.0;140.0;55.0;9.0;80.0;35.0;409.0;24.0;67.0;114.0;21.0;126.0;244.0;18.0;93.0;28.0;112.0;125.0;10.0;11.0;61.0;355.0;301.0;76.0;27.0;87.0;702.0
338;18.0;7.0;264.0;37.0;75.0;74.0;66.0;27.0;59.0;38.0;14.0;85.0;724.0;230.0;122.0;745.0;14.0;148.0;98.0;390.0;29.0;69.0;403.0;224.0;89.0;87.0;115.0;46.0;78.0;39.0;132.0;11.0;150.0;58.0;15.0;66.0;116.0;59.0;127.0;134.0;76.0;66.0;45.0;46.0;151.0;232.0;98.0;14.0;72.0;47.0;52.0;35.0;65.0;389.0;36.0;73.0;132.0;86.0;16.0;120.0;64.0;80.0;197.0;405.0;34.0;65.0;50.0;27.0;40.0;774.0;177.0;72.0;389.0;380.0;120.0;14.0;39.0;66.0;38.0;724.0;73.0;3.0;14.0;120.0;82.0;35.0;66.0;38.0;46.0;18.0;403.0;120.0;236.0;724.0;142.0;69.0;72.0;26.0;11.0;387.0;59.0;30.0;14.0;47.0;26.0;15.0;26.0;39.0;69.0;10.0;15.0;120.0;223.0;120.0;117.0;52.0;14.0;50.0;134.0;47.0;72.0;10.0;22.0;724.0;129.0;73.0;132.0;41.0;33.0;38.0;43.0;127.0;403.0;453.0;69.0;29.0;134.0;23.0;6.0;134.0;748.0;36.0;120.0;29.0;127.0;87.0;134.0;159.0;141.0;44.0;21.0;728.0;64.0;134.0;127.0;108.0;110.0;68.0;27.0;116.0;50.0;84.0;134.0;132.0;59.0;117.0;75.0;76.0;146.0;140.0;34.0;37.0;109.0;26.0;120.0;17.0;134.0;301.0;122.0;22.0;80.0;80.0;77.0;81.0;193.0;724.0;76.0;724.0;80.0;14.0;59.0;24.0;32.0;17.0;31.0;39.0;120.0;36.0;134.0;63.0;55.0;1.0;91.0;41.0;24.0;27.0;105.0;132.0;69.0;81.0;36.0;49.0;59.0;724.0;14.0;142.0;22.0;69.0;127.0;134.0;138.0;26.0;49.0;26.0;30.0;73.0;8.0;11.0;66.0;50.0;61.0;52.0;102.0;11.0;13.0;71.0;14.0;0.0;61.0;7.0;204.0;14.0;21.0;214.0;38.0;207.0;724.0;72.0;53.0;724.0;48.0;32.0;73.0;127.0;391.0;14.0;135.0;73.0;46.0;132.0;29.0;53.0;64.0;92.0;301.0;450.0;724.0;224.0;63.0;23.0;11.0;38.0;35.0;50.0;8.0;134.0;41.0;13.0;66.0;21.0;396.0;10.0;59.0;111.0;35.0;119.0;232.0;32.0;79.0;32.0;98.0;120.0;23.0;26.0;47.0;345.0;291.0;87.0;40.0;73.0;696.0
339;79.0;55.0;212.0;24.0;14.0;13.0;23.0;88.0;71.0;24.0;75.0;25.0;740.0;210.0;163.0;759.0;75.0;126.0;54.0;353.0;33.0;72.0;353.0;205.0;146.0;27.0;80.0;63.0;17.0;22.0;125.0;50.0;120.0;4.0;77.0;125.0;79.0;71.0;151.0;131.0;15.0;23.0;107.0;16.0;97.0;235.0;54.0;75.0;54.0;15.0;20.0;87.0;66.0;353.0;98.0;19.0;125.0;28.0;53.0;167.0;10.0;19.0;176.0;356.0;52.0;66.0;111.0;88.0;59.0;835.0;154.0;54.0;353.0;333.0;66.0;75.0;38.0;23.0;99.0;740.0;19.0;61.0;75.0;66.0;30.0;58.0;125.0;24.0;16.0;77.0;360.0;66.0;216.0;740.0;117.0;72.0;131.0;87.0;50.0;344.0;71.0;89.0;75.0;21.0;87.0;48.0;47.0;27.0;72.0;72.0;55.0;162.0;202.0;66.0;94.0;10.0;75.0;111.0;131.0;15.0;73.0;71.0;41.0;740.0;184.0;19.0;125.0;102.0;30.0;54.0;29.0;151.0;353.0;393.0;72.0;32.0;131.0;84.0;56.0;131.0;763.0;98.0;167.0;33.0;182.0;144.0;131.0;129.0;119.0;104.0;82.0;789.0;10.0;131.0;151.0;108.0;141.0;7.0;88.0;79.0;111.0;25.0;131.0;125.0;71.0;105.0;14.0;20.0;153.0;80.0;54.0;27.0;100.0;36.0;66.0;78.0;131.0;361.0;175.0;83.0;19.0;19.0;16.0;138.0;171.0;740.0;54.0;740.0;19.0;75.0;71.0;38.0;93.0;78.0;76.0;22.0;66.0;54.0;131.0;29.0;14.0;61.0;71.0;102.0;43.0;86.0;62.0;125.0;72.0;138.0;96.0;110.0;71.0;740.0;75.0;117.0;39.0;128.0;151.0;131.0;78.0;36.0;103.0;87.0;57.0;19.0;69.0;71.0;125.0;19.0;13.0;19.0;133.0;58.0;49.0;128.0;75.0;61.0;0.0;55.0;183.0;75.0;41.0;193.0;24.0;186.0;740.0;15.0;115.0;740.0;14.0;31.0;19.0;151.0;347.0;75.0;75.0;19.0;100.0;125.0;32.0;115.0;5.0;70.0;361.0;390.0;740.0;205.0;43.0;84.0;50.0;24.0;96.0;64.0;69.0;131.0;21.0;71.0;23.0;41.0;346.0;52.0;71.0;106.0;96.0;97.0;177.0;93.0;19.0;78.0;52.0;104.0;82.0;87.0;15.0;299.0;241.0;144.0;102.0;19.0;678.0
340;24.0;1.0;257.0;31.0;69.0;68.0;61.0;33.0;60.0;31.0;20.0;79.0;723.0;225.0;123.0;744.0;20.0;143.0;94.0;387.0;22.0;69.0;399.0;219.0;96.0;81.0;109.0;47.0;72.0;33.0;132.0;6.0;144.0;52.0;22.0;72.0;110.0;60.0;131.0;135.0;70.0;61.0;52.0;39.0;146.0;230.0;94.0;20.0;66.0;41.0;46.0;38.0;60.0;387.0;43.0;68.0;132.0;79.0;11.0;126.0;57.0;74.0;192.0;401.0;29.0;60.0;57.0;33.0;40.0;781.0;172.0;66.0;387.0;373.0;115.0;20.0;35.0;61.0;44.0;723.0;68.0;6.0;20.0;115.0;76.0;35.0;72.0;31.0;39.0;23.0;400.0;115.0;231.0;723.0;136.0;69.0;79.0;32.0;6.0;384.0;60.0;35.0;20.0;40.0;32.0;12.0;20.0;33.0;69.0;17.0;10.0;125.0;218.0;115.0;111.0;45.0;20.0;56.0;135.0;41.0;68.0;16.0;15.0;723.0;136.0;68.0;132.0;47.0;28.0;33.0;38.0;131.0;399.0;448.0;69.0;23.0;135.0;29.0;3.0;135.0;747.0;43.0;126.0;22.0;134.0;93.0;135.0;153.0;136.0;49.0;27.0;734.0;58.0;135.0;131.0;104.0;110.0;62.0;33.0;110.0;57.0;78.0;135.0;132.0;60.0;112.0;69.0;70.0;143.0;134.0;29.0;30.0;109.0;20.0;115.0;23.0;135.0;307.0;129.0;28.0;74.0;74.0;71.0;88.0;188.0;723.0;70.0;723.0;74.0;20.0;60.0;17.0;38.0;23.0;31.0;33.0;115.0;32.0;135.0;56.0;49.0;7.0;85.0;47.0;20.0;32.0;99.0;132.0;69.0;88.0;41.0;55.0;60.0;723.0;20.0;136.0;17.0;76.0;131.0;135.0;132.0;20.0;52.0;32.0;26.0;68.0;14.0;17.0;72.0;45.0;54.0;47.0;102.0;8.0;6.0;76.0;20.0;7.0;55.0;0.0;199.0;20.0;15.0;209.0;31.0;201.0;723.0;66.0;60.0;723.0;41.0;26.0;68.0;131.0;388.0;20.0;129.0;68.0;50.0;132.0;23.0;60.0;58.0;86.0;307.0;444.0;723.0;219.0;56.0;29.0;6.0;31.0;41.0;46.0;14.0;135.0;35.0;17.0;61.0;15.0;392.0;3.0;60.0;106.0;41.0;114.0;225.0;38.0;72.0;32.0;94.0;115.0;28.0;32.0;41.0;339.0;284.0;93.0;47.0;68.0;696.0
341;209.0;199.0;147.0;188.0;182.0;177.0;205.0;212.0;248.0;191.0;209.0;171.0;585.0;28.0;178.0;602.0;209.0;57.0;228.0;500.0;191.0;253.0;467.0;22.0;283.0;172.0;104.0;237.0;184.0;188.0;308.0;200.0;65.0;185.0;211.0;257.0;106.0;248.0;327.0;314.0;185.0;205.0;232.0;189.0;239.0;91.0;228.0;209.0;135.0;184.0;170.0;192.0;139.0;503.0;227.0;197.0;308.0;164.0;188.0;322.0;173.0;182.0;7.0;472.0;170.0;139.0;239.0;212.0;231.0;896.0;29.0;135.0;503.0;211.0;220.0;209.0;213.0;205.0;215.0;585.0;197.0;200.0;209.0;220.0;205.0;227.0;257.0;191.0;189.0;203.0;496.0;220.0;33.0;585.0;66.0;253.0;264.0;213.0;200.0;481.0;248.0;207.0;209.0;174.0;218.0;204.0;179.0;177.0;253.0;208.0;189.0;323.0;20.0;220.0;89.0;181.0;209.0;225.0;314.0;184.0;132.0;206.0;189.0;585.0;322.0;197.0;308.0;228.0;198.0;166.0;206.0;327.0;467.0;441.0;253.0;193.0;314.0;212.0;202.0;314.0;606.0;223.0;322.0;191.0;322.0;280.0;314.0;56.0;64.0;215.0;209.0;856.0;192.0;314.0;327.0;100.0;150.0;183.0;212.0;106.0;236.0;192.0;314.0;308.0;248.0;87.0;182.0;197.0;88.0;206.0;170.0;181.0;283.0;196.0;220.0;213.0;314.0;459.0;319.0;214.0;182.0;182.0;182.0;276.0;11.0;585.0;133.0;585.0;182.0;209.0;248.0;192.0;219.0;213.0;183.0;188.0;220.0;167.0;314.0;156.0;196.0;204.0;115.0;228.0;207.0;204.0;124.0;308.0;253.0;276.0;213.0;237.0;248.0;585.0;209.0;66.0;196.0;261.0;327.0;314.0;206.0;196.0;199.0;218.0;174.0;197.0;207.0;213.0;257.0;199.0;171.0;200.0;149.0;193.0;195.0;215.0;209.0;204.0;183.0;199.0;0.0;209.0;196.0;11.0;191.0;3.0;585.0;192.0;236.0;585.0;186.0;184.0;197.0;327.0;479.0;209.0;205.0;197.0;197.0;308.0;193.0;236.0;186.0;116.0;459.0;437.0;585.0;22.0;147.0;212.0;200.0;191.0;222.0;154.0;207.0;314.0;190.0;200.0;205.0;196.0;459.0;197.0;248.0;96.0;222.0;87.0;148.0;219.0;173.0;184.0;225.0;84.0;206.0;213.0;184.0;180.0;149.0;280.0;226.0;197.0;810.0
342;4.0;20.0;275.0;51.0;89.0;88.0;80.0;13.0;67.0;52.0;1.0;99.0;719.0;235.0;113.0;740.0;1.0;154.0;111.0;401.0;42.0;78.0;416.0;228.0;79.0;101.0;125.0;55.0;92.0;53.0;139.0;25.0;158.0;72.0;2.0;54.0;126.0;67.0;127.0;140.0;90.0;80.0;32.0;60.0;165.0;232.0;111.0;1.0;80.0;61.0;65.0;27.0;70.0;400.0;23.0;87.0;139.0;99.0;26.0;114.0;77.0;94.0;202.0;418.0;41.0;70.0;37.0;13.0;49.0;760.0;183.0;80.0;400.0;389.0;134.0;1.0;52.0;80.0;24.0;719.0;87.0;15.0;1.0;134.0;96.0;44.0;54.0;52.0;60.0;8.0;414.0;134.0;240.0;719.0;149.0;78.0;61.0;11.0;25.0;398.0;67.0;17.0;1.0;60.0;12.0;29.0;36.0;52.0;78.0;4.0;24.0;115.0;228.0;134.0;124.0;66.0;1.0;36.0;140.0;61.0;77.0;4.0;35.0;719.0;119.0;87.0;139.0;27.0;48.0;45.0;56.0;127.0;416.0;467.0;78.0;44.0;140.0;9.0;20.0;140.0;743.0;22.0;114.0;42.0;118.0;76.0;140.0;166.0;148.0;30.0;7.0;714.0;78.0;140.0;127.0;110.0;104.0;82.0;13.0;126.0;37.0;98.0;140.0;139.0;67.0;122.0;89.0;90.0;146.0;154.0;41.0;50.0;118.0;40.0;134.0;5.0;140.0;287.0;113.0;8.0;94.0;94.0;91.0;71.0;198.0;719.0;85.0;719.0;94.0;1.0;67.0;38.0;18.0;5.0;28.0;53.0;134.0;43.0;140.0;75.0;69.0;14.0;99.0;27.0;37.0;15.0;116.0;139.0;78.0;71.0;22.0;36.0;67.0;719.0;1.0;149.0;37.0;58.0;127.0;140.0;152.0;40.0;37.0;12.0;36.0;87.0;7.0;9.0;54.0;65.0;74.0;66.0;97.0;20.0;26.0;58.0;1.0;14.0;75.0;20.0;209.0;0.0;35.0;219.0;52.0;211.0;719.0;86.0;40.0;719.0;62.0;46.0;87.0;127.0;403.0;1.0;149.0;87.0;35.0;139.0;44.0;40.0;78.0;100.0;287.0;464.0;719.0;228.0;73.0;9.0;25.0;52.0;21.0;54.0;7.0;140.0;55.0;9.0;80.0;35.0;409.0;24.0;67.0;114.0;21.0;126.0;244.0;18.0;93.0;28.0;112.0;125.0;10.0;11.0;61.0;355.0;301.0;76.0;27.0;87.0;702.0
343;39.0;15.0;246.0;17.0;55.0;54.0;46.0;47.0;55.0;17.0;35.0;65.0;730.0;223.0;135.0;750.0;35.0;139.0;80.0;376.0;8.0;63.0;385.0;216.0;107.0;67.0;101.0;43.0;57.0;19.0;125.0;9.0;139.0;38.0;36.0;85.0;102.0;55.0;131.0;129.0;55.0;46.0;66.0;25.0;132.0;232.0;80.0;35.0;61.0;27.0;34.0;51.0;59.0;375.0;57.0;53.0;125.0;66.0;17.0;134.0;44.0;60.0;189.0;388.0;30.0;59.0;70.0;47.0;36.0;794.0;168.0;61.0;375.0;364.0;101.0;35.0;24.0;46.0;59.0;730.0;53.0;20.0;35.0;101.0;62.0;32.0;85.0;17.0;25.0;37.0;387.0;101.0;229.0;730.0;132.0;63.0;91.0;46.0;9.0;371.0;55.0;49.0;35.0;28.0;46.0;9.0;20.0;22.0;63.0;31.0;19.0;131.0;216.0;101.0;107.0;31.0;35.0;71.0;129.0;27.0;68.0;31.0;7.0;730.0;146.0;53.0;125.0;61.0;14.0;34.0;25.0;131.0;385.0;433.0;63.0;9.0;129.0;44.0;15.0;129.0;754.0;57.0;134.0;8.0;144.0;105.0;129.0;148.0;132.0;64.0;41.0;748.0;44.0;129.0;131.0;105.0;118.0;47.0;47.0;102.0;70.0;64.0;129.0;125.0;55.0;111.0;55.0;56.0;147.0;120.0;31.0;18.0;101.0;6.0;101.0;37.0;129.0;321.0;138.0;42.0;60.0;60.0;57.0;99.0;185.0;730.0;64.0;730.0;60.0;35.0;55.0;4.0;53.0;37.0;42.0;19.0;101.0;33.0;129.0;46.0;35.0;21.0;81.0;61.0;12.0;46.0;89.0;125.0;63.0;99.0;56.0;69.0;55.0;730.0;35.0;132.0;2.0;88.0;131.0;129.0;118.0;6.0;66.0;46.0;30.0;53.0;28.0;30.0;85.0;31.0;41.0;32.0;110.0;19.0;9.0;90.0;35.0;21.0;41.0;15.0;196.0;35.0;0.0;206.0;17.0;199.0;730.0;51.0;74.0;730.0;27.0;14.0;53.0;131.0;375.0;35.0;115.0;53.0;63.0;125.0;9.0;74.0;44.0;81.0;321.0;430.0;730.0;216.0;50.0;44.0;9.0;17.0;55.0;48.0;28.0;129.0;21.0;32.0;46.0;1.0;378.0;11.0;55.0;106.0;55.0;110.0;214.0;53.0;59.0;44.0;80.0;112.0;42.0;46.0;27.0;330.0;274.0;105.0;61.0;53.0;690.0
344;219.0;209.0;149.0;199.0;192.0;188.0;216.0;222.0;259.0;202.0;219.0;181.0;577.0;17.0;185.0;593.0;219.0;68.0;238.0;509.0;201.0;263.0;474.0;12.0;293.0;183.0;115.0;248.0;195.0;198.0;318.0;210.0;75.0;195.0;221.0;267.0;116.0;259.0;338.0;325.0;196.0;216.0;242.0;200.0;249.0;88.0;238.0;219.0;146.0;194.0;180.0;202.0;150.0;512.0;237.0;207.0;318.0;174.0;198.0;332.0;183.0;192.0;18.0;480.0;180.0;150.0;248.0;222.0;242.0;901.0;40.0;146.0;512.0;206.0;230.0;219.0;223.0;216.0;225.0;577.0;207.0;211.0;219.0;230.0;216.0;238.0;267.0;202.0;200.0;213.0;505.0;230.0;23.0;577.0;76.0;263.0;274.0;223.0;210.0;489.0;259.0;217.0;219.0;185.0;228.0;214.0;189.0;188.0;263.0;218.0;199.0;333.0;9.0;230.0;100.0;192.0;219.0;234.0;325.0;194.0;142.0;216.0;199.0;577.0;332.0;207.0;318.0;238.0;208.0;176.0;217.0;338.0;474.0;445.0;263.0;204.0;325.0;222.0;212.0;325.0;598.0;233.0;332.0;201.0;332.0;290.0;325.0;66.0;75.0;225.0;219.0;861.0;203.0;325.0;338.0;110.0;158.0;193.0;222.0;116.0;246.0;202.0;325.0;318.0;259.0;97.0;192.0;207.0;95.0;216.0;180.0;191.0;293.0;206.0;230.0;223.0;325.0;467.0;329.0;224.0;192.0;192.0;192.0;286.0;22.0;577.0;143.0;577.0;192.0;219.0;259.0;203.0;229.0;223.0;193.0;198.0;230.0;178.0;325.0;167.0;207.0;214.0;126.0;238.0;217.0;214.0;135.0;318.0;263.0;286.0;223.0;247.0;259.0;577.0;219.0;76.0;206.0;270.0;338.0;325.0;216.0;206.0;208.0;228.0;184.0;207.0;217.0;223.0;267.0;210.0;181.0;211.0;157.0;203.0;206.0;224.0;219.0;214.0;193.0;209.0;11.0;219.0;206.0;0.0;202.0;8.0;577.0;203.0;246.0;577.0;197.0;194.0;207.0;338.0;487.0;219.0;215.0;207.0;206.0;318.0;204.0;246.0;197.0;126.0;467.0;441.0;577.0;12.0;157.0;222.0;210.0;202.0;232.0;164.0;217.0;325.0;201.0;210.0;216.0;206.0;466.0;207.0;259.0;105.0;232.0;97.0;153.0;229.0;183.0;194.0;236.0;94.0;216.0;223.0;194.0;175.0;148.0;290.0;236.0;207.0;816.0
345;56.0;31.0;233.0;3.0;38.0;37.0;31.0;65.0;57.0;1.0;52.0;49.0;736.0;219.0;147.0;755.0;52.0;134.0;66.0;364.0;10.0;62.0;371.0;213.0;123.0;51.0;92.0;46.0;40.0;4.0;121.0;26.0;131.0;21.0;53.0;101.0;93.0;57.0;137.0;126.0;38.0;31.0;83.0;8.0;116.0;235.0;66.0;52.0;56.0;11.0;23.0;66.0;61.0;364.0;74.0;37.0;121.0;50.0;31.0;146.0;29.0;43.0;184.0;373.0;37.0;61.0;87.0;65.0;41.0;811.0;163.0;56.0;364.0;352.0;85.0;52.0;21.0;31.0;76.0;736.0;37.0;37.0;52.0;85.0;46.0;38.0;101.0;1.0;8.0;54.0;374.0;85.0;225.0;736.0;126.0;62.0;107.0;63.0;26.0;358.0;57.0;66.0;52.0;17.0;63.0;24.0;29.0;15.0;62.0;48.0;33.0;142.0;211.0;85.0;102.0;15.0;52.0;88.0;126.0;11.0;69.0;48.0;19.0;736.0;161.0;37.0;121.0;78.0;7.0;41.0;16.0;137.0;371.0;416.0;62.0;8.0;126.0;61.0;32.0;126.0;759.0;74.0;146.0;10.0;159.0;120.0;126.0;141.0;127.0;81.0;58.0;765.0;27.0;126.0;137.0;106.0;128.0;31.0;65.0;93.0;87.0;47.0;126.0;121.0;57.0;109.0;38.0;39.0;150.0;103.0;39.0;12.0;96.0;12.0;85.0;54.0;126.0;337.0;152.0;59.0;43.0;43.0;40.0;114.0;180.0;736.0;59.0;736.0;43.0;52.0;57.0;14.0;70.0;54.0;56.0;4.0;85.0;40.0;126.0;36.0;18.0;38.0;76.0;78.0;20.0;63.0;78.0;121.0;62.0;114.0;73.0;86.0;57.0;736.0;52.0;126.0;15.0;104.0;137.0;126.0;101.0;12.0;82.0;63.0;40.0;37.0;45.0;47.0;101.0;16.0;27.0;17.0;120.0;35.0;26.0;106.0;52.0;38.0;24.0;31.0;191.0;52.0;17.0;202.0;0.0;194.0;736.0;34.0;91.0;736.0;10.0;12.0;37.0;137.0;362.0;52.0;98.0;37.0;79.0;121.0;8.0;91.0;27.0;76.0;337.0;413.0;736.0;213.0;45.0;61.0;26.0;1.0;72.0;53.0;45.0;126.0;4.0;48.0;31.0;17.0;364.0;28.0;57.0;106.0;72.0;105.0;199.0;70.0;42.0;58.0;66.0;109.0;59.0;63.0;11.0;318.0;262.0;120.0;78.0;37.0;678.0
346;212.0;201.0;147.0;191.0;185.0;180.0;208.0;214.0;251.0;194.0;211.0;174.0;583.0;25.0;180.0;599.0;211.0;60.0;231.0;502.0;194.0;256.0;469.0;19.0;285.0;175.0;107.0;240.0;187.0;190.0;311.0;203.0;68.0;187.0;213.0;260.0;109.0;251.0;330.0;317.0;188.0;208.0;235.0;192.0;242.0;90.0;231.0;211.0;138.0;187.0;173.0;194.0;142.0;505.0;229.0;200.0;311.0;166.0;191.0;325.0;175.0;185.0;10.0;474.0;173.0;142.0;241.0;214.0;234.0;898.0;32.0;138.0;505.0;209.0;222.0;211.0;215.0;208.0;218.0;583.0;200.0;203.0;211.0;222.0;208.0;230.0;260.0;194.0;192.0;206.0;498.0;222.0;30.0;583.0;68.0;256.0;267.0;216.0;203.0;483.0;251.0;210.0;211.0;177.0;220.0;207.0;182.0;180.0;256.0;211.0;192.0;326.0;17.0;222.0;92.0;184.0;211.0;227.0;317.0;187.0;135.0;208.0;192.0;583.0;325.0;200.0;311.0;231.0;200.0;169.0;209.0;330.0;469.0;442.0;256.0;196.0;317.0;215.0;204.0;317.0;604.0;226.0;325.0;194.0;325.0;283.0;317.0;59.0;67.0;218.0;212.0;857.0;195.0;317.0;330.0;103.0;152.0;186.0;214.0;109.0;239.0;195.0;317.0;311.0;251.0;89.0;185.0;200.0;90.0;209.0;173.0;184.0;285.0;199.0;222.0;216.0;317.0;461.0;322.0;217.0;185.0;185.0;185.0;279.0;14.0;583.0;136.0;583.0;185.0;211.0;251.0;195.0;222.0;216.0;186.0;190.0;222.0;170.0;317.0;159.0;199.0;207.0;118.0;231.0;209.0;207.0;127.0;311.0;256.0;279.0;216.0;240.0;251.0;583.0;211.0;68.0;199.0;263.0;330.0;317.0;208.0;199.0;201.0;220.0;177.0;200.0;210.0;216.0;260.0;202.0;173.0;203.0;151.0;196.0;198.0;217.0;211.0;207.0;186.0;201.0;3.0;211.0;199.0;8.0;194.0;0.0;583.0;195.0;239.0;583.0;189.0;186.0;200.0;330.0;481.0;211.0;208.0;200.0;199.0;311.0;196.0;239.0;189.0;118.0;461.0;438.0;583.0;19.0;150.0;215.0;203.0;194.0;225.0;157.0;210.0;317.0;193.0;203.0;208.0;199.0;461.0;199.0;251.0;98.0;225.0;90.0;149.0;222.0;176.0;187.0;228.0;87.0;208.0;216.0;187.0;178.0;148.0;283.0;229.0;200.0;816.0
347;716.0;723.0;701.0;732.0;745.0;740.0;761.0;712.0;783.0;736.0;719.0;738.0;1.0;563.0;611.0;27.0;719.0;628.0;793.0;1083.0;730.0;792.0;1051.0;566.0;754.0;741.0;677.0;770.0;749.0;733.0;855.0;728.0;645.0;740.0;720.0;736.0;680.0;783.0;842.0;858.0;748.0;761.0;720.0;738.0;819.0;508.0;793.0;719.0;686.0;733.0;721.0;692.0;675.0;1085.0;721.0;758.0;855.0;731.0;714.0;803.0;731.0;747.0;591.0;1056.0;700.0;675.0;725.0;712.0;763.0;966.0;611.0;686.0;1085.0;659.0;794.0;719.0;753.0;761.0;706.0;1.0;758.0;721.0;719.0;794.0;768.0;758.0;736.0;736.0;738.0;711.0;1081.0;794.0;559.0;1.0;638.0;792.0;741.0;715.0;728.0;1066.0;783.0;706.0;719.0;723.0;719.0;734.0;710.0;721.0;792.0;721.0;714.0;812.0;571.0;794.0;653.0;733.0;719.0;706.0;858.0;733.0;667.0;719.0;723.0;1.0;778.0;758.0;855.0;719.0;739.0;696.0;751.0;842.0;1051.0;1000.0;792.0;733.0;858.0;715.0;726.0;858.0;27.0;717.0;803.0;730.0;779.0;752.0;858.0;637.0;634.0;702.0;714.0;953.0;750.0;858.0;842.0;632.0;615.0;743.0;712.0;680.0;721.0;758.0;858.0;855.0;783.0;637.0;745.0;759.0;587.0;787.0;699.0;724.0;831.0;733.0;794.0;722.0;858.0;780.0;784.0;719.0;747.0;747.0;746.0;752.0;595.0;1.0;686.0;1.0;747.0;719.0;783.0;728.0;716.0;722.0;693.0;733.0;794.0;697.0;858.0;711.0;749.0;724.0;671.0;719.0;741.0;706.0;697.0;855.0;792.0;752.0;707.0;723.0;783.0;1.0;719.0;638.0;731.0;738.0;842.0;858.0;786.0;733.0;685.0;719.0;700.0;758.0;722.0;727.0;736.0;749.0;727.0;751.0;622.0;715.0;724.0;679.0;719.0;724.0;740.0;723.0;585.0;719.0;730.0;577.0;736.0;583.0;0.0;753.0;718.0;1.0;736.0;724.0;758.0;842.0;1064.0;719.0;785.0;758.0;686.0;855.0;733.0;718.0;744.0;673.0;780.0;995.0;1.0;566.0;696.0;715.0;728.0;736.0;717.0;683.0;722.0;858.0;736.0;712.0;761.0;730.0;1043.0;723.0;783.0;634.0;717.0;650.0;720.0;716.0;738.0;693.0;791.0;640.0;710.0;715.0;733.0;656.0;679.0;752.0;717.0;758.0;1290.0
348;90.0;66.0;211.0;35.0;11.0;15.0;15.0;99.0;69.0;34.0;86.0;25.0;753.0;220.0;177.0;772.0;86.0;137.0;40.0;338.0;44.0;68.0;339.0;214.0;152.0;25.0;88.0;64.0;10.0;34.0;116.0;60.0;128.0;16.0;87.0;133.0;87.0;69.0;148.0;123.0;8.0;15.0;116.0;27.0;83.0;247.0;40.0;86.0;68.0;27.0;34.0;100.0;81.0;339.0;107.0;5.0;116.0;30.0;65.0;169.0;23.0;13.0;185.0;342.0;66.0;81.0;120.0;99.0;61.0;844.0;163.0;68.0;339.0;335.0;51.0;86.0;41.0;15.0;110.0;753.0;5.0;71.0;86.0;51.0;15.0;61.0;133.0;34.0;27.0;88.0;346.0;51.0;225.0;753.0;127.0;68.0;138.0;97.0;60.0;330.0;69.0;101.0;86.0;35.0;97.0;57.0;61.0;41.0;68.0;82.0;67.0;163.0;212.0;51.0;105.0;24.0;86.0;122.0;123.0;27.0;87.0;82.0;53.0;753.0;189.0;5.0;116.0;112.0;38.0;69.0;33.0;148.0;339.0;382.0;68.0;42.0;123.0;95.0;66.0;123.0;776.0;107.0;169.0;44.0;186.0;150.0;123.0;138.0;129.0;115.0;93.0;797.0;7.0;123.0;148.0;121.0;156.0;10.0;99.0;87.0;120.0;13.0;123.0;116.0;69.0;118.0;11.0;6.0;166.0;68.0;68.0;41.0;91.0;45.0;51.0;88.0;123.0;368.0;179.0;93.0;13.0;13.0;12.0;144.0;181.0;753.0;67.0;753.0;13.0;86.0;69.0;49.0;104.0;88.0;89.0;34.0;51.0;69.0;123.0;42.0;17.0;72.0;83.0;112.0;51.0;97.0;69.0;116.0;68.0;144.0;107.0;119.0;69.0;753.0;86.0;127.0;49.0;136.0;148.0;123.0;67.0;45.0;116.0;97.0;71.0;5.0;79.0;80.0;133.0;22.0;27.0;22.0;147.0;70.0;60.0;140.0;86.0;72.0;15.0;66.0;192.0;86.0;51.0;203.0;34.0;195.0;753.0;0.0;124.0;753.0;26.0;44.0;5.0;148.0;332.0;86.0;64.0;5.0;113.0;116.0;42.0;124.0;10.0;81.0;368.0;379.0;753.0;214.0;57.0;95.0;60.0;34.0;106.0;79.0;79.0;123.0;31.0;83.0;15.0;51.0;332.0;63.0;69.0;119.0;106.0;108.0;175.0;104.0;20.0;91.0;38.0;116.0;93.0;97.0;27.0;301.0;242.0;150.0;111.0;5.0;666.0
349;36.0;60.0;313.0;91.0;129.0;127.0;116.0;29.0;89.0;91.0;40.0;138.0;718.0;261.0;107.0;740.0;40.0;184.0;145.0;424.0;82.0;101.0;447.0;254.0;47.0;141.0;161.0;80.0;131.0;93.0;155.0;64.0;191.0;111.0;38.0;22.0;162.0;89.0;125.0;154.0;129.0;116.0;8.0;99.0;201.0;246.0;145.0;40.0;116.0;100.0;105.0;45.0;102.0;422.0;17.0;125.0;155.0;138.0;65.0;92.0;117.0;133.0;230.0;449.0;78.0;102.0;8.0;29.0;76.0;721.0;213.0;116.0;422.0;425.0;171.0;40.0;86.0;116.0;21.0;718.0;125.0;54.0;40.0;171.0;133.0;73.0;22.0;91.0;99.0;40.0;441.0;171.0;266.0;718.0;181.0;101.0;28.0;29.0;64.0;425.0;89.0;31.0;40.0;100.0;27.0;67.0;74.0;92.0;101.0;43.0;63.0;98.0;255.0;171.0;156.0;105.0;40.0;12.0;154.0;100.0;108.0;44.0;75.0;718.0;86.0;125.0;155.0;12.0;86.0;80.0;93.0;125.0;447.0;505.0;101.0;83.0;154.0;31.0;59.0;154.0;743.0;17.0;92.0;82.0;86.0;45.0;154.0;199.0;179.0;21.0;34.0;674.0;117.0;154.0;125.0;136.0;110.0;121.0;29.0;162.0;5.0;137.0;154.0;155.0;89.0;151.0;129.0;128.0;164.0;192.0;77.0;90.0;138.0;79.0;171.0;36.0;154.0;248.0;84.0;32.0;133.0;133.0;130.0;41.0;226.0;718.0;121.0;718.0;133.0;40.0;89.0;77.0;22.0;36.0;55.0;93.0;171.0;79.0;154.0;114.0;107.0;53.0;133.0;12.0;74.0;34.0;154.0;155.0;101.0;41.0;24.0;7.0;89.0;718.0;40.0;181.0;75.0;25.0;125.0;154.0;190.0;79.0;39.0;27.0;72.0;125.0;46.0;44.0;22.0;102.0;114.0;103.0;104.0;59.0;66.0;39.0;40.0;53.0;115.0;60.0;236.0;40.0;74.0;246.0;91.0;239.0;718.0;124.0;0.0;718.0;101.0;85.0;125.0;125.0;431.0;40.0;187.0;125.0;40.0;155.0;83.0;1.0;117.0;135.0;248.0;502.0;718.0;254.0;110.0;31.0;64.0;91.0;18.0;87.0;46.0;154.0;94.0;46.0;116.0;74.0;440.0;63.0;89.0;141.0;18.0;158.0;283.0;22.0;132.0;54.0;146.0;155.0;36.0;29.0;100.0;391.0;338.0;45.0;13.0;125.0;708.0
350;716.0;723.0;701.0;732.0;745.0;740.0;761.0;712.0;783.0;736.0;719.0;738.0;1.0;563.0;611.0;27.0;719.0;628.0;793.0;1083.0;730.0;792.0;1051.0;566.0;754.0;741.0;677.0;770.0;749.0;733.0;855.0;728.0;645.0;740.0;720.0;736.0;680.0;783.0;842.0;858.0;748.0;761.0;720.0;738.0;819.0;508.0;793.0;719.0;686.0;733.0;721.0;692.0;675.0;1085.0;721.0;758.0;855.0;731.0;714.0;803.0;731.0;747.0;591.0;1056.0;700.0;675.0;725.0;712.0;763.0;966.0;611.0;686.0;1085.0;659.0;794.0;719.0;753.0;761.0;706.0;1.0;758.0;721.0;719.0;794.0;768.0;758.0;736.0;736.0;738.0;711.0;1081.0;794.0;559.0;1.0;638.0;792.0;741.0;715.0;728.0;1066.0;783.0;706.0;719.0;723.0;719.0;734.0;710.0;721.0;792.0;721.0;714.0;812.0;571.0;794.0;653.0;733.0;719.0;706.0;858.0;733.0;667.0;719.0;723.0;1.0;778.0;758.0;855.0;719.0;739.0;696.0;751.0;842.0;1051.0;1000.0;792.0;733.0;858.0;715.0;726.0;858.0;27.0;717.0;803.0;730.0;779.0;752.0;858.0;637.0;634.0;702.0;714.0;953.0;750.0;858.0;842.0;632.0;615.0;743.0;712.0;680.0;721.0;758.0;858.0;855.0;783.0;637.0;745.0;759.0;587.0;787.0;699.0;724.0;831.0;733.0;794.0;722.0;858.0;780.0;784.0;719.0;747.0;747.0;746.0;752.0;595.0;1.0;686.0;1.0;747.0;719.0;783.0;728.0;716.0;722.0;693.0;733.0;794.0;697.0;858.0;711.0;749.0;724.0;671.0;719.0;741.0;706.0;697.0;855.0;792.0;752.0;707.0;723.0;783.0;1.0;719.0;638.0;731.0;738.0;842.0;858.0;786.0;733.0;685.0;719.0;700.0;758.0;722.0;727.0;736.0;749.0;727.0;751.0;622.0;715.0;724.0;679.0;719.0;724.0;740.0;723.0;585.0;719.0;730.0;577.0;736.0;583.0;1.0;753.0;718.0;0.0;736.0;724.0;758.0;842.0;1064.0;719.0;785.0;758.0;686.0;855.0;733.0;718.0;744.0;673.0;780.0;995.0;1.0;566.0;696.0;715.0;728.0;736.0;717.0;683.0;722.0;858.0;736.0;712.0;761.0;730.0;1043.0;723.0;783.0;634.0;717.0;650.0;720.0;716.0;738.0;693.0;791.0;640.0;710.0;715.0;733.0;656.0;679.0;752.0;717.0;758.0;1290.0
351;65.0;41.0;223.0;10.0;28.0;27.0;26.0;74.0;63.0;10.0;62.0;38.0;736.0;214.0;153.0;756.0;62.0;129.0;61.0;360.0;19.0;67.0;364.0;208.0;133.0;40.0;85.0;54.0;30.0;8.0;124.0;36.0;125.0;10.0;63.0;111.0;85.0;63.0;144.0;129.0;28.0;26.0;93.0;3.0;108.0;233.0;61.0;62.0;53.0;3.0;16.0;74.0;61.0;360.0;84.0;29.0;124.0;40.0;40.0;155.0;19.0;33.0;179.0;367.0;42.0;61.0;97.0;74.0;49.0;822.0;157.0;53.0;360.0;343.0;77.0;62.0;28.0;26.0;85.0;736.0;29.0;47.0;62.0;77.0;39.0;47.0;111.0;10.0;3.0;63.0;369.0;77.0;219.0;736.0;121.0;67.0;117.0;73.0;36.0;353.0;63.0;76.0;62.0;13.0;74.0;35.0;35.0;16.0;67.0;58.0;42.0;151.0;206.0;77.0;97.0;6.0;62.0;97.0;129.0;3.0;69.0;58.0;28.0;736.0;171.0;29.0;124.0;88.0;17.0;44.0;20.0;144.0;364.0;407.0;67.0;18.0;129.0;71.0;42.0;129.0;759.0;84.0;155.0;19.0;169.0;131.0;129.0;134.0;122.0;90.0;68.0;775.0;19.0;129.0;144.0;105.0;132.0;20.0;74.0;85.0;97.0;38.0;129.0;124.0;63.0;105.0;28.0;31.0;149.0;93.0;43.0;15.0;99.0;22.0;77.0;64.0;129.0;347.0;162.0;69.0;33.0;33.0;30.0;125.0;175.0;736.0;54.0;736.0;33.0;62.0;63.0;24.0;80.0;64.0;64.0;8.0;77.0;44.0;129.0;30.0;13.0;48.0;72.0;88.0;30.0;72.0;70.0;124.0;67.0;125.0;82.0;96.0;63.0;736.0;62.0;121.0;25.0;115.0;144.0;129.0;92.0;22.0;90.0;74.0;46.0;29.0;55.0;57.0;111.0;14.0;18.0;15.0;124.0;44.0;35.0;115.0;62.0;48.0;14.0;41.0;186.0;62.0;27.0;197.0;10.0;189.0;736.0;26.0;101.0;736.0;0.0;18.0;29.0;144.0;356.0;62.0;89.0;29.0;87.0;124.0;18.0;101.0;17.0;71.0;347.0;404.0;736.0;208.0;41.0;71.0;36.0;10.0;83.0;56.0;55.0;129.0;7.0;58.0;26.0;27.0;357.0;38.0;63.0;104.0;83.0;100.0;189.0;80.0;32.0;65.0;60.0;105.0;69.0;73.0;3.0;309.0;252.0;131.0;88.0;29.0;678.0
352;49.0;26.0;233.0;9.0;45.0;43.0;43.0;58.0;65.0;12.0;46.0;53.0;724.0;211.0;135.0;744.0;46.0;127.0;78.0;376.0;7.0;72.0;382.0;204.0;121.0;56.0;88.0;54.0;48.0;11.0;132.0;22.0;125.0;28.0;47.0;98.0;88.0;65.0;144.0;137.0;46.0;43.0;77.0;18.0;126.0;224.0;78.0;46.0;48.0;17.0;20.0;56.0;50.0;376.0;69.0;47.0;132.0;53.0;22.0;148.0;32.0;50.0;177.0;385.0;25.0;50.0;82.0;58.0;48.0;806.0;156.0;48.0;376.0;350.0;95.0;46.0;31.0;43.0;68.0;724.0;47.0;31.0;46.0;95.0;57.0;44.0;98.0;12.0;18.0;46.0;386.0;95.0;217.0;724.0;119.0;72.0;104.0;57.0;22.0;370.0;65.0;58.0;46.0;15.0;58.0;23.0;17.0;8.0;72.0;42.0;24.0;145.0;203.0;95.0;94.0;21.0;46.0;81.0;137.0;17.0;58.0;41.0;11.0;724.0;160.0;47.0;132.0;73.0;15.0;29.0;27.0;144.0;382.0;424.0;72.0;10.0;137.0;54.0;27.0;137.0;748.0;68.0;148.0;7.0;158.0;118.0;137.0;135.0;120.0;73.0;52.0;759.0;37.0;137.0;144.0;95.0;116.0;38.0;58.0;88.0;82.0;56.0;137.0;132.0;65.0;99.0;45.0;49.0;139.0;111.0;27.0;5.0;108.0;12.0;95.0;49.0;137.0;333.0;152.0;54.0;50.0;50.0;47.0;113.0;172.0;724.0;51.0;724.0;50.0;46.0;65.0;10.0;64.0;49.0;46.0;11.0;95.0;28.0;137.0;32.0;30.0;32.0;68.0;73.0;23.0;55.0;75.0;132.0;72.0;113.0;65.0;81.0;65.0;724.0;46.0;119.0;13.0;101.0;144.0;137.0;109.0;12.0;72.0;58.0;28.0;47.0;40.0;43.0;98.0;28.0;29.0;29.0;108.0;27.0;19.0;97.0;46.0;32.0;31.0;26.0;184.0;46.0;14.0;194.0;12.0;186.0;724.0;44.0;85.0;724.0;18.0;0.0;47.0;144.0;373.0;46.0;106.0;47.0;69.0;132.0;10.0;85.0;35.0;68.0;333.0;421.0;724.0;204.0;37.0;54.0;22.0;12.0;67.0;42.0;40.0;137.0;14.0;41.0;43.0;14.0;375.0;22.0;65.0;96.0;67.0;97.0;200.0;64.0;47.0;47.0;77.0;100.0;52.0;57.0;17.0;316.0;260.0;118.0;72.0;47.0;690.0
353;91.0;68.0;214.0;38.0;15.0;20.0;12.0;100.0;67.0;37.0;87.0;28.0;758.0;224.0;181.0;777.0;87.0;141.0;35.0;334.0;46.0;65.0;335.0;219.0;152.0;28.0;93.0;62.0;13.0;36.0;111.0;62.0;133.0;20.0;88.0;133.0;91.0;67.0;145.0;118.0;12.0;12.0;117.0;29.0;80.0;252.0;35.0;87.0;72.0;31.0;39.0;103.0;85.0;334.0;108.0;1.0;111.0;35.0;68.0;167.0;27.0;17.0;190.0;338.0;70.0;85.0;121.0;100.0;60.0;845.0;168.0;72.0;334.0;337.0;48.0;87.0;41.0;12.0;112.0;758.0;1.0;73.0;87.0;48.0;11.0;60.0;133.0;37.0;29.0;90.0;342.0;48.0;230.0;758.0;132.0;65.0;138.0;99.0;62.0;326.0;67.0;103.0;87.0;39.0;99.0;59.0;64.0;44.0;65.0;84.0;70.0;161.0;216.0;48.0;110.0;28.0;87.0;123.0;118.0;31.0;92.0;84.0;55.0;758.0;188.0;1.0;111.0;113.0;40.0;72.0;33.0;145.0;335.0;380.0;65.0;44.0;118.0;97.0;68.0;118.0;781.0;109.0;167.0;46.0;186.0;150.0;118.0;142.0;134.0;117.0;94.0;798.0;10.0;118.0;145.0;126.0;160.0;15.0;100.0;91.0;122.0;12.0;118.0;111.0;67.0;122.0;15.0;3.0;171.0;67.0;72.0;44.0;87.0;47.0;48.0;90.0;118.0;369.0;178.0;95.0;17.0;17.0;16.0;144.0;185.0;758.0;72.0;758.0;17.0;87.0;67.0;51.0;105.0;90.0;92.0;36.0;48.0;72.0;118.0;47.0;19.0;73.0;88.0;113.0;52.0;99.0;73.0;111.0;65.0;144.0;109.0;120.0;67.0;758.0;87.0;132.0;51.0;136.0;145.0;118.0;65.0;47.0;118.0;99.0;74.0;1.0;81.0;82.0;133.0;23.0;31.0;22.0;151.0;72.0;62.0;143.0;87.0;73.0;19.0;68.0;197.0;87.0;53.0;207.0;37.0;200.0;758.0;5.0;125.0;758.0;29.0;47.0;0.0;145.0;328.0;87.0;62.0;1.0;115.0;111.0;44.0;125.0;14.0;86.0;369.0;377.0;758.0;219.0;62.0;97.0;62.0;37.0;108.0;83.0;81.0;118.0;33.0;85.0;12.0;53.0;328.0;65.0;67.0;124.0;108.0;113.0;178.0;105.0;24.0;94.0;34.0;121.0;95.0;99.0;31.0;304.0;245.0;150.0;113.0;1.0;660.0
354;129.0;131.0;358.0;140.0;159.0;162.0;133.0;132.0;81.0;137.0;127.0;172.0;842.0;354.0;231.0;864.0;127.0;270.0;134.0;327.0;136.0;80.0;375.0;348.0;98.0;173.0;229.0;90.0;158.0;141.0;69.0;128.0;268.0;149.0;126.0;108.0;229.0;81.0;1.0;61.0;156.0;133.0;122.0;140.0;179.0;359.0;134.0;127.0;192.0;146.0;159.0;153.0;190.0;323.0;121.0;145.0;69.0;178.0;141.0;62.0;161.0;161.0;320.0;374.0;159.0;190.0;117.0;132.0;96.0;754.0;299.0;192.0;323.0;482.0;162.0;127.0;116.0;133.0;136.0;842.0;145.0;130.0;127.0;162.0;143.0;100.0;108.0;137.0;140.0;135.0;352.0;162.0;360.0;842.0;263.0;80.0;105.0;129.0;128.0;337.0;81.0;138.0;127.0;154.0;124.0;124.0;150.0;150.0;80.0;126.0;141.0;48.0;347.0;162.0;238.0;149.0;127.0;135.0;61.0;146.0;198.0;129.0;138.0;842.0;101.0;145.0;69.0;123.0;130.0;164.0;123.0;1.0;375.0;469.0;80.0;134.0;61.0;129.0;128.0;61.0;867.0;125.0;62.0;136.0;97.0;98.0;61.0;278.0;263.0;140.0;131.0;704.0;144.0;61.0;1.0;234.0;229.0;154.0;132.0;229.0;121.0;156.0;61.0;69.0;81.0;242.0;159.0;147.0;273.0;192.0;160.0;147.0;75.0;131.0;162.0;124.0;61.0;277.0;87.0;126.0;161.0;161.0;160.0;96.0;316.0;842.0;195.0;842.0;161.0;127.0;81.0;135.0;127.0;124.0;155.0;141.0;162.0;162.0;61.0;173.0;137.0;127.0;212.0;123.0;121.0;138.0;213.0;69.0;80.0;96.0;135.0;119.0;81.0;842.0;127.0;263.0;131.0;107.0;1.0;61.0;190.0;131.0;157.0;124.0;157.0;145.0;126.0;120.0;108.0;132.0;161.0;132.0;223.0;137.0;133.0;163.0;127.0;127.0;151.0;131.0;327.0;127.0;131.0;338.0;137.0;330.0;842.0;148.0;125.0;842.0;144.0;144.0;145.0;0.0;346.0;127.0;188.0;145.0;157.0;69.0;134.0;125.0;150.0;212.0;277.0;467.0;842.0;348.0;181.0;129.0;128.0;137.0;125.0;177.0;126.0;61.0;139.0;135.0;133.0;131.0;369.0;132.0;81.0;237.0;125.0;241.0;321.0;127.0;167.0;155.0;136.0;244.0;135.0;129.0;146.0;449.0;390.0;98.0;125.0;145.0;612.0
355;407.0;388.0;385.0;364.0;337.0;341.0;330.0;416.0;342.0;362.0;403.0;339.0;1064.0;501.0;509.0;1080.0;403.0;438.0;296.0;57.0;371.0;330.0;55.0;498.0;430.0;336.0;391.0;351.0;333.0;363.0;283.0;382.0;420.0;348.0;403.0;426.0;388.0;342.0;346.0;289.0;334.0;330.0;423.0;356.0;253.0;559.0;296.0;403.0;395.0;358.0;366.0;425.0;411.0;67.0;416.0;328.0;283.0;345.0;392.0;408.0;353.0;333.0;472.0;49.0;398.0;411.0;423.0;416.0;356.0;1091.0;453.0;395.0;67.0;488.0;283.0;403.0;352.0;330.0;426.0;1064.0;328.0;392.0;403.0;283.0;317.0;360.0;426.0;362.0;356.0;409.0;21.0;283.0;505.0;1064.0;427.0;330.0;427.0;413.0;382.0;15.0;342.0;420.0;403.0;367.0;411.0;376.0;390.0;372.0;330.0;399.0;393.0;393.0;493.0;283.0;417.0;356.0;403.0;435.0;289.0;358.0;417.0;401.0;380.0;1064.0;445.0;328.0;283.0;421.0;362.0;400.0;350.0;346.0;55.0;220.0;330.0;368.0;289.0;411.0;386.0;289.0;1085.0;419.0;408.0;371.0;442.0;429.0;289.0;427.0;432.0;432.0;410.0;1040.0;338.0;289.0;346.0;446.0;488.0;342.0;416.0;388.0;426.0;323.0;289.0;283.0;342.0;435.0;337.0;326.0;489.0;281.0;399.0;371.0;295.0;369.0;283.0;403.0;289.0;621.0;431.0;408.0;333.0;333.0;335.0;425.0;469.0;1064.0;393.0;1064.0;333.0;403.0;342.0;374.0;417.0;403.0;417.0;363.0;283.0;400.0;289.0;371.0;344.0;391.0;404.0;421.0;368.0;417.0;373.0;283.0;330.0;425.0;424.0;423.0;342.0;1064.0;403.0;427.0;373.0;427.0;346.0;289.0;282.0;369.0;440.0;411.0;401.0;328.0;397.0;395.0;426.0;346.0;358.0;344.0;479.0;394.0;384.0;461.0;403.0;391.0;347.0;388.0;479.0;403.0;375.0;487.0;362.0;481.0;1064.0;332.0;431.0;1064.0;356.0;373.0;328.0;346.0;0.0;403.0;284.0;328.0;437.0;283.0;368.0;431.0;342.0;401.0;621.0;222.0;1064.0;498.0;387.0;411.0;382.0;362.0;418.0;411.0;397.0;289.0;359.0;404.0;330.0;375.0;57.0;386.0;342.0;442.0;418.0;419.0;355.0;417.0;341.0;419.0;296.0;431.0;413.0;413.0;358.0;468.0;417.0;429.0;422.0;328.0;426.0
356;4.0;20.0;275.0;51.0;89.0;88.0;80.0;13.0;67.0;52.0;1.0;99.0;719.0;235.0;113.0;740.0;1.0;154.0;111.0;401.0;42.0;78.0;416.0;228.0;79.0;101.0;125.0;55.0;92.0;53.0;139.0;25.0;158.0;72.0;2.0;54.0;126.0;67.0;127.0;140.0;90.0;80.0;32.0;60.0;165.0;232.0;111.0;1.0;80.0;61.0;65.0;27.0;70.0;400.0;23.0;87.0;139.0;99.0;26.0;114.0;77.0;94.0;202.0;418.0;41.0;70.0;37.0;13.0;49.0;760.0;183.0;80.0;400.0;389.0;134.0;1.0;52.0;80.0;24.0;719.0;87.0;15.0;1.0;134.0;96.0;44.0;54.0;52.0;60.0;8.0;414.0;134.0;240.0;719.0;149.0;78.0;61.0;11.0;25.0;398.0;67.0;17.0;1.0;60.0;12.0;29.0;36.0;52.0;78.0;4.0;24.0;115.0;228.0;134.0;124.0;66.0;1.0;36.0;140.0;61.0;77.0;4.0;35.0;719.0;119.0;87.0;139.0;27.0;48.0;45.0;56.0;127.0;416.0;467.0;78.0;44.0;140.0;9.0;20.0;140.0;743.0;22.0;114.0;42.0;118.0;76.0;140.0;166.0;148.0;30.0;7.0;714.0;78.0;140.0;127.0;110.0;104.0;82.0;13.0;126.0;37.0;98.0;140.0;139.0;67.0;122.0;89.0;90.0;146.0;154.0;41.0;50.0;118.0;40.0;134.0;5.0;140.0;287.0;113.0;8.0;94.0;94.0;91.0;71.0;198.0;719.0;85.0;719.0;94.0;1.0;67.0;38.0;18.0;5.0;28.0;53.0;134.0;43.0;140.0;75.0;69.0;14.0;99.0;27.0;37.0;15.0;116.0;139.0;78.0;71.0;22.0;36.0;67.0;719.0;1.0;149.0;37.0;58.0;127.0;140.0;152.0;40.0;37.0;12.0;36.0;87.0;7.0;9.0;54.0;65.0;74.0;66.0;97.0;20.0;26.0;58.0;1.0;14.0;75.0;20.0;209.0;1.0;35.0;219.0;52.0;211.0;719.0;86.0;40.0;719.0;62.0;46.0;87.0;127.0;403.0;0.0;149.0;87.0;35.0;139.0;44.0;40.0;78.0;100.0;287.0;464.0;719.0;228.0;73.0;9.0;25.0;52.0;21.0;54.0;7.0;140.0;55.0;9.0;80.0;35.0;409.0;24.0;67.0;114.0;21.0;126.0;244.0;18.0;93.0;28.0;112.0;125.0;10.0;11.0;61.0;355.0;301.0;76.0;27.0;87.0;702.0
357;153.0;129.0;177.0;99.0;62.0;65.0;72.0;162.0;120.0;98.0;149.0;58.0;785.0;231.0;235.0;803.0;149.0;158.0;54.0;298.0;107.0;113.0;284.0;227.0;213.0;55.0;108.0;119.0;59.0;97.0;134.0;124.0;142.0;78.0;150.0;195.0;106.0;120.0;188.0;144.0;60.0;72.0;179.0;90.0;34.0;277.0;54.0;149.0;113.0;90.0;92.0;163.0;132.0;300.0;170.0;62.0;134.0;63.0;128.0;222.0;77.0;57.0;198.0;288.0;126.0;132.0;183.0;162.0;119.0;906.0;177.0;113.0;300.0;305.0;26.0;149.0;102.0;72.0;173.0;785.0;62.0;135.0;149.0;26.0;55.0;120.0;195.0;98.0;90.0;152.0;300.0;26.0;236.0;785.0;147.0;113.0;200.0;161.0;124.0;284.0;120.0;164.0;149.0;95.0;161.0;121.0;122.0;102.0;113.0;146.0;130.0;213.0;223.0;26.0;133.0;86.0;149.0;185.0;144.0;90.0;136.0;145.0;116.0;785.0;246.0;62.0;134.0;175.0;102.0;128.0;95.0;188.0;284.0;318.0;113.0;106.0;144.0;158.0;130.0;144.0;807.0;171.0;222.0;107.0;244.0;210.0;144.0;150.0;151.0;179.0;156.0;859.0;71.0;144.0;188.0;162.0;210.0;69.0;162.0;106.0;184.0;51.0;144.0;134.0;120.0;151.0;62.0;60.0;205.0;5.0;128.0;103.0;115.0;109.0;26.0;152.0;144.0;429.0;235.0;157.0;57.0;57.0;60.0;205.0;195.0;785.0;110.0;785.0;57.0;149.0;120.0;112.0;167.0;152.0;151.0;97.0;26.0;128.0;144.0;92.0;81.0;135.0;121.0;175.0;114.0;161.0;89.0;134.0;113.0;205.0;170.0;182.0;120.0;785.0;149.0;147.0;113.0;198.0;188.0;144.0;3.0;109.0;178.0;161.0;132.0;62.0;143.0;144.0;195.0;85.0;82.0;84.0;201.0;133.0;123.0;203.0;149.0;135.0;75.0;129.0;205.0;149.0;115.0;215.0;98.0;208.0;785.0;64.0;187.0;785.0;89.0;106.0;62.0;188.0;284.0;149.0;0.0;62.0;175.0;134.0;106.0;187.0;72.0;117.0;429.0;315.0;785.0;227.0;107.0;158.0;124.0;98.0;170.0;135.0;143.0;144.0;94.0;146.0;72.0;115.0;277.0;126.0;120.0;158.0;170.0;136.0;139.0;167.0;62.0;153.0;52.0;147.0;157.0;161.0;90.0;273.0;212.0;210.0;175.0;62.0;642.0
358;91.0;68.0;214.0;38.0;15.0;20.0;12.0;100.0;67.0;37.0;87.0;28.0;758.0;224.0;181.0;777.0;87.0;141.0;35.0;334.0;46.0;65.0;335.0;219.0;152.0;28.0;93.0;62.0;13.0;36.0;111.0;62.0;133.0;20.0;88.0;133.0;91.0;67.0;145.0;118.0;12.0;12.0;117.0;29.0;80.0;252.0;35.0;87.0;72.0;31.0;39.0;103.0;85.0;334.0;108.0;1.0;111.0;35.0;68.0;167.0;27.0;17.0;190.0;338.0;70.0;85.0;121.0;100.0;60.0;845.0;168.0;72.0;334.0;337.0;48.0;87.0;41.0;12.0;112.0;758.0;1.0;73.0;87.0;48.0;11.0;60.0;133.0;37.0;29.0;90.0;342.0;48.0;230.0;758.0;132.0;65.0;138.0;99.0;62.0;326.0;67.0;103.0;87.0;39.0;99.0;59.0;64.0;44.0;65.0;84.0;70.0;161.0;216.0;48.0;110.0;28.0;87.0;123.0;118.0;31.0;92.0;84.0;55.0;758.0;188.0;1.0;111.0;113.0;40.0;72.0;33.0;145.0;335.0;380.0;65.0;44.0;118.0;97.0;68.0;118.0;781.0;109.0;167.0;46.0;186.0;150.0;118.0;142.0;134.0;117.0;94.0;798.0;10.0;118.0;145.0;126.0;160.0;15.0;100.0;91.0;122.0;12.0;118.0;111.0;67.0;122.0;15.0;3.0;171.0;67.0;72.0;44.0;87.0;47.0;48.0;90.0;118.0;369.0;178.0;95.0;17.0;17.0;16.0;144.0;185.0;758.0;72.0;758.0;17.0;87.0;67.0;51.0;105.0;90.0;92.0;36.0;48.0;72.0;118.0;47.0;19.0;73.0;88.0;113.0;52.0;99.0;73.0;111.0;65.0;144.0;109.0;120.0;67.0;758.0;87.0;132.0;51.0;136.0;145.0;118.0;65.0;47.0;118.0;99.0;74.0;1.0;81.0;82.0;133.0;23.0;31.0;22.0;151.0;72.0;62.0;143.0;87.0;73.0;19.0;68.0;197.0;87.0;53.0;207.0;37.0;200.0;758.0;5.0;125.0;758.0;29.0;47.0;1.0;145.0;328.0;87.0;62.0;0.0;115.0;111.0;44.0;125.0;14.0;86.0;369.0;377.0;758.0;219.0;62.0;97.0;62.0;37.0;108.0;83.0;81.0;118.0;33.0;85.0;12.0;53.0;328.0;65.0;67.0;124.0;108.0;113.0;178.0;105.0;24.0;94.0;34.0;121.0;95.0;99.0;31.0;304.0;245.0;150.0;113.0;1.0;660.0
359;32.0;50.0;282.0;77.0;114.0;111.0;110.0;26.0;102.0;79.0;35.0;120.0;686.0;221.0;78.0;708.0;35.0;146.0;143.0;436.0;69.0;113.0;449.0;214.0;87.0;123.0;128.0;90.0;117.0;79.0;174.0;56.0;155.0;97.0;36.0;62.0;130.0;102.0;157.0;175.0;115.0;110.0;38.0;86.0;195.0;207.0;143.0;35.0;85.0;86.0;85.0;13.0;68.0;435.0;36.0;115.0;174.0;118.0;47.0;131.0;99.0;118.0;191.0;451.0;51.0;68.0;44.0;26.0;84.0;743.0;174.0;85.0;435.0;389.0;164.0;35.0;85.0;110.0;21.0;686.0;115.0;45.0;35.0;164.0;125.0;79.0;62.0;79.0;86.0;29.0;449.0;164.0;226.0;686.0;143.0;113.0;68.0;29.0;56.0;433.0;102.0;20.0;35.0;81.0;33.0;61.0;53.0;73.0;113.0;39.0;46.0;136.0;215.0;164.0;120.0;90.0;35.0;28.0;175.0;86.0;72.0;37.0;60.0;686.0;126.0;115.0;174.0;35.0;77.0;52.0;88.0;157.0;449.0;493.0;113.0;71.0;175.0;30.0;51.0;175.0;711.0;32.0;131.0;69.0;126.0;85.0;175.0;162.0;141.0;19.0;29.0;698.0;105.0;175.0;157.0;96.0;73.0;107.0;26.0;130.0;41.0;125.0;175.0;174.0;102.0;113.0;114.0;118.0;124.0;180.0;50.0;73.0;153.0;69.0;164.0;37.0;175.0;277.0;124.0;33.0;118.0;118.0;116.0;81.0;187.0;686.0;90.0;686.0;118.0;35.0;102.0;65.0;30.0;37.0;25.0;79.0;164.0;51.0;175.0;90.0;97.0;46.0;99.0;35.0;69.0;21.0;126.0;174.0;113.0;81.0;21.0;43.0;102.0;686.0;35.0;143.0;65.0;65.0;157.0;175.0;178.0;69.0;3.0;33.0;45.0;115.0;41.0;44.0;62.0;94.0;95.0;95.0;66.0;44.0;54.0;29.0;35.0;46.0;100.0;50.0;197.0;35.0;63.0;206.0;79.0;199.0;686.0;113.0;40.0;686.0;87.0;69.0;115.0;157.0;437.0;35.0;175.0;115.0;0.0;174.0;71.0;40.0;104.0;101.0;277.0;490.0;686.0;214.0;81.0;30.0;56.0;79.0;31.0;53.0;41.0;175.0;82.0;33.0;110.0;63.0;442.0;52.0;102.0;102.0;31.0;122.0;254.0;30.0;115.0;23.0;143.0;117.0;25.0;29.0;86.0;355.0;305.0;85.0;34.0;115.0;732.0
360;142.0;132.0;311.0;125.0;126.0;131.0;103.0;149.0;73.0;121.0;139.0;139.0;855.0;335.0;252.0;875.0;139.0;251.0;86.0;271.0;126.0;63.0;308.0;329.0;147.0;138.0;204.0;85.0;124.0;125.0;1.0;127.0;244.0;124.0;139.0;146.0;203.0;73.0;69.0;10.0;123.0;103.0;149.0;121.0;118.0;356.0;86.0;139.0;177.0;126.0;140.0;166.0;182.0;268.0;144.0;111.0;1.0;146.0;141.0;126.0;135.0;127.0;300.0;309.0;155.0;182.0;148.0;149.0;92.0;822.0;279.0;177.0;268.0;438.0;109.0;139.0;102.0;103.0;157.0;855.0;111.0;134.0;139.0;109.0;104.0;97.0;146.0;121.0;121.0;146.0;291.0;109.0;341.0;855.0;242.0;63.0;146.0;146.0;127.0;276.0;73.0;155.0;139.0;137.0;142.0;121.0;145.0;136.0;63.0;136.0;141.0;113.0;327.0;109.0;219.0;128.0;139.0;162.0;10.0;126.0;190.0;139.0;132.0;855.0;163.0;111.0;1.0;148.0;117.0;159.0;106.0;69.0;308.0;400.0;63.0;123.0;10.0;145.0;129.0;10.0;879.0;148.0;126.0;126.0;160.0;146.0;10.0;253.0;244.0;163.0;145.0;773.0;115.0;10.0;69.0;228.0;241.0;125.0;149.0;203.0;151.0;118.0;10.0;1.0;73.0;229.0;126.0;112.0;271.0;138.0;156.0;133.0;25.0;122.0;109.0;137.0;10.0;345.0;149.0;141.0;127.0;127.0;127.0;143.0;296.0;855.0;178.0;855.0;127.0;139.0;73.0;127.0;147.0;137.0;163.0;125.0;109.0;158.0;10.0;153.0;112.0;132.0;195.0;148.0;114.0;153.0;185.0;1.0;63.0;143.0;156.0;148.0;73.0;855.0;139.0;242.0;124.0;147.0;69.0;10.0;137.0;122.0;176.0;142.0;155.0;111.0;135.0;130.0;146.0;110.0;138.0;109.0;233.0;140.0;131.0;191.0;139.0;132.0;125.0;132.0;308.0;139.0;125.0;318.0;121.0;311.0;855.0;116.0;155.0;855.0;124.0;132.0;111.0;69.0;283.0;139.0;134.0;111.0;174.0;0.0;123.0;155.0;122.0;194.0;345.0;398.0;855.0;329.0;165.0;145.0;127.0;121.0;148.0;173.0;135.0;10.0;121.0;144.0;103.0;125.0;303.0;132.0;73.0;228.0;148.0;222.0;273.0;147.0;136.0;163.0;89.0;229.0;149.0;146.0;126.0;406.0;345.0;146.0;149.0;111.0;582.0
361;47.0;23.0;239.0;8.0;46.0;45.0;38.0;56.0;56.0;8.0;44.0;56.0;733.0;220.0;141.0;753.0;44.0;136.0;73.0;370.0;3.0;62.0;378.0;214.0;115.0;58.0;96.0;44.0;48.0;10.0;123.0;18.0;134.0;29.0;45.0;93.0;97.0;56.0;134.0;127.0;46.0;38.0;74.0;16.0;124.0;233.0;73.0;44.0;58.0;18.0;27.0;59.0;59.0;370.0;66.0;44.0;123.0;57.0;24.0;140.0;36.0;51.0;186.0;380.0;33.0;59.0;79.0;56.0;38.0;803.0;165.0;58.0;370.0;358.0;92.0;44.0;21.0;38.0;68.0;733.0;44.0;29.0;44.0;92.0;54.0;34.0;93.0;8.0;16.0;46.0;380.0;92.0;226.0;733.0;129.0;62.0;99.0;55.0;18.0;364.0;56.0;58.0;44.0;21.0;55.0;16.0;24.0;16.0;62.0;40.0;26.0;137.0;213.0;92.0;104.0;23.0;44.0;79.0;127.0;18.0;68.0;40.0;12.0;733.0;154.0;44.0;123.0;70.0;7.0;37.0;19.0;134.0;378.0;424.0;62.0;1.0;127.0;53.0;24.0;127.0;756.0;66.0;140.0;3.0;152.0;113.0;127.0;144.0;129.0;73.0;50.0;757.0;35.0;127.0;134.0;105.0;123.0;39.0;56.0;97.0;79.0;55.0;127.0;123.0;56.0;109.0;46.0;47.0;148.0;111.0;34.0;13.0;98.0;4.0;92.0;46.0;127.0;329.0;146.0;51.0;51.0;51.0;48.0;107.0;182.0;733.0;61.0;733.0;51.0;44.0;56.0;6.0;61.0;46.0;50.0;10.0;92.0;36.0;127.0;40.0;26.0;29.0;78.0;70.0;14.0;55.0;83.0;123.0;62.0;107.0;65.0;78.0;56.0;733.0;44.0;129.0;7.0;97.0;134.0;127.0;109.0;4.0;74.0;55.0;35.0;44.0;37.0;39.0;93.0;23.0;33.0;24.0;115.0;28.0;18.0;98.0;44.0;29.0;32.0;23.0;193.0;44.0;9.0;204.0;8.0;196.0;733.0;42.0;83.0;733.0;18.0;10.0;44.0;134.0;368.0;44.0;106.0;44.0;71.0;123.0;0.0;83.0;35.0;78.0;329.0;421.0;733.0;214.0;46.0;53.0;18.0;8.0;64.0;50.0;37.0;127.0;12.0;40.0;38.0;9.0;371.0;20.0;56.0;106.0;64.0;107.0;206.0;61.0;50.0;51.0;72.0;110.0;51.0;55.0;18.0;324.0;267.0;113.0;70.0;44.0;684.0
362;36.0;60.0;313.0;91.0;129.0;127.0;116.0;29.0;89.0;91.0;40.0;138.0;718.0;261.0;107.0;740.0;40.0;184.0;145.0;424.0;82.0;101.0;447.0;254.0;47.0;141.0;161.0;80.0;131.0;93.0;155.0;64.0;191.0;111.0;38.0;22.0;162.0;89.0;125.0;154.0;129.0;116.0;8.0;99.0;201.0;246.0;145.0;40.0;116.0;100.0;105.0;45.0;102.0;422.0;17.0;125.0;155.0;138.0;65.0;92.0;117.0;133.0;230.0;449.0;78.0;102.0;8.0;29.0;76.0;721.0;213.0;116.0;422.0;425.0;171.0;40.0;86.0;116.0;21.0;718.0;125.0;54.0;40.0;171.0;133.0;73.0;22.0;91.0;99.0;40.0;441.0;171.0;266.0;718.0;181.0;101.0;28.0;29.0;64.0;425.0;89.0;31.0;40.0;100.0;27.0;67.0;74.0;92.0;101.0;43.0;63.0;98.0;255.0;171.0;156.0;105.0;40.0;12.0;154.0;100.0;108.0;44.0;75.0;718.0;86.0;125.0;155.0;12.0;86.0;80.0;93.0;125.0;447.0;505.0;101.0;83.0;154.0;31.0;59.0;154.0;743.0;17.0;92.0;82.0;86.0;45.0;154.0;199.0;179.0;21.0;34.0;674.0;117.0;154.0;125.0;136.0;110.0;121.0;29.0;162.0;5.0;137.0;154.0;155.0;89.0;151.0;129.0;128.0;164.0;192.0;77.0;90.0;138.0;79.0;171.0;36.0;154.0;248.0;84.0;32.0;133.0;133.0;130.0;41.0;226.0;718.0;121.0;718.0;133.0;40.0;89.0;77.0;22.0;36.0;55.0;93.0;171.0;79.0;154.0;114.0;107.0;53.0;133.0;12.0;74.0;34.0;154.0;155.0;101.0;41.0;24.0;7.0;89.0;718.0;40.0;181.0;75.0;25.0;125.0;154.0;190.0;79.0;39.0;27.0;72.0;125.0;46.0;44.0;22.0;102.0;114.0;103.0;104.0;59.0;66.0;39.0;40.0;53.0;115.0;60.0;236.0;40.0;74.0;246.0;91.0;239.0;718.0;124.0;1.0;718.0;101.0;85.0;125.0;125.0;431.0;40.0;187.0;125.0;40.0;155.0;83.0;0.0;117.0;135.0;248.0;502.0;718.0;254.0;110.0;31.0;64.0;91.0;18.0;87.0;46.0;154.0;94.0;46.0;116.0;74.0;440.0;63.0;89.0;141.0;18.0;158.0;283.0;22.0;132.0;54.0;146.0;155.0;36.0;29.0;100.0;391.0;338.0;45.0;13.0;125.0;708.0
363;82.0;58.0;212.0;27.0;11.0;12.0;19.0;91.0;70.0;27.0;78.0;24.0;744.0;214.0;167.0;763.0;78.0;130.0;49.0;348.0;36.0;70.0;349.0;208.0;148.0;25.0;82.0;63.0;13.0;25.0;122.0;53.0;122.0;7.0;80.0;127.0;81.0;70.0;150.0;128.0;11.0;19.0;109.0;19.0;92.0;239.0;49.0;78.0;59.0;18.0;24.0;91.0;71.0;349.0;100.0;14.0;122.0;28.0;57.0;167.0;14.0;16.0;179.0;352.0;57.0;71.0;113.0;91.0;59.0;838.0;157.0;59.0;349.0;334.0;61.0;78.0;38.0;19.0;102.0;744.0;14.0;64.0;78.0;61.0;25.0;58.0;127.0;27.0;19.0;80.0;356.0;61.0;219.0;744.0;120.0;70.0;133.0;90.0;53.0;340.0;70.0;93.0;78.0;25.0;90.0;51.0;51.0;31.0;70.0;75.0;59.0;162.0;206.0;61.0;98.0;15.0;78.0;114.0;128.0;18.0;78.0;74.0;45.0;744.0;185.0;14.0;122.0;105.0;32.0;59.0;30.0;150.0;349.0;390.0;70.0;35.0;128.0;87.0;59.0;128.0;767.0;100.0;167.0;36.0;183.0;145.0;128.0;132.0;122.0;107.0;85.0;791.0;6.0;128.0;150.0;112.0;146.0;5.0;91.0;81.0;114.0;21.0;128.0;122.0;70.0;109.0;11.0;16.0;157.0;76.0;58.0;31.0;97.0;38.0;61.0;81.0;128.0;363.0;176.0;86.0;16.0;16.0;13.0;140.0;174.0;744.0;59.0;744.0;16.0;78.0;70.0;41.0;96.0;81.0;80.0;25.0;61.0;59.0;128.0;33.0;14.0;64.0;75.0;105.0;45.0;89.0;64.0;122.0;70.0;140.0;99.0;112.0;70.0;744.0;78.0;120.0;42.0;131.0;150.0;128.0;75.0;38.0;107.0;90.0;61.0;14.0;72.0;74.0;127.0;19.0;17.0;19.0;137.0;61.0;52.0;132.0;78.0;64.0;5.0;58.0;186.0;78.0;44.0;197.0;27.0;189.0;744.0;10.0;117.0;744.0;17.0;35.0;14.0;150.0;342.0;78.0;72.0;14.0;104.0;122.0;35.0;117.0;0.0;73.0;363.0;387.0;744.0;208.0;48.0;87.0;53.0;27.0;99.0;69.0;72.0;128.0;23.0;75.0;19.0;44.0;341.0;55.0;70.0;110.0;99.0;101.0;177.0;96.0;18.0;82.0;48.0;108.0;85.0;90.0;18.0;300.0;242.0;145.0;105.0;14.0;672.0
364;102.0;86.0;181.0;73.0;72.0;67.0;92.0;107.0;133.0;76.0;100.0;65.0;673.0;143.0;130.0;692.0;100.0;58.0;120.0;413.0;76.0;137.0;401.0;137.0;179.0;68.0;27.0;122.0;76.0;72.0;194.0;86.0;58.0;71.0;102.0;153.0;30.0;133.0;212.0;200.0;76.0;92.0;129.0;74.0;149.0;166.0;120.0;100.0;21.0;69.0;55.0;92.0;34.0;414.0;122.0;86.0;194.0;58.0;76.0;212.0;60.0;74.0;108.0;405.0;59.0;34.0;135.0;107.0;116.0;841.0;87.0;21.0;414.0;290.0;121.0;100.0;97.0;92.0;114.0;673.0;86.0;89.0;100.0;121.0;96.0;112.0;153.0;76.0;74.0;96.0;417.0;121.0;149.0;673.0;51.0;137.0;160.0;108.0;86.0;401.0;133.0;104.0;100.0;59.0;111.0;90.0;66.0;62.0;137.0;99.0;78.0;211.0;135.0;121.0;26.0;67.0;100.0;126.0;200.0;69.0;31.0;97.0;75.0;673.0;219.0;86.0;194.0;124.0;82.0;56.0;91.0;212.0;401.0;416.0;137.0;78.0;200.0;106.0;89.0;200.0;696.0;119.0;212.0;76.0;218.0;176.0;200.0;67.0;51.0;116.0;103.0;796.0;80.0;200.0;212.0;45.0;100.0;71.0;107.0;30.0;134.0;85.0;200.0;194.0;133.0;36.0;72.0;87.0;88.0;120.0;60.0;65.0;169.0;81.0;121.0;105.0;200.0;378.0;213.0;107.0;74.0;74.0;73.0;171.0;104.0;673.0;17.0;673.0;74.0;100.0;133.0;78.0;115.0;105.0;80.0;72.0;121.0;57.0;200.0;42.0;82.0;92.0;4.0;124.0;92.0;101.0;33.0;194.0;137.0;171.0;111.0;134.0;133.0;673.0;100.0;51.0;81.0;157.0;212.0;200.0;119.0;81.0;104.0;111.0;64.0;86.0;97.0;102.0;153.0;84.0;57.0;86.0;93.0;82.0;82.0;128.0;100.0;92.0;70.0;86.0;116.0;100.0;81.0;126.0;76.0;118.0;673.0;81.0;135.0;673.0;71.0;68.0;86.0;212.0;401.0;100.0;117.0;86.0;101.0;194.0;78.0;135.0;73.0;0.0;378.0;412.0;673.0;137.0;31.0;106.0;86.0;76.0;118.0;49.0;97.0;200.0;75.0;92.0;92.0;81.0;393.0;84.0;133.0;41.0;118.0;29.0;155.0;115.0;65.0;81.0;118.0;35.0;100.0;108.0;69.0;256.0;203.0;176.0;123.0;86.0;732.0
365;284.0;307.0;559.0;337.0;375.0;374.0;358.0;276.0;313.0;337.0;287.0;385.0;780.0;478.0;282.0;806.0;287.0;417.0;380.0;597.0;329.0;322.0;652.0;471.0;217.0;388.0;405.0;311.0;376.0;339.0;345.0;311.0;429.0;357.0;286.0;236.0;407.0;313.0;277.0;337.0;374.0;358.0;256.0;345.0;435.0;431.0;380.0;287.0;361.0;347.0;353.0;287.0;344.0;592.0;264.0;369.0;345.0;386.0;313.0;219.0;364.0;379.0;455.0;651.0;325.0;344.0;251.0;276.0;310.0;479.0;442.0;361.0;592.0;663.0;409.0;287.0;328.0;358.0;267.0;780.0;369.0;302.0;287.0;409.0;374.0;309.0;236.0;337.0;345.0;288.0;625.0;409.0;483.0;780.0;417.0;322.0;230.0;277.0;311.0;612.0;313.0;278.0;287.0;347.0;275.0;313.0;322.0;340.0;322.0;291.0;311.0;232.0;474.0;409.0;395.0;352.0;287.0;255.0;337.0;347.0;348.0;292.0;322.0;780.0;186.0;369.0;345.0;260.0;331.0;327.0;336.0;277.0;652.0;739.0;322.0;329.0;337.0;279.0;306.0;337.0;807.0;265.0;219.0;329.0;189.0;219.0;337.0;435.0;413.0;264.0;282.0;431.0;361.0;337.0;277.0;364.0;309.0;367.0;276.0;407.0;251.0;381.0;337.0;345.0;313.0;384.0;375.0;371.0;372.0;434.0;324.0;337.0;343.0;325.0;409.0;284.0;337.0;1.0;199.0;280.0;379.0;379.0;376.0;225.0;452.0;780.0;366.0;780.0;379.0;287.0;313.0;324.0;270.0;284.0;300.0;339.0;409.0;325.0;337.0;362.0;351.0;301.0;375.0;260.0;318.0;281.0;401.0;345.0;322.0;225.0;270.0;252.0;313.0;780.0;287.0;417.0;322.0;233.0;277.0;337.0;432.0;325.0;274.0;275.0;319.0;369.0;293.0;290.0;236.0;346.0;361.0;347.0;310.0;307.0;313.0;251.0;287.0;301.0;361.0;307.0;459.0;287.0;321.0;467.0;337.0;461.0;780.0;368.0;248.0;780.0;347.0;333.0;369.0;277.0;621.0;287.0;429.0;369.0;277.0;345.0;329.0;248.0;363.0;378.0;0.0;736.0;780.0;471.0;357.0;279.0;311.0;337.0;267.0;330.0;293.0;337.0;340.0;294.0;358.0;321.0;646.0;311.0;313.0;371.0;267.0;396.0;530.0;270.0;379.0;298.0;381.0;390.0;283.0;277.0;347.0;630.0;581.0;219.0;261.0;369.0;786.0
366;468.0;444.0;298.0;414.0;376.0;379.0;385.0;477.0;424.0;413.0;464.0;370.0;995.0;450.0;541.0;1007.0;464.0;421.0;358.0;279.0;422.0;415.0;167.0;450.0;522.0;367.0;390.0;428.0;373.0;412.0;398.0;439.0;399.0;393.0;465.0;507.0;387.0;424.0;467.0;407.0;375.0;385.0;494.0;405.0;303.0;528.0;358.0;464.0;417.0;405.0;405.0;477.0;437.0;288.0;485.0;377.0;398.0;372.0;443.0;519.0;391.0;372.0;433.0;175.0;440.0;437.0;496.0;477.0;429.0;1216.0;421.0;417.0;288.0;350.0;331.0;464.0;415.0;385.0;488.0;995.0;377.0;450.0;464.0;331.0;369.0;432.0;507.0;413.0;405.0;467.0;239.0;331.0;452.0;995.0;412.0;415.0;511.0;476.0;439.0;237.0;424.0;479.0;464.0;409.0;476.0;435.0;437.0;416.0;415.0;461.0;445.0;507.0;443.0;331.0;414.0;400.0;464.0;500.0;407.0;405.0;440.0;460.0;431.0;995.0;550.0;377.0;398.0;490.0;417.0;440.0;409.0;467.0;167.0;5.0;415.0;421.0;407.0;473.0;445.0;407.0;1012.0;486.0;519.0;422.0;547.0;520.0;407.0;402.0;418.0;494.0;471.0;1167.0;386.0;407.0;467.0;453.0;512.0;383.0;477.0;387.0;498.0;366.0;407.0;398.0;424.0;434.0;376.0;374.0;486.0;310.0;441.0;417.0;395.0;424.0;331.0;466.0;407.0;736.0;538.0;472.0;372.0;372.0;374.0;514.0;431.0;995.0;413.0;995.0;372.0;464.0;424.0;427.0;482.0;466.0;465.0;412.0;331.0;441.0;407.0;402.0;395.0;450.0;416.0;490.0;428.0;476.0;380.0;398.0;415.0;514.0;485.0;496.0;424.0;995.0;464.0;412.0;428.0;510.0;467.0;407.0;312.0;424.0;493.0;476.0;445.0;377.0;458.0;458.0;507.0;400.0;395.0;399.0;505.0;448.0;439.0;518.0;464.0;450.0;390.0;444.0;437.0;464.0;430.0;441.0;413.0;438.0;995.0;379.0;502.0;995.0;404.0;421.0;377.0;467.0;222.0;464.0;315.0;377.0;490.0;398.0;421.0;502.0;387.0;412.0;736.0;0.0;995.0;450.0;415.0;473.0;439.0;413.0;485.0;445.0;458.0;407.0;409.0;461.0;385.0;430.0;164.0;441.0;424.0;447.0;485.0;416.0;289.0;482.0;375.0;467.0;357.0;429.0;472.0;476.0;405.0;344.0;316.0;520.0;489.0;377.0;570.0
367;716.0;723.0;701.0;732.0;745.0;740.0;761.0;712.0;783.0;736.0;719.0;738.0;1.0;563.0;611.0;27.0;719.0;628.0;793.0;1083.0;730.0;792.0;1051.0;566.0;754.0;741.0;677.0;770.0;749.0;733.0;855.0;728.0;645.0;740.0;720.0;736.0;680.0;783.0;842.0;858.0;748.0;761.0;720.0;738.0;819.0;508.0;793.0;719.0;686.0;733.0;721.0;692.0;675.0;1085.0;721.0;758.0;855.0;731.0;714.0;803.0;731.0;747.0;591.0;1056.0;700.0;675.0;725.0;712.0;763.0;966.0;611.0;686.0;1085.0;659.0;794.0;719.0;753.0;761.0;706.0;1.0;758.0;721.0;719.0;794.0;768.0;758.0;736.0;736.0;738.0;711.0;1081.0;794.0;559.0;1.0;638.0;792.0;741.0;715.0;728.0;1066.0;783.0;706.0;719.0;723.0;719.0;734.0;710.0;721.0;792.0;721.0;714.0;812.0;571.0;794.0;653.0;733.0;719.0;706.0;858.0;733.0;667.0;719.0;723.0;1.0;778.0;758.0;855.0;719.0;739.0;696.0;751.0;842.0;1051.0;1000.0;792.0;733.0;858.0;715.0;726.0;858.0;27.0;717.0;803.0;730.0;779.0;752.0;858.0;637.0;634.0;702.0;714.0;953.0;750.0;858.0;842.0;632.0;615.0;743.0;712.0;680.0;721.0;758.0;858.0;855.0;783.0;637.0;745.0;759.0;587.0;787.0;699.0;724.0;831.0;733.0;794.0;722.0;858.0;780.0;784.0;719.0;747.0;747.0;746.0;752.0;595.0;1.0;686.0;1.0;747.0;719.0;783.0;728.0;716.0;722.0;693.0;733.0;794.0;697.0;858.0;711.0;749.0;724.0;671.0;719.0;741.0;706.0;697.0;855.0;792.0;752.0;707.0;723.0;783.0;1.0;719.0;638.0;731.0;738.0;842.0;858.0;786.0;733.0;685.0;719.0;700.0;758.0;722.0;727.0;736.0;749.0;727.0;751.0;622.0;715.0;724.0;679.0;719.0;724.0;740.0;723.0;585.0;719.0;730.0;577.0;736.0;583.0;1.0;753.0;718.0;1.0;736.0;724.0;758.0;842.0;1064.0;719.0;785.0;758.0;686.0;855.0;733.0;718.0;744.0;673.0;780.0;995.0;0.0;566.0;696.0;715.0;728.0;736.0;717.0;683.0;722.0;858.0;736.0;712.0;761.0;730.0;1043.0;723.0;783.0;634.0;717.0;650.0;720.0;716.0;738.0;693.0;791.0;640.0;710.0;715.0;733.0;656.0;679.0;752.0;717.0;758.0;1290.0
368;228.0;219.0;156.0;209.0;204.0;199.0;227.0;230.0;269.0;213.0;228.0;193.0;566.0;7.0;189.0;582.0;228.0;78.0;250.0;521.0;212.0;274.0;485.0;1.0;301.0;194.0;126.0;258.0;206.0;209.0;329.0;220.0;87.0;206.0;230.0;275.0;128.0;269.0;348.0;336.0;207.0;227.0;250.0;211.0;261.0;81.0;250.0;228.0;156.0;205.0;191.0;210.0;159.0;524.0;245.0;219.0;329.0;186.0;208.0;341.0;194.0;204.0;29.0;491.0;190.0;159.0;257.0;230.0;252.0;902.0;51.0;156.0;524.0;206.0;241.0;228.0;234.0;227.0;233.0;566.0;219.0;220.0;228.0;241.0;227.0;248.0;275.0;213.0;211.0;222.0;516.0;241.0;13.0;566.0;87.0;274.0;282.0;232.0;220.0;501.0;269.0;225.0;228.0;196.0;236.0;224.0;199.0;198.0;274.0;228.0;209.0;343.0;7.0;241.0;111.0;203.0;228.0;242.0;336.0;205.0;151.0;225.0;209.0;566.0;340.0;219.0;329.0;246.0;219.0;186.0;227.0;348.0;485.0;455.0;274.0;214.0;336.0;231.0;222.0;336.0;586.0;242.0;341.0;212.0;340.0;298.0;336.0;78.0;86.0;233.0;228.0;862.0;214.0;336.0;348.0;118.0;162.0;205.0;230.0;128.0;254.0;214.0;336.0;329.0;269.0;106.0;204.0;219.0;99.0;228.0;190.0;202.0;304.0;217.0;241.0;232.0;336.0;471.0;337.0;233.0;204.0;204.0;204.0;294.0;33.0;566.0;154.0;566.0;204.0;228.0;269.0;213.0;238.0;232.0;202.0;209.0;241.0;187.0;336.0;178.0;218.0;224.0;136.0;246.0;227.0;223.0;146.0;329.0;274.0;294.0;231.0;255.0;269.0;566.0;228.0;87.0;216.0;278.0;348.0;336.0;228.0;217.0;216.0;236.0;193.0;219.0;226.0;232.0;275.0;221.0;192.0;222.0;162.0;213.0;215.0;231.0;228.0;224.0;205.0;219.0;22.0;228.0;216.0;12.0;213.0;19.0;566.0;214.0;254.0;566.0;208.0;204.0;219.0;348.0;498.0;228.0;227.0;219.0;214.0;329.0;214.0;254.0;208.0;137.0;471.0;450.0;566.0;0.0;168.0;231.0;220.0;213.0;240.0;174.0;226.0;336.0;211.0;219.0;227.0;216.0;478.0;217.0;269.0;114.0;240.0;108.0;162.0;238.0;195.0;202.0;247.0;104.0;224.0;232.0;205.0;177.0;153.0;298.0;245.0;219.0;828.0
369;75.0;56.0;203.0;42.0;51.0;46.0;65.0;81.0;101.0;45.0;73.0;49.0;696.0;174.0;128.0;716.0;73.0;90.0;97.0;395.0;44.0;107.0;390.0;168.0;151.0;52.0;52.0;90.0;54.0;41.0;165.0;56.0;89.0;43.0;74.0;126.0;53.0;101.0;181.0;170.0;54.0;65.0;103.0;44.0;134.0;192.0;97.0;73.0;12.0;39.0;25.0;70.0;25.0;396.0;95.0;62.0;165.0;44.0;47.0;182.0;35.0;54.0;140.0;394.0;32.0;25.0;109.0;81.0;84.0;824.0;119.0;12.0;396.0;317.0;104.0;73.0;66.0;65.0;90.0;696.0;62.0;60.0;73.0;104.0;73.0;81.0;126.0;45.0;44.0;70.0;401.0;104.0;180.0;696.0;82.0;107.0;133.0;82.0;56.0;385.0;101.0;79.0;73.0;28.0;84.0;59.0;37.0;30.0;107.0;71.0;49.0;181.0;167.0;104.0;57.0;38.0;73.0;102.0;170.0;39.0;31.0;68.0;44.0;696.0;191.0;62.0;165.0;98.0;51.0;30.0;60.0;181.0;390.0;418.0;107.0;46.0;170.0;79.0;59.0;170.0;720.0;93.0;182.0;44.0;190.0;149.0;170.0;98.0;83.0;93.0;76.0;779.0;54.0;170.0;181.0;64.0;103.0;47.0;81.0;53.0;108.0;64.0;170.0;165.0;101.0;64.0;51.0;63.0;109.0;111.0;33.0;34.0;140.0;49.0;104.0;77.0;170.0;357.0;185.0;80.0;54.0;54.0;52.0;143.0;136.0;696.0;14.0;696.0;54.0;73.0;101.0;46.0;89.0;77.0;57.0;41.0;104.0;31.0;170.0;16.0;53.0;63.0;31.0;98.0;60.0;76.0;45.0;165.0;107.0;143.0;87.0;108.0;101.0;696.0;73.0;82.0;50.0;130.0;181.0;170.0;109.0;49.0;85.0;84.0;38.0;62.0;68.0;73.0;126.0;55.0;31.0;56.0;94.0;53.0;51.0;110.0;73.0;63.0;43.0;56.0;147.0;73.0;50.0;157.0;45.0;150.0;696.0;57.0;110.0;696.0;41.0;37.0;62.0;181.0;387.0;73.0;107.0;62.0;81.0;165.0;46.0;110.0;48.0;31.0;357.0;415.0;696.0;168.0;0.0;79.0;56.0;45.0;92.0;31.0;68.0;170.0;44.0;65.0;65.0;50.0;383.0;54.0;101.0;63.0;92.0;60.0;174.0;89.0;46.0;59.0;95.0;64.0;74.0;82.0;39.0;283.0;229.0;149.0;97.0;62.0;714.0
370;5.0;29.0;282.0;60.0;98.0;97.0;89.0;4.0;73.0;61.0;9.0;108.0;715.0;238.0;107.0;737.0;9.0;158.0;120.0;408.0;52.0;84.0;425.0;231.0;73.0;110.0;131.0;61.0;101.0;62.0;145.0;35.0;163.0;81.0;8.0;47.0;132.0;73.0;129.0;146.0;99.0;89.0;24.0;69.0;174.0;232.0;120.0;9.0;86.0;70.0;74.0;24.0;75.0;407.0;16.0;97.0;145.0;108.0;34.0;110.0;86.0;103.0;206.0;427.0;48.0;75.0;29.0;4.0;56.0;751.0;187.0;86.0;407.0;396.0;143.0;9.0;60.0;89.0;15.0;715.0;97.0;24.0;9.0;143.0;105.0;51.0;47.0;61.0;69.0;10.0;422.0;143.0;243.0;715.0;154.0;84.0;54.0;2.0;35.0;406.0;73.0;10.0;9.0;69.0;6.0;38.0;43.0;61.0;84.0;13.0;32.0;113.0;231.0;143.0;129.0;75.0;9.0;27.0;146.0;70.0;81.0;13.0;44.0;715.0;113.0;97.0;145.0;19.0;57.0;50.0;65.0;129.0;425.0;477.0;84.0;53.0;146.0;1.0;29.0;146.0;740.0;14.0;110.0;52.0;112.0;70.0;146.0;171.0;152.0;21.0;3.0;705.0;87.0;146.0;129.0;113.0;101.0;91.0;4.0;132.0;29.0;108.0;146.0;145.0;73.0;126.0;98.0;99.0;146.0;163.0;47.0;59.0;124.0;49.0;143.0;8.0;146.0;279.0;108.0;3.0;103.0;103.0;100.0;65.0;202.0;715.0;91.0;715.0;103.0;9.0;73.0;47.0;9.0;8.0;29.0;62.0;143.0;49.0;146.0;83.0;78.0;23.0;104.0;19.0;46.0;10.0;124.0;145.0;84.0;65.0;13.0;28.0;73.0;715.0;9.0;154.0;46.0;51.0;129.0;146.0;161.0;49.0;31.0;6.0;42.0;97.0;16.0;16.0;47.0;74.0;83.0;75.0;94.0;28.0;35.0;50.0;9.0;23.0;84.0;29.0;212.0;9.0;44.0;222.0;61.0;215.0;715.0;95.0;31.0;715.0;71.0;54.0;97.0;129.0;411.0;9.0;158.0;97.0;30.0;145.0;53.0;31.0;87.0;106.0;279.0;473.0;715.0;231.0;79.0;0.0;35.0;61.0;13.0;59.0;16.0;146.0;64.0;15.0;89.0;44.0;418.0;33.0;73.0;117.0;13.0;131.0;252.0;9.0;102.0;29.0;121.0;129.0;7.0;2.0;70.0;361.0;308.0;70.0;18.0;97.0;708.0
371;29.0;6.0;255.0;26.0;64.0;63.0;55.0;38.0;55.0;26.0;25.0;74.0;728.0;227.0;129.0;748.0;25.0;143.0;88.0;381.0;17.0;64.0;393.0;220.0;99.0;76.0;108.0;43.0;66.0;28.0;127.0;1.0;144.0;47.0;27.0;76.0;109.0;55.0;128.0;130.0;65.0;55.0;56.0;34.0;140.0;233.0;88.0;25.0;66.0;36.0;42.0;44.0;62.0;381.0;48.0;62.0;127.0;75.0;14.0;127.0;53.0;69.0;193.0;395.0;31.0;62.0;61.0;38.0;36.0;785.0;173.0;66.0;381.0;372.0;109.0;25.0;29.0;55.0;50.0;728.0;62.0;11.0;25.0;109.0;71.0;31.0;76.0;26.0;34.0;29.0;394.0;109.0;232.0;728.0;137.0;64.0;82.0;37.0;1.0;378.0;55.0;41.0;25.0;37.0;37.0;6.0;21.0;29.0;64.0;22.0;14.0;125.0;220.0;109.0;112.0;41.0;25.0;61.0;130.0;36.0;70.0;22.0;12.0;728.0;138.0;62.0;127.0;52.0;22.0;35.0;32.0;128.0;393.0;442.0;64.0;18.0;130.0;35.0;6.0;130.0;752.0;47.0;127.0;17.0;136.0;96.0;130.0;153.0;137.0;55.0;32.0;739.0;53.0;130.0;128.0;106.0;115.0;57.0;38.0;109.0;61.0;73.0;130.0;127.0;55.0;114.0;64.0;65.0;147.0;129.0;31.0;27.0;104.0;15.0;109.0;28.0;130.0;311.0;130.0;33.0;69.0;69.0;66.0;91.0;189.0;728.0;70.0;728.0;69.0;25.0;55.0;13.0;43.0;28.0;37.0;28.0;109.0;34.0;130.0;54.0;43.0;11.0;86.0;52.0;14.0;37.0;97.0;127.0;64.0;91.0;47.0;60.0;55.0;728.0;25.0;137.0;11.0;79.0;128.0;130.0;127.0;15.0;58.0;37.0;29.0;62.0;19.0;21.0;76.0;39.0;50.0;41.0;107.0;13.0;5.0;82.0;25.0;11.0;50.0;6.0;200.0;25.0;9.0;210.0;26.0;203.0;728.0;60.0;64.0;728.0;36.0;22.0;62.0;128.0;382.0;25.0;124.0;62.0;56.0;127.0;18.0;64.0;53.0;86.0;311.0;439.0;728.0;220.0;56.0;35.0;0.0;26.0;46.0;49.0;19.0;130.0;30.0;23.0;55.0;9.0;386.0;4.0;55.0;108.0;46.0;114.0;222.0;43.0;68.0;38.0;88.0;116.0;33.0;37.0;36.0;337.0;282.0;96.0;51.0;62.0;690.0
372;56.0;31.0;233.0;3.0;38.0;37.0;31.0;65.0;57.0;1.0;52.0;49.0;736.0;219.0;147.0;755.0;52.0;134.0;66.0;364.0;10.0;62.0;371.0;213.0;123.0;51.0;92.0;46.0;40.0;4.0;121.0;26.0;131.0;21.0;53.0;101.0;93.0;57.0;137.0;126.0;38.0;31.0;83.0;8.0;116.0;235.0;66.0;52.0;56.0;11.0;23.0;66.0;61.0;364.0;74.0;37.0;121.0;50.0;31.0;146.0;29.0;43.0;184.0;373.0;37.0;61.0;87.0;65.0;41.0;811.0;163.0;56.0;364.0;352.0;85.0;52.0;21.0;31.0;76.0;736.0;37.0;37.0;52.0;85.0;46.0;38.0;101.0;1.0;8.0;54.0;374.0;85.0;225.0;736.0;126.0;62.0;107.0;63.0;26.0;358.0;57.0;66.0;52.0;17.0;63.0;24.0;29.0;15.0;62.0;48.0;33.0;142.0;211.0;85.0;102.0;15.0;52.0;88.0;126.0;11.0;69.0;48.0;19.0;736.0;161.0;37.0;121.0;78.0;7.0;41.0;16.0;137.0;371.0;416.0;62.0;8.0;126.0;61.0;32.0;126.0;759.0;74.0;146.0;10.0;159.0;120.0;126.0;141.0;127.0;81.0;58.0;765.0;27.0;126.0;137.0;106.0;128.0;31.0;65.0;93.0;87.0;47.0;126.0;121.0;57.0;109.0;38.0;39.0;150.0;103.0;39.0;12.0;96.0;12.0;85.0;54.0;126.0;337.0;152.0;59.0;43.0;43.0;40.0;114.0;180.0;736.0;59.0;736.0;43.0;52.0;57.0;14.0;70.0;54.0;56.0;4.0;85.0;40.0;126.0;36.0;18.0;38.0;76.0;78.0;20.0;63.0;78.0;121.0;62.0;114.0;73.0;86.0;57.0;736.0;52.0;126.0;15.0;104.0;137.0;126.0;101.0;12.0;82.0;63.0;40.0;37.0;45.0;47.0;101.0;16.0;27.0;17.0;120.0;35.0;26.0;106.0;52.0;38.0;24.0;31.0;191.0;52.0;17.0;202.0;1.0;194.0;736.0;34.0;91.0;736.0;10.0;12.0;37.0;137.0;362.0;52.0;98.0;37.0;79.0;121.0;8.0;91.0;27.0;76.0;337.0;413.0;736.0;213.0;45.0;61.0;26.0;0.0;72.0;53.0;45.0;126.0;4.0;48.0;31.0;17.0;364.0;28.0;57.0;106.0;72.0;105.0;199.0;70.0;42.0;58.0;66.0;109.0;59.0;63.0;11.0;318.0;262.0;120.0;78.0;37.0;678.0
373;18.0;41.0;295.0;72.0;110.0;109.0;99.0;11.0;78.0;72.0;21.0;120.0;717.0;247.0;107.0;738.0;21.0;169.0;130.0;414.0;64.0;89.0;433.0;240.0;61.0;122.0;143.0;67.0;113.0;74.0;148.0;46.0;175.0;93.0;20.0;35.0;145.0;78.0;125.0;148.0;111.0;99.0;11.0;81.0;184.0;238.0;130.0;21.0;99.0;82.0;86.0;31.0;86.0;412.0;5.0;108.0;148.0;120.0;47.0;102.0;99.0;115.0;216.0;435.0;60.0;86.0;17.0;11.0;62.0;739.0;198.0;99.0;412.0;408.0;154.0;21.0;70.0;99.0;10.0;717.0;108.0;36.0;21.0;154.0;116.0;58.0;35.0;72.0;81.0;22.0;429.0;154.0;253.0;717.0;165.0;89.0;42.0;10.0;46.0;413.0;78.0;15.0;21.0;81.0;9.0;49.0;56.0;73.0;89.0;25.0;44.0;105.0;241.0;154.0;140.0;87.0;21.0;17.0;148.0;82.0;92.0;25.0;56.0;717.0;101.0;108.0;148.0;7.0;68.0;63.0;76.0;125.0;433.0;488.0;89.0;64.0;148.0;13.0;41.0;148.0;742.0;1.0;102.0;64.0;101.0;59.0;148.0;183.0;163.0;15.0;16.0;693.0;99.0;148.0;125.0;122.0;104.0;103.0;11.0;145.0;16.0;119.0;148.0;148.0;78.0;136.0;110.0;110.0;154.0;175.0;59.0;71.0;128.0;61.0;154.0;18.0;148.0;267.0;97.0;13.0;115.0;115.0;112.0;54.0;212.0;717.0;104.0;717.0;115.0;21.0;78.0;59.0;3.0;18.0;39.0;74.0;154.0;61.0;148.0;95.0;89.0;35.0;116.0;7.0;56.0;18.0;136.0;148.0;89.0;54.0;10.0;16.0;78.0;717.0;21.0;165.0;57.0;39.0;125.0;148.0;173.0;61.0;32.0;9.0;54.0;108.0;27.0;26.0;35.0;85.0;95.0;86.0;98.0;40.0;48.0;44.0;21.0;35.0;96.0;41.0;222.0;21.0;55.0;232.0;72.0;225.0;717.0;106.0;18.0;717.0;83.0;67.0;108.0;125.0;418.0;21.0;170.0;108.0;31.0;148.0;64.0;18.0;99.0;118.0;267.0;485.0;717.0;240.0;92.0;13.0;46.0;72.0;0.0;70.0;27.0;148.0;76.0;28.0;99.0;55.0;426.0;45.0;78.0;127.0;1.0;142.0;265.0;3.0;114.0;38.0;130.0;140.0;18.0;10.0;82.0;373.0;320.0;59.0;5.0;108.0;708.0
374;55.0;46.0;229.0;50.0;75.0;71.0;82.0;59.0;103.0;53.0;54.0;77.0;683.0;181.0;100.0;703.0;54.0;99.0;117.0;416.0;47.0;111.0;417.0;174.0;131.0;80.0;75.0;91.0;79.0;51.0;173.0;49.0;104.0;63.0;56.0;106.0;77.0;103.0;177.0;177.0;78.0;82.0;81.0;57.0;160.0;184.0;117.0;54.0;32.0;53.0;45.0;43.0;16.0;416.0;74.0;83.0;173.0;73.0;35.0;168.0;59.0;79.0;148.0;420.0;18.0;16.0;87.0;59.0;84.0;795.0;129.0;32.0;416.0;338.0;129.0;54.0;71.0;82.0;65.0;683.0;83.0;47.0;54.0;129.0;94.0;79.0;106.0;53.0;57.0;49.0;425.0;129.0;186.0;683.0;95.0;111.0;113.0;61.0;49.0;409.0;103.0;56.0;54.0;44.0;64.0;54.0;28.0;40.0;111.0;54.0;36.0;169.0;174.0;129.0;70.0;55.0;54.0;77.0;177.0;53.0;22.0;51.0;41.0;683.0;172.0;83.0;173.0;76.0;56.0;14.0;69.0;177.0;417.0;449.0;111.0;50.0;177.0;59.0;49.0;177.0;706.0;72.0;168.0;47.0;171.0;129.0;177.0;113.0;93.0;68.0;56.0;750.0;73.0;177.0;177.0;58.0;77.0;70.0;59.0;77.0;86.0;89.0;177.0;173.0;103.0;68.0;75.0;85.0;99.0;139.0;17.0;42.0;148.0;51.0;129.0;59.0;177.0;330.0;167.0;60.0;79.0;79.0;77.0;124.0;144.0;683.0;37.0;683.0;79.0;54.0;103.0;46.0;67.0;59.0;31.0;51.0;129.0;15.0;177.0;43.0;69.0;50.0;46.0;76.0;59.0;52.0;73.0;173.0;111.0;124.0;63.0;86.0;103.0;683.0;54.0;95.0;49.0;109.0;177.0;177.0;138.0;51.0;56.0;64.0;20.0;83.0;53.0;59.0;106.0;68.0;54.0;70.0;68.0;39.0;44.0;81.0;54.0;50.0;64.0;46.0;154.0;54.0;48.0;164.0;53.0;157.0;683.0;79.0;87.0;683.0;56.0;42.0;83.0;177.0;411.0;54.0;135.0;83.0;53.0;173.0;50.0;87.0;69.0;49.0;330.0;445.0;683.0;174.0;31.0;59.0;49.0;53.0;70.0;0.0;53.0;177.0;55.0;46.0;82.0;48.0;410.0;45.0;103.0;60.0;70.0;72.0;201.0;67.0;73.0;33.0;116.0;71.0;53.0;61.0;53.0;304.0;252.0;129.0;75.0;83.0;726.0
375;11.0;14.0;270.0;45.0;83.0;82.0;73.0;20.0;62.0;45.0;7.0;93.0;722.0;233.0;117.0;743.0;7.0;152.0;105.0;395.0;36.0;73.0;410.0;226.0;83.0;95.0;121.0;50.0;85.0;47.0;135.0;19.0;155.0;66.0;8.0;59.0;122.0;62.0;126.0;137.0;83.0;73.0;38.0;53.0;159.0;233.0;105.0;7.0;77.0;55.0;60.0;31.0;68.0;394.0;29.0;81.0;135.0;93.0;21.0;116.0;71.0;88.0;200.0;412.0;38.0;68.0;43.0;20.0;44.0;766.0;181.0;77.0;394.0;385.0;128.0;7.0;45.0;73.0;31.0;722.0;81.0;9.0;7.0;128.0;89.0;39.0;59.0;45.0;53.0;12.0;409.0;128.0;239.0;722.0;146.0;73.0;65.0;18.0;19.0;393.0;62.0;23.0;7.0;54.0;18.0;23.0;32.0;47.0;73.0;3.0;19.0;116.0;227.0;128.0;121.0;59.0;7.0;43.0;137.0;55.0;75.0;4.0;29.0;722.0;123.0;81.0;135.0;33.0;41.0;42.0;50.0;126.0;410.0;461.0;73.0;37.0;137.0;16.0;13.0;137.0;746.0;29.0;116.0;36.0;121.0;80.0;137.0;163.0;145.0;37.0;14.0;720.0;72.0;137.0;126.0;110.0;107.0;76.0;20.0;122.0;43.0;92.0;137.0;135.0;62.0;120.0;83.0;83.0;147.0;148.0;38.0;44.0;113.0;34.0;128.0;9.0;137.0;293.0;117.0;14.0;88.0;88.0;85.0;75.0;196.0;722.0;81.0;722.0;88.0;7.0;62.0;31.0;24.0;9.0;29.0;47.0;128.0;40.0;137.0;70.0;62.0;8.0;96.0;33.0;30.0;20.0;112.0;135.0;73.0;75.0;28.0;41.0;62.0;722.0;7.0;146.0;30.0;62.0;126.0;137.0;146.0;34.0;43.0;18.0;33.0;81.0;1.0;6.0;59.0;58.0;68.0;59.0;100.0;15.0;20.0;64.0;7.0;8.0;69.0;14.0;207.0;7.0;28.0;217.0;45.0;210.0;722.0;79.0;46.0;722.0;55.0;40.0;81.0;126.0;397.0;7.0;143.0;81.0;41.0;135.0;37.0;46.0;72.0;97.0;293.0;458.0;722.0;226.0;68.0;16.0;19.0;45.0;27.0;53.0;0.0;137.0;49.0;9.0;73.0;28.0;403.0;18.0;62.0;113.0;27.0;123.0;239.0;24.0;87.0;29.0;105.0;123.0;16.0;18.0;55.0;351.0;297.0;80.0;33.0;81.0;696.0
376;144.0;135.0;320.0;130.0;134.0;138.0;109.0;150.0;75.0;126.0;140.0;146.0;858.0;342.0;253.0;878.0;140.0;258.0;94.0;274.0;130.0;66.0;315.0;336.0;143.0;145.0;210.0;88.0;131.0;130.0;10.0;130.0;251.0;130.0;140.0;144.0;209.0;75.0;61.0;1.0;130.0;109.0;149.0;126.0;127.0;361.0;94.0;140.0;182.0;132.0;146.0;167.0;187.0;272.0;144.0;118.0;10.0;153.0;144.0;120.0;142.0;134.0;307.0;315.0;159.0;187.0;146.0;150.0;94.0;815.0;285.0;182.0;272.0;447.0;118.0;140.0;106.0;109.0;158.0;858.0;118.0;137.0;140.0;118.0;112.0;99.0;144.0;126.0;126.0;148.0;296.0;118.0;347.0;858.0;249.0;66.0;144.0;146.0;130.0;281.0;75.0;156.0;140.0;142.0;143.0;124.0;149.0;141.0;66.0;138.0;144.0;106.0;334.0;118.0;225.0;133.0;140.0;162.0;1.0;132.0;195.0;140.0;136.0;858.0;157.0;118.0;10.0;148.0;121.0;163.0;111.0;61.0;315.0;409.0;66.0;127.0;1.0;146.0;132.0;1.0;882.0;148.0;120.0;130.0;153.0;143.0;1.0;260.0;250.0;163.0;146.0;765.0;122.0;1.0;61.0;232.0;244.0;132.0;150.0;209.0;150.0;126.0;1.0;10.0;75.0;234.0;134.0;119.0;275.0;147.0;160.0;138.0;32.0;126.0;118.0;138.0;1.0;337.0;143.0;142.0;134.0;134.0;134.0;139.0;303.0;858.0;184.0;858.0;134.0;140.0;75.0;131.0;147.0;138.0;165.0;130.0;118.0;162.0;1.0;158.0;118.0;134.0;201.0;148.0;118.0;154.0;192.0;10.0;66.0;139.0;156.0;147.0;75.0;858.0;140.0;249.0;128.0;144.0;61.0;1.0;146.0;126.0;177.0;143.0;159.0;118.0;137.0;132.0;144.0;116.0;144.0;114.0;236.0;142.0;134.0;191.0;140.0;134.0;131.0;135.0;314.0;140.0;129.0;325.0;126.0;317.0;858.0;123.0;154.0;858.0;129.0;137.0;118.0;61.0;289.0;140.0;144.0;118.0;175.0;10.0;127.0;154.0;128.0;200.0;337.0;407.0;858.0;336.0;170.0;146.0;130.0;126.0;148.0;177.0;137.0;0.0;126.0;146.0;109.0;129.0;309.0;134.0;75.0;233.0;148.0;228.0;282.0;147.0;143.0;165.0;97.0;234.0;150.0;146.0;132.0;415.0;354.0;143.0;149.0;118.0;582.0
377;59.0;35.0;230.0;5.0;34.0;34.0;29.0;68.0;58.0;4.0;55.0;45.0;736.0;218.0;149.0;756.0;55.0;133.0;64.0;362.0;13.0;63.0;368.0;211.0;126.0;47.0;91.0;48.0;37.0;4.0;121.0;30.0;130.0;17.0;56.0;105.0;90.0;58.0;139.0;126.0;35.0;29.0;86.0;4.0;113.0;235.0;64.0;55.0;56.0;8.0;21.0;69.0;61.0;362.0;77.0;33.0;121.0;47.0;35.0;148.0;25.0;39.0;183.0;371.0;39.0;61.0;90.0;68.0;43.0;815.0;162.0;56.0;362.0;350.0;82.0;55.0;23.0;29.0;79.0;736.0;33.0;41.0;55.0;82.0;43.0;41.0;105.0;4.0;4.0;57.0;372.0;82.0;223.0;736.0;125.0;63.0;110.0;67.0;30.0;356.0;58.0;70.0;55.0;16.0;67.0;28.0;31.0;15.0;63.0;52.0;36.0;144.0;210.0;82.0;101.0;12.0;55.0;91.0;126.0;8.0;69.0;51.0;22.0;736.0;164.0;33.0;121.0;82.0;10.0;42.0;16.0;139.0;368.0;413.0;63.0;12.0;126.0;64.0;35.0;126.0;760.0;77.0;148.0;13.0;162.0;124.0;126.0;139.0;126.0;84.0;62.0;768.0;24.0;126.0;139.0;106.0;130.0;27.0;68.0;90.0;91.0;43.0;126.0;121.0;58.0;108.0;34.0;36.0;150.0;99.0;41.0;13.0;96.0;15.0;82.0;58.0;126.0;340.0;155.0;63.0;39.0;39.0;36.0;118.0;179.0;736.0;58.0;736.0;39.0;55.0;58.0;18.0;73.0;58.0;59.0;4.0;82.0;42.0;126.0;34.0;15.0;41.0;75.0;82.0;23.0;66.0;76.0;121.0;63.0;118.0;76.0;89.0;58.0;736.0;55.0;125.0;19.0;108.0;139.0;126.0;97.0;15.0;85.0;67.0;42.0;33.0;49.0;50.0;105.0;14.0;24.0;15.0;122.0;39.0;29.0;109.0;55.0;41.0;21.0;35.0;190.0;55.0;21.0;201.0;4.0;193.0;736.0;31.0;94.0;736.0;7.0;14.0;33.0;139.0;359.0;55.0;94.0;33.0;82.0;121.0;12.0;94.0;23.0;75.0;340.0;409.0;736.0;211.0;44.0;64.0;30.0;4.0;76.0;55.0;49.0;126.0;0.0;52.0;29.0;21.0;361.0;32.0;58.0;106.0;76.0;104.0;196.0;73.0;39.0;61.0;63.0;108.0;62.0;67.0;8.0;316.0;259.0;124.0;81.0;33.0;678.0
378;10.0;17.0;268.0;47.0;85.0;83.0;78.0;17.0;71.0;48.0;9.0;94.0;712.0;226.0;109.0;733.0;9.0;145.0;111.0;403.0;39.0;82.0;416.0;219.0;87.0;96.0;116.0;59.0;88.0;49.0;144.0;23.0;149.0;68.0;11.0;62.0;118.0;71.0;135.0;146.0;86.0;78.0;39.0;56.0;163.0;224.0;111.0;9.0;72.0;57.0;59.0;22.0;61.0;402.0;31.0;85.0;144.0;93.0;19.0;123.0;72.0;90.0;193.0;418.0;33.0;61.0;44.0;17.0;53.0;765.0;174.0;72.0;402.0;381.0;132.0;9.0;52.0;78.0;28.0;712.0;85.0;12.0;9.0;132.0;94.0;48.0;62.0;48.0;56.0;6.0;416.0;132.0;232.0;712.0;140.0;82.0;69.0;17.0;23.0;400.0;71.0;18.0;9.0;54.0;20.0;28.0;29.0;47.0;82.0;9.0;17.0;124.0;219.0;132.0;115.0;61.0;9.0;40.0;146.0;57.0;68.0;6.0;30.0;712.0;127.0;85.0;144.0;34.0;45.0;36.0;55.0;135.0;416.0;464.0;82.0;40.0;146.0;15.0;18.0;146.0;737.0;29.0;123.0;39.0;126.0;84.0;146.0;158.0;139.0;33.0;12.0;719.0;75.0;146.0;135.0;102.0;98.0;78.0;17.0;118.0;44.0;95.0;146.0;144.0;71.0;113.0;85.0;87.0;138.0;151.0;32.0;45.0;122.0;37.0;132.0;13.0;146.0;294.0;122.0;15.0;90.0;90.0;87.0;79.0;189.0;712.0;77.0;712.0;90.0;9.0;71.0;34.0;24.0;13.0;20.0;49.0;132.0;35.0;146.0;68.0;66.0;13.0;90.0;34.0;37.0;15.0;109.0;144.0;82.0;79.0;25.0;43.0;71.0;712.0;9.0;140.0;34.0;66.0;135.0;146.0;149.0;37.0;35.0;20.0;27.0;85.0;9.0;15.0;62.0;62.0;69.0;64.0;90.0;13.0;23.0;58.0;9.0;13.0;71.0;17.0;200.0;9.0;32.0;210.0;48.0;203.0;712.0;83.0;46.0;712.0;58.0;41.0;85.0;135.0;404.0;9.0;146.0;85.0;33.0;144.0;40.0;46.0;75.0;92.0;294.0;461.0;712.0;219.0;65.0;15.0;23.0;48.0;28.0;46.0;9.0;146.0;52.0;0.0;78.0;32.0;409.0;20.0;71.0;105.0;28.0;117.0;237.0;24.0;88.0;20.0;111.0;116.0;11.0;17.0;57.0;347.0;293.0;84.0;33.0;85.0;702.0
379;84.0;61.0;225.0;34.0;25.0;29.0;1.0;93.0;55.0;31.0;80.0;39.0;761.0;233.0;178.0;781.0;80.0;149.0;35.0;334.0;41.0;53.0;339.0;227.0;141.0;39.0;101.0;50.0;25.0;32.0;103.0;55.0;141.0;22.0;80.0;123.0;100.0;55.0;133.0;109.0;23.0;1.0;108.0;26.0;86.0;257.0;35.0;80.0;77.0;29.0;40.0;97.0;87.0;334.0;100.0;12.0;103.0;45.0;63.0;155.0;33.0;28.0;198.0;342.0;68.0;87.0;111.0;93.0;49.0;835.0;176.0;77.0;334.0;349.0;55.0;80.0;31.0;1.0;104.0;761.0;12.0;66.0;80.0;55.0;16.0;49.0;123.0;31.0;26.0;83.0;343.0;55.0;238.0;761.0;139.0;53.0;128.0;91.0;55.0;327.0;55.0;95.0;80.0;39.0;90.0;50.0;60.0;42.0;53.0;76.0;64.0;149.0;225.0;55.0;117.0;28.0;80.0;115.0;109.0;29.0;94.0;76.0;50.0;761.0;177.0;12.0;103.0;104.0;33.0;71.0;24.0;133.0;339.0;389.0;53.0;38.0;109.0;89.0;60.0;109.0;785.0;100.0;155.0;41.0;174.0;139.0;109.0;151.0;141.0;110.0;87.0;788.0;13.0;109.0;133.0;130.0;159.0;22.0;93.0;100.0;112.0;24.0;109.0;103.0;55.0;128.0;25.0;14.0;174.0;76.0;69.0;41.0;78.0;41.0;55.0;81.0;109.0;358.0;166.0;87.0;28.0;28.0;26.0;133.0;194.0;761.0;77.0;761.0;28.0;80.0;55.0;45.0;97.0;81.0;88.0;32.0;55.0;70.0;109.0;51.0;14.0;66.0;94.0;104.0;43.0;92.0;83.0;103.0;53.0;133.0;101.0;111.0;55.0;761.0;80.0;139.0;44.0;126.0;133.0;109.0;75.0;41.0;112.0;90.0;71.0;12.0;73.0;73.0;123.0;16.0;36.0;14.0;150.0;66.0;56.0;136.0;80.0;66.0;23.0;61.0;205.0;80.0;46.0;216.0;31.0;208.0;761.0;15.0;116.0;761.0;26.0;43.0;12.0;133.0;330.0;80.0;72.0;12.0;110.0;103.0;38.0;116.0;19.0;92.0;358.0;385.0;761.0;227.0;65.0;89.0;55.0;31.0;99.0;82.0;73.0;109.0;29.0;78.0;0.0;46.0;332.0;58.0;55.0;128.0;99.0;120.0;189.0;97.0;34.0;89.0;34.0;127.0;88.0;91.0;29.0;315.0;257.0;139.0;104.0;12.0;660.0
380;39.0;15.0;246.0;17.0;55.0;54.0;46.0;47.0;55.0;17.0;35.0;65.0;730.0;223.0;135.0;750.0;35.0;139.0;80.0;376.0;8.0;63.0;385.0;216.0;107.0;67.0;101.0;43.0;57.0;19.0;125.0;9.0;139.0;38.0;36.0;85.0;102.0;55.0;131.0;129.0;55.0;46.0;66.0;25.0;132.0;232.0;80.0;35.0;61.0;27.0;34.0;51.0;59.0;375.0;57.0;53.0;125.0;66.0;17.0;134.0;44.0;60.0;189.0;388.0;30.0;59.0;70.0;47.0;36.0;794.0;168.0;61.0;375.0;364.0;101.0;35.0;24.0;46.0;59.0;730.0;53.0;20.0;35.0;101.0;62.0;32.0;85.0;17.0;25.0;37.0;387.0;101.0;229.0;730.0;132.0;63.0;91.0;46.0;9.0;371.0;55.0;49.0;35.0;28.0;46.0;9.0;20.0;22.0;63.0;31.0;19.0;131.0;216.0;101.0;107.0;31.0;35.0;71.0;129.0;27.0;68.0;31.0;7.0;730.0;146.0;53.0;125.0;61.0;14.0;34.0;25.0;131.0;385.0;433.0;63.0;9.0;129.0;44.0;15.0;129.0;754.0;57.0;134.0;8.0;144.0;105.0;129.0;148.0;132.0;64.0;41.0;748.0;44.0;129.0;131.0;105.0;118.0;47.0;47.0;102.0;70.0;64.0;129.0;125.0;55.0;111.0;55.0;56.0;147.0;120.0;31.0;18.0;101.0;6.0;101.0;37.0;129.0;321.0;138.0;42.0;60.0;60.0;57.0;99.0;185.0;730.0;64.0;730.0;60.0;35.0;55.0;4.0;53.0;37.0;42.0;19.0;101.0;33.0;129.0;46.0;35.0;21.0;81.0;61.0;12.0;46.0;89.0;125.0;63.0;99.0;56.0;69.0;55.0;730.0;35.0;132.0;2.0;88.0;131.0;129.0;118.0;6.0;66.0;46.0;30.0;53.0;28.0;30.0;85.0;31.0;41.0;32.0;110.0;19.0;9.0;90.0;35.0;21.0;41.0;15.0;196.0;35.0;1.0;206.0;17.0;199.0;730.0;51.0;74.0;730.0;27.0;14.0;53.0;131.0;375.0;35.0;115.0;53.0;63.0;125.0;9.0;74.0;44.0;81.0;321.0;430.0;730.0;216.0;50.0;44.0;9.0;17.0;55.0;48.0;28.0;129.0;21.0;32.0;46.0;0.0;378.0;11.0;55.0;106.0;55.0;110.0;214.0;53.0;59.0;44.0;80.0;112.0;42.0;46.0;27.0;330.0;274.0;105.0;61.0;53.0;690.0
381;413.0;392.0;352.0;366.0;334.0;338.0;332.0;422.0;352.0;364.0;409.0;334.0;1043.0;479.0;509.0;1058.0;409.0;424.0;298.0;114.0;373.0;341.0;8.0;478.0;446.0;331.0;380.0;360.0;331.0;364.0;303.0;386.0;404.0;348.0;410.0;439.0;376.0;352.0;369.0;309.0;332.0;332.0;433.0;357.0;249.0;543.0;298.0;409.0;390.0;359.0;365.0;429.0;408.0;124.0;425.0;328.0;303.0;339.0;395.0;429.0;351.0;330.0;453.0;15.0;398.0;408.0;433.0;422.0;364.0;1121.0;435.0;390.0;124.0;446.0;280.0;409.0;358.0;332.0;433.0;1043.0;328.0;397.0;409.0;280.0;318.0;368.0;439.0;364.0;357.0;414.0;75.0;280.0;483.0;1043.0;413.0;341.0;441.0;420.0;386.0;72.0;352.0;426.0;409.0;367.0;418.0;381.0;392.0;373.0;341.0;405.0;397.0;415.0;472.0;280.0;406.0;356.0;409.0;443.0;309.0;359.0;413.0;406.0;382.0;1043.0;465.0;328.0;303.0;430.0;365.0;400.0;354.0;369.0;8.0;163.0;341.0;371.0;309.0;418.0;391.0;309.0;1063.0;427.0;429.0;373.0;462.0;445.0;309.0;410.0;418.0;439.0;417.0;1070.0;338.0;309.0;369.0;438.0;486.0;340.0;422.0;376.0;436.0;321.0;309.0;303.0;352.0;425.0;334.0;326.0;480.0;273.0;400.0;372.0;310.0;373.0;280.0;410.0;309.0;646.0;452.0;415.0;330.0;330.0;333.0;440.0;450.0;1043.0;387.0;1043.0;330.0;409.0;352.0;377.0;424.0;410.0;420.0;364.0;280.0;400.0;309.0;368.0;345.0;396.0;397.0;430.0;373.0;423.0;363.0;303.0;341.0;440.0;431.0;433.0;352.0;1043.0;409.0;413.0;376.0;440.0;369.0;309.0;274.0;373.0;444.0;418.0;402.0;328.0;403.0;401.0;439.0;348.0;356.0;346.0;477.0;398.0;387.0;467.0;409.0;396.0;346.0;392.0;459.0;409.0;378.0;466.0;364.0;461.0;1043.0;332.0;440.0;1043.0;357.0;375.0;328.0;369.0;57.0;409.0;277.0;328.0;442.0;303.0;371.0;440.0;341.0;393.0;646.0;164.0;1043.0;478.0;383.0;418.0;386.0;364.0;426.0;410.0;403.0;309.0;361.0;409.0;332.0;378.0;0.0;390.0;352.0;433.0;426.0;408.0;325.0;424.0;337.0;422.0;298.0;420.0;419.0;420.0;359.0;429.0;382.0;445.0;430.0;328.0;462.0
382;27.0;3.0;254.0;28.0;66.0;64.0;58.0;36.0;60.0;28.0;24.0;75.0;723.0;223.0;125.0;744.0;24.0;140.0;91.0;386.0;19.0;69.0;397.0;217.0;99.0;78.0;106.0;47.0;68.0;30.0;132.0;4.0;142.0;49.0;25.0;76.0;107.0;60.0;132.0;134.0;66.0;58.0;55.0;36.0;144.0;229.0;91.0;24.0;63.0;37.0;42.0;40.0;58.0;385.0;46.0;65.0;132.0;75.0;10.0;129.0;54.0;71.0;190.0;399.0;27.0;58.0;60.0;36.0;40.0;784.0;170.0;63.0;385.0;370.0;112.0;24.0;34.0;58.0;47.0;723.0;65.0;9.0;24.0;112.0;74.0;35.0;76.0;28.0;36.0;26.0;398.0;112.0;229.0;723.0;134.0;69.0;82.0;35.0;4.0;382.0;60.0;38.0;24.0;37.0;36.0;11.0;18.0;29.0;69.0;20.0;10.0;128.0;216.0;112.0;109.0;42.0;24.0;59.0;134.0;37.0;66.0;20.0;12.0;723.0;139.0;65.0;132.0;51.0;25.0;32.0;36.0;132.0;397.0;444.0;69.0;20.0;134.0;33.0;5.0;134.0;747.0;46.0;129.0;19.0;137.0;97.0;134.0;151.0;134.0;53.0;30.0;737.0;55.0;134.0;132.0;103.0;110.0;58.0;36.0;107.0;60.0;75.0;134.0;132.0;60.0;111.0;66.0;67.0;143.0;131.0;28.0;27.0;108.0;17.0;112.0;27.0;134.0;311.0;132.0;32.0;71.0;71.0;68.0;91.0;186.0;723.0;67.0;723.0;71.0;24.0;60.0;14.0;42.0;27.0;33.0;30.0;112.0;30.0;134.0;53.0;46.0;10.0;83.0;51.0;19.0;35.0;96.0;132.0;69.0;91.0;44.0;59.0;60.0;723.0;24.0;134.0;14.0;79.0;132.0;134.0;129.0;17.0;55.0;36.0;25.0;65.0;18.0;21.0;76.0;42.0;51.0;44.0;102.0;9.0;3.0;78.0;24.0;10.0;52.0;3.0;197.0;24.0;11.0;207.0;28.0;199.0;723.0;63.0;63.0;723.0;38.0;22.0;65.0;132.0;386.0;24.0;126.0;65.0;52.0;132.0;20.0;63.0;55.0;84.0;311.0;441.0;723.0;217.0;54.0;33.0;4.0;28.0;45.0;45.0;18.0;134.0;32.0;20.0;58.0;11.0;390.0;0.0;60.0;105.0;45.0;111.0;222.0;42.0;69.0;34.0;91.0;113.0;31.0;35.0;37.0;336.0;281.0;97.0;50.0;65.0;696.0
383;70.0;60.0;280.0;60.0;79.0;82.0;55.0;77.0;1.0;57.0;67.0;93.0;783.0;276.0;180.0;803.0;67.0;191.0;67.0;336.0;58.0;12.0;359.0;269.0;98.0;94.0;148.0;13.0;79.0;61.0;73.0;55.0;188.0;68.0;66.0;86.0;148.0;1.0;81.0;75.0;77.0;55.0;82.0;60.0;122.0;288.0;67.0;67.0;113.0;65.0;79.0;93.0;114.0;334.0;75.0;67.0;73.0;98.0;69.0;102.0;80.0;82.0;241.0;360.0;85.0;114.0;82.0;77.0;19.0;792.0;220.0;113.0;334.0;403.0;97.0;67.0;36.0;55.0;87.0;783.0;67.0;62.0;67.0;97.0;67.0;24.0;86.0;57.0;60.0;74.0;352.0;97.0;281.0;783.0;183.0;12.0;89.0;74.0;55.0;336.0;1.0;83.0;67.0;74.0;71.0;50.0;75.0;71.0;12.0;64.0;69.0;95.0;268.0;97.0;159.0;68.0;67.0;94.0;75.0;65.0;123.0;66.0;62.0;783.0;128.0;67.0;73.0;80.0;51.0;89.0;43.0;81.0;359.0;427.0;12.0;56.0;75.0;73.0;57.0;75.0;807.0;78.0;102.0;58.0;125.0;96.0;75.0;197.0;184.0;93.0;73.0;744.0;64.0;75.0;81.0;160.0;169.0;74.0;77.0;148.0;84.0;78.0;75.0;73.0;1.0;165.0;79.0;69.0;202.0;124.0;86.0;68.0;51.0;53.0;97.0;65.0;75.0;313.0;116.0;70.0;82.0;82.0;80.0;91.0;237.0;783.0;116.0;783.0;82.0;67.0;1.0;58.0;77.0;65.0;90.0;61.0;97.0;88.0;75.0;93.0;57.0;59.0;133.0;80.0;44.0;81.0;132.0;73.0;12.0;91.0;85.0;82.0;1.0;783.0;67.0;183.0;55.0;88.0;81.0;75.0;123.0;53.0;104.0;71.0;84.0;67.0;62.0;58.0;86.0;52.0;80.0;51.0;161.0;67.0;60.0;121.0;67.0;59.0;71.0;60.0;248.0;67.0;55.0;259.0;57.0;251.0;783.0;69.0;89.0;783.0;63.0;65.0;67.0;81.0;342.0;67.0;120.0;67.0;102.0;73.0;56.0;89.0;70.0;133.0;313.0;424.0;783.0;269.0;101.0;73.0;55.0;57.0;78.0;103.0;62.0;75.0;58.0;71.0;55.0;55.0;352.0;60.0;0.0;161.0;78.0;162.0;244.0;77.0;88.0;91.0;69.0;166.0;77.0;74.0;65.0;369.0;311.0;96.0;80.0;67.0;648.0
384;114.0;106.0;196.0;103.0;111.0;106.0;128.0;116.0;161.0;106.0;114.0;105.0;634.0;121.0;103.0;653.0;114.0;46.0;159.0;454.0;103.0;168.0;441.0;114.0;187.0;108.0;56.0;149.0;115.0;103.0;228.0;108.0;60.0;107.0;116.0;161.0;60.0;161.0;237.0;233.0;115.0;128.0;137.0;107.0;190.0;129.0;159.0;114.0;52.0;102.0;88.0;96.0;47.0;455.0;131.0;124.0;228.0;99.0;95.0;227.0;97.0;113.0;89.0;445.0;78.0;47.0;143.0;116.0;143.0;824.0;73.0;52.0;455.0;292.0;162.0;114.0;127.0;128.0;120.0;634.0;124.0;107.0;114.0;162.0;135.0;138.0;161.0;106.0;107.0;108.0;457.0;162.0;127.0;634.0;46.0;168.0;168.0;118.0;108.0;441.0;161.0;111.0;114.0;91.0;122.0;113.0;87.0;91.0;168.0;114.0;96.0;229.0;115.0;162.0;32.0;101.0;114.0;129.0;233.0;102.0;39.0;111.0;99.0;634.0;227.0;124.0;228.0;132.0;111.0;73.0;122.0;237.0;441.0;450.0;168.0;106.0;233.0;117.0;109.0;233.0;657.0;128.0;227.0;103.0;226.0;185.0;233.0;65.0;42.0;120.0;114.0;781.0;116.0;233.0;237.0;7.0;72.0;109.0;116.0;60.0;141.0;124.0;233.0;228.0;161.0;14.0;111.0;125.0;48.0;161.0;77.0;94.0;203.0;108.0;162.0;118.0;233.0;371.0;224.0;119.0;113.0;113.0;112.0;180.0;86.0;634.0;52.0;634.0;113.0;114.0;161.0;103.0;124.0;118.0;88.0;103.0;162.0;75.0;233.0;78.0;116.0;111.0;38.0;132.0;118.0;109.0;71.0;228.0;168.0;180.0;118.0;141.0;161.0;634.0;114.0;46.0;107.0;165.0;237.0;233.0;160.0;108.0;104.0;122.0;80.0;124.0;113.0;119.0;161.0;118.0;93.0;119.0;66.0;100.0;104.0;122.0;114.0;111.0;106.0;106.0;96.0;114.0;106.0;105.0;106.0;98.0;634.0;119.0;141.0;634.0;104.0;96.0;124.0;237.0;442.0;114.0;158.0;124.0;102.0;228.0;106.0;141.0;110.0;41.0;371.0;447.0;634.0;114.0;63.0;117.0;108.0;106.0;127.0;60.0;113.0;233.0;106.0;105.0;128.0;106.0;433.0;105.0;161.0;0.0;127.0;32.0;177.0;124.0;104.0;88.0;157.0;20.0;110.0;118.0;102.0;258.0;213.0;185.0;131.0;124.0;762.0
385;18.0;41.0;295.0;72.0;110.0;109.0;99.0;11.0;78.0;72.0;21.0;120.0;717.0;247.0;107.0;738.0;21.0;169.0;130.0;414.0;64.0;89.0;433.0;240.0;61.0;122.0;143.0;67.0;113.0;74.0;148.0;46.0;175.0;93.0;20.0;35.0;145.0;78.0;125.0;148.0;111.0;99.0;11.0;81.0;184.0;238.0;130.0;21.0;99.0;82.0;86.0;31.0;86.0;412.0;5.0;108.0;148.0;120.0;47.0;102.0;99.0;115.0;216.0;435.0;60.0;86.0;17.0;11.0;62.0;739.0;198.0;99.0;412.0;408.0;154.0;21.0;70.0;99.0;10.0;717.0;108.0;36.0;21.0;154.0;116.0;58.0;35.0;72.0;81.0;22.0;429.0;154.0;253.0;717.0;165.0;89.0;42.0;10.0;46.0;413.0;78.0;15.0;21.0;81.0;9.0;49.0;56.0;73.0;89.0;25.0;44.0;105.0;241.0;154.0;140.0;87.0;21.0;17.0;148.0;82.0;92.0;25.0;56.0;717.0;101.0;108.0;148.0;7.0;68.0;63.0;76.0;125.0;433.0;488.0;89.0;64.0;148.0;13.0;41.0;148.0;742.0;1.0;102.0;64.0;101.0;59.0;148.0;183.0;163.0;15.0;16.0;693.0;99.0;148.0;125.0;122.0;104.0;103.0;11.0;145.0;16.0;119.0;148.0;148.0;78.0;136.0;110.0;110.0;154.0;175.0;59.0;71.0;128.0;61.0;154.0;18.0;148.0;267.0;97.0;13.0;115.0;115.0;112.0;54.0;212.0;717.0;104.0;717.0;115.0;21.0;78.0;59.0;3.0;18.0;39.0;74.0;154.0;61.0;148.0;95.0;89.0;35.0;116.0;7.0;56.0;18.0;136.0;148.0;89.0;54.0;10.0;16.0;78.0;717.0;21.0;165.0;57.0;39.0;125.0;148.0;173.0;61.0;32.0;9.0;54.0;108.0;27.0;26.0;35.0;85.0;95.0;86.0;98.0;40.0;48.0;44.0;21.0;35.0;96.0;41.0;222.0;21.0;55.0;232.0;72.0;225.0;717.0;106.0;18.0;717.0;83.0;67.0;108.0;125.0;418.0;21.0;170.0;108.0;31.0;148.0;64.0;18.0;99.0;118.0;267.0;485.0;717.0;240.0;92.0;13.0;46.0;72.0;1.0;70.0;27.0;148.0;76.0;28.0;99.0;55.0;426.0;45.0;78.0;127.0;0.0;142.0;265.0;3.0;114.0;38.0;130.0;140.0;18.0;10.0;82.0;373.0;320.0;59.0;5.0;108.0;708.0
386;127.0;114.0;166.0;102.0;99.0;94.0;120.0;131.0;162.0;105.0;126.0;90.0;650.0;114.0;134.0;668.0;126.0;30.0;146.0;434.0;104.0;166.0;416.0;108.0;203.0;92.0;28.0;151.0;102.0;101.0;222.0;114.0;33.0;99.0;128.0;178.0;31.0;162.0;241.0;228.0;102.0;120.0;153.0;103.0;169.0;142.0;146.0;126.0;49.0;97.0;83.0;114.0;56.0;436.0;146.0;113.0;222.0;82.0;103.0;239.0;87.0;100.0;80.0;420.0;85.0;56.0;159.0;131.0;145.0;853.0;59.0;49.0;436.0;268.0;144.0;126.0;126.0;120.0;137.0;650.0;113.0;116.0;126.0;144.0;122.0;141.0;178.0;105.0;103.0;121.0;435.0;144.0;120.0;650.0;23.0;166.0;185.0;133.0;114.0;419.0;162.0;128.0;126.0;88.0;136.0;118.0;94.0;91.0;166.0;125.0;105.0;239.0;107.0;144.0;3.0;95.0;126.0;148.0;228.0;97.0;51.0;123.0;103.0;650.0;244.0;113.0;222.0;149.0;111.0;82.0;120.0;241.0;416.0;420.0;166.0;107.0;228.0;131.0;117.0;228.0;673.0;144.0;239.0;104.0;243.0;201.0;228.0;41.0;23.0;138.0;128.0;809.0;107.0;228.0;241.0;39.0;103.0;98.0;131.0;31.0;158.0;110.0;228.0;222.0;162.0;18.0;99.0;113.0;72.0;138.0;86.0;94.0;197.0;109.0;144.0;131.0;228.0;396.0;239.0;132.0;100.0;100.0;99.0;196.0;75.0;650.0;46.0;650.0;100.0;126.0;162.0;106.0;139.0;131.0;103.0;101.0;144.0;83.0;228.0;70.0;110.0;119.0;29.0;149.0;120.0;124.0;47.0;222.0;166.0;196.0;135.0;158.0;162.0;650.0;126.0;23.0;109.0;181.0;241.0;228.0;137.0;109.0;124.0;136.0;90.0;113.0;123.0;129.0;178.0;113.0;85.0;114.0;97.0;109.0;110.0;145.0;126.0;119.0;97.0;114.0;87.0;126.0;110.0;97.0;105.0;90.0;650.0;108.0;158.0;650.0;100.0;97.0;113.0;241.0;419.0;126.0;136.0;113.0;122.0;222.0;107.0;158.0;101.0;29.0;396.0;416.0;650.0;108.0;60.0;131.0;114.0;105.0;142.0;72.0;123.0;228.0;104.0;117.0;120.0;110.0;408.0;111.0;162.0;32.0;142.0;0.0;145.0;139.0;90.0;104.0;144.0;13.0;125.0;133.0;97.0;234.0;185.0;201.0;147.0;113.0;750.0
387;247.0;225.0;39.0;198.0;166.0;164.0;189.0;254.0;244.0;199.0;244.0;153.0;720.0;162.0;279.0;735.0;244.0;140.0;189.0;387.0;206.0;242.0;333.0;162.0;321.0;151.0;128.0;239.0;166.0;196.0;273.0;222.0;119.0;181.0;246.0;298.0;125.0;244.0;321.0;282.0;168.0;189.0;276.0;192.0;163.0;239.0;189.0;244.0;170.0;189.0;180.0;243.0;188.0;392.0;268.0;178.0;273.0;150.0;218.0;344.0;171.0;162.0;144.0;340.0;206.0;188.0;281.0;254.0;236.0;996.0;135.0;170.0;392.0;166.0;164.0;244.0;215.0;189.0;263.0;720.0;178.0;230.0;244.0;164.0;178.0;235.0;298.0;199.0;192.0;243.0;374.0;164.0;165.0;720.0;134.0;242.0;304.0;254.0;222.0;360.0;244.0;253.0;244.0;186.0;257.0;223.0;209.0;193.0;242.0;242.0;221.0;338.0;155.0;164.0;145.0;184.0;244.0;276.0;282.0;189.0;186.0;240.0;211.0;720.0;360.0;178.0;273.0;271.0;206.0;204.0;206.0;321.0;333.0;293.0;242.0;206.0;282.0;252.0;227.0;282.0;740.0;266.0;344.0;206.0;358.0;319.0;282.0;119.0;139.0;267.0;249.0;951.0;181.0;282.0;321.0;184.0;248.0;172.0;254.0;125.0;281.0;166.0;282.0;273.0;244.0;163.0;166.0;176.0;207.0;136.0;207.0;196.0;252.0;210.0;164.0;248.0;282.0;530.0;352.0;252.0;162.0;162.0;165.0;313.0;143.0;720.0;165.0;720.0;162.0;244.0;244.0;210.0;261.0;248.0;231.0;196.0;164.0;205.0;282.0;170.0;190.0;232.0;158.0;271.0;220.0;249.0;129.0;273.0;242.0;313.0;260.0;280.0;244.0;720.0;244.0;134.0;213.0;302.0;321.0;282.0;137.0;210.0;257.0;257.0;212.0;178.0;239.0;243.0;298.0;195.0;173.0;195.0;242.0;225.0;219.0;282.0;244.0;232.0;177.0;225.0;148.0;244.0;214.0;153.0;199.0;149.0;720.0;175.0;283.0;720.0;189.0;200.0;178.0;321.0;355.0;244.0;139.0;178.0;254.0;273.0;206.0;283.0;177.0;155.0;530.0;289.0;720.0;162.0;174.0;252.0;222.0;199.0;265.0;201.0;239.0;282.0;196.0;237.0;189.0;214.0;325.0;222.0;244.0;177.0;265.0;145.0;0.0;261.0;159.0;233.0;186.0;156.0;247.0;254.0;189.0;135.0;75.0;319.0;270.0;178.0;720.0
388;14.0;38.0;292.0;69.0;107.0;106.0;97.0;8.0;77.0;70.0;18.0;117.0;716.0;245.0;106.0;737.0;18.0;166.0;127.0;413.0;61.0;88.0;431.0;238.0;64.0;119.0;140.0;66.0;110.0;71.0;147.0;43.0;171.0;90.0;17.0;39.0;141.0;77.0;127.0;147.0;108.0;97.0;15.0;78.0;182.0;236.0;127.0;18.0;95.0;79.0;83.0;28.0;83.0;411.0;7.0;105.0;147.0;117.0;43.0;104.0;95.0;112.0;213.0;433.0;57.0;83.0;21.0;8.0;61.0;742.0;195.0;95.0;411.0;404.0;151.0;18.0;68.0;97.0;10.0;716.0;105.0;33.0;18.0;151.0;113.0;57.0;39.0;70.0;78.0;19.0;428.0;151.0;250.0;716.0;162.0;88.0;46.0;7.0;43.0;412.0;77.0;12.0;18.0;78.0;6.0;46.0;53.0;70.0;88.0;22.0;41.0;107.0;238.0;151.0;137.0;84.0;18.0;19.0;147.0;79.0;89.0;22.0;53.0;716.0;105.0;105.0;147.0;10.0;65.0;59.0;73.0;127.0;431.0;485.0;88.0;61.0;147.0;9.0;38.0;147.0;741.0;5.0;104.0;61.0;104.0;62.0;147.0;179.0;160.0;16.0;12.0;696.0;96.0;147.0;127.0;119.0;103.0;100.0;8.0;141.0;19.0;116.0;147.0;147.0;77.0;133.0;107.0;108.0;151.0;172.0;56.0;68.0;127.0;58.0;151.0;15.0;147.0;270.0;100.0;10.0;112.0;112.0;109.0;57.0;209.0;716.0;100.0;716.0;112.0;18.0;77.0;56.0;1.0;15.0;36.0;71.0;151.0;58.0;147.0;92.0;86.0;32.0;113.0;10.0;54.0;15.0;133.0;147.0;88.0;57.0;9.0;19.0;77.0;716.0;18.0;162.0;54.0;42.0;127.0;147.0;170.0;58.0;30.0;6.0;51.0;105.0;24.0;24.0;39.0;82.0;92.0;83.0;96.0;37.0;44.0;44.0;18.0;32.0;93.0;38.0;219.0;18.0;53.0;229.0;70.0;222.0;716.0;104.0;22.0;716.0;80.0;64.0;105.0;127.0;417.0;18.0;167.0;105.0;30.0;147.0;61.0;22.0;96.0;115.0;270.0;482.0;716.0;238.0;89.0;9.0;43.0;70.0;3.0;67.0;24.0;147.0;73.0;24.0;97.0;53.0;424.0;42.0;77.0;124.0;3.0;139.0;261.0;0.0;111.0;35.0;128.0;137.0;14.0;7.0;79.0;370.0;317.0;62.0;9.0;105.0;708.0
389;96.0;72.0;193.0;42.0;9.0;6.0;34.0;105.0;88.0;42.0;93.0;6.0;738.0;200.0;173.0;757.0;93.0;118.0;56.0;350.0;51.0;88.0;345.0;195.0;165.0;8.0;69.0;81.0;11.0;40.0;136.0;68.0;108.0;22.0;94.0;143.0;67.0;88.0;167.0;143.0;12.0;34.0;124.0;35.0;88.0;231.0;56.0;93.0;55.0;32.0;30.0;102.0;71.0;351.0;116.0;24.0;136.0;10.0;69.0;185.0;16.0;9.0;166.0;348.0;65.0;71.0;129.0;105.0;77.0;853.0;144.0;55.0;351.0;316.0;58.0;93.0;56.0;34.0;116.0;738.0;24.0;78.0;93.0;58.0;32.0;76.0;143.0;42.0;35.0;94.0;355.0;58.0;206.0;738.0;108.0;88.0;149.0;104.0;68.0;339.0;88.0;106.0;93.0;34.0;105.0;67.0;62.0;42.0;88.0;89.0;71.0;180.0;192.0;58.0;87.0;27.0;93.0;128.0;143.0;32.0;77.0;89.0;58.0;738.0;202.0;24.0;136.0;120.0;48.0;66.0;48.0;167.0;345.0;378.0;88.0;50.0;143.0;102.0;74.0;143.0;761.0;115.0;185.0;51.0;200.0;162.0;143.0;118.0;110.0;121.0;99.0;807.0;23.0;143.0;167.0;107.0;148.0;14.0;105.0;67.0;129.0;20.0;143.0;136.0;88.0;101.0;9.0;24.0;152.0;67.0;66.0;43.0;111.0;54.0;58.0;96.0;143.0;379.0;193.0;101.0;9.0;9.0;9.0;157.0;162.0;738.0;53.0;738.0;9.0;93.0;88.0;55.0;111.0;96.0;90.0;40.0;58.0;66.0;143.0;31.0;32.0;79.0;67.0;120.0;62.0;102.0;49.0;136.0;88.0;157.0;113.0;128.0;88.0;738.0;93.0;108.0;57.0;147.0;167.0;143.0;65.0;54.0;118.0;105.0;70.0;24.0;87.0;89.0;143.0;37.0;20.0;37.0;140.0;74.0;66.0;143.0;93.0;79.0;19.0;72.0;173.0;93.0;59.0;183.0;42.0;176.0;738.0;20.0;132.0;738.0;32.0;47.0;24.0;167.0;341.0;93.0;62.0;24.0;115.0;136.0;50.0;132.0;18.0;65.0;379.0;375.0;738.0;195.0;46.0;102.0;68.0;42.0;114.0;73.0;87.0;143.0;39.0;88.0;34.0;59.0;337.0;69.0;88.0;104.0;114.0;90.0;159.0;111.0;0.0;92.0;54.0;99.0;99.0;104.0;32.0;282.0;224.0;162.0;119.0;24.0;678.0
390;27.0;32.0;261.0;56.0;91.0;89.0;89.0;28.0;91.0;58.0;28.0;97.0;693.0;209.0;91.0;713.0;28.0;131.0;123.0;419.0;48.0;101.0;429.0;202.0;99.0;100.0;108.0;78.0;94.0;58.0;163.0;38.0;137.0;75.0;29.0;74.0;110.0;91.0;155.0;165.0;93.0;89.0;49.0;65.0;174.0;204.0;123.0;28.0;63.0;64.0;62.0;11.0;48.0;419.0;43.0;94.0;163.0;95.0;27.0;139.0;76.0;96.0;178.0;431.0;28.0;48.0;55.0;28.0;72.0;766.0;159.0;63.0;419.0;371.0;142.0;28.0;67.0;89.0;33.0;693.0;94.0;29.0;28.0;142.0;104.0;67.0;74.0;58.0;65.0;20.0;431.0;142.0;215.0;693.0;127.0;101.0;81.0;30.0;38.0;415.0;91.0;23.0;28.0;58.0;34.0;44.0;31.0;51.0;101.0;29.0;25.0;141.0;203.0;142.0;103.0;67.0;28.0;44.0;165.0;64.0;54.0;26.0;39.0;693.0;140.0;94.0;163.0;44.0;57.0;29.0;69.0;155.0;429.0;470.0;101.0;51.0;165.0;29.0;34.0;165.0;717.0;40.0;139.0;48.0;139.0;97.0;165.0;145.0;125.0;35.0;26.0;720.0;84.0;165.0;155.0;84.0;78.0;84.0;28.0;110.0;53.0;103.0;165.0;163.0;91.0;98.0;91.0;96.0;118.0;158.0;27.0;51.0;141.0;49.0;142.0;32.0;165.0;298.0;136.0;31.0;96.0;96.0;93.0;92.0;174.0;693.0;68.0;693.0;96.0;28.0;91.0;45.0;35.0;32.0;2.0;58.0;142.0;28.0;165.0;67.0;76.0;32.0;79.0;44.0;52.0;20.0;104.0;163.0;101.0;92.0;30.0;54.0;91.0;693.0;28.0;127.0;46.0;77.0;155.0;165.0;156.0;49.0;26.0;34.0;22.0;94.0;29.0;35.0;74.0;73.0;72.0;75.0;70.0;25.0;35.0;52.0;28.0;32.0;78.0;32.0;184.0;28.0;44.0;194.0;58.0;187.0;693.0;91.0;54.0;693.0;65.0;47.0;94.0;155.0;419.0;28.0;153.0;94.0;23.0;163.0;51.0;54.0;82.0;81.0;298.0;467.0;693.0;202.0;59.0;29.0;38.0;58.0;38.0;33.0;29.0;165.0;61.0;20.0;89.0;44.0;422.0;34.0;91.0;88.0;38.0;104.0;233.0;35.0;92.0;0.0;123.0;102.0;22.0;30.0;64.0;337.0;285.0;97.0;43.0;94.0;720.0
391;116.0;94.0;224.0;68.0;46.0;51.0;34.0;125.0;69.0;66.0;112.0;55.0;791.0;253.0;212.0;810.0;112.0;171.0;3.0;300.0;75.0;62.0;305.0;247.0;165.0;53.0;121.0;71.0;43.0;66.0;89.0;88.0;160.0;53.0;112.0;150.0;119.0;69.0;136.0;97.0;43.0;34.0;138.0;60.0;55.0;285.0;3.0;112.0;106.0;62.0;72.0;131.0;119.0;301.0;130.0;34.0;89.0;62.0;97.0;171.0;61.0;45.0;218.0;308.0;102.0;119.0;140.0;125.0;72.0;860.0;196.0;106.0;301.0;350.0;28.0;112.0;60.0;34.0;136.0;791.0;34.0;99.0;112.0;28.0;23.0;75.0;150.0;66.0;60.0;116.0;309.0;28.0;258.0;791.0;161.0;62.0;154.0;123.0;88.0;293.0;69.0;128.0;112.0;72.0;122.0;83.0;94.0;76.0;62.0;108.0;98.0;162.0;244.0;28.0;141.0;61.0;112.0;147.0;97.0;62.0;126.0;108.0;84.0;791.0;197.0;34.0;89.0;135.0;66.0;105.0;56.0;136.0;305.0;360.0;62.0;72.0;97.0;121.0;93.0;97.0;814.0;131.0;171.0;75.0;194.0;163.0;97.0;170.0;164.0;142.0;119.0;812.0;43.0;97.0;136.0;159.0;192.0;48.0;125.0;119.0;142.0;34.0;97.0;89.0;69.0;155.0;46.0;32.0;204.0;56.0;103.0;75.0;67.0;74.0;28.0;113.0;97.0;381.0;185.0;118.0;45.0;45.0;45.0;158.0;214.0;791.0;105.0;791.0;45.0;112.0;69.0;79.0;128.0;113.0;122.0;66.0;28.0;104.0;97.0;80.0;48.0;98.0;120.0;135.0;75.0;125.0;101.0;89.0;62.0;158.0;133.0;140.0;69.0;791.0;112.0;161.0;78.0;153.0;136.0;97.0;55.0;74.0;146.0;122.0;105.0;34.0;105.0;104.0;150.0;50.0;65.0;48.0;184.0;99.0;89.0;169.0;112.0;98.0;52.0;94.0;225.0;112.0;80.0;236.0;66.0;228.0;791.0;38.0;146.0;791.0;60.0;77.0;34.0;136.0;296.0;112.0;52.0;34.0;143.0;89.0;72.0;146.0;48.0;118.0;381.0;357.0;791.0;247.0;95.0;121.0;88.0;66.0;130.0;116.0;105.0;97.0;63.0;111.0;34.0;80.0;298.0;91.0;69.0;157.0;130.0;144.0;186.0;128.0;54.0;123.0;0.0;153.0;121.0;123.0;62.0;318.0;257.0;163.0;135.0;34.0;630.0
392;126.0;115.0;175.0;106.0;107.0;102.0;127.0;129.0;166.0;109.0;125.0;99.0;640.0;111.0;124.0;658.0;125.0;29.0;155.0;445.0;108.0;171.0;428.0;104.0;201.0;101.0;41.0;154.0;110.0;106.0;229.0;116.0;40.0;106.0;127.0;175.0;44.0;166.0;244.0;234.0;110.0;127.0;150.0;108.0;180.0;132.0;155.0;125.0;53.0;103.0;89.0;111.0;55.0;447.0;144.0;121.0;229.0;92.0;104.0;239.0;94.0;108.0;77.0;432.0;86.0;55.0;157.0;129.0;148.0;844.0;58.0;53.0;447.0;273.0;154.0;125.0;130.0;127.0;134.0;640.0;121.0;117.0;125.0;154.0;131.0;144.0;175.0;109.0;108.0;120.0;447.0;154.0;116.0;640.0;27.0;171.0;182.0;131.0;116.0;431.0;166.0;125.0;125.0;93.0;135.0;120.0;95.0;95.0;171.0;125.0;105.0;239.0;104.0;154.0;15.0;101.0;125.0;145.0;234.0;103.0;48.0;122.0;105.0;640.0;241.0;121.0;229.0;146.0;115.0;82.0;125.0;244.0;428.0;433.0;171.0;110.0;234.0;129.0;118.0;234.0;662.0;141.0;239.0;108.0;241.0;199.0;234.0;45.0;24.0;135.0;126.0;801.0;115.0;234.0;244.0;28.0;92.0;106.0;129.0;44.0;155.0;119.0;234.0;229.0;166.0;6.0;107.0;122.0;60.0;150.0;86.0;98.0;204.0;113.0;154.0;130.0;234.0;390.0;237.0;131.0;108.0;108.0;108.0;194.0;73.0;640.0;51.0;640.0;108.0;125.0;166.0;109.0;137.0;130.0;101.0;106.0;154.0;83.0;234.0;76.0;116.0;120.0;34.0;146.0;123.0;122.0;58.0;229.0;171.0;194.0;132.0;155.0;166.0;640.0;125.0;27.0;112.0;179.0;244.0;234.0;149.0;113.0;120.0;135.0;90.0;121.0;123.0;129.0;175.0;119.0;92.0;120.0;87.0;109.0;111.0;140.0;125.0;120.0;104.0;115.0;84.0;125.0;112.0;94.0;109.0;87.0;640.0;116.0;155.0;640.0;105.0;100.0;121.0;244.0;431.0;125.0;147.0;121.0;117.0;229.0;110.0;155.0;108.0;35.0;390.0;429.0;640.0;104.0;64.0;129.0;116.0;109.0;140.0;71.0;123.0;234.0;108.0;116.0;127.0;112.0;420.0;113.0;166.0;20.0;140.0;13.0;156.0;137.0;99.0;102.0;153.0;0.0;123.0;131.0;103.0;240.0;193.0;199.0;145.0;121.0;762.0
393;6.0;28.0;277.0;58.0;96.0;94.0;88.0;7.0;77.0;59.0;10.0;105.0;710.0;231.0;103.0;731.0;10.0;152.0;120.0;411.0;49.0;88.0;425.0;224.0;79.0;107.0;125.0;65.0;99.0;60.0;149.0;33.0;157.0;79.0;10.0;53.0;127.0;77.0;135.0;150.0;97.0;88.0;29.0;67.0;174.0;225.0;120.0;10.0;81.0;68.0;70.0;18.0;68.0;410.0;22.0;95.0;149.0;104.0;30.0;117.0;83.0;101.0;199.0;428.0;42.0;68.0;35.0;7.0;59.0;755.0;181.0;81.0;410.0;390.0;143.0;10.0;61.0;88.0;17.0;710.0;95.0;22.0;10.0;143.0;104.0;54.0;53.0;59.0;67.0;5.0;424.0;143.0;237.0;710.0;147.0;88.0;60.0;8.0;33.0;408.0;77.0;7.0;10.0;65.0;12.0;38.0;39.0;58.0;88.0;13.0;28.0;119.0;225.0;143.0;123.0;72.0;10.0;29.0;150.0;68.0;75.0;12.0;41.0;710.0;119.0;95.0;149.0;24.0;56.0;45.0;65.0;135.0;425.0;475.0;88.0;51.0;150.0;7.0;28.0;150.0;734.0;19.0;117.0;49.0;118.0;76.0;150.0;165.0;146.0;22.0;4.0;708.0;86.0;150.0;135.0;106.0;95.0;89.0;7.0;127.0;34.0;106.0;150.0;149.0;77.0;119.0;96.0;98.0;140.0;162.0;41.0;56.0;128.0;48.0;143.0;12.0;150.0;283.0;114.0;9.0;101.0;101.0;98.0;71.0;195.0;710.0;86.0;710.0;101.0;10.0;77.0;45.0;14.0;12.0;23.0;60.0;143.0;43.0;150.0;78.0;77.0;23.0;98.0;24.0;46.0;5.0;119.0;149.0;88.0;71.0;14.0;34.0;77.0;710.0;10.0;147.0;44.0;57.0;135.0;150.0;160.0;48.0;27.0;12.0;36.0;95.0;16.0;19.0;53.0;73.0;80.0;74.0;88.0;24.0;33.0;48.0;10.0;23.0;82.0;28.0;206.0;10.0;42.0;216.0;59.0;208.0;710.0;93.0;36.0;710.0;69.0;52.0;95.0;135.0;413.0;10.0;157.0;95.0;25.0;149.0;51.0;36.0;85.0;100.0;283.0;472.0;710.0;224.0;74.0;7.0;33.0;59.0;18.0;53.0;16.0;150.0;62.0;11.0;88.0;42.0;419.0;31.0;77.0;110.0;18.0;125.0;247.0;14.0;99.0;22.0;121.0;123.0;0.0;8.0;68.0;356.0;303.0;76.0;23.0;95.0;708.0
394;7.0;32.0;285.0;63.0;101.0;99.0;91.0;3.0;74.0;63.0;11.0;110.0;715.0;239.0;107.0;736.0;11.0;160.0;122.0;409.0;54.0;86.0;427.0;232.0;71.0;112.0;133.0;63.0;103.0;65.0;146.0;37.0;165.0;83.0;10.0;45.0;134.0;74.0;129.0;146.0;101.0;91.0;22.0;71.0;176.0;232.0;122.0;11.0;88.0;72.0;76.0;24.0;76.0;408.0;14.0;99.0;146.0;110.0;36.0;109.0;88.0;105.0;207.0;429.0;50.0;76.0;27.0;3.0;58.0;749.0;189.0;88.0;408.0;397.0;146.0;11.0;62.0;91.0;13.0;715.0;99.0;26.0;11.0;146.0;107.0;53.0;45.0;63.0;71.0;12.0;424.0;146.0;245.0;715.0;155.0;86.0;52.0;1.0;37.0;408.0;74.0;9.0;11.0;71.0;5.0;40.0;46.0;63.0;86.0;15.0;34.0;112.0;233.0;146.0;131.0;77.0;11.0;25.0;146.0;72.0;83.0;15.0;46.0;715.0;111.0;99.0;146.0;17.0;59.0;52.0;67.0;129.0;427.0;479.0;86.0;55.0;146.0;2.0;31.0;146.0;740.0;12.0;109.0;54.0;110.0;68.0;146.0;173.0;154.0;19.0;5.0;703.0;90.0;146.0;129.0;114.0;101.0;93.0;3.0;134.0;27.0;110.0;146.0;146.0;74.0;127.0;101.0;101.0;147.0;165.0;49.0;61.0;125.0;52.0;146.0;10.0;146.0;277.0;106.0;5.0;105.0;105.0;103.0;63.0;203.0;715.0;93.0;715.0;105.0;11.0;74.0;49.0;7.0;10.0;30.0;65.0;146.0;51.0;146.0;85.0;80.0;26.0;106.0;17.0;48.0;10.0;126.0;146.0;86.0;63.0;11.0;26.0;74.0;715.0;11.0;155.0;48.0;49.0;129.0;146.0;164.0;52.0;30.0;5.0;44.0;99.0;18.0;18.0;45.0;76.0;85.0;77.0;94.0;30.0;38.0;48.0;11.0;26.0;87.0;32.0;213.0;11.0;46.0;223.0;63.0;216.0;715.0;97.0;29.0;715.0;73.0;57.0;99.0;129.0;413.0;11.0;161.0;99.0;29.0;146.0;55.0;29.0;90.0;108.0;277.0;476.0;715.0;232.0;82.0;2.0;37.0;63.0;10.0;61.0;18.0;146.0;67.0;17.0;91.0;46.0;420.0;35.0;74.0;118.0;10.0;133.0;254.0;7.0;104.0;30.0;123.0;131.0;8.0;0.0;72.0;363.0;310.0;68.0;16.0;99.0;708.0
395;65.0;41.0;222.0;10.0;29.0;27.0;29.0;74.0;65.0;11.0;61.0;38.0;733.0;211.0;151.0;753.0;61.0;127.0;63.0;363.0;19.0;69.0;366.0;205.0;133.0;40.0;83.0;56.0;31.0;8.0;126.0;36.0;123.0;12.0;62.0;111.0;83.0;65.0;146.0;132.0;29.0;29.0;92.0;5.0;110.0;230.0;63.0;61.0;50.0;1.0;14.0;73.0;58.0;363.0;84.0;31.0;126.0;39.0;39.0;156.0;18.0;33.0;177.0;369.0;40.0;58.0;97.0;74.0;51.0;821.0;155.0;50.0;363.0;342.0;79.0;61.0;30.0;29.0;84.0;733.0;31.0;46.0;61.0;79.0;41.0;48.0;111.0;11.0;5.0;63.0;372.0;79.0;217.0;733.0;118.0;69.0;117.0;72.0;36.0;355.0;65.0;75.0;61.0;11.0;73.0;35.0;33.0;14.0;69.0;58.0;41.0;152.0;204.0;79.0;94.0;5.0;61.0;97.0;132.0;1.0;66.0;57.0;27.0;733.0;171.0;31.0;126.0;88.0;18.0;42.0;22.0;146.0;366.0;408.0;69.0;18.0;132.0;70.0;42.0;132.0;757.0;83.0;156.0;19.0;170.0;131.0;132.0;132.0;120.0;90.0;68.0;775.0;20.0;132.0;146.0;102.0;130.0;21.0;74.0;83.0;97.0;39.0;132.0;126.0;65.0;103.0;29.0;33.0;147.0;94.0;41.0;13.0;101.0;22.0;79.0;64.0;132.0;347.0;163.0;69.0;33.0;33.0;31.0;125.0;172.0;733.0;52.0;733.0;33.0;61.0;65.0;23.0;79.0;64.0;62.0;8.0;79.0;42.0;132.0;27.0;16.0;47.0;69.0;88.0;31.0;71.0;68.0;126.0;69.0;125.0;81.0;96.0;65.0;733.0;61.0;118.0;25.0;115.0;146.0;132.0;93.0;22.0;89.0;73.0;44.0;31.0;55.0;57.0;111.0;16.0;16.0;18.0;122.0;43.0;35.0;114.0;61.0;47.0;15.0;41.0;184.0;61.0;27.0;194.0;11.0;187.0;733.0;27.0;100.0;733.0;3.0;17.0;31.0;146.0;358.0;61.0;90.0;31.0;86.0;126.0;18.0;100.0;18.0;69.0;347.0;405.0;733.0;205.0;39.0;70.0;36.0;11.0;82.0;53.0;55.0;132.0;8.0;57.0;29.0;27.0;359.0;37.0;65.0;102.0;82.0;97.0;189.0;79.0;32.0;64.0;62.0;103.0;68.0;72.0;0.0;308.0;251.0;131.0;87.0;31.0;684.0
396;357.0;339.0;96.0;316.0;290.0;288.0;315.0;363.0;369.0;318.0;355.0;277.0;656.0;171.0;355.0;666.0;355.0;213.0;321.0;507.0;323.0;369.0;436.0;177.0;434.0;276.0;230.0;362.0;291.0;315.0;406.0;337.0;201.0;302.0;357.0;409.0;229.0;369.0;449.0;415.0;293.0;315.0;385.0;313.0;298.0;252.0;321.0;355.0;275.0;308.0;297.0;347.0;289.0;513.0;377.0;304.0;406.0;272.0;330.0;464.0;291.0;288.0;182.0;444.0;314.0;289.0;391.0;363.0;358.0;1076.0;189.0;275.0;513.0;34.0;297.0;355.0;337.0;315.0;369.0;656.0;304.0;343.0;355.0;297.0;307.0;356.0;409.0;318.0;313.0;352.0;488.0;297.0;169.0;656.0;213.0;369.0;416.0;363.0;337.0;475.0;369.0;360.0;355.0;302.0;367.0;339.0;320.0;309.0;369.0;353.0;332.0;460.0;171.0;297.0;235.0;304.0;355.0;381.0;415.0;308.0;284.0;351.0;325.0;656.0;474.0;304.0;406.0;380.0;325.0;311.0;328.0;449.0;436.0;348.0;369.0;324.0;415.0;361.0;341.0;415.0;672.0;375.0;464.0;323.0;473.0;431.0;415.0;194.0;216.0;371.0;358.0;1034.0;305.0;415.0;449.0;265.0;325.0;295.0;363.0;229.0;389.0;293.0;415.0;406.0;369.0;245.0;290.0;302.0;266.0;270.0;315.0;312.0;384.0;327.0;297.0;360.0;415.0;630.0;468.0;362.0;288.0;288.0;289.0;426.0;183.0;656.0;270.0;656.0;288.0;355.0;369.0;326.0;370.0;360.0;335.0;315.0;297.0;312.0;415.0;284.0;313.0;345.0;258.0;380.0;338.0;356.0;241.0;406.0;369.0;426.0;367.0;389.0;369.0;656.0;355.0;213.0;329.0;412.0;449.0;415.0;271.0;327.0;358.0;367.0;320.0;304.0;351.0;356.0;409.0;318.0;292.0;318.0;322.0;336.0;334.0;379.0;355.0;345.0;299.0;339.0;180.0;355.0;330.0;175.0;318.0;178.0;656.0;301.0;391.0;656.0;309.0;316.0;304.0;449.0;468.0;355.0;273.0;304.0;355.0;406.0;324.0;391.0;300.0;256.0;630.0;344.0;656.0;177.0;283.0;361.0;337.0;318.0;373.0;304.0;351.0;415.0;316.0;347.0;315.0;330.0;429.0;336.0;369.0;258.0;373.0;234.0;135.0;370.0;282.0;337.0;318.0;240.0;356.0;363.0;308.0;0.0;61.0;431.0;379.0;304.0;816.0
397;303.0;284.0;36.0;260.0;232.0;230.0;257.0;310.0;311.0;262.0;301.0;218.0;679.0;150.0;313.0;692.0;301.0;168.0;260.0;454.0;266.0;310.0;390.0;153.0;380.0;217.0;177.0;304.0;232.0;258.0;345.0;282.0;153.0;245.0;303.0;355.0;176.0;311.0;390.0;354.0;234.0;257.0;331.0;255.0;238.0;234.0;260.0;301.0;222.0;251.0;240.0;295.0;237.0;459.0;324.0;245.0;345.0;214.0;275.0;407.0;234.0;229.0;148.0;397.0;260.0;237.0;337.0;310.0;301.0;1036.0;150.0;222.0;459.0;93.0;237.0;301.0;279.0;257.0;317.0;679.0;245.0;288.0;301.0;237.0;247.0;299.0;355.0;262.0;255.0;298.0;437.0;237.0;150.0;679.0;166.0;310.0;362.0;310.0;282.0;424.0;311.0;307.0;301.0;246.0;313.0;283.0;265.0;253.0;310.0;299.0;277.0;403.0;146.0;237.0;186.0;247.0;301.0;329.0;354.0;251.0;233.0;297.0;270.0;679.0;419.0;245.0;345.0;327.0;268.0;258.0;271.0;390.0;390.0;321.0;310.0;267.0;354.0;308.0;286.0;354.0;697.0;322.0;407.0;266.0;418.0;377.0;354.0;148.0;170.0;320.0;305.0;993.0;247.0;354.0;390.0;220.0;282.0;237.0;310.0;176.0;336.0;234.0;354.0;345.0;311.0;199.0;232.0;243.0;229.0;210.0;261.0;256.0;324.0;271.0;237.0;305.0;354.0;581.0;412.0;309.0;229.0;229.0;231.0;372.0;149.0;679.0;217.0;679.0;229.0;301.0;311.0;270.0;317.0;305.0;283.0;258.0;237.0;259.0;354.0;228.0;255.0;291.0;206.0;327.0;281.0;303.0;185.0;345.0;310.0;372.0;314.0;336.0;311.0;679.0;301.0;166.0;273.0;359.0;390.0;354.0;210.0;271.0;307.0;313.0;266.0;245.0;297.0;301.0;355.0;260.0;235.0;260.0;278.0;282.0;278.0;330.0;301.0;291.0;241.0;284.0;149.0;301.0;274.0;148.0;262.0;148.0;679.0;242.0;338.0;679.0;252.0;260.0;245.0;390.0;417.0;301.0;212.0;245.0;305.0;345.0;267.0;338.0;242.0;203.0;581.0;316.0;679.0;153.0;229.0;308.0;282.0;262.0;320.0;252.0;297.0;354.0;259.0;293.0;257.0;274.0;382.0;281.0;311.0;213.0;320.0;185.0;75.0;317.0;224.0;285.0;257.0;193.0;303.0;310.0;251.0;61.0;0.0;377.0;326.0;245.0;774.0
398;74.0;93.0;351.0;121.0;157.0;157.0;139.0;69.0;96.0;120.0;76.0;169.0;752.0;305.0;145.0;775.0;76.0;228.0;162.0;417.0;113.0;106.0;451.0;298.0;3.0;171.0;201.0;92.0;158.0;123.0;146.0;96.0;233.0;140.0;74.0;23.0;202.0;96.0;98.0;143.0;156.0;139.0;48.0;128.0;217.0;290.0;162.0;76.0;156.0;131.0;139.0;89.0;144.0;414.0;55.0;150.0;146.0;170.0;102.0;51.0;149.0;161.0;274.0;452.0;117.0;144.0;42.0;69.0;92.0;697.0;256.0;156.0;414.0;465.0;190.0;76.0;109.0;139.0;65.0;752.0;150.0;89.0;76.0;190.0;155.0;90.0;23.0;120.0;128.0;80.0;438.0;190.0;311.0;752.0;223.0;106.0;16.0;68.0;96.0;422.0;96.0;74.0;76.0;133.0;65.0;96.0;112.0;126.0;106.0;78.0;100.0;60.0;299.0;190.0;199.0;136.0;76.0;57.0;143.0;131.0;151.0;80.0;108.0;752.0;43.0;150.0;146.0;52.0;114.0;120.0;117.0;98.0;451.0;523.0;106.0;113.0;143.0;70.0;91.0;143.0;778.0;57.0;51.0;113.0;42.0;1.0;143.0;241.0;222.0;65.0;73.0;649.0;143.0;143.0;98.0;180.0;152.0;150.0;69.0;202.0;44.0;162.0;143.0;146.0;96.0;195.0;157.0;152.0;208.0;215.0;117.0;123.0;135.0;109.0;190.0;72.0;143.0;219.0;39.0;69.0;161.0;161.0;159.0;6.0;271.0;752.0;161.0;752.0;161.0;76.0;96.0;109.0;62.0;72.0;98.0;123.0;190.0;119.0;143.0;150.0;133.0;87.0;174.0;52.0;100.0;77.0;192.0;146.0;106.0;6.0;67.0;43.0;96.0;752.0;76.0;223.0;106.0;20.0;98.0;143.0;213.0;109.0;83.0;65.0;112.0;150.0;80.0;76.0;23.0;128.0;146.0;128.0;147.0;95.0;99.0;77.0;76.0;87.0;144.0;93.0;280.0;76.0;105.0;290.0;120.0;283.0;752.0;150.0;45.0;752.0;131.0;118.0;150.0;98.0;429.0;76.0;210.0;150.0;85.0;146.0;113.0;45.0;145.0;176.0;219.0;520.0;752.0;298.0;149.0;70.0;96.0;120.0;59.0;129.0;80.0;143.0;124.0;84.0;139.0;105.0;445.0;97.0;96.0;185.0;59.0;201.0;319.0;62.0;162.0;97.0;163.0;199.0;76.0;68.0;131.0;431.0;377.0;0.0;54.0;150.0;690.0
399;23.0;47.0;300.0;78.0;116.0;114.0;104.0;16.0;80.0;78.0;27.0;125.0;717.0;252.0;107.0;739.0;27.0;174.0;134.0;416.0;69.0;92.0;437.0;245.0;57.0;128.0;149.0;70.0;118.0;80.0;149.0;51.0;180.0;98.0;25.0;31.0;150.0;80.0;125.0;149.0;116.0;104.0;6.0;86.0;189.0;241.0;134.0;27.0;104.0;87.0;92.0;35.0;91.0;415.0;5.0;113.0;149.0;125.0;52.0;98.0;104.0;120.0;220.0;439.0;65.0;91.0;12.0;16.0;66.0;734.0;202.0;104.0;415.0;413.0;159.0;27.0;75.0;104.0;12.0;717.0;113.0;41.0;27.0;159.0;120.0;62.0;31.0;78.0;86.0;27.0;432.0;159.0;257.0;717.0;170.0;92.0;38.0;16.0;51.0;416.0;80.0;20.0;27.0;87.0;14.0;54.0;62.0;79.0;92.0;30.0;50.0;102.0;245.0;159.0;145.0;92.0;27.0;13.0;149.0;87.0;97.0;31.0;62.0;717.0;97.0;113.0;149.0;2.0;73.0;68.0;81.0;125.0;437.0;493.0;92.0;70.0;149.0;18.0;46.0;149.0;742.0;4.0;98.0;69.0;96.0;54.0;149.0;188.0;168.0;15.0;21.0;687.0;104.0;149.0;125.0;126.0;106.0;108.0;16.0;150.0;11.0;124.0;149.0;149.0;80.0;141.0;116.0;115.0;157.0;180.0;64.0;77.0;130.0;66.0;159.0;23.0;149.0;261.0;93.0;19.0;120.0;120.0;118.0;49.0;217.0;717.0;109.0;717.0;120.0;27.0;80.0;64.0;9.0;23.0;44.0;80.0;159.0;67.0;149.0;101.0;94.0;40.0;121.0;2.0;61.0;23.0;142.0;149.0;92.0;49.0;13.0;11.0;80.0;717.0;27.0;170.0;63.0;34.0;125.0;149.0;178.0;66.0;33.0;14.0;59.0;113.0;33.0;31.0;31.0;90.0;101.0;91.0;100.0;46.0;53.0;42.0;27.0;40.0;102.0;47.0;226.0;27.0;61.0;236.0;78.0;229.0;717.0;111.0;13.0;717.0;88.0;72.0;113.0;125.0;422.0;27.0;175.0;113.0;34.0;149.0;70.0;13.0;105.0;123.0;261.0;489.0;717.0;245.0;97.0;18.0;51.0;78.0;5.0;75.0;33.0;149.0;81.0;33.0;104.0;61.0;430.0;50.0;80.0;131.0;5.0;147.0;270.0;9.0;119.0;43.0;135.0;145.0;23.0;16.0;87.0;379.0;326.0;54.0;0.0;113.0;708.0
400;91.0;68.0;214.0;38.0;15.0;20.0;12.0;100.0;67.0;37.0;87.0;28.0;758.0;224.0;181.0;777.0;87.0;141.0;35.0;334.0;46.0;65.0;335.0;219.0;152.0;28.0;93.0;62.0;13.0;36.0;111.0;62.0;133.0;20.0;88.0;133.0;91.0;67.0;145.0;118.0;12.0;12.0;117.0;29.0;80.0;252.0;35.0;87.0;72.0;31.0;39.0;103.0;85.0;334.0;108.0;1.0;111.0;35.0;68.0;167.0;27.0;17.0;190.0;338.0;70.0;85.0;121.0;100.0;60.0;845.0;168.0;72.0;334.0;337.0;48.0;87.0;41.0;12.0;112.0;758.0;1.0;73.0;87.0;48.0;11.0;60.0;133.0;37.0;29.0;90.0;342.0;48.0;230.0;758.0;132.0;65.0;138.0;99.0;62.0;326.0;67.0;103.0;87.0;39.0;99.0;59.0;64.0;44.0;65.0;84.0;70.0;161.0;216.0;48.0;110.0;28.0;87.0;123.0;118.0;31.0;92.0;84.0;55.0;758.0;188.0;1.0;111.0;113.0;40.0;72.0;33.0;145.0;335.0;380.0;65.0;44.0;118.0;97.0;68.0;118.0;781.0;109.0;167.0;46.0;186.0;150.0;118.0;142.0;134.0;117.0;94.0;798.0;10.0;118.0;145.0;126.0;160.0;15.0;100.0;91.0;122.0;12.0;118.0;111.0;67.0;122.0;15.0;3.0;171.0;67.0;72.0;44.0;87.0;47.0;48.0;90.0;118.0;369.0;178.0;95.0;17.0;17.0;16.0;144.0;185.0;758.0;72.0;758.0;17.0;87.0;67.0;51.0;105.0;90.0;92.0;36.0;48.0;72.0;118.0;47.0;19.0;73.0;88.0;113.0;52.0;99.0;73.0;111.0;65.0;144.0;109.0;120.0;67.0;758.0;87.0;132.0;51.0;136.0;145.0;118.0;65.0;47.0;118.0;99.0;74.0;1.0;81.0;82.0;133.0;23.0;31.0;22.0;151.0;72.0;62.0;143.0;87.0;73.0;19.0;68.0;197.0;87.0;53.0;207.0;37.0;200.0;758.0;5.0;125.0;758.0;29.0;47.0;1.0;145.0;328.0;87.0;62.0;1.0;115.0;111.0;44.0;125.0;14.0;86.0;369.0;377.0;758.0;219.0;62.0;97.0;62.0;37.0;108.0;83.0;81.0;118.0;33.0;85.0;12.0;53.0;328.0;65.0;67.0;124.0;108.0;113.0;178.0;105.0;24.0;94.0;34.0;121.0;95.0;99.0;31.0;304.0;245.0;150.0;113.0;0.0;660.0
WH;702.0;696.0;744.0;684.0;672.0;678.0;660.0;708.0;648.0;678.0;702.0;678.0;1290.0;834.0;792.0;1308.0;702.0;774.0;630.0;396.0;684.0;636.0;456.0;828.0;690.0;678.0;732.0;654.0;666.0;684.0;582.0;690.0;756.0;678.0;702.0;696.0;726.0;648.0;612.0;582.0;666.0;660.0;708.0;678.0;612.0;870.0;630.0;702.0;720.0;684.0;690.0;720.0;732.0;396.0;702.0;660.0;582.0;684.0;702.0;654.0;684.0;672.0;804.0;450.0;714.0;732.0;702.0;708.0;660.0;1098.0;786.0;720.0;396.0;834.0;630.0;702.0;666.0;660.0;714.0;1290.0;660.0;696.0;702.0;630.0;654.0;666.0;696.0;678.0;678.0;708.0;408.0;630.0;834.0;1290.0;762.0;636.0;696.0;708.0;690.0;420.0;648.0;714.0;702.0;690.0;702.0;684.0;702.0;690.0;636.0;696.0;702.0;642.0;828.0;630.0;750.0;684.0;702.0;720.0;582.0;684.0;738.0;702.0;690.0;1290.0;684.0;660.0;582.0;708.0;678.0;714.0;666.0;612.0;456.0;570.0;636.0;684.0;582.0;708.0;690.0;582.0;1314.0;708.0;654.0;684.0;684.0;690.0;582.0;768.0;768.0;720.0;708.0;1056.0;666.0;582.0;612.0;768.0;786.0;672.0;708.0;726.0;708.0;660.0;582.0;582.0;648.0;762.0;672.0;660.0;804.0;642.0;714.0;690.0;606.0;684.0;630.0;702.0;582.0;786.0;678.0;702.0;672.0;672.0;672.0;690.0;804.0;1290.0;720.0;1290.0;672.0;702.0;648.0;690.0;708.0;702.0;720.0;684.0;630.0;714.0;582.0;702.0;666.0;696.0;732.0;708.0;678.0;714.0;714.0;582.0;636.0;690.0;714.0;702.0;648.0;1290.0;702.0;762.0;684.0;696.0;612.0;582.0;642.0;684.0;732.0;702.0;714.0;660.0;696.0;696.0;696.0;666.0;684.0;666.0;780.0;702.0;690.0;744.0;702.0;696.0;678.0;696.0;810.0;702.0;690.0;816.0;678.0;816.0;1290.0;666.0;708.0;1290.0;678.0;690.0;660.0;612.0;426.0;702.0;642.0;660.0;732.0;582.0;684.0;708.0;672.0;732.0;786.0;570.0;1290.0;828.0;714.0;708.0;690.0;678.0;708.0;726.0;696.0;582.0;678.0;702.0;660.0;690.0;462.0;696.0;648.0;762.0;708.0;750.0;720.0;708.0;678.0;720.0;630.0;762.0;708.0;708.0;684.0;816.0;774.0;690.0;708.0;660.0;0.0
